DATAFLOW,LAST UPDATE,freq,unit,coicop18,geo,TIME_PERIOD,OBS_VALUE,OBS_FLAG,CONF_STATUS
ESTAT:PRC_HICP_MINR(1.0),02/10/26 11:00:00,Monthly,Monthly rate of change,Total,Bulgaria,2006-01,0.8,,
ESTAT:PRC_HICP_MINR(1.0),02/10/26 11:00:00,Monthly,Monthly rate of change,Total,Bulgaria,2006-02,2.5,,
ESTAT:PRC_HICP_MINR(1.0),02/10/26 11:00:00,Monthly,Monthly rate of change,Total,Bulgaria,2006-03,0.2,,
ESTAT:PRC_HICP_MINR(1.0),02/10/26 11:00:00,Monthly,Monthly rate of change,Total,Bulgaria,2006-04,0.6,,
ESTAT:PRC_HICP_MINR(1.0),02/10/26 11:00:00,Monthly,Monthly rate of change,Total,Bulgaria,2006-05,0.2,,
ESTAT:PRC_HICP_MINR(1.0),02/10/26 11:00:00,Monthly,Monthly rate of change,Total,Bulgaria,2006-06,-1.0,,
ESTAT:PRC_HICP_MINR(1.0),02/10/26 11:00:00,Monthly,Monthly rate of change,Total,Bulgaria,2006-07,0.2,,
ESTAT:PRC_HICP_MINR(1.0),02/10/26 11:00:00,Monthly,Monthly rate of change,Total,Bulgaria,2006-08,0.0,,
ESTAT:PRC_HICP_MINR(1.0),02/10/26 11:00:00,Monthly,Monthly rate of change,Total,Bulgaria,2006-09,-0.4,,
ESTAT:PRC_HICP_MINR(1.0),02/10/26 11:00:00,Monthly,Monthly rate of change,Total,Bulgaria,2006-10,0.7,,
ESTAT:PRC_HICP_MINR(1.0),02/10/26 11:00:00,Monthly,Monthly rate of change,Total,Bulgaria,2006-11,1.1,,
ESTAT:PRC_HICP_MINR(1.0),02/10/26 11:00:00,Monthly,Monthly rate of change,Total,Bulgaria,2006-12,0.9,,
ESTAT:PRC_HICP_MINR(1.0),02/10/26 11:00:00,Monthly,Monthly rate of change,Total,Bulgaria,2007-01,1.4,,
ESTAT:PRC_HICP_MINR(1.0),02/10/26 11:00:00,Monthly,Monthly rate of change,Total,Bulgaria,2007-02,0.5,,
ESTAT:PRC_HICP_MINR(1.0),02/10/26 11:00:00,Monthly,Monthly rate of change,Total,Bulgaria,2007-03,0.0,,
ESTAT:PRC_HICP_MINR(1.0),02/10/26 11:00:00,Monthly,Monthly rate of change,Total,Bulgaria,2007-04,0.6,,
ESTAT:PRC_HICP_MINR(1.0),02/10/26 11:00:00,Monthly,Monthly rate of change,Total,Bulgaria,2007-05,0.3,,
ESTAT:PRC_HICP_MINR(1.0),02/10/26 11:00:00,Monthly,Monthly rate of change,Total,Bulgaria,2007-06,-0.2,,
ESTAT:PRC_HICP_MINR(1.0),02/10/26 11:00:00,Monthly,Monthly rate of change,Total,Bulgaria,2007-07,1.7,,
ESTAT:PRC_HICP_MINR(1.0),02/10/26 11:00:00,Monthly,Monthly rate of change,Total,Bulgaria,2007-08,2.2,,
ESTAT:PRC_HICP_MINR(1.0),02/10/26 11:00:00,Monthly,Monthly rate of change,Total,Bulgaria,2007-09,1.2,,
ESTAT:PRC_HICP_MINR(1.0),02/10/26 11:00:00,Monthly,Monthly rate of change,Total,Bulgaria,2007-10,0.3,,
ESTAT:PRC_HICP_MINR(1.0),02/10/26 11:00:00,Monthly,Monthly rate of change,Total,Bulgaria,2007-11,1.8,,
ESTAT:PRC_HICP_MINR(1.0),02/10/26 11:00:00,Monthly,Monthly rate of change,Total,Bulgaria,2007-12,1.0,,
ESTAT:PRC_HICP_MINR(1.0),02/10/26 11:00:00,Monthly,Monthly rate of change,Total,Bulgaria,2008-01,1.5,,
ESTAT:PRC_HICP_MINR(1.0),02/10/26 11:00:00,Monthly,Monthly rate of change,Total,Bulgaria,2008-02,1.0,,
ESTAT:PRC_HICP_MINR(1.0),02/10/26 11:00:00,Monthly,Monthly rate of change,Total,Bulgaria,2008-03,0.9,,
ESTAT:PRC_HICP_MINR(1.0),02/10/26 11:00:00,Monthly,Monthly rate of change,Total,Bulgaria,2008-04,0.7,,
ESTAT:PRC_HICP_MINR(1.0),02/10/26 11:00:00,Monthly,Monthly rate of change,Total,Bulgaria,2008-05,0.9,,
ESTAT:PRC_HICP_MINR(1.0),02/10/26 11:00:00,Monthly,Monthly rate of change,Total,Bulgaria,2008-06,0.4,,
ESTAT:PRC_HICP_MINR(1.0),02/10/26 11:00:00,Monthly,Monthly rate of change,Total,Bulgaria,2008-07,1.4,,
ESTAT:PRC_HICP_MINR(1.0),02/10/26 11:00:00,Monthly,Monthly rate of change,Total,Bulgaria,2008-08,-0.1,,
ESTAT:PRC_HICP_MINR(1.0),02/10/26 11:00:00,Monthly,Monthly rate of change,Total,Bulgaria,2008-09,0.9,,
ESTAT:PRC_HICP_MINR(1.0),02/10/26 11:00:00,Monthly,Monthly rate of change,Total,Bulgaria,2008-10,0.1,,
ESTAT:PRC_HICP_MINR(1.0),02/10/26 11:00:00,Monthly,Monthly rate of change,Total,Bulgaria,2008-11,-0.4,,
ESTAT:PRC_HICP_MINR(1.0),02/10/26 11:00:00,Monthly,Monthly rate of change,Total,Bulgaria,2008-12,-0.4,,
ESTAT:PRC_HICP_MINR(1.0),02/10/26 11:00:00,Monthly,Monthly rate of change,Total,Bulgaria,2009-01,0.4,,
ESTAT:PRC_HICP_MINR(1.0),02/10/26 11:00:00,Monthly,Monthly rate of change,Total,Bulgaria,2009-02,0.4,,
ESTAT:PRC_HICP_MINR(1.0),02/10/26 11:00:00,Monthly,Monthly rate of change,Total,Bulgaria,2009-03,-0.3,,
ESTAT:PRC_HICP_MINR(1.0),02/10/26 11:00:00,Monthly,Monthly rate of change,Total,Bulgaria,2009-04,0.5,,
ESTAT:PRC_HICP_MINR(1.0),02/10/26 11:00:00,Monthly,Monthly rate of change,Total,Bulgaria,2009-05,0.0,,
ESTAT:PRC_HICP_MINR(1.0),02/10/26 11:00:00,Monthly,Monthly rate of change,Total,Bulgaria,2009-06,0.1,,
ESTAT:PRC_HICP_MINR(1.0),02/10/26 11:00:00,Monthly,Monthly rate of change,Total,Bulgaria,2009-07,-0.2,,
ESTAT:PRC_HICP_MINR(1.0),02/10/26 11:00:00,Monthly,Monthly rate of change,Total,Bulgaria,2009-08,0.1,,
ESTAT:PRC_HICP_MINR(1.0),02/10/26 11:00:00,Monthly,Monthly rate of change,Total,Bulgaria,2009-09,-0.2,,
ESTAT:PRC_HICP_MINR(1.0),02/10/26 11:00:00,Monthly,Monthly rate of change,Total,Bulgaria,2009-10,0.2,,
ESTAT:PRC_HICP_MINR(1.0),02/10/26 11:00:00,Monthly,Monthly rate of change,Total,Bulgaria,2009-11,0.2,,
ESTAT:PRC_HICP_MINR(1.0),02/10/26 11:00:00,Monthly,Monthly rate of change,Total,Bulgaria,2009-12,0.3,,
ESTAT:PRC_HICP_MINR(1.0),02/10/26 11:00:00,Monthly,Monthly rate of change,Total,Bulgaria,2010-01,0.6,,
ESTAT:PRC_HICP_MINR(1.0),02/10/26 11:00:00,Monthly,Monthly rate of change,Total,Bulgaria,2010-02,0.3,,
ESTAT:PRC_HICP_MINR(1.0),02/10/26 11:00:00,Monthly,Monthly rate of change,Total,Bulgaria,2010-03,0.4,,
ESTAT:PRC_HICP_MINR(1.0),02/10/26 11:00:00,Monthly,Monthly rate of change,Total,Bulgaria,2010-04,1.1,,
ESTAT:PRC_HICP_MINR(1.0),02/10/26 11:00:00,Monthly,Monthly rate of change,Total,Bulgaria,2010-05,0.0,,
ESTAT:PRC_HICP_MINR(1.0),02/10/26 11:00:00,Monthly,Monthly rate of change,Total,Bulgaria,2010-06,-0.4,,
ESTAT:PRC_HICP_MINR(1.0),02/10/26 11:00:00,Monthly,Monthly rate of change,Total,Bulgaria,2010-07,0.5,,
ESTAT:PRC_HICP_MINR(1.0),02/10/26 11:00:00,Monthly,Monthly rate of change,Total,Bulgaria,2010-08,0.2,,
ESTAT:PRC_HICP_MINR(1.0),02/10/26 11:00:00,Monthly,Monthly rate of change,Total,Bulgaria,2010-09,0.2,,
ESTAT:PRC_HICP_MINR(1.0),02/10/26 11:00:00,Monthly,Monthly rate of change,Total,Bulgaria,2010-10,0.2,,
ESTAT:PRC_HICP_MINR(1.0),02/10/26 11:00:00,Monthly,Monthly rate of change,Total,Bulgaria,2010-11,0.5,,
ESTAT:PRC_HICP_MINR(1.0),02/10/26 11:00:00,Monthly,Monthly rate of change,Total,Bulgaria,2010-12,0.8,,
ESTAT:PRC_HICP_MINR(1.0),02/10/26 11:00:00,Monthly,Monthly rate of change,Total,Bulgaria,2011-01,0.4,,
ESTAT:PRC_HICP_MINR(1.0),02/10/26 11:00:00,Monthly,Monthly rate of change,Total,Bulgaria,2011-02,0.5,,
ESTAT:PRC_HICP_MINR(1.0),02/10/26 11:00:00,Monthly,Monthly rate of change,Total,Bulgaria,2011-03,0.4,,
ESTAT:PRC_HICP_MINR(1.0),02/10/26 11:00:00,Monthly,Monthly rate of change,Total,Bulgaria,2011-04,-0.1,,
ESTAT:PRC_HICP_MINR(1.0),02/10/26 11:00:00,Monthly,Monthly rate of change,Total,Bulgaria,2011-05,0.1,,
ESTAT:PRC_HICP_MINR(1.0),02/10/26 11:00:00,Monthly,Monthly rate of change,Total,Bulgaria,2011-06,-0.3,,
ESTAT:PRC_HICP_MINR(1.0),02/10/26 11:00:00,Monthly,Monthly rate of change,Total,Bulgaria,2011-07,0.4,,
ESTAT:PRC_HICP_MINR(1.0),02/10/26 11:00:00,Monthly,Monthly rate of change,Total,Bulgaria,2011-08,-0.1,,
ESTAT:PRC_HICP_MINR(1.0),02/10/26 11:00:00,Monthly,Monthly rate of change,Total,Bulgaria,2011-09,0.0,,
ESTAT:PRC_HICP_MINR(1.0),02/10/26 11:00:00,Monthly,Monthly rate of change,Total,Bulgaria,2011-10,0.3,,
ESTAT:PRC_HICP_MINR(1.0),02/10/26 11:00:00,Monthly,Monthly rate of change,Total,Bulgaria,2011-11,0.1,,
ESTAT:PRC_HICP_MINR(1.0),02/10/26 11:00:00,Monthly,Monthly rate of change,Total,Bulgaria,2011-12,0.3,,
ESTAT:PRC_HICP_MINR(1.0),02/10/26 11:00:00,Monthly,Monthly rate of change,Total,Bulgaria,2012-01,0.4,,
ESTAT:PRC_HICP_MINR(1.0),02/10/26 11:00:00,Monthly,Monthly rate of change,Total,Bulgaria,2012-02,0.6,,
ESTAT:PRC_HICP_MINR(1.0),02/10/26 11:00:00,Monthly,Monthly rate of change,Total,Bulgaria,2012-03,0.1,,
ESTAT:PRC_HICP_MINR(1.0),02/10/26 11:00:00,Monthly,Monthly rate of change,Total,Bulgaria,2012-04,0.2,,
ESTAT:PRC_HICP_MINR(1.0),02/10/26 11:00:00,Monthly,Monthly rate of change,Total,Bulgaria,2012-05,-0.1,,
ESTAT:PRC_HICP_MINR(1.0),02/10/26 11:00:00,Monthly,Monthly rate of change,Total,Bulgaria,2012-06,-0.5,,
ESTAT:PRC_HICP_MINR(1.0),02/10/26 11:00:00,Monthly,Monthly rate of change,Total,Bulgaria,2012-07,1.1,,
ESTAT:PRC_HICP_MINR(1.0),02/10/26 11:00:00,Monthly,Monthly rate of change,Total,Bulgaria,2012-08,0.6,,
ESTAT:PRC_HICP_MINR(1.0),02/10/26 11:00:00,Monthly,Monthly rate of change,Total,Bulgaria,2012-09,0.3,,
ESTAT:PRC_HICP_MINR(1.0),02/10/26 11:00:00,Monthly,Monthly rate of change,Total,Bulgaria,2012-10,-0.1,,
ESTAT:PRC_HICP_MINR(1.0),02/10/26 11:00:00,Monthly,Monthly rate of change,Total,Bulgaria,2012-11,-0.2,,
ESTAT:PRC_HICP_MINR(1.0),02/10/26 11:00:00,Monthly,Monthly rate of change,Total,Bulgaria,2012-12,0.3,,
ESTAT:PRC_HICP_MINR(1.0),02/10/26 11:00:00,Monthly,Monthly rate of change,Total,Bulgaria,2013-01,0.2,,
ESTAT:PRC_HICP_MINR(1.0),02/10/26 11:00:00,Monthly,Monthly rate of change,Total,Bulgaria,2013-02,0.2,,
ESTAT:PRC_HICP_MINR(1.0),02/10/26 11:00:00,Monthly,Monthly rate of change,Total,Bulgaria,2013-03,-0.4,,
ESTAT:PRC_HICP_MINR(1.0),02/10/26 11:00:00,Monthly,Monthly rate of change,Total,Bulgaria,2013-04,-0.4,,
ESTAT:PRC_HICP_MINR(1.0),02/10/26 11:00:00,Monthly,Monthly rate of change,Total,Bulgaria,2013-05,0.0,,
ESTAT:PRC_HICP_MINR(1.0),02/10/26 11:00:00,Monthly,Monthly rate of change,Total,Bulgaria,2013-06,-0.3,,
ESTAT:PRC_HICP_MINR(1.0),02/10/26 11:00:00,Monthly,Monthly rate of change,Total,Bulgaria,2013-07,-0.1,,
ESTAT:PRC_HICP_MINR(1.0),02/10/26 11:00:00,Monthly,Monthly rate of change,Total,Bulgaria,2013-08,-0.2,,
ESTAT:PRC_HICP_MINR(1.0),02/10/26 11:00:00,Monthly,Monthly rate of change,Total,Bulgaria,2013-09,-0.3,,
ESTAT:PRC_HICP_MINR(1.0),02/10/26 11:00:00,Monthly,Monthly rate of change,Total,Bulgaria,2013-10,0.2,,
ESTAT:PRC_HICP_MINR(1.0),02/10/26 11:00:00,Monthly,Monthly rate of change,Total,Bulgaria,2013-11,-0.1,,
ESTAT:PRC_HICP_MINR(1.0),02/10/26 11:00:00,Monthly,Monthly rate of change,Total,Bulgaria,2013-12,0.4,,
ESTAT:PRC_HICP_MINR(1.0),02/10/26 11:00:00,Monthly,Monthly rate of change,Total,Bulgaria,2014-01,-0.3,,
ESTAT:PRC_HICP_MINR(1.0),02/10/26 11:00:00,Monthly,Monthly rate of change,Total,Bulgaria,2014-02,-0.6,,
ESTAT:PRC_HICP_MINR(1.0),02/10/26 11:00:00,Monthly,Monthly rate of change,Total,Bulgaria,2014-03,-0.3,,
ESTAT:PRC_HICP_MINR(1.0),02/10/26 11:00:00,Monthly,Monthly rate of change,Total,Bulgaria,2014-04,0.2,,
ESTAT:PRC_HICP_MINR(1.0),02/10/26 11:00:00,Monthly,Monthly rate of change,Total,Bulgaria,2014-05,-0.5,,
ESTAT:PRC_HICP_MINR(1.0),02/10/26 11:00:00,Monthly,Monthly rate of change,Total,Bulgaria,2014-06,-0.3,,
ESTAT:PRC_HICP_MINR(1.0),02/10/26 11:00:00,Monthly,Monthly rate of change,Total,Bulgaria,2014-07,0.6,,
ESTAT:PRC_HICP_MINR(1.0),02/10/26 11:00:00,Monthly,Monthly rate of change,Total,Bulgaria,2014-08,-0.1,,
ESTAT:PRC_HICP_MINR(1.0),02/10/26 11:00:00,Monthly,Monthly rate of change,Total,Bulgaria,2014-09,-0.7,,
ESTAT:PRC_HICP_MINR(1.0),02/10/26 11:00:00,Monthly,Monthly rate of change,Total,Bulgaria,2014-10,0.1,,
ESTAT:PRC_HICP_MINR(1.0),02/10/26 11:00:00,Monthly,Monthly rate of change,Total,Bulgaria,2014-11,-0.5,,
ESTAT:PRC_HICP_MINR(1.0),02/10/26 11:00:00,Monthly,Monthly rate of change,Total,Bulgaria,2014-12,0.3,,
ESTAT:PRC_HICP_MINR(1.0),02/10/26 11:00:00,Monthly,Monthly rate of change,Total,Bulgaria,2015-01,-0.7,,
ESTAT:PRC_HICP_MINR(1.0),02/10/26 11:00:00,Monthly,Monthly rate of change,Total,Bulgaria,2015-02,0.1,,
ESTAT:PRC_HICP_MINR(1.0),02/10/26 11:00:00,Monthly,Monthly rate of change,Total,Bulgaria,2015-03,0.3,,
ESTAT:PRC_HICP_MINR(1.0),02/10/26 11:00:00,Monthly,Monthly rate of change,Total,Bulgaria,2015-04,0.5,,
ESTAT:PRC_HICP_MINR(1.0),02/10/26 11:00:00,Monthly,Monthly rate of change,Total,Bulgaria,2015-05,0.0,,
ESTAT:PRC_HICP_MINR(1.0),02/10/26 11:00:00,Monthly,Monthly rate of change,Total,Bulgaria,2015-06,-0.6,,
ESTAT:PRC_HICP_MINR(1.0),02/10/26 11:00:00,Monthly,Monthly rate of change,Total,Bulgaria,2015-07,0.2,,
ESTAT:PRC_HICP_MINR(1.0),02/10/26 11:00:00,Monthly,Monthly rate of change,Total,Bulgaria,2015-08,0.1,,
ESTAT:PRC_HICP_MINR(1.0),02/10/26 11:00:00,Monthly,Monthly rate of change,Total,Bulgaria,2015-09,-0.8,,
ESTAT:PRC_HICP_MINR(1.0),02/10/26 11:00:00,Monthly,Monthly rate of change,Total,Bulgaria,2015-10,-0.2,,
ESTAT:PRC_HICP_MINR(1.0),02/10/26 11:00:00,Monthly,Monthly rate of change,Total,Bulgaria,2015-11,-0.3,,
ESTAT:PRC_HICP_MINR(1.0),02/10/26 11:00:00,Monthly,Monthly rate of change,Total,Bulgaria,2015-12,0.4,,
ESTAT:PRC_HICP_MINR(1.0),02/10/26 11:00:00,Monthly,Monthly rate of change,Total,Bulgaria,2016-01,-0.2,,
ESTAT:PRC_HICP_MINR(1.0),02/10/26 11:00:00,Monthly,Monthly rate of change,Total,Bulgaria,2016-02,-0.5,,
ESTAT:PRC_HICP_MINR(1.0),02/10/26 11:00:00,Monthly,Monthly rate of change,Total,Bulgaria,2016-03,-0.6,,
ESTAT:PRC_HICP_MINR(1.0),02/10/26 11:00:00,Monthly,Monthly rate of change,Total,Bulgaria,2016-04,-0.2,,
ESTAT:PRC_HICP_MINR(1.0),02/10/26 11:00:00,Monthly,Monthly rate of change,Total,Bulgaria,2016-05,0.0,,
ESTAT:PRC_HICP_MINR(1.0),02/10/26 11:00:00,Monthly,Monthly rate of change,Total,Bulgaria,2016-06,0.1,,
ESTAT:PRC_HICP_MINR(1.0),02/10/26 11:00:00,Monthly,Monthly rate of change,Total,Bulgaria,2016-07,1.0,,
ESTAT:PRC_HICP_MINR(1.0),02/10/26 11:00:00,Monthly,Monthly rate of change,Total,Bulgaria,2016-08,0.0,,
ESTAT:PRC_HICP_MINR(1.0),02/10/26 11:00:00,Monthly,Monthly rate of change,Total,Bulgaria,2016-09,-0.7,,
ESTAT:PRC_HICP_MINR(1.0),02/10/26 11:00:00,Monthly,Monthly rate of change,Total,Bulgaria,2016-10,-0.1,,
ESTAT:PRC_HICP_MINR(1.0),02/10/26 11:00:00,Monthly,Monthly rate of change,Total,Bulgaria,2016-11,-0.1,,
ESTAT:PRC_HICP_MINR(1.0),02/10/26 11:00:00,Monthly,Monthly rate of change,Total,Bulgaria,2016-12,0.7,,
ESTAT:PRC_HICP_MINR(1.0),02/10/26 11:00:00,Monthly,Monthly rate of change,Total,Bulgaria,2017-01,0.7,,
ESTAT:PRC_HICP_MINR(1.0),02/10/26 11:00:00,Monthly,Monthly rate of change,Total,Bulgaria,2017-02,0.0,,
ESTAT:PRC_HICP_MINR(1.0),02/10/26 11:00:00,Monthly,Monthly rate of change,Total,Bulgaria,2017-03,-0.5,,
ESTAT:PRC_HICP_MINR(1.0),02/10/26 11:00:00,Monthly,Monthly rate of change,Total,Bulgaria,2017-04,0.5,,
ESTAT:PRC_HICP_MINR(1.0),02/10/26 11:00:00,Monthly,Monthly rate of change,Total,Bulgaria,2017-05,-0.2,,
ESTAT:PRC_HICP_MINR(1.0),02/10/26 11:00:00,Monthly,Monthly rate of change,Total,Bulgaria,2017-06,-0.2,,
ESTAT:PRC_HICP_MINR(1.0),02/10/26 11:00:00,Monthly,Monthly rate of change,Total,Bulgaria,2017-07,0.5,,
ESTAT:PRC_HICP_MINR(1.0),02/10/26 11:00:00,Monthly,Monthly rate of change,Total,Bulgaria,2017-08,0.2,,
ESTAT:PRC_HICP_MINR(1.0),02/10/26 11:00:00,Monthly,Monthly rate of change,Total,Bulgaria,2017-09,-0.2,,
ESTAT:PRC_HICP_MINR(1.0),02/10/26 11:00:00,Monthly,Monthly rate of change,Total,Bulgaria,2017-10,0.1,,
ESTAT:PRC_HICP_MINR(1.0),02/10/26 11:00:00,Monthly,Monthly rate of change,Total,Bulgaria,2017-11,0.3,,
ESTAT:PRC_HICP_MINR(1.0),02/10/26 11:00:00,Monthly,Monthly rate of change,Total,Bulgaria,2017-12,0.7,,
ESTAT:PRC_HICP_MINR(1.0),02/10/26 11:00:00,Monthly,Monthly rate of change,Total,Bulgaria,2018-01,0.2,,
ESTAT:PRC_HICP_MINR(1.0),02/10/26 11:00:00,Monthly,Monthly rate of change,Total,Bulgaria,2018-02,0.2,,
ESTAT:PRC_HICP_MINR(1.0),02/10/26 11:00:00,Monthly,Monthly rate of change,Total,Bulgaria,2018-03,-0.2,,
ESTAT:PRC_HICP_MINR(1.0),02/10/26 11:00:00,Monthly,Monthly rate of change,Total,Bulgaria,2018-04,0.3,,
ESTAT:PRC_HICP_MINR(1.0),02/10/26 11:00:00,Monthly,Monthly rate of change,Total,Bulgaria,2018-05,0.4,,
ESTAT:PRC_HICP_MINR(1.0),02/10/26 11:00:00,Monthly,Monthly rate of change,Total,Bulgaria,2018-06,0.5,,
ESTAT:PRC_HICP_MINR(1.0),02/10/26 11:00:00,Monthly,Monthly rate of change,Total,Bulgaria,2018-07,1.0,,
ESTAT:PRC_HICP_MINR(1.0),02/10/26 11:00:00,Monthly,Monthly rate of change,Total,Bulgaria,2018-08,0.3,,
ESTAT:PRC_HICP_MINR(1.0),02/10/26 11:00:00,Monthly,Monthly rate of change,Total,Bulgaria,2018-09,-0.3,,
ESTAT:PRC_HICP_MINR(1.0),02/10/26 11:00:00,Monthly,Monthly rate of change,Total,Bulgaria,2018-10,0.2,,
ESTAT:PRC_HICP_MINR(1.0),02/10/26 11:00:00,Monthly,Monthly rate of change,Total,Bulgaria,2018-11,-0.3,,
ESTAT:PRC_HICP_MINR(1.0),02/10/26 11:00:00,Monthly,Monthly rate of change,Total,Bulgaria,2018-12,0.0,,
ESTAT:PRC_HICP_MINR(1.0),02/10/26 11:00:00,Monthly,Monthly rate of change,Total,Bulgaria,2019-01,0.2,,
ESTAT:PRC_HICP_MINR(1.0),02/10/26 11:00:00,Monthly,Monthly rate of change,Total,Bulgaria,2019-02,0.3,,
ESTAT:PRC_HICP_MINR(1.0),02/10/26 11:00:00,Monthly,Monthly rate of change,Total,Bulgaria,2019-03,0.2,,
ESTAT:PRC_HICP_MINR(1.0),02/10/26 11:00:00,Monthly,Monthly rate of change,Total,Bulgaria,2019-04,0.6,,
ESTAT:PRC_HICP_MINR(1.0),02/10/26 11:00:00,Monthly,Monthly rate of change,Total,Bulgaria,2019-05,0.1,,
ESTAT:PRC_HICP_MINR(1.0),02/10/26 11:00:00,Monthly,Monthly rate of change,Total,Bulgaria,2019-06,0.0,,
ESTAT:PRC_HICP_MINR(1.0),02/10/26 11:00:00,Monthly,Monthly rate of change,Total,Bulgaria,2019-07,1.3,,
ESTAT:PRC_HICP_MINR(1.0),02/10/26 11:00:00,Monthly,Monthly rate of change,Total,Bulgaria,2019-08,0.2,,
ESTAT:PRC_HICP_MINR(1.0),02/10/26 11:00:00,Monthly,Monthly rate of change,Total,Bulgaria,2019-09,-1.2,,
ESTAT:PRC_HICP_MINR(1.0),02/10/26 11:00:00,Monthly,Monthly rate of change,Total,Bulgaria,2019-10,0.1,,
ESTAT:PRC_HICP_MINR(1.0),02/10/26 11:00:00,Monthly,Monthly rate of change,Total,Bulgaria,2019-11,0.3,,
ESTAT:PRC_HICP_MINR(1.0),02/10/26 11:00:00,Monthly,Monthly rate of change,Total,Bulgaria,2019-12,0.8,,
ESTAT:PRC_HICP_MINR(1.0),02/10/26 11:00:00,Monthly,Monthly rate of change,Total,Bulgaria,2020-01,0.5,,
ESTAT:PRC_HICP_MINR(1.0),02/10/26 11:00:00,Monthly,Monthly rate of change,Total,Bulgaria,2020-02,0.0,,
ESTAT:PRC_HICP_MINR(1.0),02/10/26 11:00:00,Monthly,Monthly rate of change,Total,Bulgaria,2020-03,-0.5,,
ESTAT:PRC_HICP_MINR(1.0),02/10/26 11:00:00,Monthly,Monthly rate of change,Total,Bulgaria,2020-04,-0.4,,
ESTAT:PRC_HICP_MINR(1.0),02/10/26 11:00:00,Monthly,Monthly rate of change,Total,Bulgaria,2020-05,-0.2,,
ESTAT:PRC_HICP_MINR(1.0),02/10/26 11:00:00,Monthly,Monthly rate of change,Total,Bulgaria,2020-06,-0.1,,
ESTAT:PRC_HICP_MINR(1.0),02/10/26 11:00:00,Monthly,Monthly rate of change,Total,Bulgaria,2020-07,0.8,,
ESTAT:PRC_HICP_MINR(1.0),02/10/26 11:00:00,Monthly,Monthly rate of change,Total,Bulgaria,2020-08,0.4,,
ESTAT:PRC_HICP_MINR(1.0),02/10/26 11:00:00,Monthly,Monthly rate of change,Total,Bulgaria,2020-09,-1.2,,
ESTAT:PRC_HICP_MINR(1.0),02/10/26 11:00:00,Monthly,Monthly rate of change,Total,Bulgaria,2020-10,0.2,,
ESTAT:PRC_HICP_MINR(1.0),02/10/26 11:00:00,Monthly,Monthly rate of change,Total,Bulgaria,2020-11,0.0,,
ESTAT:PRC_HICP_MINR(1.0),02/10/26 11:00:00,Monthly,Monthly rate of change,Total,Bulgaria,2020-12,0.5,,
ESTAT:PRC_HICP_MINR(1.0),02/10/26 11:00:00,Monthly,Monthly rate of change,Total,Bulgaria,2021-01,0.1,,
ESTAT:PRC_HICP_MINR(1.0),02/10/26 11:00:00,Monthly,Monthly rate of change,Total,Bulgaria,2021-02,0.5,,
ESTAT:PRC_HICP_MINR(1.0),02/10/26 11:00:00,Monthly,Monthly rate of change,Total,Bulgaria,2021-03,0.2,,
ESTAT:PRC_HICP_MINR(1.0),02/10/26 11:00:00,Monthly,Monthly rate of change,Total,Bulgaria,2021-04,0.7,,
ESTAT:PRC_HICP_MINR(1.0),02/10/26 11:00:00,Monthly,Monthly rate of change,Total,Bulgaria,2021-05,0.1,,
ESTAT:PRC_HICP_MINR(1.0),02/10/26 11:00:00,Monthly,Monthly rate of change,Total,Bulgaria,2021-06,0.0,,
ESTAT:PRC_HICP_MINR(1.0),02/10/26 11:00:00,Monthly,Monthly rate of change,Total,Bulgaria,2021-07,0.7,,
ESTAT:PRC_HICP_MINR(1.0),02/10/26 11:00:00,Monthly,Monthly rate of change,Total,Bulgaria,2021-08,0.7,,
ESTAT:PRC_HICP_MINR(1.0),02/10/26 11:00:00,Monthly,Monthly rate of change,Total,Bulgaria,2021-09,0.2,,
ESTAT:PRC_HICP_MINR(1.0),02/10/26 11:00:00,Monthly,Monthly rate of change,Total,Bulgaria,2021-10,1.3,,
ESTAT:PRC_HICP_MINR(1.0),02/10/26 11:00:00,Monthly,Monthly rate of change,Total,Bulgaria,2021-11,1.1,,
ESTAT:PRC_HICP_MINR(1.0),02/10/26 11:00:00,Monthly,Monthly rate of change,Total,Bulgaria,2021-12,0.8,,
ESTAT:PRC_HICP_MINR(1.0),02/10/26 11:00:00,Monthly,Monthly rate of change,Total,Bulgaria,2022-01,1.2,,
ESTAT:PRC_HICP_MINR(1.0),02/10/26 11:00:00,Monthly,Monthly rate of change,Total,Bulgaria,2022-02,1.2,,
ESTAT:PRC_HICP_MINR(1.0),02/10/26 11:00:00,Monthly,Monthly rate of change,Total,Bulgaria,2022-03,2.1,,
ESTAT:PRC_HICP_MINR(1.0),02/10/26 11:00:00,Monthly,Monthly rate of change,Total,Bulgaria,2022-04,2.1,,
ESTAT:PRC_HICP_MINR(1.0),02/10/26 11:00:00,Monthly,Monthly rate of change,Total,Bulgaria,2022-05,1.3,,
ESTAT:PRC_HICP_MINR(1.0),02/10/26 11:00:00,Monthly,Monthly rate of change,Total,Bulgaria,2022-06,1.2,,
ESTAT:PRC_HICP_MINR(1.0),02/10/26 11:00:00,Monthly,Monthly rate of change,Total,Bulgaria,2022-07,0.8,,
ESTAT:PRC_HICP_MINR(1.0),02/10/26 11:00:00,Monthly,Monthly rate of change,Total,Bulgaria,2022-08,0.8,,
ESTAT:PRC_HICP_MINR(1.0),02/10/26 11:00:00,Monthly,Monthly rate of change,Total,Bulgaria,2022-09,0.7,,
ESTAT:PRC_HICP_MINR(1.0),02/10/26 11:00:00,Monthly,Monthly rate of change,Total,Bulgaria,2022-10,0.6,,
ESTAT:PRC_HICP_MINR(1.0),02/10/26 11:00:00,Monthly,Monthly rate of change,Total,Bulgaria,2022-11,0.6,,
ESTAT:PRC_HICP_MINR(1.0),02/10/26 11:00:00,Monthly,Monthly rate of change,Total,Bulgaria,2022-12,0.8,,
ESTAT:PRC_HICP_MINR(1.0),02/10/26 11:00:00,Monthly,Monthly rate of change,Total,Bulgaria,2023-01,1.2,,
ESTAT:PRC_HICP_MINR(1.0),02/10/26 11:00:00,Monthly,Monthly rate of change,Total,Bulgaria,2023-02,0.7,,
ESTAT:PRC_HICP_MINR(1.0),02/10/26 11:00:00,Monthly,Monthly rate of change,Total,Bulgaria,2023-03,0.6,,
ESTAT:PRC_HICP_MINR(1.0),02/10/26 11:00:00,Monthly,Monthly rate of change,Total,Bulgaria,2023-04,0.5,,
ESTAT:PRC_HICP_MINR(1.0),02/10/26 11:00:00,Monthly,Monthly rate of change,Total,Bulgaria,2023-05,-0.2,,
ESTAT:PRC_HICP_MINR(1.0),02/10/26 11:00:00,Monthly,Monthly rate of change,Total,Bulgaria,2023-06,0.1,,
ESTAT:PRC_HICP_MINR(1.0),02/10/26 11:00:00,Monthly,Monthly rate of change,Total,Bulgaria,2023-07,1.2,,
ESTAT:PRC_HICP_MINR(1.0),02/10/26 11:00:00,Monthly,Monthly rate of change,Total,Bulgaria,2023-08,0.5,,
ESTAT:PRC_HICP_MINR(1.0),02/10/26 11:00:00,Monthly,Monthly rate of change,Total,Bulgaria,2023-09,-0.3,,
ESTAT:PRC_HICP_MINR(1.0),02/10/26 11:00:00,Monthly,Monthly rate of change,Total,Bulgaria,2023-10,0.2,,
ESTAT:PRC_HICP_MINR(1.0),02/10/26 11:00:00,Monthly,Monthly rate of change,Total,Bulgaria,2023-11,0.2,,
ESTAT:PRC_HICP_MINR(1.0),02/10/26 11:00:00,Monthly,Monthly rate of change,Total,Bulgaria,2023-12,0.3,,
ESTAT:PRC_HICP_MINR(1.0),02/10/26 11:00:00,Monthly,Monthly rate of change,Total,Bulgaria,2024-01,0.1,,
ESTAT:PRC_HICP_MINR(1.0),02/10/26 11:00:00,Monthly,Monthly rate of change,Total,Bulgaria,2024-02,0.3,,
ESTAT:PRC_HICP_MINR(1.0),02/10/26 11:00:00,Monthly,Monthly rate of change,Total,Bulgaria,2024-03,0.3,,
ESTAT:PRC_HICP_MINR(1.0),02/10/26 11:00:00,Monthly,Monthly rate of change,Total,Bulgaria,2024-04,-0.1,,
ESTAT:PRC_HICP_MINR(1.0),02/10/26 11:00:00,Monthly,Monthly rate of change,Total,Bulgaria,2024-05,0.0,,
ESTAT:PRC_HICP_MINR(1.0),02/10/26 11:00:00,Monthly,Monthly rate of change,Total,Bulgaria,2024-06,0.2,,
ESTAT:PRC_HICP_MINR(1.0),02/10/26 11:00:00,Monthly,Monthly rate of change,Total,Bulgaria,2024-07,1.2,,
ESTAT:PRC_HICP_MINR(1.0),02/10/26 11:00:00,Monthly,Monthly rate of change,Total,Bulgaria,2024-08,0.1,,
ESTAT:PRC_HICP_MINR(1.0),02/10/26 11:00:00,Monthly,Monthly rate of change,Total,Bulgaria,2024-09,-1.1,,
ESTAT:PRC_HICP_MINR(1.0),02/10/26 11:00:00,Monthly,Monthly rate of change,Total,Bulgaria,2024-10,0.6,,
ESTAT:PRC_HICP_MINR(1.0),02/10/26 11:00:00,Monthly,Monthly rate of change,Total,Bulgaria,2024-11,0.3,,
ESTAT:PRC_HICP_MINR(1.0),02/10/26 11:00:00,Monthly,Monthly rate of change,Total,Bulgaria,2024-12,0.3,,
ESTAT:PRC_HICP_MINR(1.0),02/10/26 11:00:00,Monthly,Monthly rate of change,Total,Bulgaria,2025-01,1.8,,
ESTAT:PRC_HICP_MINR(1.0),02/10/26 11:00:00,Monthly,Monthly rate of change,Total,Bulgaria,2025-02,0.4,,
ESTAT:PRC_HICP_MINR(1.0),02/10/26 11:00:00,Monthly,Monthly rate of change,Total,Bulgaria,2025-03,0.3,,
ESTAT:PRC_HICP_MINR(1.0),02/10/26 11:00:00,Monthly,Monthly rate of change,Total,Bulgaria,2025-04,-1.2,,
ESTAT:PRC_HICP_MINR(1.0),02/10/26 11:00:00,Monthly,Monthly rate of change,Total,Bulgaria,2025-05,0.1,,
ESTAT:PRC_HICP_MINR(1.0),02/10/26 11:00:00,Monthly,Monthly rate of change,Total,Bulgaria,2025-06,0.4,,
ESTAT:PRC_HICP_MINR(1.0),02/10/26 11:00:00,Monthly,Monthly rate of change,Total,Bulgaria,2025-07,1.4,,
ESTAT:PRC_HICP_MINR(1.0),02/10/26 11:00:00,Monthly,Monthly rate of change,Total,Bulgaria,2025-08,0.1,,
ESTAT:PRC_HICP_MINR(1.0),02/10/26 11:00:00,Monthly,Monthly rate of change,Total,Bulgaria,2025-09,-0.6,,
ESTAT:PRC_HICP_MINR(1.0),02/10/26 11:00:00,Monthly,Monthly rate of change,Total,Bulgaria,2025-10,0.4,,
ESTAT:PRC_HICP_MINR(1.0),02/10/26 11:00:00,Monthly,Monthly rate of change,Total,Bulgaria,2025-11,0.2,,
ESTAT:PRC_HICP_MINR(1.0),02/10/26 11:00:00,Monthly,Monthly rate of change,Total,Bulgaria,2025-12,0.1,,
ESTAT:PRC_HICP_MINR(1.0),02/10/26 11:00:00,Monthly,Monthly rate of change,Total,Czechia,2006-01,1.1,,
ESTAT:PRC_HICP_MINR(1.0),02/10/26 11:00:00,Monthly,Monthly rate of change,Total,Czechia,2006-02,0.0,,
ESTAT:PRC_HICP_MINR(1.0),02/10/26 11:00:00,Monthly,Monthly rate of change,Total,Czechia,2006-03,-0.1,,
ESTAT:PRC_HICP_MINR(1.0),02/10/26 11:00:00,Monthly,Monthly rate of change,Total,Czechia,2006-04,0.3,,
ESTAT:PRC_HICP_MINR(1.0),02/10/26 11:00:00,Monthly,Monthly rate of change,Total,Czechia,2006-05,0.5,,
ESTAT:PRC_HICP_MINR(1.0),02/10/26 11:00:00,Monthly,Monthly rate of change,Total,Czechia,2006-06,0.1,,
ESTAT:PRC_HICP_MINR(1.0),02/10/26 11:00:00,Monthly,Monthly rate of change,Total,Czechia,2006-07,0.4,,
ESTAT:PRC_HICP_MINR(1.0),02/10/26 11:00:00,Monthly,Monthly rate of change,Total,Czechia,2006-08,0.2,,
ESTAT:PRC_HICP_MINR(1.0),02/10/26 11:00:00,Monthly,Monthly rate of change,Total,Czechia,2006-09,-0.5,,
ESTAT:PRC_HICP_MINR(1.0),02/10/26 11:00:00,Monthly,Monthly rate of change,Total,Czechia,2006-10,-0.5,,
ESTAT:PRC_HICP_MINR(1.0),02/10/26 11:00:00,Monthly,Monthly rate of change,Total,Czechia,2006-11,-0.2,,
ESTAT:PRC_HICP_MINR(1.0),02/10/26 11:00:00,Monthly,Monthly rate of change,Total,Czechia,2006-12,0.2,,
ESTAT:PRC_HICP_MINR(1.0),02/10/26 11:00:00,Monthly,Monthly rate of change,Total,Czechia,2007-01,1.0,,
ESTAT:PRC_HICP_MINR(1.0),02/10/26 11:00:00,Monthly,Monthly rate of change,Total,Czechia,2007-02,0.3,,
ESTAT:PRC_HICP_MINR(1.0),02/10/26 11:00:00,Monthly,Monthly rate of change,Total,Czechia,2007-03,0.3,,
ESTAT:PRC_HICP_MINR(1.0),02/10/26 11:00:00,Monthly,Monthly rate of change,Total,Czechia,2007-04,0.7,,
ESTAT:PRC_HICP_MINR(1.0),02/10/26 11:00:00,Monthly,Monthly rate of change,Total,Czechia,2007-05,0.4,,
ESTAT:PRC_HICP_MINR(1.0),02/10/26 11:00:00,Monthly,Monthly rate of change,Total,Czechia,2007-06,0.3,,
ESTAT:PRC_HICP_MINR(1.0),02/10/26 11:00:00,Monthly,Monthly rate of change,Total,Czechia,2007-07,0.4,,
ESTAT:PRC_HICP_MINR(1.0),02/10/26 11:00:00,Monthly,Monthly rate of change,Total,Czechia,2007-08,0.2,,
ESTAT:PRC_HICP_MINR(1.0),02/10/26 11:00:00,Monthly,Monthly rate of change,Total,Czechia,2007-09,-0.2,,
ESTAT:PRC_HICP_MINR(1.0),02/10/26 11:00:00,Monthly,Monthly rate of change,Total,Czechia,2007-10,0.6,,
ESTAT:PRC_HICP_MINR(1.0),02/10/26 11:00:00,Monthly,Monthly rate of change,Total,Czechia,2007-11,0.9,,
ESTAT:PRC_HICP_MINR(1.0),02/10/26 11:00:00,Monthly,Monthly rate of change,Total,Czechia,2007-12,0.5,,
ESTAT:PRC_HICP_MINR(1.0),02/10/26 11:00:00,Monthly,Monthly rate of change,Total,Czechia,2008-01,3.3,,
ESTAT:PRC_HICP_MINR(1.0),02/10/26 11:00:00,Monthly,Monthly rate of change,Total,Czechia,2008-02,0.1,,
ESTAT:PRC_HICP_MINR(1.0),02/10/26 11:00:00,Monthly,Monthly rate of change,Total,Czechia,2008-03,-0.2,,
ESTAT:PRC_HICP_MINR(1.0),02/10/26 11:00:00,Monthly,Monthly rate of change,Total,Czechia,2008-04,0.4,,
ESTAT:PRC_HICP_MINR(1.0),02/10/26 11:00:00,Monthly,Monthly rate of change,Total,Czechia,2008-05,0.4,,
ESTAT:PRC_HICP_MINR(1.0),02/10/26 11:00:00,Monthly,Monthly rate of change,Total,Czechia,2008-06,0.2,,
ESTAT:PRC_HICP_MINR(1.0),02/10/26 11:00:00,Monthly,Monthly rate of change,Total,Czechia,2008-07,0.5,,
ESTAT:PRC_HICP_MINR(1.0),02/10/26 11:00:00,Monthly,Monthly rate of change,Total,Czechia,2008-08,-0.3,,
ESTAT:PRC_HICP_MINR(1.0),02/10/26 11:00:00,Monthly,Monthly rate of change,Total,Czechia,2008-09,-0.2,,
ESTAT:PRC_HICP_MINR(1.0),02/10/26 11:00:00,Monthly,Monthly rate of change,Total,Czechia,2008-10,0.1,,
ESTAT:PRC_HICP_MINR(1.0),02/10/26 11:00:00,Monthly,Monthly rate of change,Total,Czechia,2008-11,-0.7,,
ESTAT:PRC_HICP_MINR(1.0),02/10/26 11:00:00,Monthly,Monthly rate of change,Total,Czechia,2008-12,-0.3,,
ESTAT:PRC_HICP_MINR(1.0),02/10/26 11:00:00,Monthly,Monthly rate of change,Total,Czechia,2009-01,1.4,,
ESTAT:PRC_HICP_MINR(1.0),02/10/26 11:00:00,Monthly,Monthly rate of change,Total,Czechia,2009-02,0.1,,
ESTAT:PRC_HICP_MINR(1.0),02/10/26 11:00:00,Monthly,Monthly rate of change,Total,Czechia,2009-03,0.2,,
ESTAT:PRC_HICP_MINR(1.0),02/10/26 11:00:00,Monthly,Monthly rate of change,Total,Czechia,2009-04,-0.1,,
ESTAT:PRC_HICP_MINR(1.0),02/10/26 11:00:00,Monthly,Monthly rate of change,Total,Czechia,2009-05,0.1,,
ESTAT:PRC_HICP_MINR(1.0),02/10/26 11:00:00,Monthly,Monthly rate of change,Total,Czechia,2009-06,0.0,,
ESTAT:PRC_HICP_MINR(1.0),02/10/26 11:00:00,Monthly,Monthly rate of change,Total,Czechia,2009-07,-0.4,,
ESTAT:PRC_HICP_MINR(1.0),02/10/26 11:00:00,Monthly,Monthly rate of change,Total,Czechia,2009-08,-0.1,,
ESTAT:PRC_HICP_MINR(1.0),02/10/26 11:00:00,Monthly,Monthly rate of change,Total,Czechia,2009-09,-0.5,,
ESTAT:PRC_HICP_MINR(1.0),02/10/26 11:00:00,Monthly,Monthly rate of change,Total,Czechia,2009-10,-0.2,,
ESTAT:PRC_HICP_MINR(1.0),02/10/26 11:00:00,Monthly,Monthly rate of change,Total,Czechia,2009-11,0.0,,
ESTAT:PRC_HICP_MINR(1.0),02/10/26 11:00:00,Monthly,Monthly rate of change,Total,Czechia,2009-12,0.1,,
ESTAT:PRC_HICP_MINR(1.0),02/10/26 11:00:00,Monthly,Monthly rate of change,Total,Czechia,2010-01,1.1,,
ESTAT:PRC_HICP_MINR(1.0),02/10/26 11:00:00,Monthly,Monthly rate of change,Total,Czechia,2010-02,0.1,,
ESTAT:PRC_HICP_MINR(1.0),02/10/26 11:00:00,Monthly,Monthly rate of change,Total,Czechia,2010-03,0.2,,
ESTAT:PRC_HICP_MINR(1.0),02/10/26 11:00:00,Monthly,Monthly rate of change,Total,Czechia,2010-04,0.4,,
ESTAT:PRC_HICP_MINR(1.0),02/10/26 11:00:00,Monthly,Monthly rate of change,Total,Czechia,2010-05,0.2,,
ESTAT:PRC_HICP_MINR(1.0),02/10/26 11:00:00,Monthly,Monthly rate of change,Total,Czechia,2010-06,-0.1,,
ESTAT:PRC_HICP_MINR(1.0),02/10/26 11:00:00,Monthly,Monthly rate of change,Total,Czechia,2010-07,0.3,,
ESTAT:PRC_HICP_MINR(1.0),02/10/26 11:00:00,Monthly,Monthly rate of change,Total,Czechia,2010-08,-0.2,,
ESTAT:PRC_HICP_MINR(1.0),02/10/26 11:00:00,Monthly,Monthly rate of change,Total,Czechia,2010-09,-0.2,,
ESTAT:PRC_HICP_MINR(1.0),02/10/26 11:00:00,Monthly,Monthly rate of change,Total,Czechia,2010-10,-0.3,,
ESTAT:PRC_HICP_MINR(1.0),02/10/26 11:00:00,Monthly,Monthly rate of change,Total,Czechia,2010-11,0.2,,
ESTAT:PRC_HICP_MINR(1.0),02/10/26 11:00:00,Monthly,Monthly rate of change,Total,Czechia,2010-12,0.6,,
ESTAT:PRC_HICP_MINR(1.0),02/10/26 11:00:00,Monthly,Monthly rate of change,Total,Czechia,2011-01,0.7,,
ESTAT:PRC_HICP_MINR(1.0),02/10/26 11:00:00,Monthly,Monthly rate of change,Total,Czechia,2011-02,0.1,,
ESTAT:PRC_HICP_MINR(1.0),02/10/26 11:00:00,Monthly,Monthly rate of change,Total,Czechia,2011-03,0.1,,
ESTAT:PRC_HICP_MINR(1.0),02/10/26 11:00:00,Monthly,Monthly rate of change,Total,Czechia,2011-04,0.2,,
ESTAT:PRC_HICP_MINR(1.0),02/10/26 11:00:00,Monthly,Monthly rate of change,Total,Czechia,2011-05,0.5,,
ESTAT:PRC_HICP_MINR(1.0),02/10/26 11:00:00,Monthly,Monthly rate of change,Total,Czechia,2011-06,0.0,,
ESTAT:PRC_HICP_MINR(1.0),02/10/26 11:00:00,Monthly,Monthly rate of change,Total,Czechia,2011-07,0.2,,
ESTAT:PRC_HICP_MINR(1.0),02/10/26 11:00:00,Monthly,Monthly rate of change,Total,Czechia,2011-08,-0.1,,
ESTAT:PRC_HICP_MINR(1.0),02/10/26 11:00:00,Monthly,Monthly rate of change,Total,Czechia,2011-09,-0.1,,
ESTAT:PRC_HICP_MINR(1.0),02/10/26 11:00:00,Monthly,Monthly rate of change,Total,Czechia,2011-10,0.2,,
ESTAT:PRC_HICP_MINR(1.0),02/10/26 11:00:00,Monthly,Monthly rate of change,Total,Czechia,2011-11,0.4,,
ESTAT:PRC_HICP_MINR(1.0),02/10/26 11:00:00,Monthly,Monthly rate of change,Total,Czechia,2011-12,0.4,,
ESTAT:PRC_HICP_MINR(1.0),02/10/26 11:00:00,Monthly,Monthly rate of change,Total,Czechia,2012-01,1.8,,
ESTAT:PRC_HICP_MINR(1.0),02/10/26 11:00:00,Monthly,Monthly rate of change,Total,Czechia,2012-02,0.2,,
ESTAT:PRC_HICP_MINR(1.0),02/10/26 11:00:00,Monthly,Monthly rate of change,Total,Czechia,2012-03,0.3,,
ESTAT:PRC_HICP_MINR(1.0),02/10/26 11:00:00,Monthly,Monthly rate of change,Total,Czechia,2012-04,0.0,,
ESTAT:PRC_HICP_MINR(1.0),02/10/26 11:00:00,Monthly,Monthly rate of change,Total,Czechia,2012-05,0.2,,
ESTAT:PRC_HICP_MINR(1.0),02/10/26 11:00:00,Monthly,Monthly rate of change,Total,Czechia,2012-06,0.2,,
ESTAT:PRC_HICP_MINR(1.0),02/10/26 11:00:00,Monthly,Monthly rate of change,Total,Czechia,2012-07,-0.2,,
ESTAT:PRC_HICP_MINR(1.0),02/10/26 11:00:00,Monthly,Monthly rate of change,Total,Czechia,2012-08,0.0,,
ESTAT:PRC_HICP_MINR(1.0),02/10/26 11:00:00,Monthly,Monthly rate of change,Total,Czechia,2012-09,-0.1,,
ESTAT:PRC_HICP_MINR(1.0),02/10/26 11:00:00,Monthly,Monthly rate of change,Total,Czechia,2012-10,0.3,,
ESTAT:PRC_HICP_MINR(1.0),02/10/26 11:00:00,Monthly,Monthly rate of change,Total,Czechia,2012-11,-0.3,,
ESTAT:PRC_HICP_MINR(1.0),02/10/26 11:00:00,Monthly,Monthly rate of change,Total,Czechia,2012-12,0.0,,
ESTAT:PRC_HICP_MINR(1.0),02/10/26 11:00:00,Monthly,Monthly rate of change,Total,Czechia,2013-01,1.3,,
ESTAT:PRC_HICP_MINR(1.0),02/10/26 11:00:00,Monthly,Monthly rate of change,Total,Czechia,2013-02,0.0,,
ESTAT:PRC_HICP_MINR(1.0),02/10/26 11:00:00,Monthly,Monthly rate of change,Total,Czechia,2013-03,0.1,,
ESTAT:PRC_HICP_MINR(1.0),02/10/26 11:00:00,Monthly,Monthly rate of change,Total,Czechia,2013-04,0.2,,
ESTAT:PRC_HICP_MINR(1.0),02/10/26 11:00:00,Monthly,Monthly rate of change,Total,Czechia,2013-05,-0.3,,
ESTAT:PRC_HICP_MINR(1.0),02/10/26 11:00:00,Monthly,Monthly rate of change,Total,Czechia,2013-06,0.5,,
ESTAT:PRC_HICP_MINR(1.0),02/10/26 11:00:00,Monthly,Monthly rate of change,Total,Czechia,2013-07,-0.3,,
ESTAT:PRC_HICP_MINR(1.0),02/10/26 11:00:00,Monthly,Monthly rate of change,Total,Czechia,2013-08,-0.2,,
ESTAT:PRC_HICP_MINR(1.0),02/10/26 11:00:00,Monthly,Monthly rate of change,Total,Czechia,2013-09,-0.3,,
ESTAT:PRC_HICP_MINR(1.0),02/10/26 11:00:00,Monthly,Monthly rate of change,Total,Czechia,2013-10,0.1,,
ESTAT:PRC_HICP_MINR(1.0),02/10/26 11:00:00,Monthly,Monthly rate of change,Total,Czechia,2013-11,-0.1,,
ESTAT:PRC_HICP_MINR(1.0),02/10/26 11:00:00,Monthly,Monthly rate of change,Total,Czechia,2013-12,0.5,,
ESTAT:PRC_HICP_MINR(1.0),02/10/26 11:00:00,Monthly,Monthly rate of change,Total,Czechia,2014-01,0.1,,
ESTAT:PRC_HICP_MINR(1.0),02/10/26 11:00:00,Monthly,Monthly rate of change,Total,Czechia,2014-02,0.0,,
ESTAT:PRC_HICP_MINR(1.0),02/10/26 11:00:00,Monthly,Monthly rate of change,Total,Czechia,2014-03,0.1,,
ESTAT:PRC_HICP_MINR(1.0),02/10/26 11:00:00,Monthly,Monthly rate of change,Total,Czechia,2014-04,0.0,,
ESTAT:PRC_HICP_MINR(1.0),02/10/26 11:00:00,Monthly,Monthly rate of change,Total,Czechia,2014-05,0.1,,
ESTAT:PRC_HICP_MINR(1.0),02/10/26 11:00:00,Monthly,Monthly rate of change,Total,Czechia,2014-06,0.0,,
ESTAT:PRC_HICP_MINR(1.0),02/10/26 11:00:00,Monthly,Monthly rate of change,Total,Czechia,2014-07,0.2,,
ESTAT:PRC_HICP_MINR(1.0),02/10/26 11:00:00,Monthly,Monthly rate of change,Total,Czechia,2014-08,0.0,,
ESTAT:PRC_HICP_MINR(1.0),02/10/26 11:00:00,Monthly,Monthly rate of change,Total,Czechia,2014-09,-0.2,,
ESTAT:PRC_HICP_MINR(1.0),02/10/26 11:00:00,Monthly,Monthly rate of change,Total,Czechia,2014-10,0.1,,
ESTAT:PRC_HICP_MINR(1.0),02/10/26 11:00:00,Monthly,Monthly rate of change,Total,Czechia,2014-11,-0.3,,
ESTAT:PRC_HICP_MINR(1.0),02/10/26 11:00:00,Monthly,Monthly rate of change,Total,Czechia,2014-12,-0.1,,
ESTAT:PRC_HICP_MINR(1.0),02/10/26 11:00:00,Monthly,Monthly rate of change,Total,Czechia,2015-01,0.0,,
ESTAT:PRC_HICP_MINR(1.0),02/10/26 11:00:00,Monthly,Monthly rate of change,Total,Czechia,2015-02,0.1,,
ESTAT:PRC_HICP_MINR(1.0),02/10/26 11:00:00,Monthly,Monthly rate of change,Total,Czechia,2015-03,0.2,,
ESTAT:PRC_HICP_MINR(1.0),02/10/26 11:00:00,Monthly,Monthly rate of change,Total,Czechia,2015-04,0.5,,
ESTAT:PRC_HICP_MINR(1.0),02/10/26 11:00:00,Monthly,Monthly rate of change,Total,Czechia,2015-05,0.3,,
ESTAT:PRC_HICP_MINR(1.0),02/10/26 11:00:00,Monthly,Monthly rate of change,Total,Czechia,2015-06,0.2,,
ESTAT:PRC_HICP_MINR(1.0),02/10/26 11:00:00,Monthly,Monthly rate of change,Total,Czechia,2015-07,-0.2,,
ESTAT:PRC_HICP_MINR(1.0),02/10/26 11:00:00,Monthly,Monthly rate of change,Total,Czechia,2015-08,-0.2,,
ESTAT:PRC_HICP_MINR(1.0),02/10/26 11:00:00,Monthly,Monthly rate of change,Total,Czechia,2015-09,-0.1,,
ESTAT:PRC_HICP_MINR(1.0),02/10/26 11:00:00,Monthly,Monthly rate of change,Total,Czechia,2015-10,0.0,,
ESTAT:PRC_HICP_MINR(1.0),02/10/26 11:00:00,Monthly,Monthly rate of change,Total,Czechia,2015-11,-0.5,,
ESTAT:PRC_HICP_MINR(1.0),02/10/26 11:00:00,Monthly,Monthly rate of change,Total,Czechia,2015-12,-0.1,,
ESTAT:PRC_HICP_MINR(1.0),02/10/26 11:00:00,Monthly,Monthly rate of change,Total,Czechia,2016-01,0.6,,
ESTAT:PRC_HICP_MINR(1.0),02/10/26 11:00:00,Monthly,Monthly rate of change,Total,Czechia,2016-02,0.1,,
ESTAT:PRC_HICP_MINR(1.0),02/10/26 11:00:00,Monthly,Monthly rate of change,Total,Czechia,2016-03,0.0,,
ESTAT:PRC_HICP_MINR(1.0),02/10/26 11:00:00,Monthly,Monthly rate of change,Total,Czechia,2016-04,0.6,,
ESTAT:PRC_HICP_MINR(1.0),02/10/26 11:00:00,Monthly,Monthly rate of change,Total,Czechia,2016-05,-0.2,,
ESTAT:PRC_HICP_MINR(1.0),02/10/26 11:00:00,Monthly,Monthly rate of change,Total,Czechia,2016-06,0.1,,
ESTAT:PRC_HICP_MINR(1.0),02/10/26 11:00:00,Monthly,Monthly rate of change,Total,Czechia,2016-07,0.4,,
ESTAT:PRC_HICP_MINR(1.0),02/10/26 11:00:00,Monthly,Monthly rate of change,Total,Czechia,2016-08,-0.2,,
ESTAT:PRC_HICP_MINR(1.0),02/10/26 11:00:00,Monthly,Monthly rate of change,Total,Czechia,2016-09,-0.2,,
ESTAT:PRC_HICP_MINR(1.0),02/10/26 11:00:00,Monthly,Monthly rate of change,Total,Czechia,2016-10,0.2,,
ESTAT:PRC_HICP_MINR(1.0),02/10/26 11:00:00,Monthly,Monthly rate of change,Total,Czechia,2016-11,0.3,,
ESTAT:PRC_HICP_MINR(1.0),02/10/26 11:00:00,Monthly,Monthly rate of change,Total,Czechia,2016-12,0.3,,
ESTAT:PRC_HICP_MINR(1.0),02/10/26 11:00:00,Monthly,Monthly rate of change,Total,Czechia,2017-01,0.8,,
ESTAT:PRC_HICP_MINR(1.0),02/10/26 11:00:00,Monthly,Monthly rate of change,Total,Czechia,2017-02,0.4,,
ESTAT:PRC_HICP_MINR(1.0),02/10/26 11:00:00,Monthly,Monthly rate of change,Total,Czechia,2017-03,0.0,,
ESTAT:PRC_HICP_MINR(1.0),02/10/26 11:00:00,Monthly,Monthly rate of change,Total,Czechia,2017-04,0.1,,
ESTAT:PRC_HICP_MINR(1.0),02/10/26 11:00:00,Monthly,Monthly rate of change,Total,Czechia,2017-05,0.2,,
ESTAT:PRC_HICP_MINR(1.0),02/10/26 11:00:00,Monthly,Monthly rate of change,Total,Czechia,2017-06,0.0,,
ESTAT:PRC_HICP_MINR(1.0),02/10/26 11:00:00,Monthly,Monthly rate of change,Total,Czechia,2017-07,0.4,,
ESTAT:PRC_HICP_MINR(1.0),02/10/26 11:00:00,Monthly,Monthly rate of change,Total,Czechia,2017-08,-0.2,,
ESTAT:PRC_HICP_MINR(1.0),02/10/26 11:00:00,Monthly,Monthly rate of change,Total,Czechia,2017-09,-0.1,,
ESTAT:PRC_HICP_MINR(1.0),02/10/26 11:00:00,Monthly,Monthly rate of change,Total,Czechia,2017-10,0.5,,
ESTAT:PRC_HICP_MINR(1.0),02/10/26 11:00:00,Monthly,Monthly rate of change,Total,Czechia,2017-11,0.1,,
ESTAT:PRC_HICP_MINR(1.0),02/10/26 11:00:00,Monthly,Monthly rate of change,Total,Czechia,2017-12,0.0,,
ESTAT:PRC_HICP_MINR(1.0),02/10/26 11:00:00,Monthly,Monthly rate of change,Total,Czechia,2018-01,0.6,,
ESTAT:PRC_HICP_MINR(1.0),02/10/26 11:00:00,Monthly,Monthly rate of change,Total,Czechia,2018-02,-0.1,,
ESTAT:PRC_HICP_MINR(1.0),02/10/26 11:00:00,Monthly,Monthly rate of change,Total,Czechia,2018-03,0.0,,
ESTAT:PRC_HICP_MINR(1.0),02/10/26 11:00:00,Monthly,Monthly rate of change,Total,Czechia,2018-04,0.3,,
ESTAT:PRC_HICP_MINR(1.0),02/10/26 11:00:00,Monthly,Monthly rate of change,Total,Czechia,2018-05,0.4,,
ESTAT:PRC_HICP_MINR(1.0),02/10/26 11:00:00,Monthly,Monthly rate of change,Total,Czechia,2018-06,0.4,,
ESTAT:PRC_HICP_MINR(1.0),02/10/26 11:00:00,Monthly,Monthly rate of change,Total,Czechia,2018-07,0.2,,
ESTAT:PRC_HICP_MINR(1.0),02/10/26 11:00:00,Monthly,Monthly rate of change,Total,Czechia,2018-08,-0.1,,
ESTAT:PRC_HICP_MINR(1.0),02/10/26 11:00:00,Monthly,Monthly rate of change,Total,Czechia,2018-09,-0.3,,
ESTAT:PRC_HICP_MINR(1.0),02/10/26 11:00:00,Monthly,Monthly rate of change,Total,Czechia,2018-10,0.3,,
ESTAT:PRC_HICP_MINR(1.0),02/10/26 11:00:00,Monthly,Monthly rate of change,Total,Czechia,2018-11,-0.3,,
ESTAT:PRC_HICP_MINR(1.0),02/10/26 11:00:00,Monthly,Monthly rate of change,Total,Czechia,2018-12,0.0,,
ESTAT:PRC_HICP_MINR(1.0),02/10/26 11:00:00,Monthly,Monthly rate of change,Total,Czechia,2019-01,1.0,,
ESTAT:PRC_HICP_MINR(1.0),02/10/26 11:00:00,Monthly,Monthly rate of change,Total,Czechia,2019-02,0.3,,
ESTAT:PRC_HICP_MINR(1.0),02/10/26 11:00:00,Monthly,Monthly rate of change,Total,Czechia,2019-03,0.2,,
ESTAT:PRC_HICP_MINR(1.0),02/10/26 11:00:00,Monthly,Monthly rate of change,Total,Czechia,2019-04,0.1,,
ESTAT:PRC_HICP_MINR(1.0),02/10/26 11:00:00,Monthly,Monthly rate of change,Total,Czechia,2019-05,0.6,,
ESTAT:PRC_HICP_MINR(1.0),02/10/26 11:00:00,Monthly,Monthly rate of change,Total,Czechia,2019-06,0.2,,
ESTAT:PRC_HICP_MINR(1.0),02/10/26 11:00:00,Monthly,Monthly rate of change,Total,Czechia,2019-07,0.4,,
ESTAT:PRC_HICP_MINR(1.0),02/10/26 11:00:00,Monthly,Monthly rate of change,Total,Czechia,2019-08,0.1,,
ESTAT:PRC_HICP_MINR(1.0),02/10/26 11:00:00,Monthly,Monthly rate of change,Total,Czechia,2019-09,-0.5,,
ESTAT:PRC_HICP_MINR(1.0),02/10/26 11:00:00,Monthly,Monthly rate of change,Total,Czechia,2019-10,0.4,,
ESTAT:PRC_HICP_MINR(1.0),02/10/26 11:00:00,Monthly,Monthly rate of change,Total,Czechia,2019-11,0.2,,
ESTAT:PRC_HICP_MINR(1.0),02/10/26 11:00:00,Monthly,Monthly rate of change,Total,Czechia,2019-12,0.1,,
ESTAT:PRC_HICP_MINR(1.0),02/10/26 11:00:00,Monthly,Monthly rate of change,Total,Czechia,2020-01,1.6,,
ESTAT:PRC_HICP_MINR(1.0),02/10/26 11:00:00,Monthly,Monthly rate of change,Total,Czechia,2020-02,0.3,,
ESTAT:PRC_HICP_MINR(1.0),02/10/26 11:00:00,Monthly,Monthly rate of change,Total,Czechia,2020-03,0.0,,
ESTAT:PRC_HICP_MINR(1.0),02/10/26 11:00:00,Monthly,Monthly rate of change,Total,Czechia,2020-04,-0.2,,
ESTAT:PRC_HICP_MINR(1.0),02/10/26 11:00:00,Monthly,Monthly rate of change,Total,Czechia,2020-05,0.4,,
ESTAT:PRC_HICP_MINR(1.0),02/10/26 11:00:00,Monthly,Monthly rate of change,Total,Czechia,2020-06,0.6,,
ESTAT:PRC_HICP_MINR(1.0),02/10/26 11:00:00,Monthly,Monthly rate of change,Total,Czechia,2020-07,0.5,,
ESTAT:PRC_HICP_MINR(1.0),02/10/26 11:00:00,Monthly,Monthly rate of change,Total,Czechia,2020-08,0.0,,
ESTAT:PRC_HICP_MINR(1.0),02/10/26 11:00:00,Monthly,Monthly rate of change,Total,Czechia,2020-09,-0.6,,
ESTAT:PRC_HICP_MINR(1.0),02/10/26 11:00:00,Monthly,Monthly rate of change,Total,Czechia,2020-10,0.1,,
ESTAT:PRC_HICP_MINR(1.0),02/10/26 11:00:00,Monthly,Monthly rate of change,Total,Czechia,2020-11,-0.1,,
ESTAT:PRC_HICP_MINR(1.0),02/10/26 11:00:00,Monthly,Monthly rate of change,Total,Czechia,2020-12,-0.2,,
ESTAT:PRC_HICP_MINR(1.0),02/10/26 11:00:00,Monthly,Monthly rate of change,Total,Czechia,2021-01,1.4,,
ESTAT:PRC_HICP_MINR(1.0),02/10/26 11:00:00,Monthly,Monthly rate of change,Total,Czechia,2021-02,0.2,,
ESTAT:PRC_HICP_MINR(1.0),02/10/26 11:00:00,Monthly,Monthly rate of change,Total,Czechia,2021-03,0.2,,
ESTAT:PRC_HICP_MINR(1.0),02/10/26 11:00:00,Monthly,Monthly rate of change,Total,Czechia,2021-04,0.6,,
ESTAT:PRC_HICP_MINR(1.0),02/10/26 11:00:00,Monthly,Monthly rate of change,Total,Czechia,2021-05,0.1,,
ESTAT:PRC_HICP_MINR(1.0),02/10/26 11:00:00,Monthly,Monthly rate of change,Total,Czechia,2021-06,0.4,,
ESTAT:PRC_HICP_MINR(1.0),02/10/26 11:00:00,Monthly,Monthly rate of change,Total,Czechia,2021-07,0.7,,
ESTAT:PRC_HICP_MINR(1.0),02/10/26 11:00:00,Monthly,Monthly rate of change,Total,Czechia,2021-08,0.5,,
ESTAT:PRC_HICP_MINR(1.0),02/10/26 11:00:00,Monthly,Monthly rate of change,Total,Czechia,2021-09,0.3,,
ESTAT:PRC_HICP_MINR(1.0),02/10/26 11:00:00,Monthly,Monthly rate of change,Total,Czechia,2021-10,0.8,,
ESTAT:PRC_HICP_MINR(1.0),02/10/26 11:00:00,Monthly,Monthly rate of change,Total,Czechia,2021-11,-0.1,,
ESTAT:PRC_HICP_MINR(1.0),02/10/26 11:00:00,Monthly,Monthly rate of change,Total,Czechia,2021-12,0.4,,
ESTAT:PRC_HICP_MINR(1.0),02/10/26 11:00:00,Monthly,Monthly rate of change,Total,Czechia,2022-01,4.5,,
ESTAT:PRC_HICP_MINR(1.0),02/10/26 11:00:00,Monthly,Monthly rate of change,Total,Czechia,2022-02,1.3,,
ESTAT:PRC_HICP_MINR(1.0),02/10/26 11:00:00,Monthly,Monthly rate of change,Total,Czechia,2022-03,1.9,,
ESTAT:PRC_HICP_MINR(1.0),02/10/26 11:00:00,Monthly,Monthly rate of change,Total,Czechia,2022-04,1.9,,
ESTAT:PRC_HICP_MINR(1.0),02/10/26 11:00:00,Monthly,Monthly rate of change,Total,Czechia,2022-05,1.8,,
ESTAT:PRC_HICP_MINR(1.0),02/10/26 11:00:00,Monthly,Monthly rate of change,Total,Czechia,2022-06,1.6,,
ESTAT:PRC_HICP_MINR(1.0),02/10/26 11:00:00,Monthly,Monthly rate of change,Total,Czechia,2022-07,1.3,,
ESTAT:PRC_HICP_MINR(1.0),02/10/26 11:00:00,Monthly,Monthly rate of change,Total,Czechia,2022-08,0.3,,
ESTAT:PRC_HICP_MINR(1.0),02/10/26 11:00:00,Monthly,Monthly rate of change,Total,Czechia,2022-09,0.9,,
ESTAT:PRC_HICP_MINR(1.0),02/10/26 11:00:00,Monthly,Monthly rate of change,Total,Czechia,2022-10,-1.1,,
ESTAT:PRC_HICP_MINR(1.0),02/10/26 11:00:00,Monthly,Monthly rate of change,Total,Czechia,2022-11,1.3,,
ESTAT:PRC_HICP_MINR(1.0),02/10/26 11:00:00,Monthly,Monthly rate of change,Total,Czechia,2022-12,0.0,,
ESTAT:PRC_HICP_MINR(1.0),02/10/26 11:00:00,Monthly,Monthly rate of change,Total,Czechia,2023-01,6.6,,
ESTAT:PRC_HICP_MINR(1.0),02/10/26 11:00:00,Monthly,Monthly rate of change,Total,Czechia,2023-02,0.8,,
ESTAT:PRC_HICP_MINR(1.0),02/10/26 11:00:00,Monthly,Monthly rate of change,Total,Czechia,2023-03,0.3,,
ESTAT:PRC_HICP_MINR(1.0),02/10/26 11:00:00,Monthly,Monthly rate of change,Total,Czechia,2023-04,-0.2,,
ESTAT:PRC_HICP_MINR(1.0),02/10/26 11:00:00,Monthly,Monthly rate of change,Total,Czechia,2023-05,0.3,,
ESTAT:PRC_HICP_MINR(1.0),02/10/26 11:00:00,Monthly,Monthly rate of change,Total,Czechia,2023-06,0.3,,
ESTAT:PRC_HICP_MINR(1.0),02/10/26 11:00:00,Monthly,Monthly rate of change,Total,Czechia,2023-07,0.4,,
ESTAT:PRC_HICP_MINR(1.0),02/10/26 11:00:00,Monthly,Monthly rate of change,Total,Czechia,2023-08,0.2,,
ESTAT:PRC_HICP_MINR(1.0),02/10/26 11:00:00,Monthly,Monthly rate of change,Total,Czechia,2023-09,-0.8,,
ESTAT:PRC_HICP_MINR(1.0),02/10/26 11:00:00,Monthly,Monthly rate of change,Total,Czechia,2023-10,0.0,,
ESTAT:PRC_HICP_MINR(1.0),02/10/26 11:00:00,Monthly,Monthly rate of change,Total,Czechia,2023-11,0.0,,
ESTAT:PRC_HICP_MINR(1.0),02/10/26 11:00:00,Monthly,Monthly rate of change,Total,Czechia,2023-12,-0.4,,
ESTAT:PRC_HICP_MINR(1.0),02/10/26 11:00:00,Monthly,Monthly rate of change,Total,Czechia,2024-01,1.7,,
ESTAT:PRC_HICP_MINR(1.0),02/10/26 11:00:00,Monthly,Monthly rate of change,Total,Czechia,2024-02,0.4,,
ESTAT:PRC_HICP_MINR(1.0),02/10/26 11:00:00,Monthly,Monthly rate of change,Total,Czechia,2024-03,0.2,,
ESTAT:PRC_HICP_MINR(1.0),02/10/26 11:00:00,Monthly,Monthly rate of change,Total,Czechia,2024-04,0.8,,
ESTAT:PRC_HICP_MINR(1.0),02/10/26 11:00:00,Monthly,Monthly rate of change,Total,Czechia,2024-05,-0.1,,
ESTAT:PRC_HICP_MINR(1.0),02/10/26 11:00:00,Monthly,Monthly rate of change,Total,Czechia,2024-06,-0.3,,
ESTAT:PRC_HICP_MINR(1.0),02/10/26 11:00:00,Monthly,Monthly rate of change,Total,Czechia,2024-07,0.7,,
ESTAT:PRC_HICP_MINR(1.0),02/10/26 11:00:00,Monthly,Monthly rate of change,Total,Czechia,2024-08,0.2,,
ESTAT:PRC_HICP_MINR(1.0),02/10/26 11:00:00,Monthly,Monthly rate of change,Total,Czechia,2024-09,-0.5,,
ESTAT:PRC_HICP_MINR(1.0),02/10/26 11:00:00,Monthly,Monthly rate of change,Total,Czechia,2024-10,0.2,,
ESTAT:PRC_HICP_MINR(1.0),02/10/26 11:00:00,Monthly,Monthly rate of change,Total,Czechia,2024-11,0.1,,
ESTAT:PRC_HICP_MINR(1.0),02/10/26 11:00:00,Monthly,Monthly rate of change,Total,Czechia,2024-12,-0.3,,
ESTAT:PRC_HICP_MINR(1.0),02/10/26 11:00:00,Monthly,Monthly rate of change,Total,Czechia,2025-01,1.4,,
ESTAT:PRC_HICP_MINR(1.0),02/10/26 11:00:00,Monthly,Monthly rate of change,Total,Czechia,2025-02,0.2,,
ESTAT:PRC_HICP_MINR(1.0),02/10/26 11:00:00,Monthly,Monthly rate of change,Total,Czechia,2025-03,0.1,,
ESTAT:PRC_HICP_MINR(1.0),02/10/26 11:00:00,Monthly,Monthly rate of change,Total,Czechia,2025-04,-0.1,,
ESTAT:PRC_HICP_MINR(1.0),02/10/26 11:00:00,Monthly,Monthly rate of change,Total,Czechia,2025-05,0.5,,
ESTAT:PRC_HICP_MINR(1.0),02/10/26 11:00:00,Monthly,Monthly rate of change,Total,Czechia,2025-06,0.2,,
ESTAT:PRC_HICP_MINR(1.0),02/10/26 11:00:00,Monthly,Monthly rate of change,Total,Czechia,2025-07,0.4,,
ESTAT:PRC_HICP_MINR(1.0),02/10/26 11:00:00,Monthly,Monthly rate of change,Total,Czechia,2025-08,0.0,,
ESTAT:PRC_HICP_MINR(1.0),02/10/26 11:00:00,Monthly,Monthly rate of change,Total,Czechia,2025-09,-0.8,,
ESTAT:PRC_HICP_MINR(1.0),02/10/26 11:00:00,Monthly,Monthly rate of change,Total,Czechia,2025-10,0.5,,
ESTAT:PRC_HICP_MINR(1.0),02/10/26 11:00:00,Monthly,Monthly rate of change,Total,Czechia,2025-11,-0.3,,
ESTAT:PRC_HICP_MINR(1.0),02/10/26 11:00:00,Monthly,Monthly rate of change,Total,Czechia,2025-12,-0.3,,
ESTAT:PRC_HICP_MINR(1.0),02/10/26 11:00:00,Monthly,Monthly rate of change,Total,Germany,2006-01,-0.6,,
ESTAT:PRC_HICP_MINR(1.0),02/10/26 11:00:00,Monthly,Monthly rate of change,Total,Germany,2006-02,0.4,,
ESTAT:PRC_HICP_MINR(1.0),02/10/26 11:00:00,Monthly,Monthly rate of change,Total,Germany,2006-03,0.0,,
ESTAT:PRC_HICP_MINR(1.0),02/10/26 11:00:00,Monthly,Monthly rate of change,Total,Germany,2006-04,0.4,,
ESTAT:PRC_HICP_MINR(1.0),02/10/26 11:00:00,Monthly,Monthly rate of change,Total,Germany,2006-05,0.2,,
ESTAT:PRC_HICP_MINR(1.0),02/10/26 11:00:00,Monthly,Monthly rate of change,Total,Germany,2006-06,0.2,,
ESTAT:PRC_HICP_MINR(1.0),02/10/26 11:00:00,Monthly,Monthly rate of change,Total,Germany,2006-07,0.5,,
ESTAT:PRC_HICP_MINR(1.0),02/10/26 11:00:00,Monthly,Monthly rate of change,Total,Germany,2006-08,-0.2,,
ESTAT:PRC_HICP_MINR(1.0),02/10/26 11:00:00,Monthly,Monthly rate of change,Total,Germany,2006-09,-0.5,,
ESTAT:PRC_HICP_MINR(1.0),02/10/26 11:00:00,Monthly,Monthly rate of change,Total,Germany,2006-10,0.2,,
ESTAT:PRC_HICP_MINR(1.0),02/10/26 11:00:00,Monthly,Monthly rate of change,Total,Germany,2006-11,-0.2,,
ESTAT:PRC_HICP_MINR(1.0),02/10/26 11:00:00,Monthly,Monthly rate of change,Total,Germany,2006-12,0.9,,
ESTAT:PRC_HICP_MINR(1.0),02/10/26 11:00:00,Monthly,Monthly rate of change,Total,Germany,2007-01,-0.2,,
ESTAT:PRC_HICP_MINR(1.0),02/10/26 11:00:00,Monthly,Monthly rate of change,Total,Germany,2007-02,0.4,,
ESTAT:PRC_HICP_MINR(1.0),02/10/26 11:00:00,Monthly,Monthly rate of change,Total,Germany,2007-03,0.2,,
ESTAT:PRC_HICP_MINR(1.0),02/10/26 11:00:00,Monthly,Monthly rate of change,Total,Germany,2007-04,0.4,,
ESTAT:PRC_HICP_MINR(1.0),02/10/26 11:00:00,Monthly,Monthly rate of change,Total,Germany,2007-05,0.2,,
ESTAT:PRC_HICP_MINR(1.0),02/10/26 11:00:00,Monthly,Monthly rate of change,Total,Germany,2007-06,0.1,,
ESTAT:PRC_HICP_MINR(1.0),02/10/26 11:00:00,Monthly,Monthly rate of change,Total,Germany,2007-07,0.5,,
ESTAT:PRC_HICP_MINR(1.0),02/10/26 11:00:00,Monthly,Monthly rate of change,Total,Germany,2007-08,-0.1,,
ESTAT:PRC_HICP_MINR(1.0),02/10/26 11:00:00,Monthly,Monthly rate of change,Total,Germany,2007-09,0.2,,
ESTAT:PRC_HICP_MINR(1.0),02/10/26 11:00:00,Monthly,Monthly rate of change,Total,Germany,2007-10,0.2,,
ESTAT:PRC_HICP_MINR(1.0),02/10/26 11:00:00,Monthly,Monthly rate of change,Total,Germany,2007-11,0.5,,
ESTAT:PRC_HICP_MINR(1.0),02/10/26 11:00:00,Monthly,Monthly rate of change,Total,Germany,2007-12,0.6,,
ESTAT:PRC_HICP_MINR(1.0),02/10/26 11:00:00,Monthly,Monthly rate of change,Total,Germany,2008-01,-0.3,,
ESTAT:PRC_HICP_MINR(1.0),02/10/26 11:00:00,Monthly,Monthly rate of change,Total,Germany,2008-02,0.5,,
ESTAT:PRC_HICP_MINR(1.0),02/10/26 11:00:00,Monthly,Monthly rate of change,Total,Germany,2008-03,0.5,,
ESTAT:PRC_HICP_MINR(1.0),02/10/26 11:00:00,Monthly,Monthly rate of change,Total,Germany,2008-04,-0.3,,
ESTAT:PRC_HICP_MINR(1.0),02/10/26 11:00:00,Monthly,Monthly rate of change,Total,Germany,2008-05,0.7,,
ESTAT:PRC_HICP_MINR(1.0),02/10/26 11:00:00,Monthly,Monthly rate of change,Total,Germany,2008-06,0.3,,
ESTAT:PRC_HICP_MINR(1.0),02/10/26 11:00:00,Monthly,Monthly rate of change,Total,Germany,2008-07,0.6,,
ESTAT:PRC_HICP_MINR(1.0),02/10/26 11:00:00,Monthly,Monthly rate of change,Total,Germany,2008-08,-0.4,,
ESTAT:PRC_HICP_MINR(1.0),02/10/26 11:00:00,Monthly,Monthly rate of change,Total,Germany,2008-09,-0.1,,
ESTAT:PRC_HICP_MINR(1.0),02/10/26 11:00:00,Monthly,Monthly rate of change,Total,Germany,2008-10,-0.3,,
ESTAT:PRC_HICP_MINR(1.0),02/10/26 11:00:00,Monthly,Monthly rate of change,Total,Germany,2008-11,-0.6,,
ESTAT:PRC_HICP_MINR(1.0),02/10/26 11:00:00,Monthly,Monthly rate of change,Total,Germany,2008-12,0.4,,
ESTAT:PRC_HICP_MINR(1.0),02/10/26 11:00:00,Monthly,Monthly rate of change,Total,Germany,2009-01,-0.5,,
ESTAT:PRC_HICP_MINR(1.0),02/10/26 11:00:00,Monthly,Monthly rate of change,Total,Germany,2009-02,0.6,,
ESTAT:PRC_HICP_MINR(1.0),02/10/26 11:00:00,Monthly,Monthly rate of change,Total,Germany,2009-03,-0.2,,
ESTAT:PRC_HICP_MINR(1.0),02/10/26 11:00:00,Monthly,Monthly rate of change,Total,Germany,2009-04,0.1,,
ESTAT:PRC_HICP_MINR(1.0),02/10/26 11:00:00,Monthly,Monthly rate of change,Total,Germany,2009-05,-0.1,,
ESTAT:PRC_HICP_MINR(1.0),02/10/26 11:00:00,Monthly,Monthly rate of change,Total,Germany,2009-06,0.4,,
ESTAT:PRC_HICP_MINR(1.0),02/10/26 11:00:00,Monthly,Monthly rate of change,Total,Germany,2009-07,0.0,,
ESTAT:PRC_HICP_MINR(1.0),02/10/26 11:00:00,Monthly,Monthly rate of change,Total,Germany,2009-08,0.2,,
ESTAT:PRC_HICP_MINR(1.0),02/10/26 11:00:00,Monthly,Monthly rate of change,Total,Germany,2009-09,-0.4,,
ESTAT:PRC_HICP_MINR(1.0),02/10/26 11:00:00,Monthly,Monthly rate of change,Total,Germany,2009-10,0.1,,
ESTAT:PRC_HICP_MINR(1.0),02/10/26 11:00:00,Monthly,Monthly rate of change,Total,Germany,2009-11,-0.2,,
ESTAT:PRC_HICP_MINR(1.0),02/10/26 11:00:00,Monthly,Monthly rate of change,Total,Germany,2009-12,1.0,,
ESTAT:PRC_HICP_MINR(1.0),02/10/26 11:00:00,Monthly,Monthly rate of change,Total,Germany,2010-01,-0.7,,
ESTAT:PRC_HICP_MINR(1.0),02/10/26 11:00:00,Monthly,Monthly rate of change,Total,Germany,2010-02,0.4,,
ESTAT:PRC_HICP_MINR(1.0),02/10/26 11:00:00,Monthly,Monthly rate of change,Total,Germany,2010-03,0.6,,
ESTAT:PRC_HICP_MINR(1.0),02/10/26 11:00:00,Monthly,Monthly rate of change,Total,Germany,2010-04,-0.1,,
ESTAT:PRC_HICP_MINR(1.0),02/10/26 11:00:00,Monthly,Monthly rate of change,Total,Germany,2010-05,0.1,,
ESTAT:PRC_HICP_MINR(1.0),02/10/26 11:00:00,Monthly,Monthly rate of change,Total,Germany,2010-06,0.0,,
ESTAT:PRC_HICP_MINR(1.0),02/10/26 11:00:00,Monthly,Monthly rate of change,Total,Germany,2010-07,0.3,,
ESTAT:PRC_HICP_MINR(1.0),02/10/26 11:00:00,Monthly,Monthly rate of change,Total,Germany,2010-08,0.1,,
ESTAT:PRC_HICP_MINR(1.0),02/10/26 11:00:00,Monthly,Monthly rate of change,Total,Germany,2010-09,-0.1,,
ESTAT:PRC_HICP_MINR(1.0),02/10/26 11:00:00,Monthly,Monthly rate of change,Total,Germany,2010-10,0.1,,
ESTAT:PRC_HICP_MINR(1.0),02/10/26 11:00:00,Monthly,Monthly rate of change,Total,Germany,2010-11,0.1,,
ESTAT:PRC_HICP_MINR(1.0),02/10/26 11:00:00,Monthly,Monthly rate of change,Total,Germany,2010-12,1.1,,
ESTAT:PRC_HICP_MINR(1.0),02/10/26 11:00:00,Monthly,Monthly rate of change,Total,Germany,2011-01,-0.5,,
ESTAT:PRC_HICP_MINR(1.0),02/10/26 11:00:00,Monthly,Monthly rate of change,Total,Germany,2011-02,0.6,,
ESTAT:PRC_HICP_MINR(1.0),02/10/26 11:00:00,Monthly,Monthly rate of change,Total,Germany,2011-03,0.6,,
ESTAT:PRC_HICP_MINR(1.0),02/10/26 11:00:00,Monthly,Monthly rate of change,Total,Germany,2011-04,0.3,,
ESTAT:PRC_HICP_MINR(1.0),02/10/26 11:00:00,Monthly,Monthly rate of change,Total,Germany,2011-05,-0.1,,
ESTAT:PRC_HICP_MINR(1.0),02/10/26 11:00:00,Monthly,Monthly rate of change,Total,Germany,2011-06,0.0,,
ESTAT:PRC_HICP_MINR(1.0),02/10/26 11:00:00,Monthly,Monthly rate of change,Total,Germany,2011-07,0.4,,
ESTAT:PRC_HICP_MINR(1.0),02/10/26 11:00:00,Monthly,Monthly rate of change,Total,Germany,2011-08,0.0,,
ESTAT:PRC_HICP_MINR(1.0),02/10/26 11:00:00,Monthly,Monthly rate of change,Total,Germany,2011-09,0.1,,
ESTAT:PRC_HICP_MINR(1.0),02/10/26 11:00:00,Monthly,Monthly rate of change,Total,Germany,2011-10,0.1,,
ESTAT:PRC_HICP_MINR(1.0),02/10/26 11:00:00,Monthly,Monthly rate of change,Total,Germany,2011-11,0.0,,
ESTAT:PRC_HICP_MINR(1.0),02/10/26 11:00:00,Monthly,Monthly rate of change,Total,Germany,2011-12,0.7,,
ESTAT:PRC_HICP_MINR(1.0),02/10/26 11:00:00,Monthly,Monthly rate of change,Total,Germany,2012-01,-0.5,,
ESTAT:PRC_HICP_MINR(1.0),02/10/26 11:00:00,Monthly,Monthly rate of change,Total,Germany,2012-02,0.8,,
ESTAT:PRC_HICP_MINR(1.0),02/10/26 11:00:00,Monthly,Monthly rate of change,Total,Germany,2012-03,0.4,,
ESTAT:PRC_HICP_MINR(1.0),02/10/26 11:00:00,Monthly,Monthly rate of change,Total,Germany,2012-04,0.2,,
ESTAT:PRC_HICP_MINR(1.0),02/10/26 11:00:00,Monthly,Monthly rate of change,Total,Germany,2012-05,-0.2,,
ESTAT:PRC_HICP_MINR(1.0),02/10/26 11:00:00,Monthly,Monthly rate of change,Total,Germany,2012-06,-0.2,,
ESTAT:PRC_HICP_MINR(1.0),02/10/26 11:00:00,Monthly,Monthly rate of change,Total,Germany,2012-07,0.4,,
ESTAT:PRC_HICP_MINR(1.0),02/10/26 11:00:00,Monthly,Monthly rate of change,Total,Germany,2012-08,0.4,,
ESTAT:PRC_HICP_MINR(1.0),02/10/26 11:00:00,Monthly,Monthly rate of change,Total,Germany,2012-09,0.0,,
ESTAT:PRC_HICP_MINR(1.0),02/10/26 11:00:00,Monthly,Monthly rate of change,Total,Germany,2012-10,0.0,,
ESTAT:PRC_HICP_MINR(1.0),02/10/26 11:00:00,Monthly,Monthly rate of change,Total,Germany,2012-11,-0.1,,
ESTAT:PRC_HICP_MINR(1.0),02/10/26 11:00:00,Monthly,Monthly rate of change,Total,Germany,2012-12,0.9,,
ESTAT:PRC_HICP_MINR(1.0),02/10/26 11:00:00,Monthly,Monthly rate of change,Total,Germany,2013-01,-0.6,,
ESTAT:PRC_HICP_MINR(1.0),02/10/26 11:00:00,Monthly,Monthly rate of change,Total,Germany,2013-02,0.7,,
ESTAT:PRC_HICP_MINR(1.0),02/10/26 11:00:00,Monthly,Monthly rate of change,Total,Germany,2013-03,0.5,,
ESTAT:PRC_HICP_MINR(1.0),02/10/26 11:00:00,Monthly,Monthly rate of change,Total,Germany,2013-04,-0.6,,
ESTAT:PRC_HICP_MINR(1.0),02/10/26 11:00:00,Monthly,Monthly rate of change,Total,Germany,2013-05,0.3,,
ESTAT:PRC_HICP_MINR(1.0),02/10/26 11:00:00,Monthly,Monthly rate of change,Total,Germany,2013-06,0.1,,
ESTAT:PRC_HICP_MINR(1.0),02/10/26 11:00:00,Monthly,Monthly rate of change,Total,Germany,2013-07,0.5,,
ESTAT:PRC_HICP_MINR(1.0),02/10/26 11:00:00,Monthly,Monthly rate of change,Total,Germany,2013-08,0.0,,
ESTAT:PRC_HICP_MINR(1.0),02/10/26 11:00:00,Monthly,Monthly rate of change,Total,Germany,2013-09,0.0,,
ESTAT:PRC_HICP_MINR(1.0),02/10/26 11:00:00,Monthly,Monthly rate of change,Total,Germany,2013-10,-0.3,,
ESTAT:PRC_HICP_MINR(1.0),02/10/26 11:00:00,Monthly,Monthly rate of change,Total,Germany,2013-11,0.2,,
ESTAT:PRC_HICP_MINR(1.0),02/10/26 11:00:00,Monthly,Monthly rate of change,Total,Germany,2013-12,0.5,,
ESTAT:PRC_HICP_MINR(1.0),02/10/26 11:00:00,Monthly,Monthly rate of change,Total,Germany,2014-01,-0.7,,
ESTAT:PRC_HICP_MINR(1.0),02/10/26 11:00:00,Monthly,Monthly rate of change,Total,Germany,2014-02,0.6,,
ESTAT:PRC_HICP_MINR(1.0),02/10/26 11:00:00,Monthly,Monthly rate of change,Total,Germany,2014-03,0.3,,
ESTAT:PRC_HICP_MINR(1.0),02/10/26 11:00:00,Monthly,Monthly rate of change,Total,Germany,2014-04,-0.2,,
ESTAT:PRC_HICP_MINR(1.0),02/10/26 11:00:00,Monthly,Monthly rate of change,Total,Germany,2014-05,-0.2,,
ESTAT:PRC_HICP_MINR(1.0),02/10/26 11:00:00,Monthly,Monthly rate of change,Total,Germany,2014-06,0.4,,
ESTAT:PRC_HICP_MINR(1.0),02/10/26 11:00:00,Monthly,Monthly rate of change,Total,Germany,2014-07,0.3,,
ESTAT:PRC_HICP_MINR(1.0),02/10/26 11:00:00,Monthly,Monthly rate of change,Total,Germany,2014-08,0.0,,
ESTAT:PRC_HICP_MINR(1.0),02/10/26 11:00:00,Monthly,Monthly rate of change,Total,Germany,2014-09,0.0,,
ESTAT:PRC_HICP_MINR(1.0),02/10/26 11:00:00,Monthly,Monthly rate of change,Total,Germany,2014-10,-0.3,,
ESTAT:PRC_HICP_MINR(1.0),02/10/26 11:00:00,Monthly,Monthly rate of change,Total,Germany,2014-11,0.0,,
ESTAT:PRC_HICP_MINR(1.0),02/10/26 11:00:00,Monthly,Monthly rate of change,Total,Germany,2014-12,0.0,,
ESTAT:PRC_HICP_MINR(1.0),02/10/26 11:00:00,Monthly,Monthly rate of change,Total,Germany,2015-01,-1.2,,
ESTAT:PRC_HICP_MINR(1.0),02/10/26 11:00:00,Monthly,Monthly rate of change,Total,Germany,2015-02,0.9,,
ESTAT:PRC_HICP_MINR(1.0),02/10/26 11:00:00,Monthly,Monthly rate of change,Total,Germany,2015-03,0.6,,
ESTAT:PRC_HICP_MINR(1.0),02/10/26 11:00:00,Monthly,Monthly rate of change,Total,Germany,2015-04,0.6,,
ESTAT:PRC_HICP_MINR(1.0),02/10/26 11:00:00,Monthly,Monthly rate of change,Total,Germany,2015-05,0.3,,
ESTAT:PRC_HICP_MINR(1.0),02/10/26 11:00:00,Monthly,Monthly rate of change,Total,Germany,2015-06,-0.1,,
ESTAT:PRC_HICP_MINR(1.0),02/10/26 11:00:00,Monthly,Monthly rate of change,Total,Germany,2015-07,0.4,,
ESTAT:PRC_HICP_MINR(1.0),02/10/26 11:00:00,Monthly,Monthly rate of change,Total,Germany,2015-08,0.0,,
ESTAT:PRC_HICP_MINR(1.0),02/10/26 11:00:00,Monthly,Monthly rate of change,Total,Germany,2015-09,-0.3,,
ESTAT:PRC_HICP_MINR(1.0),02/10/26 11:00:00,Monthly,Monthly rate of change,Total,Germany,2015-10,-0.1,,
ESTAT:PRC_HICP_MINR(1.0),02/10/26 11:00:00,Monthly,Monthly rate of change,Total,Germany,2015-11,-0.9,,
ESTAT:PRC_HICP_MINR(1.0),02/10/26 11:00:00,Monthly,Monthly rate of change,Total,Germany,2015-12,0.1,,
ESTAT:PRC_HICP_MINR(1.0),02/10/26 11:00:00,Monthly,Monthly rate of change,Total,Germany,2016-01,-1.1,,
ESTAT:PRC_HICP_MINR(1.0),02/10/26 11:00:00,Monthly,Monthly rate of change,Total,Germany,2016-02,0.4,,
ESTAT:PRC_HICP_MINR(1.0),02/10/26 11:00:00,Monthly,Monthly rate of change,Total,Germany,2016-03,0.9,,
ESTAT:PRC_HICP_MINR(1.0),02/10/26 11:00:00,Monthly,Monthly rate of change,Total,Germany,2016-04,0.1,,
ESTAT:PRC_HICP_MINR(1.0),02/10/26 11:00:00,Monthly,Monthly rate of change,Total,Germany,2016-05,0.6,,
ESTAT:PRC_HICP_MINR(1.0),02/10/26 11:00:00,Monthly,Monthly rate of change,Total,Germany,2016-06,0.1,,
ESTAT:PRC_HICP_MINR(1.0),02/10/26 11:00:00,Monthly,Monthly rate of change,Total,Germany,2016-07,0.6,,
ESTAT:PRC_HICP_MINR(1.0),02/10/26 11:00:00,Monthly,Monthly rate of change,Total,Germany,2016-08,-0.1,,
ESTAT:PRC_HICP_MINR(1.0),02/10/26 11:00:00,Monthly,Monthly rate of change,Total,Germany,2016-09,0.0,,
ESTAT:PRC_HICP_MINR(1.0),02/10/26 11:00:00,Monthly,Monthly rate of change,Total,Germany,2016-10,0.2,,
ESTAT:PRC_HICP_MINR(1.0),02/10/26 11:00:00,Monthly,Monthly rate of change,Total,Germany,2016-11,-1.0,,
ESTAT:PRC_HICP_MINR(1.0),02/10/26 11:00:00,Monthly,Monthly rate of change,Total,Germany,2016-12,0.9,,
ESTAT:PRC_HICP_MINR(1.0),02/10/26 11:00:00,Monthly,Monthly rate of change,Total,Germany,2017-01,-0.9,,
ESTAT:PRC_HICP_MINR(1.0),02/10/26 11:00:00,Monthly,Monthly rate of change,Total,Germany,2017-02,0.7,,
ESTAT:PRC_HICP_MINR(1.0),02/10/26 11:00:00,Monthly,Monthly rate of change,Total,Germany,2017-03,0.3,,
ESTAT:PRC_HICP_MINR(1.0),02/10/26 11:00:00,Monthly,Monthly rate of change,Total,Germany,2017-04,0.6,,
ESTAT:PRC_HICP_MINR(1.0),02/10/26 11:00:00,Monthly,Monthly rate of change,Total,Germany,2017-05,-0.1,,
ESTAT:PRC_HICP_MINR(1.0),02/10/26 11:00:00,Monthly,Monthly rate of change,Total,Germany,2017-06,0.4,,
ESTAT:PRC_HICP_MINR(1.0),02/10/26 11:00:00,Monthly,Monthly rate of change,Total,Germany,2017-07,0.6,,
ESTAT:PRC_HICP_MINR(1.0),02/10/26 11:00:00,Monthly,Monthly rate of change,Total,Germany,2017-08,0.1,,
ESTAT:PRC_HICP_MINR(1.0),02/10/26 11:00:00,Monthly,Monthly rate of change,Total,Germany,2017-09,0.0,,
ESTAT:PRC_HICP_MINR(1.0),02/10/26 11:00:00,Monthly,Monthly rate of change,Total,Germany,2017-10,-0.3,,
ESTAT:PRC_HICP_MINR(1.0),02/10/26 11:00:00,Monthly,Monthly rate of change,Total,Germany,2017-11,-0.7,,
ESTAT:PRC_HICP_MINR(1.0),02/10/26 11:00:00,Monthly,Monthly rate of change,Total,Germany,2017-12,0.6,,
ESTAT:PRC_HICP_MINR(1.0),02/10/26 11:00:00,Monthly,Monthly rate of change,Total,Germany,2018-01,-1.0,,
ESTAT:PRC_HICP_MINR(1.0),02/10/26 11:00:00,Monthly,Monthly rate of change,Total,Germany,2018-02,0.5,,
ESTAT:PRC_HICP_MINR(1.0),02/10/26 11:00:00,Monthly,Monthly rate of change,Total,Germany,2018-03,0.7,,
ESTAT:PRC_HICP_MINR(1.0),02/10/26 11:00:00,Monthly,Monthly rate of change,Total,Germany,2018-04,0.2,,
ESTAT:PRC_HICP_MINR(1.0),02/10/26 11:00:00,Monthly,Monthly rate of change,Total,Germany,2018-05,1.0,,
ESTAT:PRC_HICP_MINR(1.0),02/10/26 11:00:00,Monthly,Monthly rate of change,Total,Germany,2018-06,0.1,,
ESTAT:PRC_HICP_MINR(1.0),02/10/26 11:00:00,Monthly,Monthly rate of change,Total,Germany,2018-07,0.8,,
ESTAT:PRC_HICP_MINR(1.0),02/10/26 11:00:00,Monthly,Monthly rate of change,Total,Germany,2018-08,0.0,,
ESTAT:PRC_HICP_MINR(1.0),02/10/26 11:00:00,Monthly,Monthly rate of change,Total,Germany,2018-09,0.1,,
ESTAT:PRC_HICP_MINR(1.0),02/10/26 11:00:00,Monthly,Monthly rate of change,Total,Germany,2018-10,0.1,,
ESTAT:PRC_HICP_MINR(1.0),02/10/26 11:00:00,Monthly,Monthly rate of change,Total,Germany,2018-11,-1.2,,
ESTAT:PRC_HICP_MINR(1.0),02/10/26 11:00:00,Monthly,Monthly rate of change,Total,Germany,2018-12,0.2,,
ESTAT:PRC_HICP_MINR(1.0),02/10/26 11:00:00,Monthly,Monthly rate of change,Total,Germany,2019-01,-0.9,,
ESTAT:PRC_HICP_MINR(1.0),02/10/26 11:00:00,Monthly,Monthly rate of change,Total,Germany,2019-02,0.5,,
ESTAT:PRC_HICP_MINR(1.0),02/10/26 11:00:00,Monthly,Monthly rate of change,Total,Germany,2019-03,0.4,,
ESTAT:PRC_HICP_MINR(1.0),02/10/26 11:00:00,Monthly,Monthly rate of change,Total,Germany,2019-04,1.0,,
ESTAT:PRC_HICP_MINR(1.0),02/10/26 11:00:00,Monthly,Monthly rate of change,Total,Germany,2019-05,0.2,,
ESTAT:PRC_HICP_MINR(1.0),02/10/26 11:00:00,Monthly,Monthly rate of change,Total,Germany,2019-06,0.3,,
ESTAT:PRC_HICP_MINR(1.0),02/10/26 11:00:00,Monthly,Monthly rate of change,Total,Germany,2019-07,0.4,,
ESTAT:PRC_HICP_MINR(1.0),02/10/26 11:00:00,Monthly,Monthly rate of change,Total,Germany,2019-08,-0.1,,
ESTAT:PRC_HICP_MINR(1.0),02/10/26 11:00:00,Monthly,Monthly rate of change,Total,Germany,2019-09,0.0,,
ESTAT:PRC_HICP_MINR(1.0),02/10/26 11:00:00,Monthly,Monthly rate of change,Total,Germany,2019-10,0.0,,
ESTAT:PRC_HICP_MINR(1.0),02/10/26 11:00:00,Monthly,Monthly rate of change,Total,Germany,2019-11,-0.8,,
ESTAT:PRC_HICP_MINR(1.0),02/10/26 11:00:00,Monthly,Monthly rate of change,Total,Germany,2019-12,0.5,,
ESTAT:PRC_HICP_MINR(1.0),02/10/26 11:00:00,Monthly,Monthly rate of change,Total,Germany,2020-01,-0.8,,
ESTAT:PRC_HICP_MINR(1.0),02/10/26 11:00:00,Monthly,Monthly rate of change,Total,Germany,2020-02,0.6,,
ESTAT:PRC_HICP_MINR(1.0),02/10/26 11:00:00,Monthly,Monthly rate of change,Total,Germany,2020-03,0.0,,
ESTAT:PRC_HICP_MINR(1.0),02/10/26 11:00:00,Monthly,Monthly rate of change,Total,Germany,2020-04,0.5,,
ESTAT:PRC_HICP_MINR(1.0),02/10/26 11:00:00,Monthly,Monthly rate of change,Total,Germany,2020-05,-0.1,,
ESTAT:PRC_HICP_MINR(1.0),02/10/26 11:00:00,Monthly,Monthly rate of change,Total,Germany,2020-06,0.7,,
ESTAT:PRC_HICP_MINR(1.0),02/10/26 11:00:00,Monthly,Monthly rate of change,Total,Germany,2020-07,-0.5,,
ESTAT:PRC_HICP_MINR(1.0),02/10/26 11:00:00,Monthly,Monthly rate of change,Total,Germany,2020-08,-0.2,,
ESTAT:PRC_HICP_MINR(1.0),02/10/26 11:00:00,Monthly,Monthly rate of change,Total,Germany,2020-09,-0.3,,
ESTAT:PRC_HICP_MINR(1.0),02/10/26 11:00:00,Monthly,Monthly rate of change,Total,Germany,2020-10,0.0,,
ESTAT:PRC_HICP_MINR(1.0),02/10/26 11:00:00,Monthly,Monthly rate of change,Total,Germany,2020-11,-1.0,,
ESTAT:PRC_HICP_MINR(1.0),02/10/26 11:00:00,Monthly,Monthly rate of change,Total,Germany,2020-12,0.6,,
ESTAT:PRC_HICP_MINR(1.0),02/10/26 11:00:00,Monthly,Monthly rate of change,Total,Germany,2021-01,1.4,,
ESTAT:PRC_HICP_MINR(1.0),02/10/26 11:00:00,Monthly,Monthly rate of change,Total,Germany,2021-02,0.6,,
ESTAT:PRC_HICP_MINR(1.0),02/10/26 11:00:00,Monthly,Monthly rate of change,Total,Germany,2021-03,0.4,,
ESTAT:PRC_HICP_MINR(1.0),02/10/26 11:00:00,Monthly,Monthly rate of change,Total,Germany,2021-04,0.5,,
ESTAT:PRC_HICP_MINR(1.0),02/10/26 11:00:00,Monthly,Monthly rate of change,Total,Germany,2021-05,0.3,,
ESTAT:PRC_HICP_MINR(1.0),02/10/26 11:00:00,Monthly,Monthly rate of change,Total,Germany,2021-06,0.3,,
ESTAT:PRC_HICP_MINR(1.0),02/10/26 11:00:00,Monthly,Monthly rate of change,Total,Germany,2021-07,0.6,,
ESTAT:PRC_HICP_MINR(1.0),02/10/26 11:00:00,Monthly,Monthly rate of change,Total,Germany,2021-08,0.1,,
ESTAT:PRC_HICP_MINR(1.0),02/10/26 11:00:00,Monthly,Monthly rate of change,Total,Germany,2021-09,0.2,,
ESTAT:PRC_HICP_MINR(1.0),02/10/26 11:00:00,Monthly,Monthly rate of change,Total,Germany,2021-10,0.6,,
ESTAT:PRC_HICP_MINR(1.0),02/10/26 11:00:00,Monthly,Monthly rate of change,Total,Germany,2021-11,0.2,,
ESTAT:PRC_HICP_MINR(1.0),02/10/26 11:00:00,Monthly,Monthly rate of change,Total,Germany,2021-12,0.3,,
ESTAT:PRC_HICP_MINR(1.0),02/10/26 11:00:00,Monthly,Monthly rate of change,Total,Germany,2022-01,0.9,,
ESTAT:PRC_HICP_MINR(1.0),02/10/26 11:00:00,Monthly,Monthly rate of change,Total,Germany,2022-02,0.9,,
ESTAT:PRC_HICP_MINR(1.0),02/10/26 11:00:00,Monthly,Monthly rate of change,Total,Germany,2022-03,2.5,,
ESTAT:PRC_HICP_MINR(1.0),02/10/26 11:00:00,Monthly,Monthly rate of change,Total,Germany,2022-04,0.7,,
ESTAT:PRC_HICP_MINR(1.0),02/10/26 11:00:00,Monthly,Monthly rate of change,Total,Germany,2022-05,1.0,,
ESTAT:PRC_HICP_MINR(1.0),02/10/26 11:00:00,Monthly,Monthly rate of change,Total,Germany,2022-06,0.0,,
ESTAT:PRC_HICP_MINR(1.0),02/10/26 11:00:00,Monthly,Monthly rate of change,Total,Germany,2022-07,0.7,,
ESTAT:PRC_HICP_MINR(1.0),02/10/26 11:00:00,Monthly,Monthly rate of change,Total,Germany,2022-08,0.5,,
ESTAT:PRC_HICP_MINR(1.0),02/10/26 11:00:00,Monthly,Monthly rate of change,Total,Germany,2022-09,2.2,,
ESTAT:PRC_HICP_MINR(1.0),02/10/26 11:00:00,Monthly,Monthly rate of change,Total,Germany,2022-10,1.1,,
ESTAT:PRC_HICP_MINR(1.0),02/10/26 11:00:00,Monthly,Monthly rate of change,Total,Germany,2022-11,0.0,,
ESTAT:PRC_HICP_MINR(1.0),02/10/26 11:00:00,Monthly,Monthly rate of change,Total,Germany,2022-12,-1.2,,
ESTAT:PRC_HICP_MINR(1.0),02/10/26 11:00:00,Monthly,Monthly rate of change,Total,Germany,2023-01,0.5,,
ESTAT:PRC_HICP_MINR(1.0),02/10/26 11:00:00,Monthly,Monthly rate of change,Total,Germany,2023-02,1.0,,
ESTAT:PRC_HICP_MINR(1.0),02/10/26 11:00:00,Monthly,Monthly rate of change,Total,Germany,2023-03,1.0,,
ESTAT:PRC_HICP_MINR(1.0),02/10/26 11:00:00,Monthly,Monthly rate of change,Total,Germany,2023-04,0.6,,
ESTAT:PRC_HICP_MINR(1.0),02/10/26 11:00:00,Monthly,Monthly rate of change,Total,Germany,2023-05,-0.1,,
ESTAT:PRC_HICP_MINR(1.0),02/10/26 11:00:00,Monthly,Monthly rate of change,Total,Germany,2023-06,0.4,,
ESTAT:PRC_HICP_MINR(1.0),02/10/26 11:00:00,Monthly,Monthly rate of change,Total,Germany,2023-07,0.5,,
ESTAT:PRC_HICP_MINR(1.0),02/10/26 11:00:00,Monthly,Monthly rate of change,Total,Germany,2023-08,0.4,,
ESTAT:PRC_HICP_MINR(1.0),02/10/26 11:00:00,Monthly,Monthly rate of change,Total,Germany,2023-09,0.1,,
ESTAT:PRC_HICP_MINR(1.0),02/10/26 11:00:00,Monthly,Monthly rate of change,Total,Germany,2023-10,-0.1,,
ESTAT:PRC_HICP_MINR(1.0),02/10/26 11:00:00,Monthly,Monthly rate of change,Total,Germany,2023-11,-0.7,,
ESTAT:PRC_HICP_MINR(1.0),02/10/26 11:00:00,Monthly,Monthly rate of change,Total,Germany,2023-12,0.2,,
ESTAT:PRC_HICP_MINR(1.0),02/10/26 11:00:00,Monthly,Monthly rate of change,Total,Germany,2024-01,-0.1,,
ESTAT:PRC_HICP_MINR(1.0),02/10/26 11:00:00,Monthly,Monthly rate of change,Total,Germany,2024-02,0.6,,
ESTAT:PRC_HICP_MINR(1.0),02/10/26 11:00:00,Monthly,Monthly rate of change,Total,Germany,2024-03,0.6,,
ESTAT:PRC_HICP_MINR(1.0),02/10/26 11:00:00,Monthly,Monthly rate of change,Total,Germany,2024-04,0.6,,
ESTAT:PRC_HICP_MINR(1.0),02/10/26 11:00:00,Monthly,Monthly rate of change,Total,Germany,2024-05,0.2,,
ESTAT:PRC_HICP_MINR(1.0),02/10/26 11:00:00,Monthly,Monthly rate of change,Total,Germany,2024-06,0.2,,
ESTAT:PRC_HICP_MINR(1.0),02/10/26 11:00:00,Monthly,Monthly rate of change,Total,Germany,2024-07,0.5,,
ESTAT:PRC_HICP_MINR(1.0),02/10/26 11:00:00,Monthly,Monthly rate of change,Total,Germany,2024-08,-0.1,,
ESTAT:PRC_HICP_MINR(1.0),02/10/26 11:00:00,Monthly,Monthly rate of change,Total,Germany,2024-09,-0.1,,
ESTAT:PRC_HICP_MINR(1.0),02/10/26 11:00:00,Monthly,Monthly rate of change,Total,Germany,2024-10,0.3,,
ESTAT:PRC_HICP_MINR(1.0),02/10/26 11:00:00,Monthly,Monthly rate of change,Total,Germany,2024-11,-0.6,,
ESTAT:PRC_HICP_MINR(1.0),02/10/26 11:00:00,Monthly,Monthly rate of change,Total,Germany,2024-12,0.6,,
ESTAT:PRC_HICP_MINR(1.0),02/10/26 11:00:00,Monthly,Monthly rate of change,Total,Germany,2025-01,-0.2,,
ESTAT:PRC_HICP_MINR(1.0),02/10/26 11:00:00,Monthly,Monthly rate of change,Total,Germany,2025-02,0.5,,
ESTAT:PRC_HICP_MINR(1.0),02/10/26 11:00:00,Monthly,Monthly rate of change,Total,Germany,2025-03,0.4,,
ESTAT:PRC_HICP_MINR(1.0),02/10/26 11:00:00,Monthly,Monthly rate of change,Total,Germany,2025-04,0.5,,
ESTAT:PRC_HICP_MINR(1.0),02/10/26 11:00:00,Monthly,Monthly rate of change,Total,Germany,2025-05,0.1,,
ESTAT:PRC_HICP_MINR(1.0),02/10/26 11:00:00,Monthly,Monthly rate of change,Total,Germany,2025-06,0.1,,
ESTAT:PRC_HICP_MINR(1.0),02/10/26 11:00:00,Monthly,Monthly rate of change,Total,Germany,2025-07,0.4,,
ESTAT:PRC_HICP_MINR(1.0),02/10/26 11:00:00,Monthly,Monthly rate of change,Total,Germany,2025-08,0.1,,
ESTAT:PRC_HICP_MINR(1.0),02/10/26 11:00:00,Monthly,Monthly rate of change,Total,Germany,2025-09,0.2,,
ESTAT:PRC_HICP_MINR(1.0),02/10/26 11:00:00,Monthly,Monthly rate of change,Total,Germany,2025-10,0.3,,
ESTAT:PRC_HICP_MINR(1.0),02/10/26 11:00:00,Monthly,Monthly rate of change,Total,Germany,2025-11,-0.4,,
ESTAT:PRC_HICP_MINR(1.0),02/10/26 11:00:00,Monthly,Monthly rate of change,Total,Germany,2025-12,0.1,,
ESTAT:PRC_HICP_MINR(1.0),02/10/26 11:00:00,Monthly,Monthly rate of change,Total,Denmark,2006-01,-0.4,,
ESTAT:PRC_HICP_MINR(1.0),02/10/26 11:00:00,Monthly,Monthly rate of change,Total,Denmark,2006-02,0.8,,
ESTAT:PRC_HICP_MINR(1.0),02/10/26 11:00:00,Monthly,Monthly rate of change,Total,Denmark,2006-03,0.4,,
ESTAT:PRC_HICP_MINR(1.0),02/10/26 11:00:00,Monthly,Monthly rate of change,Total,Denmark,2006-04,0.5,,
ESTAT:PRC_HICP_MINR(1.0),02/10/26 11:00:00,Monthly,Monthly rate of change,Total,Denmark,2006-05,0.1,,
ESTAT:PRC_HICP_MINR(1.0),02/10/26 11:00:00,Monthly,Monthly rate of change,Total,Denmark,2006-06,0.3,,
ESTAT:PRC_HICP_MINR(1.0),02/10/26 11:00:00,Monthly,Monthly rate of change,Total,Denmark,2006-07,-0.3,,
ESTAT:PRC_HICP_MINR(1.0),02/10/26 11:00:00,Monthly,Monthly rate of change,Total,Denmark,2006-08,0.0,,
ESTAT:PRC_HICP_MINR(1.0),02/10/26 11:00:00,Monthly,Monthly rate of change,Total,Denmark,2006-09,0.4,,
ESTAT:PRC_HICP_MINR(1.0),02/10/26 11:00:00,Monthly,Monthly rate of change,Total,Denmark,2006-10,-0.1,,
ESTAT:PRC_HICP_MINR(1.0),02/10/26 11:00:00,Monthly,Monthly rate of change,Total,Denmark,2006-11,-0.1,,
ESTAT:PRC_HICP_MINR(1.0),02/10/26 11:00:00,Monthly,Monthly rate of change,Total,Denmark,2006-12,0.0,,
ESTAT:PRC_HICP_MINR(1.0),02/10/26 11:00:00,Monthly,Monthly rate of change,Total,Denmark,2007-01,-0.3,,
ESTAT:PRC_HICP_MINR(1.0),02/10/26 11:00:00,Monthly,Monthly rate of change,Total,Denmark,2007-02,0.9,,
ESTAT:PRC_HICP_MINR(1.0),02/10/26 11:00:00,Monthly,Monthly rate of change,Total,Denmark,2007-03,0.5,,
ESTAT:PRC_HICP_MINR(1.0),02/10/26 11:00:00,Monthly,Monthly rate of change,Total,Denmark,2007-04,0.2,,
ESTAT:PRC_HICP_MINR(1.0),02/10/26 11:00:00,Monthly,Monthly rate of change,Total,Denmark,2007-05,0.2,,
ESTAT:PRC_HICP_MINR(1.0),02/10/26 11:00:00,Monthly,Monthly rate of change,Total,Denmark,2007-06,-0.2,,
ESTAT:PRC_HICP_MINR(1.0),02/10/26 11:00:00,Monthly,Monthly rate of change,Total,Denmark,2007-07,-0.5,,
ESTAT:PRC_HICP_MINR(1.0),02/10/26 11:00:00,Monthly,Monthly rate of change,Total,Denmark,2007-08,-0.2,,
ESTAT:PRC_HICP_MINR(1.0),02/10/26 11:00:00,Monthly,Monthly rate of change,Total,Denmark,2007-09,0.7,,
ESTAT:PRC_HICP_MINR(1.0),02/10/26 11:00:00,Monthly,Monthly rate of change,Total,Denmark,2007-10,0.4,,
ESTAT:PRC_HICP_MINR(1.0),02/10/26 11:00:00,Monthly,Monthly rate of change,Total,Denmark,2007-11,0.8,,
ESTAT:PRC_HICP_MINR(1.0),02/10/26 11:00:00,Monthly,Monthly rate of change,Total,Denmark,2007-12,-0.1,,
ESTAT:PRC_HICP_MINR(1.0),02/10/26 11:00:00,Monthly,Monthly rate of change,Total,Denmark,2008-01,0.3,,
ESTAT:PRC_HICP_MINR(1.0),02/10/26 11:00:00,Monthly,Monthly rate of change,Total,Denmark,2008-02,1.0,,
ESTAT:PRC_HICP_MINR(1.0),02/10/26 11:00:00,Monthly,Monthly rate of change,Total,Denmark,2008-03,0.5,,
ESTAT:PRC_HICP_MINR(1.0),02/10/26 11:00:00,Monthly,Monthly rate of change,Total,Denmark,2008-04,0.4,,
ESTAT:PRC_HICP_MINR(1.0),02/10/26 11:00:00,Monthly,Monthly rate of change,Total,Denmark,2008-05,0.4,,
ESTAT:PRC_HICP_MINR(1.0),02/10/26 11:00:00,Monthly,Monthly rate of change,Total,Denmark,2008-06,0.3,,
ESTAT:PRC_HICP_MINR(1.0),02/10/26 11:00:00,Monthly,Monthly rate of change,Total,Denmark,2008-07,-0.3,,
ESTAT:PRC_HICP_MINR(1.0),02/10/26 11:00:00,Monthly,Monthly rate of change,Total,Denmark,2008-08,0.2,,
ESTAT:PRC_HICP_MINR(1.0),02/10/26 11:00:00,Monthly,Monthly rate of change,Total,Denmark,2008-09,0.5,,
ESTAT:PRC_HICP_MINR(1.0),02/10/26 11:00:00,Monthly,Monthly rate of change,Total,Denmark,2008-10,-0.2,,
ESTAT:PRC_HICP_MINR(1.0),02/10/26 11:00:00,Monthly,Monthly rate of change,Total,Denmark,2008-11,-0.3,,
ESTAT:PRC_HICP_MINR(1.0),02/10/26 11:00:00,Monthly,Monthly rate of change,Total,Denmark,2008-12,-0.4,,
ESTAT:PRC_HICP_MINR(1.0),02/10/26 11:00:00,Monthly,Monthly rate of change,Total,Denmark,2009-01,-0.4,,
ESTAT:PRC_HICP_MINR(1.0),02/10/26 11:00:00,Monthly,Monthly rate of change,Total,Denmark,2009-02,1.0,,
ESTAT:PRC_HICP_MINR(1.0),02/10/26 11:00:00,Monthly,Monthly rate of change,Total,Denmark,2009-03,0.3,,
ESTAT:PRC_HICP_MINR(1.0),02/10/26 11:00:00,Monthly,Monthly rate of change,Total,Denmark,2009-04,-0.1,,
ESTAT:PRC_HICP_MINR(1.0),02/10/26 11:00:00,Monthly,Monthly rate of change,Total,Denmark,2009-05,0.4,,
ESTAT:PRC_HICP_MINR(1.0),02/10/26 11:00:00,Monthly,Monthly rate of change,Total,Denmark,2009-06,0.3,,
ESTAT:PRC_HICP_MINR(1.0),02/10/26 11:00:00,Monthly,Monthly rate of change,Total,Denmark,2009-07,-0.6,,
ESTAT:PRC_HICP_MINR(1.0),02/10/26 11:00:00,Monthly,Monthly rate of change,Total,Denmark,2009-08,0.3,,
ESTAT:PRC_HICP_MINR(1.0),02/10/26 11:00:00,Monthly,Monthly rate of change,Total,Denmark,2009-09,0.2,,
ESTAT:PRC_HICP_MINR(1.0),02/10/26 11:00:00,Monthly,Monthly rate of change,Total,Denmark,2009-10,0.1,,
ESTAT:PRC_HICP_MINR(1.0),02/10/26 11:00:00,Monthly,Monthly rate of change,Total,Denmark,2009-11,0.0,,
ESTAT:PRC_HICP_MINR(1.0),02/10/26 11:00:00,Monthly,Monthly rate of change,Total,Denmark,2009-12,-0.2,,
ESTAT:PRC_HICP_MINR(1.0),02/10/26 11:00:00,Monthly,Monthly rate of change,Total,Denmark,2010-01,0.2,,
ESTAT:PRC_HICP_MINR(1.0),02/10/26 11:00:00,Monthly,Monthly rate of change,Total,Denmark,2010-02,1.0,,
ESTAT:PRC_HICP_MINR(1.0),02/10/26 11:00:00,Monthly,Monthly rate of change,Total,Denmark,2010-03,0.7,,
ESTAT:PRC_HICP_MINR(1.0),02/10/26 11:00:00,Monthly,Monthly rate of change,Total,Denmark,2010-04,0.2,,
ESTAT:PRC_HICP_MINR(1.0),02/10/26 11:00:00,Monthly,Monthly rate of change,Total,Denmark,2010-05,0.0,,
ESTAT:PRC_HICP_MINR(1.0),02/10/26 11:00:00,Monthly,Monthly rate of change,Total,Denmark,2010-06,-0.2,,
ESTAT:PRC_HICP_MINR(1.0),02/10/26 11:00:00,Monthly,Monthly rate of change,Total,Denmark,2010-07,0.0,,
ESTAT:PRC_HICP_MINR(1.0),02/10/26 11:00:00,Monthly,Monthly rate of change,Total,Denmark,2010-08,0.4,,
ESTAT:PRC_HICP_MINR(1.0),02/10/26 11:00:00,Monthly,Monthly rate of change,Total,Denmark,2010-09,0.4,,
ESTAT:PRC_HICP_MINR(1.0),02/10/26 11:00:00,Monthly,Monthly rate of change,Total,Denmark,2010-10,-0.1,,
ESTAT:PRC_HICP_MINR(1.0),02/10/26 11:00:00,Monthly,Monthly rate of change,Total,Denmark,2010-11,0.1,,
ESTAT:PRC_HICP_MINR(1.0),02/10/26 11:00:00,Monthly,Monthly rate of change,Total,Denmark,2010-12,0.1,,
ESTAT:PRC_HICP_MINR(1.0),02/10/26 11:00:00,Monthly,Monthly rate of change,Total,Denmark,2011-01,0.0,,
ESTAT:PRC_HICP_MINR(1.0),02/10/26 11:00:00,Monthly,Monthly rate of change,Total,Denmark,2011-02,1.0,,
ESTAT:PRC_HICP_MINR(1.0),02/10/26 11:00:00,Monthly,Monthly rate of change,Total,Denmark,2011-03,0.6,,
ESTAT:PRC_HICP_MINR(1.0),02/10/26 11:00:00,Monthly,Monthly rate of change,Total,Denmark,2011-04,0.5,,
ESTAT:PRC_HICP_MINR(1.0),02/10/26 11:00:00,Monthly,Monthly rate of change,Total,Denmark,2011-05,0.2,,
ESTAT:PRC_HICP_MINR(1.0),02/10/26 11:00:00,Monthly,Monthly rate of change,Total,Denmark,2011-06,-0.3,,
ESTAT:PRC_HICP_MINR(1.0),02/10/26 11:00:00,Monthly,Monthly rate of change,Total,Denmark,2011-07,-0.1,,
ESTAT:PRC_HICP_MINR(1.0),02/10/26 11:00:00,Monthly,Monthly rate of change,Total,Denmark,2011-08,-0.1,,
ESTAT:PRC_HICP_MINR(1.0),02/10/26 11:00:00,Monthly,Monthly rate of change,Total,Denmark,2011-09,0.4,,
ESTAT:PRC_HICP_MINR(1.0),02/10/26 11:00:00,Monthly,Monthly rate of change,Total,Denmark,2011-10,0.2,,
ESTAT:PRC_HICP_MINR(1.0),02/10/26 11:00:00,Monthly,Monthly rate of change,Total,Denmark,2011-11,-0.1,,
ESTAT:PRC_HICP_MINR(1.0),02/10/26 11:00:00,Monthly,Monthly rate of change,Total,Denmark,2011-12,0.0,,
ESTAT:PRC_HICP_MINR(1.0),02/10/26 11:00:00,Monthly,Monthly rate of change,Total,Denmark,2012-01,0.4,,
ESTAT:PRC_HICP_MINR(1.0),02/10/26 11:00:00,Monthly,Monthly rate of change,Total,Denmark,2012-02,1.0,,
ESTAT:PRC_HICP_MINR(1.0),02/10/26 11:00:00,Monthly,Monthly rate of change,Total,Denmark,2012-03,0.6,,
ESTAT:PRC_HICP_MINR(1.0),02/10/26 11:00:00,Monthly,Monthly rate of change,Total,Denmark,2012-04,0.0,,
ESTAT:PRC_HICP_MINR(1.0),02/10/26 11:00:00,Monthly,Monthly rate of change,Total,Denmark,2012-05,0.0,,
ESTAT:PRC_HICP_MINR(1.0),02/10/26 11:00:00,Monthly,Monthly rate of change,Total,Denmark,2012-06,-0.2,,
ESTAT:PRC_HICP_MINR(1.0),02/10/26 11:00:00,Monthly,Monthly rate of change,Total,Denmark,2012-07,0.0,,
ESTAT:PRC_HICP_MINR(1.0),02/10/26 11:00:00,Monthly,Monthly rate of change,Total,Denmark,2012-08,0.4,,
ESTAT:PRC_HICP_MINR(1.0),02/10/26 11:00:00,Monthly,Monthly rate of change,Total,Denmark,2012-09,0.3,,
ESTAT:PRC_HICP_MINR(1.0),02/10/26 11:00:00,Monthly,Monthly rate of change,Total,Denmark,2012-10,-0.1,,
ESTAT:PRC_HICP_MINR(1.0),02/10/26 11:00:00,Monthly,Monthly rate of change,Total,Denmark,2012-11,-0.2,,
ESTAT:PRC_HICP_MINR(1.0),02/10/26 11:00:00,Monthly,Monthly rate of change,Total,Denmark,2012-12,-0.3,,
ESTAT:PRC_HICP_MINR(1.0),02/10/26 11:00:00,Monthly,Monthly rate of change,Total,Denmark,2013-01,-0.5,,
ESTAT:PRC_HICP_MINR(1.0),02/10/26 11:00:00,Monthly,Monthly rate of change,Total,Denmark,2013-02,1.0,,
ESTAT:PRC_HICP_MINR(1.0),02/10/26 11:00:00,Monthly,Monthly rate of change,Total,Denmark,2013-03,0.3,,
ESTAT:PRC_HICP_MINR(1.0),02/10/26 11:00:00,Monthly,Monthly rate of change,Total,Denmark,2013-04,-0.2,,
ESTAT:PRC_HICP_MINR(1.0),02/10/26 11:00:00,Monthly,Monthly rate of change,Total,Denmark,2013-05,0.1,,
ESTAT:PRC_HICP_MINR(1.0),02/10/26 11:00:00,Monthly,Monthly rate of change,Total,Denmark,2013-06,-0.1,,
ESTAT:PRC_HICP_MINR(1.0),02/10/26 11:00:00,Monthly,Monthly rate of change,Total,Denmark,2013-07,-0.3,,
ESTAT:PRC_HICP_MINR(1.0),02/10/26 11:00:00,Monthly,Monthly rate of change,Total,Denmark,2013-08,0.1,,
ESTAT:PRC_HICP_MINR(1.0),02/10/26 11:00:00,Monthly,Monthly rate of change,Total,Denmark,2013-09,0.4,,
ESTAT:PRC_HICP_MINR(1.0),02/10/26 11:00:00,Monthly,Monthly rate of change,Total,Denmark,2013-10,0.1,,
ESTAT:PRC_HICP_MINR(1.0),02/10/26 11:00:00,Monthly,Monthly rate of change,Total,Denmark,2013-11,-0.2,,
ESTAT:PRC_HICP_MINR(1.0),02/10/26 11:00:00,Monthly,Monthly rate of change,Total,Denmark,2013-12,-0.1,,
ESTAT:PRC_HICP_MINR(1.0),02/10/26 11:00:00,Monthly,Monthly rate of change,Total,Denmark,2014-01,-0.2,,
ESTAT:PRC_HICP_MINR(1.0),02/10/26 11:00:00,Monthly,Monthly rate of change,Total,Denmark,2014-02,0.5,,
ESTAT:PRC_HICP_MINR(1.0),02/10/26 11:00:00,Monthly,Monthly rate of change,Total,Denmark,2014-03,0.1,,
ESTAT:PRC_HICP_MINR(1.0),02/10/26 11:00:00,Monthly,Monthly rate of change,Total,Denmark,2014-04,0.1,,
ESTAT:PRC_HICP_MINR(1.0),02/10/26 11:00:00,Monthly,Monthly rate of change,Total,Denmark,2014-05,0.0,,
ESTAT:PRC_HICP_MINR(1.0),02/10/26 11:00:00,Monthly,Monthly rate of change,Total,Denmark,2014-06,-0.1,,
ESTAT:PRC_HICP_MINR(1.0),02/10/26 11:00:00,Monthly,Monthly rate of change,Total,Denmark,2014-07,-0.2,,
ESTAT:PRC_HICP_MINR(1.0),02/10/26 11:00:00,Monthly,Monthly rate of change,Total,Denmark,2014-08,-0.2,,
ESTAT:PRC_HICP_MINR(1.0),02/10/26 11:00:00,Monthly,Monthly rate of change,Total,Denmark,2014-09,0.3,,
ESTAT:PRC_HICP_MINR(1.0),02/10/26 11:00:00,Monthly,Monthly rate of change,Total,Denmark,2014-10,0.1,,
ESTAT:PRC_HICP_MINR(1.0),02/10/26 11:00:00,Monthly,Monthly rate of change,Total,Denmark,2014-11,-0.3,,
ESTAT:PRC_HICP_MINR(1.0),02/10/26 11:00:00,Monthly,Monthly rate of change,Total,Denmark,2014-12,-0.2,,
ESTAT:PRC_HICP_MINR(1.0),02/10/26 11:00:00,Monthly,Monthly rate of change,Total,Denmark,2015-01,-0.7,,
ESTAT:PRC_HICP_MINR(1.0),02/10/26 11:00:00,Monthly,Monthly rate of change,Total,Denmark,2015-02,0.9,,
ESTAT:PRC_HICP_MINR(1.0),02/10/26 11:00:00,Monthly,Monthly rate of change,Total,Denmark,2015-03,0.5,,
ESTAT:PRC_HICP_MINR(1.0),02/10/26 11:00:00,Monthly,Monthly rate of change,Total,Denmark,2015-04,0.1,,
ESTAT:PRC_HICP_MINR(1.0),02/10/26 11:00:00,Monthly,Monthly rate of change,Total,Denmark,2015-05,0.0,,
ESTAT:PRC_HICP_MINR(1.0),02/10/26 11:00:00,Monthly,Monthly rate of change,Total,Denmark,2015-06,-0.1,,
ESTAT:PRC_HICP_MINR(1.0),02/10/26 11:00:00,Monthly,Monthly rate of change,Total,Denmark,2015-07,-0.1,,
ESTAT:PRC_HICP_MINR(1.0),02/10/26 11:00:00,Monthly,Monthly rate of change,Total,Denmark,2015-08,-0.3,,
ESTAT:PRC_HICP_MINR(1.0),02/10/26 11:00:00,Monthly,Monthly rate of change,Total,Denmark,2015-09,0.2,,
ESTAT:PRC_HICP_MINR(1.0),02/10/26 11:00:00,Monthly,Monthly rate of change,Total,Denmark,2015-10,0.0,,
ESTAT:PRC_HICP_MINR(1.0),02/10/26 11:00:00,Monthly,Monthly rate of change,Total,Denmark,2015-11,-0.3,,
ESTAT:PRC_HICP_MINR(1.0),02/10/26 11:00:00,Monthly,Monthly rate of change,Total,Denmark,2015-12,-0.1,,
ESTAT:PRC_HICP_MINR(1.0),02/10/26 11:00:00,Monthly,Monthly rate of change,Total,Denmark,2016-01,-0.5,,
ESTAT:PRC_HICP_MINR(1.0),02/10/26 11:00:00,Monthly,Monthly rate of change,Total,Denmark,2016-02,0.5,,
ESTAT:PRC_HICP_MINR(1.0),02/10/26 11:00:00,Monthly,Monthly rate of change,Total,Denmark,2016-03,0.1,,
ESTAT:PRC_HICP_MINR(1.0),02/10/26 11:00:00,Monthly,Monthly rate of change,Total,Denmark,2016-04,0.2,,
ESTAT:PRC_HICP_MINR(1.0),02/10/26 11:00:00,Monthly,Monthly rate of change,Total,Denmark,2016-05,0.3,,
ESTAT:PRC_HICP_MINR(1.0),02/10/26 11:00:00,Monthly,Monthly rate of change,Total,Denmark,2016-06,0.1,,
ESTAT:PRC_HICP_MINR(1.0),02/10/26 11:00:00,Monthly,Monthly rate of change,Total,Denmark,2016-07,-0.1,,
ESTAT:PRC_HICP_MINR(1.0),02/10/26 11:00:00,Monthly,Monthly rate of change,Total,Denmark,2016-08,-0.4,,
ESTAT:PRC_HICP_MINR(1.0),02/10/26 11:00:00,Monthly,Monthly rate of change,Total,Denmark,2016-09,0.0,,
ESTAT:PRC_HICP_MINR(1.0),02/10/26 11:00:00,Monthly,Monthly rate of change,Total,Denmark,2016-10,0.3,,
ESTAT:PRC_HICP_MINR(1.0),02/10/26 11:00:00,Monthly,Monthly rate of change,Total,Denmark,2016-11,-0.1,,
ESTAT:PRC_HICP_MINR(1.0),02/10/26 11:00:00,Monthly,Monthly rate of change,Total,Denmark,2016-12,0.1,,
ESTAT:PRC_HICP_MINR(1.0),02/10/26 11:00:00,Monthly,Monthly rate of change,Total,Denmark,2017-01,-0.1,,
ESTAT:PRC_HICP_MINR(1.0),02/10/26 11:00:00,Monthly,Monthly rate of change,Total,Denmark,2017-02,0.7,,
ESTAT:PRC_HICP_MINR(1.0),02/10/26 11:00:00,Monthly,Monthly rate of change,Total,Denmark,2017-03,0.1,,
ESTAT:PRC_HICP_MINR(1.0),02/10/26 11:00:00,Monthly,Monthly rate of change,Total,Denmark,2017-04,0.3,,
ESTAT:PRC_HICP_MINR(1.0),02/10/26 11:00:00,Monthly,Monthly rate of change,Total,Denmark,2017-05,-0.1,,
ESTAT:PRC_HICP_MINR(1.0),02/10/26 11:00:00,Monthly,Monthly rate of change,Total,Denmark,2017-06,-0.1,,
ESTAT:PRC_HICP_MINR(1.0),02/10/26 11:00:00,Monthly,Monthly rate of change,Total,Denmark,2017-07,0.9,,
ESTAT:PRC_HICP_MINR(1.0),02/10/26 11:00:00,Monthly,Monthly rate of change,Total,Denmark,2017-08,-0.3,,
ESTAT:PRC_HICP_MINR(1.0),02/10/26 11:00:00,Monthly,Monthly rate of change,Total,Denmark,2017-09,0.1,,
ESTAT:PRC_HICP_MINR(1.0),02/10/26 11:00:00,Monthly,Monthly rate of change,Total,Denmark,2017-10,0.1,,
ESTAT:PRC_HICP_MINR(1.0),02/10/26 11:00:00,Monthly,Monthly rate of change,Total,Denmark,2017-11,-0.3,,
ESTAT:PRC_HICP_MINR(1.0),02/10/26 11:00:00,Monthly,Monthly rate of change,Total,Denmark,2017-12,-0.4,,
ESTAT:PRC_HICP_MINR(1.0),02/10/26 11:00:00,Monthly,Monthly rate of change,Total,Denmark,2018-01,-0.4,,
ESTAT:PRC_HICP_MINR(1.0),02/10/26 11:00:00,Monthly,Monthly rate of change,Total,Denmark,2018-02,0.7,,
ESTAT:PRC_HICP_MINR(1.0),02/10/26 11:00:00,Monthly,Monthly rate of change,Total,Denmark,2018-03,0.0,,
ESTAT:PRC_HICP_MINR(1.0),02/10/26 11:00:00,Monthly,Monthly rate of change,Total,Denmark,2018-04,0.6,,
ESTAT:PRC_HICP_MINR(1.0),02/10/26 11:00:00,Monthly,Monthly rate of change,Total,Denmark,2018-05,0.2,,
ESTAT:PRC_HICP_MINR(1.0),02/10/26 11:00:00,Monthly,Monthly rate of change,Total,Denmark,2018-06,-0.1,,
ESTAT:PRC_HICP_MINR(1.0),02/10/26 11:00:00,Monthly,Monthly rate of change,Total,Denmark,2018-07,0.7,,
ESTAT:PRC_HICP_MINR(1.0),02/10/26 11:00:00,Monthly,Monthly rate of change,Total,Denmark,2018-08,-0.4,,
ESTAT:PRC_HICP_MINR(1.0),02/10/26 11:00:00,Monthly,Monthly rate of change,Total,Denmark,2018-09,-0.2,,
ESTAT:PRC_HICP_MINR(1.0),02/10/26 11:00:00,Monthly,Monthly rate of change,Total,Denmark,2018-10,0.3,,
ESTAT:PRC_HICP_MINR(1.0),02/10/26 11:00:00,Monthly,Monthly rate of change,Total,Denmark,2018-11,-0.3,,
ESTAT:PRC_HICP_MINR(1.0),02/10/26 11:00:00,Monthly,Monthly rate of change,Total,Denmark,2018-12,-0.4,,
ESTAT:PRC_HICP_MINR(1.0),02/10/26 11:00:00,Monthly,Monthly rate of change,Total,Denmark,2019-01,0.2,,
ESTAT:PRC_HICP_MINR(1.0),02/10/26 11:00:00,Monthly,Monthly rate of change,Total,Denmark,2019-02,0.5,,
ESTAT:PRC_HICP_MINR(1.0),02/10/26 11:00:00,Monthly,Monthly rate of change,Total,Denmark,2019-03,0.1,,
ESTAT:PRC_HICP_MINR(1.0),02/10/26 11:00:00,Monthly,Monthly rate of change,Total,Denmark,2019-04,0.3,,
ESTAT:PRC_HICP_MINR(1.0),02/10/26 11:00:00,Monthly,Monthly rate of change,Total,Denmark,2019-05,0.0,,
ESTAT:PRC_HICP_MINR(1.0),02/10/26 11:00:00,Monthly,Monthly rate of change,Total,Denmark,2019-06,-0.3,,
ESTAT:PRC_HICP_MINR(1.0),02/10/26 11:00:00,Monthly,Monthly rate of change,Total,Denmark,2019-07,0.7,,
ESTAT:PRC_HICP_MINR(1.0),02/10/26 11:00:00,Monthly,Monthly rate of change,Total,Denmark,2019-08,-0.4,,
ESTAT:PRC_HICP_MINR(1.0),02/10/26 11:00:00,Monthly,Monthly rate of change,Total,Denmark,2019-09,-0.2,,
ESTAT:PRC_HICP_MINR(1.0),02/10/26 11:00:00,Monthly,Monthly rate of change,Total,Denmark,2019-10,0.4,,
ESTAT:PRC_HICP_MINR(1.0),02/10/26 11:00:00,Monthly,Monthly rate of change,Total,Denmark,2019-11,-0.2,,
ESTAT:PRC_HICP_MINR(1.0),02/10/26 11:00:00,Monthly,Monthly rate of change,Total,Denmark,2019-12,-0.2,,
ESTAT:PRC_HICP_MINR(1.0),02/10/26 11:00:00,Monthly,Monthly rate of change,Total,Denmark,2020-01,0.1,,
ESTAT:PRC_HICP_MINR(1.0),02/10/26 11:00:00,Monthly,Monthly rate of change,Total,Denmark,2020-02,0.5,,
ESTAT:PRC_HICP_MINR(1.0),02/10/26 11:00:00,Monthly,Monthly rate of change,Total,Denmark,2020-03,-0.3,,
ESTAT:PRC_HICP_MINR(1.0),02/10/26 11:00:00,Monthly,Monthly rate of change,Total,Denmark,2020-04,-0.1,,
ESTAT:PRC_HICP_MINR(1.0),02/10/26 11:00:00,Monthly,Monthly rate of change,Total,Denmark,2020-05,-0.2,,
ESTAT:PRC_HICP_MINR(1.0),02/10/26 11:00:00,Monthly,Monthly rate of change,Total,Denmark,2020-06,0.1,,
ESTAT:PRC_HICP_MINR(1.0),02/10/26 11:00:00,Monthly,Monthly rate of change,Total,Denmark,2020-07,0.9,,
ESTAT:PRC_HICP_MINR(1.0),02/10/26 11:00:00,Monthly,Monthly rate of change,Total,Denmark,2020-08,-0.4,,
ESTAT:PRC_HICP_MINR(1.0),02/10/26 11:00:00,Monthly,Monthly rate of change,Total,Denmark,2020-09,-0.2,,
ESTAT:PRC_HICP_MINR(1.0),02/10/26 11:00:00,Monthly,Monthly rate of change,Total,Denmark,2020-10,0.3,,
ESTAT:PRC_HICP_MINR(1.0),02/10/26 11:00:00,Monthly,Monthly rate of change,Total,Denmark,2020-11,-0.2,,
ESTAT:PRC_HICP_MINR(1.0),02/10/26 11:00:00,Monthly,Monthly rate of change,Total,Denmark,2020-12,-0.2,,
ESTAT:PRC_HICP_MINR(1.0),02/10/26 11:00:00,Monthly,Monthly rate of change,Total,Denmark,2021-01,0.2,,
ESTAT:PRC_HICP_MINR(1.0),02/10/26 11:00:00,Monthly,Monthly rate of change,Total,Denmark,2021-02,0.5,,
ESTAT:PRC_HICP_MINR(1.0),02/10/26 11:00:00,Monthly,Monthly rate of change,Total,Denmark,2021-03,0.0,,
ESTAT:PRC_HICP_MINR(1.0),02/10/26 11:00:00,Monthly,Monthly rate of change,Total,Denmark,2021-04,0.5,,
ESTAT:PRC_HICP_MINR(1.0),02/10/26 11:00:00,Monthly,Monthly rate of change,Total,Denmark,2021-05,0.3,,
ESTAT:PRC_HICP_MINR(1.0),02/10/26 11:00:00,Monthly,Monthly rate of change,Total,Denmark,2021-06,0.1,,
ESTAT:PRC_HICP_MINR(1.0),02/10/26 11:00:00,Monthly,Monthly rate of change,Total,Denmark,2021-07,0.8,,
ESTAT:PRC_HICP_MINR(1.0),02/10/26 11:00:00,Monthly,Monthly rate of change,Total,Denmark,2021-08,-0.3,,
ESTAT:PRC_HICP_MINR(1.0),02/10/26 11:00:00,Monthly,Monthly rate of change,Total,Denmark,2021-09,0.4,,
ESTAT:PRC_HICP_MINR(1.0),02/10/26 11:00:00,Monthly,Monthly rate of change,Total,Denmark,2021-10,1.1,,
ESTAT:PRC_HICP_MINR(1.0),02/10/26 11:00:00,Monthly,Monthly rate of change,Total,Denmark,2021-11,0.4,,
ESTAT:PRC_HICP_MINR(1.0),02/10/26 11:00:00,Monthly,Monthly rate of change,Total,Denmark,2021-12,-0.6,,
ESTAT:PRC_HICP_MINR(1.0),02/10/26 11:00:00,Monthly,Monthly rate of change,Total,Denmark,2022-01,1.6,,
ESTAT:PRC_HICP_MINR(1.0),02/10/26 11:00:00,Monthly,Monthly rate of change,Total,Denmark,2022-02,0.9,,
ESTAT:PRC_HICP_MINR(1.0),02/10/26 11:00:00,Monthly,Monthly rate of change,Total,Denmark,2022-03,0.7,,
ESTAT:PRC_HICP_MINR(1.0),02/10/26 11:00:00,Monthly,Monthly rate of change,Total,Denmark,2022-04,1.9,,
ESTAT:PRC_HICP_MINR(1.0),02/10/26 11:00:00,Monthly,Monthly rate of change,Total,Denmark,2022-05,1.0,,
ESTAT:PRC_HICP_MINR(1.0),02/10/26 11:00:00,Monthly,Monthly rate of change,Total,Denmark,2022-06,0.9,,
ESTAT:PRC_HICP_MINR(1.0),02/10/26 11:00:00,Monthly,Monthly rate of change,Total,Denmark,2022-07,1.3,,
ESTAT:PRC_HICP_MINR(1.0),02/10/26 11:00:00,Monthly,Monthly rate of change,Total,Denmark,2022-08,0.0,,
ESTAT:PRC_HICP_MINR(1.0),02/10/26 11:00:00,Monthly,Monthly rate of change,Total,Denmark,2022-09,1.5,,
ESTAT:PRC_HICP_MINR(1.0),02/10/26 11:00:00,Monthly,Monthly rate of change,Total,Denmark,2022-10,1.3,,
ESTAT:PRC_HICP_MINR(1.0),02/10/26 11:00:00,Monthly,Monthly rate of change,Total,Denmark,2022-11,-1.1,,
ESTAT:PRC_HICP_MINR(1.0),02/10/26 11:00:00,Monthly,Monthly rate of change,Total,Denmark,2022-12,-0.7,,
ESTAT:PRC_HICP_MINR(1.0),02/10/26 11:00:00,Monthly,Monthly rate of change,Total,Denmark,2023-01,0.5,,
ESTAT:PRC_HICP_MINR(1.0),02/10/26 11:00:00,Monthly,Monthly rate of change,Total,Denmark,2023-02,0.8,,
ESTAT:PRC_HICP_MINR(1.0),02/10/26 11:00:00,Monthly,Monthly rate of change,Total,Denmark,2023-03,-0.1,,
ESTAT:PRC_HICP_MINR(1.0),02/10/26 11:00:00,Monthly,Monthly rate of change,Total,Denmark,2023-04,0.3,,
ESTAT:PRC_HICP_MINR(1.0),02/10/26 11:00:00,Monthly,Monthly rate of change,Total,Denmark,2023-05,-1.6,,
ESTAT:PRC_HICP_MINR(1.0),02/10/26 11:00:00,Monthly,Monthly rate of change,Total,Denmark,2023-06,0.4,,
ESTAT:PRC_HICP_MINR(1.0),02/10/26 11:00:00,Monthly,Monthly rate of change,Total,Denmark,2023-07,2.1,,
ESTAT:PRC_HICP_MINR(1.0),02/10/26 11:00:00,Monthly,Monthly rate of change,Total,Denmark,2023-08,-0.8,,
ESTAT:PRC_HICP_MINR(1.0),02/10/26 11:00:00,Monthly,Monthly rate of change,Total,Denmark,2023-09,-0.3,,
ESTAT:PRC_HICP_MINR(1.0),02/10/26 11:00:00,Monthly,Monthly rate of change,Total,Denmark,2023-10,0.3,,
ESTAT:PRC_HICP_MINR(1.0),02/10/26 11:00:00,Monthly,Monthly rate of change,Total,Denmark,2023-11,-0.5,,
ESTAT:PRC_HICP_MINR(1.0),02/10/26 11:00:00,Monthly,Monthly rate of change,Total,Denmark,2023-12,-0.5,,
ESTAT:PRC_HICP_MINR(1.0),02/10/26 11:00:00,Monthly,Monthly rate of change,Total,Denmark,2024-01,1.0,,
ESTAT:PRC_HICP_MINR(1.0),02/10/26 11:00:00,Monthly,Monthly rate of change,Total,Denmark,2024-02,0.4,,
ESTAT:PRC_HICP_MINR(1.0),02/10/26 11:00:00,Monthly,Monthly rate of change,Total,Denmark,2024-03,0.0,,
ESTAT:PRC_HICP_MINR(1.0),02/10/26 11:00:00,Monthly,Monthly rate of change,Total,Denmark,2024-04,0.0,,
ESTAT:PRC_HICP_MINR(1.0),02/10/26 11:00:00,Monthly,Monthly rate of change,Total,Denmark,2024-05,0.0,,
ESTAT:PRC_HICP_MINR(1.0),02/10/26 11:00:00,Monthly,Monthly rate of change,Total,Denmark,2024-06,0.0,,
ESTAT:PRC_HICP_MINR(1.0),02/10/26 11:00:00,Monthly,Monthly rate of change,Total,Denmark,2024-07,1.3,,
ESTAT:PRC_HICP_MINR(1.0),02/10/26 11:00:00,Monthly,Monthly rate of change,Total,Denmark,2024-08,-0.5,,
ESTAT:PRC_HICP_MINR(1.0),02/10/26 11:00:00,Monthly,Monthly rate of change,Total,Denmark,2024-09,-0.4,,
ESTAT:PRC_HICP_MINR(1.0),02/10/26 11:00:00,Monthly,Monthly rate of change,Total,Denmark,2024-10,0.7,,
ESTAT:PRC_HICP_MINR(1.0),02/10/26 11:00:00,Monthly,Monthly rate of change,Total,Denmark,2024-11,-0.4,,
ESTAT:PRC_HICP_MINR(1.0),02/10/26 11:00:00,Monthly,Monthly rate of change,Total,Denmark,2024-12,-0.3,,
ESTAT:PRC_HICP_MINR(1.0),02/10/26 11:00:00,Monthly,Monthly rate of change,Total,Denmark,2025-01,0.6,,
ESTAT:PRC_HICP_MINR(1.0),02/10/26 11:00:00,Monthly,Monthly rate of change,Total,Denmark,2025-02,1.0,,
ESTAT:PRC_HICP_MINR(1.0),02/10/26 11:00:00,Monthly,Monthly rate of change,Total,Denmark,2025-03,-0.6,,
ESTAT:PRC_HICP_MINR(1.0),02/10/26 11:00:00,Monthly,Monthly rate of change,Total,Denmark,2025-04,0.1,,
ESTAT:PRC_HICP_MINR(1.0),02/10/26 11:00:00,Monthly,Monthly rate of change,Total,Denmark,2025-05,0.0,,
ESTAT:PRC_HICP_MINR(1.0),02/10/26 11:00:00,Monthly,Monthly rate of change,Total,Denmark,2025-06,0.3,,
ESTAT:PRC_HICP_MINR(1.0),02/10/26 11:00:00,Monthly,Monthly rate of change,Total,Denmark,2025-07,1.7,,
ESTAT:PRC_HICP_MINR(1.0),02/10/26 11:00:00,Monthly,Monthly rate of change,Total,Denmark,2025-08,-0.8,,
ESTAT:PRC_HICP_MINR(1.0),02/10/26 11:00:00,Monthly,Monthly rate of change,Total,Denmark,2025-09,-0.1,,
ESTAT:PRC_HICP_MINR(1.0),02/10/26 11:00:00,Monthly,Monthly rate of change,Total,Denmark,2025-10,0.5,,
ESTAT:PRC_HICP_MINR(1.0),02/10/26 11:00:00,Monthly,Monthly rate of change,Total,Denmark,2025-11,-0.5,,
ESTAT:PRC_HICP_MINR(1.0),02/10/26 11:00:00,Monthly,Monthly rate of change,Total,Denmark,2025-12,-0.4,,
ESTAT:PRC_HICP_MINR(1.0),02/10/26 11:00:00,Monthly,Monthly rate of change,Total,Estonia,2006-01,0.8,,
ESTAT:PRC_HICP_MINR(1.0),02/10/26 11:00:00,Monthly,Monthly rate of change,Total,Estonia,2006-02,0.5,,
ESTAT:PRC_HICP_MINR(1.0),02/10/26 11:00:00,Monthly,Monthly rate of change,Total,Estonia,2006-03,0.1,,
ESTAT:PRC_HICP_MINR(1.0),02/10/26 11:00:00,Monthly,Monthly rate of change,Total,Estonia,2006-04,0.7,,
ESTAT:PRC_HICP_MINR(1.0),02/10/26 11:00:00,Monthly,Monthly rate of change,Total,Estonia,2006-05,0.5,,
ESTAT:PRC_HICP_MINR(1.0),02/10/26 11:00:00,Monthly,Monthly rate of change,Total,Estonia,2006-06,0.5,,
ESTAT:PRC_HICP_MINR(1.0),02/10/26 11:00:00,Monthly,Monthly rate of change,Total,Estonia,2006-07,0.4,,
ESTAT:PRC_HICP_MINR(1.0),02/10/26 11:00:00,Monthly,Monthly rate of change,Total,Estonia,2006-08,0.7,,
ESTAT:PRC_HICP_MINR(1.0),02/10/26 11:00:00,Monthly,Monthly rate of change,Total,Estonia,2006-09,-0.2,,
ESTAT:PRC_HICP_MINR(1.0),02/10/26 11:00:00,Monthly,Monthly rate of change,Total,Estonia,2006-10,-0.1,,
ESTAT:PRC_HICP_MINR(1.0),02/10/26 11:00:00,Monthly,Monthly rate of change,Total,Estonia,2006-11,0.8,,
ESTAT:PRC_HICP_MINR(1.0),02/10/26 11:00:00,Monthly,Monthly rate of change,Total,Estonia,2006-12,0.3,,
ESTAT:PRC_HICP_MINR(1.0),02/10/26 11:00:00,Monthly,Monthly rate of change,Total,Estonia,2007-01,0.7,,
ESTAT:PRC_HICP_MINR(1.0),02/10/26 11:00:00,Monthly,Monthly rate of change,Total,Estonia,2007-02,0.2,,
ESTAT:PRC_HICP_MINR(1.0),02/10/26 11:00:00,Monthly,Monthly rate of change,Total,Estonia,2007-03,1.1,,
ESTAT:PRC_HICP_MINR(1.0),02/10/26 11:00:00,Monthly,Monthly rate of change,Total,Estonia,2007-04,0.7,,
ESTAT:PRC_HICP_MINR(1.0),02/10/26 11:00:00,Monthly,Monthly rate of change,Total,Estonia,2007-05,0.8,,
ESTAT:PRC_HICP_MINR(1.0),02/10/26 11:00:00,Monthly,Monthly rate of change,Total,Estonia,2007-06,0.6,,
ESTAT:PRC_HICP_MINR(1.0),02/10/26 11:00:00,Monthly,Monthly rate of change,Total,Estonia,2007-07,1.0,,
ESTAT:PRC_HICP_MINR(1.0),02/10/26 11:00:00,Monthly,Monthly rate of change,Total,Estonia,2007-08,0.4,,
ESTAT:PRC_HICP_MINR(1.0),02/10/26 11:00:00,Monthly,Monthly rate of change,Total,Estonia,2007-09,1.0,,
ESTAT:PRC_HICP_MINR(1.0),02/10/26 11:00:00,Monthly,Monthly rate of change,Total,Estonia,2007-10,1.0,,
ESTAT:PRC_HICP_MINR(1.0),02/10/26 11:00:00,Monthly,Monthly rate of change,Total,Estonia,2007-11,1.3,,
ESTAT:PRC_HICP_MINR(1.0),02/10/26 11:00:00,Monthly,Monthly rate of change,Total,Estonia,2007-12,0.7,,
ESTAT:PRC_HICP_MINR(1.0),02/10/26 11:00:00,Monthly,Monthly rate of change,Total,Estonia,2008-01,2.1,,
ESTAT:PRC_HICP_MINR(1.0),02/10/26 11:00:00,Monthly,Monthly rate of change,Total,Estonia,2008-02,0.4,,
ESTAT:PRC_HICP_MINR(1.0),02/10/26 11:00:00,Monthly,Monthly rate of change,Total,Estonia,2008-03,0.8,,
ESTAT:PRC_HICP_MINR(1.0),02/10/26 11:00:00,Monthly,Monthly rate of change,Total,Estonia,2008-04,1.0,,
ESTAT:PRC_HICP_MINR(1.0),02/10/26 11:00:00,Monthly,Monthly rate of change,Total,Estonia,2008-05,0.6,,
ESTAT:PRC_HICP_MINR(1.0),02/10/26 11:00:00,Monthly,Monthly rate of change,Total,Estonia,2008-06,0.7,,
ESTAT:PRC_HICP_MINR(1.0),02/10/26 11:00:00,Monthly,Monthly rate of change,Total,Estonia,2008-07,0.7,,
ESTAT:PRC_HICP_MINR(1.0),02/10/26 11:00:00,Monthly,Monthly rate of change,Total,Estonia,2008-08,0.2,,
ESTAT:PRC_HICP_MINR(1.0),02/10/26 11:00:00,Monthly,Monthly rate of change,Total,Estonia,2008-09,0.8,,
ESTAT:PRC_HICP_MINR(1.0),02/10/26 11:00:00,Monthly,Monthly rate of change,Total,Estonia,2008-10,0.4,,
ESTAT:PRC_HICP_MINR(1.0),02/10/26 11:00:00,Monthly,Monthly rate of change,Total,Estonia,2008-11,-0.2,,
ESTAT:PRC_HICP_MINR(1.0),02/10/26 11:00:00,Monthly,Monthly rate of change,Total,Estonia,2008-12,-0.1,,
ESTAT:PRC_HICP_MINR(1.0),02/10/26 11:00:00,Monthly,Monthly rate of change,Total,Estonia,2009-01,-0.6,,
ESTAT:PRC_HICP_MINR(1.0),02/10/26 11:00:00,Monthly,Monthly rate of change,Total,Estonia,2009-02,-0.4,,
ESTAT:PRC_HICP_MINR(1.0),02/10/26 11:00:00,Monthly,Monthly rate of change,Total,Estonia,2009-03,-0.5,,
ESTAT:PRC_HICP_MINR(1.0),02/10/26 11:00:00,Monthly,Monthly rate of change,Total,Estonia,2009-04,-0.6,,
ESTAT:PRC_HICP_MINR(1.0),02/10/26 11:00:00,Monthly,Monthly rate of change,Total,Estonia,2009-05,0.0,,
ESTAT:PRC_HICP_MINR(1.0),02/10/26 11:00:00,Monthly,Monthly rate of change,Total,Estonia,2009-06,-0.2,,
ESTAT:PRC_HICP_MINR(1.0),02/10/26 11:00:00,Monthly,Monthly rate of change,Total,Estonia,2009-07,0.8,,
ESTAT:PRC_HICP_MINR(1.0),02/10/26 11:00:00,Monthly,Monthly rate of change,Total,Estonia,2009-08,-0.1,,
ESTAT:PRC_HICP_MINR(1.0),02/10/26 11:00:00,Monthly,Monthly rate of change,Total,Estonia,2009-09,-0.2,,
ESTAT:PRC_HICP_MINR(1.0),02/10/26 11:00:00,Monthly,Monthly rate of change,Total,Estonia,2009-10,-0.1,,
ESTAT:PRC_HICP_MINR(1.0),02/10/26 11:00:00,Monthly,Monthly rate of change,Total,Estonia,2009-11,-0.3,,
ESTAT:PRC_HICP_MINR(1.0),02/10/26 11:00:00,Monthly,Monthly rate of change,Total,Estonia,2009-12,0.1,,
ESTAT:PRC_HICP_MINR(1.0),02/10/26 11:00:00,Monthly,Monthly rate of change,Total,Estonia,2010-01,0.3,,
ESTAT:PRC_HICP_MINR(1.0),02/10/26 11:00:00,Monthly,Monthly rate of change,Total,Estonia,2010-02,0.2,,
ESTAT:PRC_HICP_MINR(1.0),02/10/26 11:00:00,Monthly,Monthly rate of change,Total,Estonia,2010-03,1.2,,
ESTAT:PRC_HICP_MINR(1.0),02/10/26 11:00:00,Monthly,Monthly rate of change,Total,Estonia,2010-04,0.5,,
ESTAT:PRC_HICP_MINR(1.0),02/10/26 11:00:00,Monthly,Monthly rate of change,Total,Estonia,2010-05,0.3,,
ESTAT:PRC_HICP_MINR(1.0),02/10/26 11:00:00,Monthly,Monthly rate of change,Total,Estonia,2010-06,0.4,,
ESTAT:PRC_HICP_MINR(1.0),02/10/26 11:00:00,Monthly,Monthly rate of change,Total,Estonia,2010-07,0.2,,
ESTAT:PRC_HICP_MINR(1.0),02/10/26 11:00:00,Monthly,Monthly rate of change,Total,Estonia,2010-08,0.0,,
ESTAT:PRC_HICP_MINR(1.0),02/10/26 11:00:00,Monthly,Monthly rate of change,Total,Estonia,2010-09,0.8,,
ESTAT:PRC_HICP_MINR(1.0),02/10/26 11:00:00,Monthly,Monthly rate of change,Total,Estonia,2010-10,0.5,,
ESTAT:PRC_HICP_MINR(1.0),02/10/26 11:00:00,Monthly,Monthly rate of change,Total,Estonia,2010-11,0.3,,
ESTAT:PRC_HICP_MINR(1.0),02/10/26 11:00:00,Monthly,Monthly rate of change,Total,Estonia,2010-12,0.5,,
ESTAT:PRC_HICP_MINR(1.0),02/10/26 11:00:00,Monthly,Monthly rate of change,Total,Estonia,2011-01,0.0,,
ESTAT:PRC_HICP_MINR(1.0),02/10/26 11:00:00,Monthly,Monthly rate of change,Total,Estonia,2011-02,0.7,,
ESTAT:PRC_HICP_MINR(1.0),02/10/26 11:00:00,Monthly,Monthly rate of change,Total,Estonia,2011-03,0.8,,
ESTAT:PRC_HICP_MINR(1.0),02/10/26 11:00:00,Monthly,Monthly rate of change,Total,Estonia,2011-04,0.8,,
ESTAT:PRC_HICP_MINR(1.0),02/10/26 11:00:00,Monthly,Monthly rate of change,Total,Estonia,2011-05,0.4,,
ESTAT:PRC_HICP_MINR(1.0),02/10/26 11:00:00,Monthly,Monthly rate of change,Total,Estonia,2011-06,-0.2,,
ESTAT:PRC_HICP_MINR(1.0),02/10/26 11:00:00,Monthly,Monthly rate of change,Total,Estonia,2011-07,0.6,,
ESTAT:PRC_HICP_MINR(1.0),02/10/26 11:00:00,Monthly,Monthly rate of change,Total,Estonia,2011-08,0.3,,
ESTAT:PRC_HICP_MINR(1.0),02/10/26 11:00:00,Monthly,Monthly rate of change,Total,Estonia,2011-09,0.6,,
ESTAT:PRC_HICP_MINR(1.0),02/10/26 11:00:00,Monthly,Monthly rate of change,Total,Estonia,2011-10,-0.1,,
ESTAT:PRC_HICP_MINR(1.0),02/10/26 11:00:00,Monthly,Monthly rate of change,Total,Estonia,2011-11,0.1,,
ESTAT:PRC_HICP_MINR(1.0),02/10/26 11:00:00,Monthly,Monthly rate of change,Total,Estonia,2011-12,0.1,,
ESTAT:PRC_HICP_MINR(1.0),02/10/26 11:00:00,Monthly,Monthly rate of change,Total,Estonia,2012-01,0.6,,
ESTAT:PRC_HICP_MINR(1.0),02/10/26 11:00:00,Monthly,Monthly rate of change,Total,Estonia,2012-02,0.4,,
ESTAT:PRC_HICP_MINR(1.0),02/10/26 11:00:00,Monthly,Monthly rate of change,Total,Estonia,2012-03,1.0,,
ESTAT:PRC_HICP_MINR(1.0),02/10/26 11:00:00,Monthly,Monthly rate of change,Total,Estonia,2012-04,0.4,,
ESTAT:PRC_HICP_MINR(1.0),02/10/26 11:00:00,Monthly,Monthly rate of change,Total,Estonia,2012-05,0.2,,
ESTAT:PRC_HICP_MINR(1.0),02/10/26 11:00:00,Monthly,Monthly rate of change,Total,Estonia,2012-06,0.1,,
ESTAT:PRC_HICP_MINR(1.0),02/10/26 11:00:00,Monthly,Monthly rate of change,Total,Estonia,2012-07,0.3,,
ESTAT:PRC_HICP_MINR(1.0),02/10/26 11:00:00,Monthly,Monthly rate of change,Total,Estonia,2012-08,0.3,,
ESTAT:PRC_HICP_MINR(1.0),02/10/26 11:00:00,Monthly,Monthly rate of change,Total,Estonia,2012-09,0.4,,
ESTAT:PRC_HICP_MINR(1.0),02/10/26 11:00:00,Monthly,Monthly rate of change,Total,Estonia,2012-10,0.1,,
ESTAT:PRC_HICP_MINR(1.0),02/10/26 11:00:00,Monthly,Monthly rate of change,Total,Estonia,2012-11,-0.3,,
ESTAT:PRC_HICP_MINR(1.0),02/10/26 11:00:00,Monthly,Monthly rate of change,Total,Estonia,2012-12,0.0,,
ESTAT:PRC_HICP_MINR(1.0),02/10/26 11:00:00,Monthly,Monthly rate of change,Total,Estonia,2013-01,0.7,,
ESTAT:PRC_HICP_MINR(1.0),02/10/26 11:00:00,Monthly,Monthly rate of change,Total,Estonia,2013-02,0.7,,
ESTAT:PRC_HICP_MINR(1.0),02/10/26 11:00:00,Monthly,Monthly rate of change,Total,Estonia,2013-03,0.8,,
ESTAT:PRC_HICP_MINR(1.0),02/10/26 11:00:00,Monthly,Monthly rate of change,Total,Estonia,2013-04,0.1,,
ESTAT:PRC_HICP_MINR(1.0),02/10/26 11:00:00,Monthly,Monthly rate of change,Total,Estonia,2013-05,0.4,,
ESTAT:PRC_HICP_MINR(1.0),02/10/26 11:00:00,Monthly,Monthly rate of change,Total,Estonia,2013-06,0.6,,
ESTAT:PRC_HICP_MINR(1.0),02/10/26 11:00:00,Monthly,Monthly rate of change,Total,Estonia,2013-07,0.2,,
ESTAT:PRC_HICP_MINR(1.0),02/10/26 11:00:00,Monthly,Monthly rate of change,Total,Estonia,2013-08,0.0,,
ESTAT:PRC_HICP_MINR(1.0),02/10/26 11:00:00,Monthly,Monthly rate of change,Total,Estonia,2013-09,-0.5,,
ESTAT:PRC_HICP_MINR(1.0),02/10/26 11:00:00,Monthly,Monthly rate of change,Total,Estonia,2013-10,-0.3,,
ESTAT:PRC_HICP_MINR(1.0),02/10/26 11:00:00,Monthly,Monthly rate of change,Total,Estonia,2013-11,-0.5,,
ESTAT:PRC_HICP_MINR(1.0),02/10/26 11:00:00,Monthly,Monthly rate of change,Total,Estonia,2013-12,0.0,,
ESTAT:PRC_HICP_MINR(1.0),02/10/26 11:00:00,Monthly,Monthly rate of change,Total,Estonia,2014-01,0.2,,
ESTAT:PRC_HICP_MINR(1.0),02/10/26 11:00:00,Monthly,Monthly rate of change,Total,Estonia,2014-02,0.2,,
ESTAT:PRC_HICP_MINR(1.0),02/10/26 11:00:00,Monthly,Monthly rate of change,Total,Estonia,2014-03,0.4,,
ESTAT:PRC_HICP_MINR(1.0),02/10/26 11:00:00,Monthly,Monthly rate of change,Total,Estonia,2014-04,0.2,,
ESTAT:PRC_HICP_MINR(1.0),02/10/26 11:00:00,Monthly,Monthly rate of change,Total,Estonia,2014-05,0.2,,
ESTAT:PRC_HICP_MINR(1.0),02/10/26 11:00:00,Monthly,Monthly rate of change,Total,Estonia,2014-06,0.3,,
ESTAT:PRC_HICP_MINR(1.0),02/10/26 11:00:00,Monthly,Monthly rate of change,Total,Estonia,2014-07,-0.2,,
ESTAT:PRC_HICP_MINR(1.0),02/10/26 11:00:00,Monthly,Monthly rate of change,Total,Estonia,2014-08,-0.2,,
ESTAT:PRC_HICP_MINR(1.0),02/10/26 11:00:00,Monthly,Monthly rate of change,Total,Estonia,2014-09,-0.1,,
ESTAT:PRC_HICP_MINR(1.0),02/10/26 11:00:00,Monthly,Monthly rate of change,Total,Estonia,2014-10,-0.1,,
ESTAT:PRC_HICP_MINR(1.0),02/10/26 11:00:00,Monthly,Monthly rate of change,Total,Estonia,2014-11,-0.9,,
ESTAT:PRC_HICP_MINR(1.0),02/10/26 11:00:00,Monthly,Monthly rate of change,Total,Estonia,2014-12,0.0,,
ESTAT:PRC_HICP_MINR(1.0),02/10/26 11:00:00,Monthly,Monthly rate of change,Total,Estonia,2015-01,-0.4,,
ESTAT:PRC_HICP_MINR(1.0),02/10/26 11:00:00,Monthly,Monthly rate of change,Total,Estonia,2015-02,0.5,,
ESTAT:PRC_HICP_MINR(1.0),02/10/26 11:00:00,Monthly,Monthly rate of change,Total,Estonia,2015-03,0.7,,
ESTAT:PRC_HICP_MINR(1.0),02/10/26 11:00:00,Monthly,Monthly rate of change,Total,Estonia,2015-04,0.6,,
ESTAT:PRC_HICP_MINR(1.0),02/10/26 11:00:00,Monthly,Monthly rate of change,Total,Estonia,2015-05,0.4,,
ESTAT:PRC_HICP_MINR(1.0),02/10/26 11:00:00,Monthly,Monthly rate of change,Total,Estonia,2015-06,0.0,,
ESTAT:PRC_HICP_MINR(1.0),02/10/26 11:00:00,Monthly,Monthly rate of change,Total,Estonia,2015-07,-0.3,,
ESTAT:PRC_HICP_MINR(1.0),02/10/26 11:00:00,Monthly,Monthly rate of change,Total,Estonia,2015-08,-0.2,,
ESTAT:PRC_HICP_MINR(1.0),02/10/26 11:00:00,Monthly,Monthly rate of change,Total,Estonia,2015-09,-0.6,,
ESTAT:PRC_HICP_MINR(1.0),02/10/26 11:00:00,Monthly,Monthly rate of change,Total,Estonia,2015-10,0.2,,
ESTAT:PRC_HICP_MINR(1.0),02/10/26 11:00:00,Monthly,Monthly rate of change,Total,Estonia,2015-11,-0.3,,
ESTAT:PRC_HICP_MINR(1.0),02/10/26 11:00:00,Monthly,Monthly rate of change,Total,Estonia,2015-12,-0.7,,
ESTAT:PRC_HICP_MINR(1.0),02/10/26 11:00:00,Monthly,Monthly rate of change,Total,Estonia,2016-01,-0.2,,
ESTAT:PRC_HICP_MINR(1.0),02/10/26 11:00:00,Monthly,Monthly rate of change,Total,Estonia,2016-02,0.8,,
ESTAT:PRC_HICP_MINR(1.0),02/10/26 11:00:00,Monthly,Monthly rate of change,Total,Estonia,2016-03,0.8,,
ESTAT:PRC_HICP_MINR(1.0),02/10/26 11:00:00,Monthly,Monthly rate of change,Total,Estonia,2016-04,0.1,,
ESTAT:PRC_HICP_MINR(1.0),02/10/26 11:00:00,Monthly,Monthly rate of change,Total,Estonia,2016-05,0.4,,
ESTAT:PRC_HICP_MINR(1.0),02/10/26 11:00:00,Monthly,Monthly rate of change,Total,Estonia,2016-06,0.5,,
ESTAT:PRC_HICP_MINR(1.0),02/10/26 11:00:00,Monthly,Monthly rate of change,Total,Estonia,2016-07,0.0,,
ESTAT:PRC_HICP_MINR(1.0),02/10/26 11:00:00,Monthly,Monthly rate of change,Total,Estonia,2016-08,0.1,,
ESTAT:PRC_HICP_MINR(1.0),02/10/26 11:00:00,Monthly,Monthly rate of change,Total,Estonia,2016-09,0.0,,
ESTAT:PRC_HICP_MINR(1.0),02/10/26 11:00:00,Monthly,Monthly rate of change,Total,Estonia,2016-10,-0.5,,
ESTAT:PRC_HICP_MINR(1.0),02/10/26 11:00:00,Monthly,Monthly rate of change,Total,Estonia,2016-11,0.0,,
ESTAT:PRC_HICP_MINR(1.0),02/10/26 11:00:00,Monthly,Monthly rate of change,Total,Estonia,2016-12,0.3,,
ESTAT:PRC_HICP_MINR(1.0),02/10/26 11:00:00,Monthly,Monthly rate of change,Total,Estonia,2017-01,0.3,,
ESTAT:PRC_HICP_MINR(1.0),02/10/26 11:00:00,Monthly,Monthly rate of change,Total,Estonia,2017-02,1.4,,
ESTAT:PRC_HICP_MINR(1.0),02/10/26 11:00:00,Monthly,Monthly rate of change,Total,Estonia,2017-03,0.4,,
ESTAT:PRC_HICP_MINR(1.0),02/10/26 11:00:00,Monthly,Monthly rate of change,Total,Estonia,2017-04,0.6,,
ESTAT:PRC_HICP_MINR(1.0),02/10/26 11:00:00,Monthly,Monthly rate of change,Total,Estonia,2017-05,0.3,,
ESTAT:PRC_HICP_MINR(1.0),02/10/26 11:00:00,Monthly,Monthly rate of change,Total,Estonia,2017-06,0.1,,
ESTAT:PRC_HICP_MINR(1.0),02/10/26 11:00:00,Monthly,Monthly rate of change,Total,Estonia,2017-07,0.8,,
ESTAT:PRC_HICP_MINR(1.0),02/10/26 11:00:00,Monthly,Monthly rate of change,Total,Estonia,2017-08,0.4,,
ESTAT:PRC_HICP_MINR(1.0),02/10/26 11:00:00,Monthly,Monthly rate of change,Total,Estonia,2017-09,-0.2,,
ESTAT:PRC_HICP_MINR(1.0),02/10/26 11:00:00,Monthly,Monthly rate of change,Total,Estonia,2017-10,-0.4,,
ESTAT:PRC_HICP_MINR(1.0),02/10/26 11:00:00,Monthly,Monthly rate of change,Total,Estonia,2017-11,0.4,,
ESTAT:PRC_HICP_MINR(1.0),02/10/26 11:00:00,Monthly,Monthly rate of change,Total,Estonia,2017-12,-0.4,,
ESTAT:PRC_HICP_MINR(1.0),02/10/26 11:00:00,Monthly,Monthly rate of change,Total,Estonia,2018-01,0.1,,
ESTAT:PRC_HICP_MINR(1.0),02/10/26 11:00:00,Monthly,Monthly rate of change,Total,Estonia,2018-02,1.0,,
ESTAT:PRC_HICP_MINR(1.0),02/10/26 11:00:00,Monthly,Monthly rate of change,Total,Estonia,2018-03,0.1,,
ESTAT:PRC_HICP_MINR(1.0),02/10/26 11:00:00,Monthly,Monthly rate of change,Total,Estonia,2018-04,0.6,,
ESTAT:PRC_HICP_MINR(1.0),02/10/26 11:00:00,Monthly,Monthly rate of change,Total,Estonia,2018-05,0.5,,
ESTAT:PRC_HICP_MINR(1.0),02/10/26 11:00:00,Monthly,Monthly rate of change,Total,Estonia,2018-06,1.0,,
ESTAT:PRC_HICP_MINR(1.0),02/10/26 11:00:00,Monthly,Monthly rate of change,Total,Estonia,2018-07,0.2,,
ESTAT:PRC_HICP_MINR(1.0),02/10/26 11:00:00,Monthly,Monthly rate of change,Total,Estonia,2018-08,0.6,,
ESTAT:PRC_HICP_MINR(1.0),02/10/26 11:00:00,Monthly,Monthly rate of change,Total,Estonia,2018-09,-0.3,,
ESTAT:PRC_HICP_MINR(1.0),02/10/26 11:00:00,Monthly,Monthly rate of change,Total,Estonia,2018-10,0.6,,
ESTAT:PRC_HICP_MINR(1.0),02/10/26 11:00:00,Monthly,Monthly rate of change,Total,Estonia,2018-11,-0.8,,
ESTAT:PRC_HICP_MINR(1.0),02/10/26 11:00:00,Monthly,Monthly rate of change,Total,Estonia,2018-12,-0.3,,
ESTAT:PRC_HICP_MINR(1.0),02/10/26 11:00:00,Monthly,Monthly rate of change,Total,Estonia,2019-01,-0.4,,
ESTAT:PRC_HICP_MINR(1.0),02/10/26 11:00:00,Monthly,Monthly rate of change,Total,Estonia,2019-02,0.2,,
ESTAT:PRC_HICP_MINR(1.0),02/10/26 11:00:00,Monthly,Monthly rate of change,Total,Estonia,2019-03,0.4,,
ESTAT:PRC_HICP_MINR(1.0),02/10/26 11:00:00,Monthly,Monthly rate of change,Total,Estonia,2019-04,1.5,,
ESTAT:PRC_HICP_MINR(1.0),02/10/26 11:00:00,Monthly,Monthly rate of change,Total,Estonia,2019-05,0.4,,
ESTAT:PRC_HICP_MINR(1.0),02/10/26 11:00:00,Monthly,Monthly rate of change,Total,Estonia,2019-06,0.5,,
ESTAT:PRC_HICP_MINR(1.0),02/10/26 11:00:00,Monthly,Monthly rate of change,Total,Estonia,2019-07,-0.3,,
ESTAT:PRC_HICP_MINR(1.0),02/10/26 11:00:00,Monthly,Monthly rate of change,Total,Estonia,2019-08,0.7,,
ESTAT:PRC_HICP_MINR(1.0),02/10/26 11:00:00,Monthly,Monthly rate of change,Total,Estonia,2019-09,-0.1,,
ESTAT:PRC_HICP_MINR(1.0),02/10/26 11:00:00,Monthly,Monthly rate of change,Total,Estonia,2019-10,-0.2,,
ESTAT:PRC_HICP_MINR(1.0),02/10/26 11:00:00,Monthly,Monthly rate of change,Total,Estonia,2019-11,-0.4,,
ESTAT:PRC_HICP_MINR(1.0),02/10/26 11:00:00,Monthly,Monthly rate of change,Total,Estonia,2019-12,-0.3,,
ESTAT:PRC_HICP_MINR(1.0),02/10/26 11:00:00,Monthly,Monthly rate of change,Total,Estonia,2020-01,-0.6,,
ESTAT:PRC_HICP_MINR(1.0),02/10/26 11:00:00,Monthly,Monthly rate of change,Total,Estonia,2020-02,0.6,,
ESTAT:PRC_HICP_MINR(1.0),02/10/26 11:00:00,Monthly,Monthly rate of change,Total,Estonia,2020-03,-0.6,,
ESTAT:PRC_HICP_MINR(1.0),02/10/26 11:00:00,Monthly,Monthly rate of change,Total,Estonia,2020-04,-0.3,,
ESTAT:PRC_HICP_MINR(1.0),02/10/26 11:00:00,Monthly,Monthly rate of change,Total,Estonia,2020-05,-0.6,,
ESTAT:PRC_HICP_MINR(1.0),02/10/26 11:00:00,Monthly,Monthly rate of change,Total,Estonia,2020-06,0.7,,
ESTAT:PRC_HICP_MINR(1.0),02/10/26 11:00:00,Monthly,Monthly rate of change,Total,Estonia,2020-07,0.0,,
ESTAT:PRC_HICP_MINR(1.0),02/10/26 11:00:00,Monthly,Monthly rate of change,Total,Estonia,2020-08,0.6,,
ESTAT:PRC_HICP_MINR(1.0),02/10/26 11:00:00,Monthly,Monthly rate of change,Total,Estonia,2020-09,-0.1,,
ESTAT:PRC_HICP_MINR(1.0),02/10/26 11:00:00,Monthly,Monthly rate of change,Total,Estonia,2020-10,-0.6,,
ESTAT:PRC_HICP_MINR(1.0),02/10/26 11:00:00,Monthly,Monthly rate of change,Total,Estonia,2020-11,0.1,,
ESTAT:PRC_HICP_MINR(1.0),02/10/26 11:00:00,Monthly,Monthly rate of change,Total,Estonia,2020-12,0.0,,
ESTAT:PRC_HICP_MINR(1.0),02/10/26 11:00:00,Monthly,Monthly rate of change,Total,Estonia,2021-01,0.5,,
ESTAT:PRC_HICP_MINR(1.0),02/10/26 11:00:00,Monthly,Monthly rate of change,Total,Estonia,2021-02,0.8,,
ESTAT:PRC_HICP_MINR(1.0),02/10/26 11:00:00,Monthly,Monthly rate of change,Total,Estonia,2021-03,-0.2,,
ESTAT:PRC_HICP_MINR(1.0),02/10/26 11:00:00,Monthly,Monthly rate of change,Total,Estonia,2021-04,0.4,,
ESTAT:PRC_HICP_MINR(1.0),02/10/26 11:00:00,Monthly,Monthly rate of change,Total,Estonia,2021-05,1.0,,
ESTAT:PRC_HICP_MINR(1.0),02/10/26 11:00:00,Monthly,Monthly rate of change,Total,Estonia,2021-06,1.2,,
ESTAT:PRC_HICP_MINR(1.0),02/10/26 11:00:00,Monthly,Monthly rate of change,Total,Estonia,2021-07,1.1,,
ESTAT:PRC_HICP_MINR(1.0),02/10/26 11:00:00,Monthly,Monthly rate of change,Total,Estonia,2021-08,0.7,,
ESTAT:PRC_HICP_MINR(1.0),02/10/26 11:00:00,Monthly,Monthly rate of change,Total,Estonia,2021-09,1.2,,
ESTAT:PRC_HICP_MINR(1.0),02/10/26 11:00:00,Monthly,Monthly rate of change,Total,Estonia,2021-10,-0.2,,
ESTAT:PRC_HICP_MINR(1.0),02/10/26 11:00:00,Monthly,Monthly rate of change,Total,Estonia,2021-11,1.8,,
ESTAT:PRC_HICP_MINR(1.0),02/10/26 11:00:00,Monthly,Monthly rate of change,Total,Estonia,2021-12,3.2,,
ESTAT:PRC_HICP_MINR(1.0),02/10/26 11:00:00,Monthly,Monthly rate of change,Total,Estonia,2022-01,-0.3,,
ESTAT:PRC_HICP_MINR(1.0),02/10/26 11:00:00,Monthly,Monthly rate of change,Total,Estonia,2022-02,1.3,,
ESTAT:PRC_HICP_MINR(1.0),02/10/26 11:00:00,Monthly,Monthly rate of change,Total,Estonia,2022-03,2.6,,
ESTAT:PRC_HICP_MINR(1.0),02/10/26 11:00:00,Monthly,Monthly rate of change,Total,Estonia,2022-04,4.2,,
ESTAT:PRC_HICP_MINR(1.0),02/10/26 11:00:00,Monthly,Monthly rate of change,Total,Estonia,2022-05,1.8,,
ESTAT:PRC_HICP_MINR(1.0),02/10/26 11:00:00,Monthly,Monthly rate of change,Total,Estonia,2022-06,2.8,,
ESTAT:PRC_HICP_MINR(1.0),02/10/26 11:00:00,Monthly,Monthly rate of change,Total,Estonia,2022-07,2.1,,
ESTAT:PRC_HICP_MINR(1.0),02/10/26 11:00:00,Monthly,Monthly rate of change,Total,Estonia,2022-08,2.3,,
ESTAT:PRC_HICP_MINR(1.0),02/10/26 11:00:00,Monthly,Monthly rate of change,Total,Estonia,2022-09,0.3,,
ESTAT:PRC_HICP_MINR(1.0),02/10/26 11:00:00,Monthly,Monthly rate of change,Total,Estonia,2022-10,-1.6,,
ESTAT:PRC_HICP_MINR(1.0),02/10/26 11:00:00,Monthly,Monthly rate of change,Total,Estonia,2022-11,0.9,,
ESTAT:PRC_HICP_MINR(1.0),02/10/26 11:00:00,Monthly,Monthly rate of change,Total,Estonia,2022-12,-0.1,,
ESTAT:PRC_HICP_MINR(1.0),02/10/26 11:00:00,Monthly,Monthly rate of change,Total,Estonia,2023-01,0.6,,
ESTAT:PRC_HICP_MINR(1.0),02/10/26 11:00:00,Monthly,Monthly rate of change,Total,Estonia,2023-02,0.7,,
ESTAT:PRC_HICP_MINR(1.0),02/10/26 11:00:00,Monthly,Monthly rate of change,Total,Estonia,2023-03,0.7,,
ESTAT:PRC_HICP_MINR(1.0),02/10/26 11:00:00,Monthly,Monthly rate of change,Total,Estonia,2023-04,1.9,,
ESTAT:PRC_HICP_MINR(1.0),02/10/26 11:00:00,Monthly,Monthly rate of change,Total,Estonia,2023-05,0.0,,
ESTAT:PRC_HICP_MINR(1.0),02/10/26 11:00:00,Monthly,Monthly rate of change,Total,Estonia,2023-06,0.8,,
ESTAT:PRC_HICP_MINR(1.0),02/10/26 11:00:00,Monthly,Monthly rate of change,Total,Estonia,2023-07,-0.5,,
ESTAT:PRC_HICP_MINR(1.0),02/10/26 11:00:00,Monthly,Monthly rate of change,Total,Estonia,2023-08,0.5,,
ESTAT:PRC_HICP_MINR(1.0),02/10/26 11:00:00,Monthly,Monthly rate of change,Total,Estonia,2023-09,-0.1,,
ESTAT:PRC_HICP_MINR(1.0),02/10/26 11:00:00,Monthly,Monthly rate of change,Total,Estonia,2023-10,-0.5,,
ESTAT:PRC_HICP_MINR(1.0),02/10/26 11:00:00,Monthly,Monthly rate of change,Total,Estonia,2023-11,0.0,,
ESTAT:PRC_HICP_MINR(1.0),02/10/26 11:00:00,Monthly,Monthly rate of change,Total,Estonia,2023-12,0.0,,
ESTAT:PRC_HICP_MINR(1.0),02/10/26 11:00:00,Monthly,Monthly rate of change,Total,Estonia,2024-01,1.3,,
ESTAT:PRC_HICP_MINR(1.0),02/10/26 11:00:00,Monthly,Monthly rate of change,Total,Estonia,2024-02,0.1,,
ESTAT:PRC_HICP_MINR(1.0),02/10/26 11:00:00,Monthly,Monthly rate of change,Total,Estonia,2024-03,0.4,,
ESTAT:PRC_HICP_MINR(1.0),02/10/26 11:00:00,Monthly,Monthly rate of change,Total,Estonia,2024-04,1.0,,
ESTAT:PRC_HICP_MINR(1.0),02/10/26 11:00:00,Monthly,Monthly rate of change,Total,Estonia,2024-05,0.0,,
ESTAT:PRC_HICP_MINR(1.0),02/10/26 11:00:00,Monthly,Monthly rate of change,Total,Estonia,2024-06,0.5,,
ESTAT:PRC_HICP_MINR(1.0),02/10/26 11:00:00,Monthly,Monthly rate of change,Total,Estonia,2024-07,0.2,,
ESTAT:PRC_HICP_MINR(1.0),02/10/26 11:00:00,Monthly,Monthly rate of change,Total,Estonia,2024-08,0.4,,
ESTAT:PRC_HICP_MINR(1.0),02/10/26 11:00:00,Monthly,Monthly rate of change,Total,Estonia,2024-09,-0.3,,
ESTAT:PRC_HICP_MINR(1.0),02/10/26 11:00:00,Monthly,Monthly rate of change,Total,Estonia,2024-10,0.8,,
ESTAT:PRC_HICP_MINR(1.0),02/10/26 11:00:00,Monthly,Monthly rate of change,Total,Estonia,2024-11,-0.7,,
ESTAT:PRC_HICP_MINR(1.0),02/10/26 11:00:00,Monthly,Monthly rate of change,Total,Estonia,2024-12,0.3,,
ESTAT:PRC_HICP_MINR(1.0),02/10/26 11:00:00,Monthly,Monthly rate of change,Total,Estonia,2025-01,1.0,,
ESTAT:PRC_HICP_MINR(1.0),02/10/26 11:00:00,Monthly,Monthly rate of change,Total,Estonia,2025-02,1.3,,
ESTAT:PRC_HICP_MINR(1.0),02/10/26 11:00:00,Monthly,Monthly rate of change,Total,Estonia,2025-03,-0.3,,
ESTAT:PRC_HICP_MINR(1.0),02/10/26 11:00:00,Monthly,Monthly rate of change,Total,Estonia,2025-04,1.2,,
ESTAT:PRC_HICP_MINR(1.0),02/10/26 11:00:00,Monthly,Monthly rate of change,Total,Estonia,2025-05,0.1,,
ESTAT:PRC_HICP_MINR(1.0),02/10/26 11:00:00,Monthly,Monthly rate of change,Total,Estonia,2025-06,1.1,,
ESTAT:PRC_HICP_MINR(1.0),02/10/26 11:00:00,Monthly,Monthly rate of change,Total,Estonia,2025-07,0.5,,
ESTAT:PRC_HICP_MINR(1.0),02/10/26 11:00:00,Monthly,Monthly rate of change,Total,Estonia,2025-08,0.9,,
ESTAT:PRC_HICP_MINR(1.0),02/10/26 11:00:00,Monthly,Monthly rate of change,Total,Estonia,2025-09,-1.1,,
ESTAT:PRC_HICP_MINR(1.0),02/10/26 11:00:00,Monthly,Monthly rate of change,Total,Estonia,2025-10,0.1,,
ESTAT:PRC_HICP_MINR(1.0),02/10/26 11:00:00,Monthly,Monthly rate of change,Total,Estonia,2025-11,-0.5,,
ESTAT:PRC_HICP_MINR(1.0),02/10/26 11:00:00,Monthly,Monthly rate of change,Total,Estonia,2025-12,-0.4,,
ESTAT:PRC_HICP_MINR(1.0),02/10/26 11:00:00,Monthly,Monthly rate of change,Total,Greece,2006-01,-0.2,,
ESTAT:PRC_HICP_MINR(1.0),02/10/26 11:00:00,Monthly,Monthly rate of change,Total,Greece,2006-02,-1.6,,
ESTAT:PRC_HICP_MINR(1.0),02/10/26 11:00:00,Monthly,Monthly rate of change,Total,Greece,2006-03,2.7,,
ESTAT:PRC_HICP_MINR(1.0),02/10/26 11:00:00,Monthly,Monthly rate of change,Total,Greece,2006-04,1.0,,
ESTAT:PRC_HICP_MINR(1.0),02/10/26 11:00:00,Monthly,Monthly rate of change,Total,Greece,2006-05,0.1,,
ESTAT:PRC_HICP_MINR(1.0),02/10/26 11:00:00,Monthly,Monthly rate of change,Total,Greece,2006-06,-0.1,,
ESTAT:PRC_HICP_MINR(1.0),02/10/26 11:00:00,Monthly,Monthly rate of change,Total,Greece,2006-07,-0.9,,
ESTAT:PRC_HICP_MINR(1.0),02/10/26 11:00:00,Monthly,Monthly rate of change,Total,Greece,2006-08,-1.0,,
ESTAT:PRC_HICP_MINR(1.0),02/10/26 11:00:00,Monthly,Monthly rate of change,Total,Greece,2006-09,2.1,,
ESTAT:PRC_HICP_MINR(1.0),02/10/26 11:00:00,Monthly,Monthly rate of change,Total,Greece,2006-10,0.7,,
ESTAT:PRC_HICP_MINR(1.0),02/10/26 11:00:00,Monthly,Monthly rate of change,Total,Greece,2006-11,-0.2,,
ESTAT:PRC_HICP_MINR(1.0),02/10/26 11:00:00,Monthly,Monthly rate of change,Total,Greece,2006-12,0.6,,
ESTAT:PRC_HICP_MINR(1.0),02/10/26 11:00:00,Monthly,Monthly rate of change,Total,Greece,2007-01,-0.4,,
ESTAT:PRC_HICP_MINR(1.0),02/10/26 11:00:00,Monthly,Monthly rate of change,Total,Greece,2007-02,-1.6,,
ESTAT:PRC_HICP_MINR(1.0),02/10/26 11:00:00,Monthly,Monthly rate of change,Total,Greece,2007-03,2.5,,
ESTAT:PRC_HICP_MINR(1.0),02/10/26 11:00:00,Monthly,Monthly rate of change,Total,Greece,2007-04,0.8,,
ESTAT:PRC_HICP_MINR(1.0),02/10/26 11:00:00,Monthly,Monthly rate of change,Total,Greece,2007-05,0.2,,
ESTAT:PRC_HICP_MINR(1.0),02/10/26 11:00:00,Monthly,Monthly rate of change,Total,Greece,2007-06,0.0,,
ESTAT:PRC_HICP_MINR(1.0),02/10/26 11:00:00,Monthly,Monthly rate of change,Total,Greece,2007-07,-0.8,,
ESTAT:PRC_HICP_MINR(1.0),02/10/26 11:00:00,Monthly,Monthly rate of change,Total,Greece,2007-08,-1.0,,
ESTAT:PRC_HICP_MINR(1.0),02/10/26 11:00:00,Monthly,Monthly rate of change,Total,Greece,2007-09,2.3,,
ESTAT:PRC_HICP_MINR(1.0),02/10/26 11:00:00,Monthly,Monthly rate of change,Total,Greece,2007-10,0.7,,
ESTAT:PRC_HICP_MINR(1.0),02/10/26 11:00:00,Monthly,Monthly rate of change,Total,Greece,2007-11,0.8,,
ESTAT:PRC_HICP_MINR(1.0),02/10/26 11:00:00,Monthly,Monthly rate of change,Total,Greece,2007-12,0.5,,
ESTAT:PRC_HICP_MINR(1.0),02/10/26 11:00:00,Monthly,Monthly rate of change,Total,Greece,2008-01,-0.3,,
ESTAT:PRC_HICP_MINR(1.0),02/10/26 11:00:00,Monthly,Monthly rate of change,Total,Greece,2008-02,-1.0,,
ESTAT:PRC_HICP_MINR(1.0),02/10/26 11:00:00,Monthly,Monthly rate of change,Total,Greece,2008-03,2.3,,
ESTAT:PRC_HICP_MINR(1.0),02/10/26 11:00:00,Monthly,Monthly rate of change,Total,Greece,2008-04,0.8,,
ESTAT:PRC_HICP_MINR(1.0),02/10/26 11:00:00,Monthly,Monthly rate of change,Total,Greece,2008-05,0.7,,
ESTAT:PRC_HICP_MINR(1.0),02/10/26 11:00:00,Monthly,Monthly rate of change,Total,Greece,2008-06,0.0,,
ESTAT:PRC_HICP_MINR(1.0),02/10/26 11:00:00,Monthly,Monthly rate of change,Total,Greece,2008-07,-0.8,,
ESTAT:PRC_HICP_MINR(1.0),02/10/26 11:00:00,Monthly,Monthly rate of change,Total,Greece,2008-08,-1.1,,
ESTAT:PRC_HICP_MINR(1.0),02/10/26 11:00:00,Monthly,Monthly rate of change,Total,Greece,2008-09,2.1,,
ESTAT:PRC_HICP_MINR(1.0),02/10/26 11:00:00,Monthly,Monthly rate of change,Total,Greece,2008-10,0.0,,
ESTAT:PRC_HICP_MINR(1.0),02/10/26 11:00:00,Monthly,Monthly rate of change,Total,Greece,2008-11,-0.2,,
ESTAT:PRC_HICP_MINR(1.0),02/10/26 11:00:00,Monthly,Monthly rate of change,Total,Greece,2008-12,-0.3,,
ESTAT:PRC_HICP_MINR(1.0),02/10/26 11:00:00,Monthly,Monthly rate of change,Total,Greece,2009-01,-0.5,,
ESTAT:PRC_HICP_MINR(1.0),02/10/26 11:00:00,Monthly,Monthly rate of change,Total,Greece,2009-02,-1.1,,
ESTAT:PRC_HICP_MINR(1.0),02/10/26 11:00:00,Monthly,Monthly rate of change,Total,Greece,2009-03,2.0,,
ESTAT:PRC_HICP_MINR(1.0),02/10/26 11:00:00,Monthly,Monthly rate of change,Total,Greece,2009-04,0.4,,
ESTAT:PRC_HICP_MINR(1.0),02/10/26 11:00:00,Monthly,Monthly rate of change,Total,Greece,2009-05,0.2,,
ESTAT:PRC_HICP_MINR(1.0),02/10/26 11:00:00,Monthly,Monthly rate of change,Total,Greece,2009-06,-0.1,,
ESTAT:PRC_HICP_MINR(1.0),02/10/26 11:00:00,Monthly,Monthly rate of change,Total,Greece,2009-07,-0.7,,
ESTAT:PRC_HICP_MINR(1.0),02/10/26 11:00:00,Monthly,Monthly rate of change,Total,Greece,2009-08,-0.8,,
ESTAT:PRC_HICP_MINR(1.0),02/10/26 11:00:00,Monthly,Monthly rate of change,Total,Greece,2009-09,1.9,,
ESTAT:PRC_HICP_MINR(1.0),02/10/26 11:00:00,Monthly,Monthly rate of change,Total,Greece,2009-10,0.5,,
ESTAT:PRC_HICP_MINR(1.0),02/10/26 11:00:00,Monthly,Monthly rate of change,Total,Greece,2009-11,0.6,,
ESTAT:PRC_HICP_MINR(1.0),02/10/26 11:00:00,Monthly,Monthly rate of change,Total,Greece,2009-12,0.1,,
ESTAT:PRC_HICP_MINR(1.0),02/10/26 11:00:00,Monthly,Monthly rate of change,Total,Greece,2010-01,-0.8,,
ESTAT:PRC_HICP_MINR(1.0),02/10/26 11:00:00,Monthly,Monthly rate of change,Total,Greece,2010-02,-0.6,,
ESTAT:PRC_HICP_MINR(1.0),02/10/26 11:00:00,Monthly,Monthly rate of change,Total,Greece,2010-03,3.1,,
ESTAT:PRC_HICP_MINR(1.0),02/10/26 11:00:00,Monthly,Monthly rate of change,Total,Greece,2010-04,1.3,,
ESTAT:PRC_HICP_MINR(1.0),02/10/26 11:00:00,Monthly,Monthly rate of change,Total,Greece,2010-05,0.8,,
ESTAT:PRC_HICP_MINR(1.0),02/10/26 11:00:00,Monthly,Monthly rate of change,Total,Greece,2010-06,-0.2,,
ESTAT:PRC_HICP_MINR(1.0),02/10/26 11:00:00,Monthly,Monthly rate of change,Total,Greece,2010-07,-0.4,,
ESTAT:PRC_HICP_MINR(1.0),02/10/26 11:00:00,Monthly,Monthly rate of change,Total,Greece,2010-08,-0.7,,
ESTAT:PRC_HICP_MINR(1.0),02/10/26 11:00:00,Monthly,Monthly rate of change,Total,Greece,2010-09,1.9,,
ESTAT:PRC_HICP_MINR(1.0),02/10/26 11:00:00,Monthly,Monthly rate of change,Total,Greece,2010-10,0.1,,
ESTAT:PRC_HICP_MINR(1.0),02/10/26 11:00:00,Monthly,Monthly rate of change,Total,Greece,2010-11,0.2,,
ESTAT:PRC_HICP_MINR(1.0),02/10/26 11:00:00,Monthly,Monthly rate of change,Total,Greece,2010-12,0.5,,
ESTAT:PRC_HICP_MINR(1.0),02/10/26 11:00:00,Monthly,Monthly rate of change,Total,Greece,2011-01,-1.0,,
ESTAT:PRC_HICP_MINR(1.0),02/10/26 11:00:00,Monthly,Monthly rate of change,Total,Greece,2011-02,-1.3,,
ESTAT:PRC_HICP_MINR(1.0),02/10/26 11:00:00,Monthly,Monthly rate of change,Total,Greece,2011-03,3.2,,
ESTAT:PRC_HICP_MINR(1.0),02/10/26 11:00:00,Monthly,Monthly rate of change,Total,Greece,2011-04,0.7,,
ESTAT:PRC_HICP_MINR(1.0),02/10/26 11:00:00,Monthly,Monthly rate of change,Total,Greece,2011-05,0.2,,
ESTAT:PRC_HICP_MINR(1.0),02/10/26 11:00:00,Monthly,Monthly rate of change,Total,Greece,2011-06,-0.2,,
ESTAT:PRC_HICP_MINR(1.0),02/10/26 11:00:00,Monthly,Monthly rate of change,Total,Greece,2011-07,-1.4,,
ESTAT:PRC_HICP_MINR(1.0),02/10/26 11:00:00,Monthly,Monthly rate of change,Total,Greece,2011-08,-1.4,,
ESTAT:PRC_HICP_MINR(1.0),02/10/26 11:00:00,Monthly,Monthly rate of change,Total,Greece,2011-09,3.4,,
ESTAT:PRC_HICP_MINR(1.0),02/10/26 11:00:00,Monthly,Monthly rate of change,Total,Greece,2011-10,0.1,,
ESTAT:PRC_HICP_MINR(1.0),02/10/26 11:00:00,Monthly,Monthly rate of change,Total,Greece,2011-11,0.2,,
ESTAT:PRC_HICP_MINR(1.0),02/10/26 11:00:00,Monthly,Monthly rate of change,Total,Greece,2011-12,-0.2,,
ESTAT:PRC_HICP_MINR(1.0),02/10/26 11:00:00,Monthly,Monthly rate of change,Total,Greece,2012-01,-1.1,,
ESTAT:PRC_HICP_MINR(1.0),02/10/26 11:00:00,Monthly,Monthly rate of change,Total,Greece,2012-02,-1.7,,
ESTAT:PRC_HICP_MINR(1.0),02/10/26 11:00:00,Monthly,Monthly rate of change,Total,Greece,2012-03,2.9,,
ESTAT:PRC_HICP_MINR(1.0),02/10/26 11:00:00,Monthly,Monthly rate of change,Total,Greece,2012-04,0.8,,
ESTAT:PRC_HICP_MINR(1.0),02/10/26 11:00:00,Monthly,Monthly rate of change,Total,Greece,2012-05,-0.4,,
ESTAT:PRC_HICP_MINR(1.0),02/10/26 11:00:00,Monthly,Monthly rate of change,Total,Greece,2012-06,-0.2,,
ESTAT:PRC_HICP_MINR(1.0),02/10/26 11:00:00,Monthly,Monthly rate of change,Total,Greece,2012-07,-1.4,,
ESTAT:PRC_HICP_MINR(1.0),02/10/26 11:00:00,Monthly,Monthly rate of change,Total,Greece,2012-08,-1.2,,
ESTAT:PRC_HICP_MINR(1.0),02/10/26 11:00:00,Monthly,Monthly rate of change,Total,Greece,2012-09,2.5,,
ESTAT:PRC_HICP_MINR(1.0),02/10/26 11:00:00,Monthly,Monthly rate of change,Total,Greece,2012-10,0.7,,
ESTAT:PRC_HICP_MINR(1.0),02/10/26 11:00:00,Monthly,Monthly rate of change,Total,Greece,2012-11,-0.3,,
ESTAT:PRC_HICP_MINR(1.0),02/10/26 11:00:00,Monthly,Monthly rate of change,Total,Greece,2012-12,-0.3,,
ESTAT:PRC_HICP_MINR(1.0),02/10/26 11:00:00,Monthly,Monthly rate of change,Total,Greece,2013-01,-1.4,,
ESTAT:PRC_HICP_MINR(1.0),02/10/26 11:00:00,Monthly,Monthly rate of change,Total,Greece,2013-02,-1.6,,
ESTAT:PRC_HICP_MINR(1.0),02/10/26 11:00:00,Monthly,Monthly rate of change,Total,Greece,2013-03,2.5,,
ESTAT:PRC_HICP_MINR(1.0),02/10/26 11:00:00,Monthly,Monthly rate of change,Total,Greece,2013-04,0.5,,
ESTAT:PRC_HICP_MINR(1.0),02/10/26 11:00:00,Monthly,Monthly rate of change,Total,Greece,2013-05,0.0,,
ESTAT:PRC_HICP_MINR(1.0),02/10/26 11:00:00,Monthly,Monthly rate of change,Total,Greece,2013-06,-0.2,,
ESTAT:PRC_HICP_MINR(1.0),02/10/26 11:00:00,Monthly,Monthly rate of change,Total,Greece,2013-07,-1.6,,
ESTAT:PRC_HICP_MINR(1.0),02/10/26 11:00:00,Monthly,Monthly rate of change,Total,Greece,2013-08,-1.7,,
ESTAT:PRC_HICP_MINR(1.0),02/10/26 11:00:00,Monthly,Monthly rate of change,Total,Greece,2013-09,2.5,,
ESTAT:PRC_HICP_MINR(1.0),02/10/26 11:00:00,Monthly,Monthly rate of change,Total,Greece,2013-10,-0.2,,
ESTAT:PRC_HICP_MINR(1.0),02/10/26 11:00:00,Monthly,Monthly rate of change,Total,Greece,2013-11,-1.3,,
ESTAT:PRC_HICP_MINR(1.0),02/10/26 11:00:00,Monthly,Monthly rate of change,Total,Greece,2013-12,0.8,,
ESTAT:PRC_HICP_MINR(1.0),02/10/26 11:00:00,Monthly,Monthly rate of change,Total,Greece,2014-01,-0.9,,
ESTAT:PRC_HICP_MINR(1.0),02/10/26 11:00:00,Monthly,Monthly rate of change,Total,Greece,2014-02,-1.1,,
ESTAT:PRC_HICP_MINR(1.0),02/10/26 11:00:00,Monthly,Monthly rate of change,Total,Greece,2014-03,1.9,,
ESTAT:PRC_HICP_MINR(1.0),02/10/26 11:00:00,Monthly,Monthly rate of change,Total,Greece,2014-04,0.4,,
ESTAT:PRC_HICP_MINR(1.0),02/10/26 11:00:00,Monthly,Monthly rate of change,Total,Greece,2014-05,-0.6,,
ESTAT:PRC_HICP_MINR(1.0),02/10/26 11:00:00,Monthly,Monthly rate of change,Total,Greece,2014-06,0.5,,
ESTAT:PRC_HICP_MINR(1.0),02/10/26 11:00:00,Monthly,Monthly rate of change,Total,Greece,2014-07,-1.0,,
ESTAT:PRC_HICP_MINR(1.0),02/10/26 11:00:00,Monthly,Monthly rate of change,Total,Greece,2014-08,-1.1,,
ESTAT:PRC_HICP_MINR(1.0),02/10/26 11:00:00,Monthly,Monthly rate of change,Total,Greece,2014-09,1.6,,
ESTAT:PRC_HICP_MINR(1.0),02/10/26 11:00:00,Monthly,Monthly rate of change,Total,Greece,2014-10,-0.9,,
ESTAT:PRC_HICP_MINR(1.0),02/10/26 11:00:00,Monthly,Monthly rate of change,Total,Greece,2014-11,-0.7,,
ESTAT:PRC_HICP_MINR(1.0),02/10/26 11:00:00,Monthly,Monthly rate of change,Total,Greece,2014-12,-0.5,,
ESTAT:PRC_HICP_MINR(1.0),02/10/26 11:00:00,Monthly,Monthly rate of change,Total,Greece,2015-01,-1.2,,
ESTAT:PRC_HICP_MINR(1.0),02/10/26 11:00:00,Monthly,Monthly rate of change,Total,Greece,2015-02,-0.2,,
ESTAT:PRC_HICP_MINR(1.0),02/10/26 11:00:00,Monthly,Monthly rate of change,Total,Greece,2015-03,1.9,,
ESTAT:PRC_HICP_MINR(1.0),02/10/26 11:00:00,Monthly,Monthly rate of change,Total,Greece,2015-04,0.4,,
ESTAT:PRC_HICP_MINR(1.0),02/10/26 11:00:00,Monthly,Monthly rate of change,Total,Greece,2015-05,-0.2,,
ESTAT:PRC_HICP_MINR(1.0),02/10/26 11:00:00,Monthly,Monthly rate of change,Total,Greece,2015-06,0.9,,
ESTAT:PRC_HICP_MINR(1.0),02/10/26 11:00:00,Monthly,Monthly rate of change,Total,Greece,2015-07,-1.2,,
ESTAT:PRC_HICP_MINR(1.0),02/10/26 11:00:00,Monthly,Monthly rate of change,Total,Greece,2015-08,-0.2,,
ESTAT:PRC_HICP_MINR(1.0),02/10/26 11:00:00,Monthly,Monthly rate of change,Total,Greece,2015-09,1.2,,
ESTAT:PRC_HICP_MINR(1.0),02/10/26 11:00:00,Monthly,Monthly rate of change,Total,Greece,2015-10,-0.2,,
ESTAT:PRC_HICP_MINR(1.0),02/10/26 11:00:00,Monthly,Monthly rate of change,Total,Greece,2015-11,-0.7,,
ESTAT:PRC_HICP_MINR(1.0),02/10/26 11:00:00,Monthly,Monthly rate of change,Total,Greece,2015-12,0.0,,
ESTAT:PRC_HICP_MINR(1.0),02/10/26 11:00:00,Monthly,Monthly rate of change,Total,Greece,2016-01,-1.7,,
ESTAT:PRC_HICP_MINR(1.0),02/10/26 11:00:00,Monthly,Monthly rate of change,Total,Greece,2016-02,0.0,,
ESTAT:PRC_HICP_MINR(1.0),02/10/26 11:00:00,Monthly,Monthly rate of change,Total,Greece,2016-03,1.1,,
ESTAT:PRC_HICP_MINR(1.0),02/10/26 11:00:00,Monthly,Monthly rate of change,Total,Greece,2016-04,0.7,,
ESTAT:PRC_HICP_MINR(1.0),02/10/26 11:00:00,Monthly,Monthly rate of change,Total,Greece,2016-05,0.0,,
ESTAT:PRC_HICP_MINR(1.0),02/10/26 11:00:00,Monthly,Monthly rate of change,Total,Greece,2016-06,1.3,,
ESTAT:PRC_HICP_MINR(1.0),02/10/26 11:00:00,Monthly,Monthly rate of change,Total,Greece,2016-07,-1.2,,
ESTAT:PRC_HICP_MINR(1.0),02/10/26 11:00:00,Monthly,Monthly rate of change,Total,Greece,2016-08,0.0,,
ESTAT:PRC_HICP_MINR(1.0),02/10/26 11:00:00,Monthly,Monthly rate of change,Total,Greece,2016-09,0.7,,
ESTAT:PRC_HICP_MINR(1.0),02/10/26 11:00:00,Monthly,Monthly rate of change,Total,Greece,2016-10,0.5,,
ESTAT:PRC_HICP_MINR(1.0),02/10/26 11:00:00,Monthly,Monthly rate of change,Total,Greece,2016-11,-1.5,,
ESTAT:PRC_HICP_MINR(1.0),02/10/26 11:00:00,Monthly,Monthly rate of change,Total,Greece,2016-12,0.4,,
ESTAT:PRC_HICP_MINR(1.0),02/10/26 11:00:00,Monthly,Monthly rate of change,Total,Greece,2017-01,-0.5,,
ESTAT:PRC_HICP_MINR(1.0),02/10/26 11:00:00,Monthly,Monthly rate of change,Total,Greece,2017-02,-0.1,,
ESTAT:PRC_HICP_MINR(1.0),02/10/26 11:00:00,Monthly,Monthly rate of change,Total,Greece,2017-03,1.4,,
ESTAT:PRC_HICP_MINR(1.0),02/10/26 11:00:00,Monthly,Monthly rate of change,Total,Greece,2017-04,0.6,,
ESTAT:PRC_HICP_MINR(1.0),02/10/26 11:00:00,Monthly,Monthly rate of change,Total,Greece,2017-05,-0.1,,
ESTAT:PRC_HICP_MINR(1.0),02/10/26 11:00:00,Monthly,Monthly rate of change,Total,Greece,2017-06,0.7,,
ESTAT:PRC_HICP_MINR(1.0),02/10/26 11:00:00,Monthly,Monthly rate of change,Total,Greece,2017-07,-1.2,,
ESTAT:PRC_HICP_MINR(1.0),02/10/26 11:00:00,Monthly,Monthly rate of change,Total,Greece,2017-08,-0.3,,
ESTAT:PRC_HICP_MINR(1.0),02/10/26 11:00:00,Monthly,Monthly rate of change,Total,Greece,2017-09,1.2,,
ESTAT:PRC_HICP_MINR(1.0),02/10/26 11:00:00,Monthly,Monthly rate of change,Total,Greece,2017-10,-0.1,,
ESTAT:PRC_HICP_MINR(1.0),02/10/26 11:00:00,Monthly,Monthly rate of change,Total,Greece,2017-11,-0.9,,
ESTAT:PRC_HICP_MINR(1.0),02/10/26 11:00:00,Monthly,Monthly rate of change,Total,Greece,2017-12,0.3,,
ESTAT:PRC_HICP_MINR(1.0),02/10/26 11:00:00,Monthly,Monthly rate of change,Total,Greece,2018-01,-1.2,,
ESTAT:PRC_HICP_MINR(1.0),02/10/26 11:00:00,Monthly,Monthly rate of change,Total,Greece,2018-02,0.1,,
ESTAT:PRC_HICP_MINR(1.0),02/10/26 11:00:00,Monthly,Monthly rate of change,Total,Greece,2018-03,1.2,,
ESTAT:PRC_HICP_MINR(1.0),02/10/26 11:00:00,Monthly,Monthly rate of change,Total,Greece,2018-04,1.0,,
ESTAT:PRC_HICP_MINR(1.0),02/10/26 11:00:00,Monthly,Monthly rate of change,Total,Greece,2018-05,0.1,,
ESTAT:PRC_HICP_MINR(1.0),02/10/26 11:00:00,Monthly,Monthly rate of change,Total,Greece,2018-06,0.9,,
ESTAT:PRC_HICP_MINR(1.0),02/10/26 11:00:00,Monthly,Monthly rate of change,Total,Greece,2018-07,-1.4,,
ESTAT:PRC_HICP_MINR(1.0),02/10/26 11:00:00,Monthly,Monthly rate of change,Total,Greece,2018-08,-0.2,,
ESTAT:PRC_HICP_MINR(1.0),02/10/26 11:00:00,Monthly,Monthly rate of change,Total,Greece,2018-09,1.4,,
ESTAT:PRC_HICP_MINR(1.0),02/10/26 11:00:00,Monthly,Monthly rate of change,Total,Greece,2018-10,0.5,,
ESTAT:PRC_HICP_MINR(1.0),02/10/26 11:00:00,Monthly,Monthly rate of change,Total,Greece,2018-11,-1.6,,
ESTAT:PRC_HICP_MINR(1.0),02/10/26 11:00:00,Monthly,Monthly rate of change,Total,Greece,2018-12,-0.1,,
ESTAT:PRC_HICP_MINR(1.0),02/10/26 11:00:00,Monthly,Monthly rate of change,Total,Greece,2019-01,-1.3,,
ESTAT:PRC_HICP_MINR(1.0),02/10/26 11:00:00,Monthly,Monthly rate of change,Total,Greece,2019-02,0.3,,
ESTAT:PRC_HICP_MINR(1.0),02/10/26 11:00:00,Monthly,Monthly rate of change,Total,Greece,2019-03,1.5,,
ESTAT:PRC_HICP_MINR(1.0),02/10/26 11:00:00,Monthly,Monthly rate of change,Total,Greece,2019-04,1.0,,
ESTAT:PRC_HICP_MINR(1.0),02/10/26 11:00:00,Monthly,Monthly rate of change,Total,Greece,2019-05,-0.4,,
ESTAT:PRC_HICP_MINR(1.0),02/10/26 11:00:00,Monthly,Monthly rate of change,Total,Greece,2019-06,0.6,,
ESTAT:PRC_HICP_MINR(1.0),02/10/26 11:00:00,Monthly,Monthly rate of change,Total,Greece,2019-07,-1.2,,
ESTAT:PRC_HICP_MINR(1.0),02/10/26 11:00:00,Monthly,Monthly rate of change,Total,Greece,2019-08,-0.6,,
ESTAT:PRC_HICP_MINR(1.0),02/10/26 11:00:00,Monthly,Monthly rate of change,Total,Greece,2019-09,1.5,,
ESTAT:PRC_HICP_MINR(1.0),02/10/26 11:00:00,Monthly,Monthly rate of change,Total,Greece,2019-10,-0.1,,
ESTAT:PRC_HICP_MINR(1.0),02/10/26 11:00:00,Monthly,Monthly rate of change,Total,Greece,2019-11,-0.7,,
ESTAT:PRC_HICP_MINR(1.0),02/10/26 11:00:00,Monthly,Monthly rate of change,Total,Greece,2019-12,0.4,,
ESTAT:PRC_HICP_MINR(1.0),02/10/26 11:00:00,Monthly,Monthly rate of change,Total,Greece,2020-01,-1.3,,
ESTAT:PRC_HICP_MINR(1.0),02/10/26 11:00:00,Monthly,Monthly rate of change,Total,Greece,2020-02,-0.4,,
ESTAT:PRC_HICP_MINR(1.0),02/10/26 11:00:00,Monthly,Monthly rate of change,Total,Greece,2020-03,1.2,,
ESTAT:PRC_HICP_MINR(1.0),02/10/26 11:00:00,Monthly,Monthly rate of change,Total,Greece,2020-04,-0.1,,
ESTAT:PRC_HICP_MINR(1.0),02/10/26 11:00:00,Monthly,Monthly rate of change,Total,Greece,2020-05,-0.2,,
ESTAT:PRC_HICP_MINR(1.0),02/10/26 11:00:00,Monthly,Monthly rate of change,Total,Greece,2020-06,-0.7,,
ESTAT:PRC_HICP_MINR(1.0),02/10/26 11:00:00,Monthly,Monthly rate of change,Total,Greece,2020-07,-1.4,,
ESTAT:PRC_HICP_MINR(1.0),02/10/26 11:00:00,Monthly,Monthly rate of change,Total,Greece,2020-08,-0.7,,
ESTAT:PRC_HICP_MINR(1.0),02/10/26 11:00:00,Monthly,Monthly rate of change,Total,Greece,2020-09,1.5,,
ESTAT:PRC_HICP_MINR(1.0),02/10/26 11:00:00,Monthly,Monthly rate of change,Total,Greece,2020-10,0.2,,
ESTAT:PRC_HICP_MINR(1.0),02/10/26 11:00:00,Monthly,Monthly rate of change,Total,Greece,2020-11,-0.8,,
ESTAT:PRC_HICP_MINR(1.0),02/10/26 11:00:00,Monthly,Monthly rate of change,Total,Greece,2020-12,0.2,,
ESTAT:PRC_HICP_MINR(1.0),02/10/26 11:00:00,Monthly,Monthly rate of change,Total,Greece,2021-01,-1.3,,
ESTAT:PRC_HICP_MINR(1.0),02/10/26 11:00:00,Monthly,Monthly rate of change,Total,Greece,2021-02,0.2,,
ESTAT:PRC_HICP_MINR(1.0),02/10/26 11:00:00,Monthly,Monthly rate of change,Total,Greece,2021-03,1.0,,
ESTAT:PRC_HICP_MINR(1.0),02/10/26 11:00:00,Monthly,Monthly rate of change,Total,Greece,2021-04,0.9,,
ESTAT:PRC_HICP_MINR(1.0),02/10/26 11:00:00,Monthly,Monthly rate of change,Total,Greece,2021-05,-0.3,,
ESTAT:PRC_HICP_MINR(1.0),02/10/26 11:00:00,Monthly,Monthly rate of change,Total,Greece,2021-06,1.2,,
ESTAT:PRC_HICP_MINR(1.0),02/10/26 11:00:00,Monthly,Monthly rate of change,Total,Greece,2021-07,-1.3,,
ESTAT:PRC_HICP_MINR(1.0),02/10/26 11:00:00,Monthly,Monthly rate of change,Total,Greece,2021-08,-0.1,,
ESTAT:PRC_HICP_MINR(1.0),02/10/26 11:00:00,Monthly,Monthly rate of change,Total,Greece,2021-09,2.1,,
ESTAT:PRC_HICP_MINR(1.0),02/10/26 11:00:00,Monthly,Monthly rate of change,Total,Greece,2021-10,1.1,,
ESTAT:PRC_HICP_MINR(1.0),02/10/26 11:00:00,Monthly,Monthly rate of change,Total,Greece,2021-11,0.3,,
ESTAT:PRC_HICP_MINR(1.0),02/10/26 11:00:00,Monthly,Monthly rate of change,Total,Greece,2021-12,0.5,,
ESTAT:PRC_HICP_MINR(1.0),02/10/26 11:00:00,Monthly,Monthly rate of change,Total,Greece,2022-01,-0.2,,
ESTAT:PRC_HICP_MINR(1.0),02/10/26 11:00:00,Monthly,Monthly rate of change,Total,Greece,2022-02,0.9,,
ESTAT:PRC_HICP_MINR(1.0),02/10/26 11:00:00,Monthly,Monthly rate of change,Total,Greece,2022-03,2.6,,
ESTAT:PRC_HICP_MINR(1.0),02/10/26 11:00:00,Monthly,Monthly rate of change,Total,Greece,2022-04,2.0,,
ESTAT:PRC_HICP_MINR(1.0),02/10/26 11:00:00,Monthly,Monthly rate of change,Total,Greece,2022-05,0.9,,
ESTAT:PRC_HICP_MINR(1.0),02/10/26 11:00:00,Monthly,Monthly rate of change,Total,Greece,2022-06,2.2,,
ESTAT:PRC_HICP_MINR(1.0),02/10/26 11:00:00,Monthly,Monthly rate of change,Total,Greece,2022-07,-1.6,,
ESTAT:PRC_HICP_MINR(1.0),02/10/26 11:00:00,Monthly,Monthly rate of change,Total,Greece,2022-08,-0.2,,
ESTAT:PRC_HICP_MINR(1.0),02/10/26 11:00:00,Monthly,Monthly rate of change,Total,Greece,2022-09,3.0,,
ESTAT:PRC_HICP_MINR(1.0),02/10/26 11:00:00,Monthly,Monthly rate of change,Total,Greece,2022-10,-1.2,,
ESTAT:PRC_HICP_MINR(1.0),02/10/26 11:00:00,Monthly,Monthly rate of change,Total,Greece,2022-11,-0.3,,
ESTAT:PRC_HICP_MINR(1.0),02/10/26 11:00:00,Monthly,Monthly rate of change,Total,Greece,2022-12,-0.6,,
ESTAT:PRC_HICP_MINR(1.0),02/10/26 11:00:00,Monthly,Monthly rate of change,Total,Greece,2023-01,-0.5,,
ESTAT:PRC_HICP_MINR(1.0),02/10/26 11:00:00,Monthly,Monthly rate of change,Total,Greece,2023-02,0.2,,
ESTAT:PRC_HICP_MINR(1.0),02/10/26 11:00:00,Monthly,Monthly rate of change,Total,Greece,2023-03,1.6,,
ESTAT:PRC_HICP_MINR(1.0),02/10/26 11:00:00,Monthly,Monthly rate of change,Total,Greece,2023-04,1.1,,
ESTAT:PRC_HICP_MINR(1.0),02/10/26 11:00:00,Monthly,Monthly rate of change,Total,Greece,2023-05,0.5,,
ESTAT:PRC_HICP_MINR(1.0),02/10/26 11:00:00,Monthly,Monthly rate of change,Total,Greece,2023-06,0.9,,
ESTAT:PRC_HICP_MINR(1.0),02/10/26 11:00:00,Monthly,Monthly rate of change,Total,Greece,2023-07,-1.0,,
ESTAT:PRC_HICP_MINR(1.0),02/10/26 11:00:00,Monthly,Monthly rate of change,Total,Greece,2023-08,-0.2,,
ESTAT:PRC_HICP_MINR(1.0),02/10/26 11:00:00,Monthly,Monthly rate of change,Total,Greece,2023-09,1.9,,
ESTAT:PRC_HICP_MINR(1.0),02/10/26 11:00:00,Monthly,Monthly rate of change,Total,Greece,2023-10,0.1,,
ESTAT:PRC_HICP_MINR(1.0),02/10/26 11:00:00,Monthly,Monthly rate of change,Total,Greece,2023-11,-1.1,,
ESTAT:PRC_HICP_MINR(1.0),02/10/26 11:00:00,Monthly,Monthly rate of change,Total,Greece,2023-12,0.1,,
ESTAT:PRC_HICP_MINR(1.0),02/10/26 11:00:00,Monthly,Monthly rate of change,Total,Greece,2024-01,-0.9,,
ESTAT:PRC_HICP_MINR(1.0),02/10/26 11:00:00,Monthly,Monthly rate of change,Total,Greece,2024-02,0.1,,
ESTAT:PRC_HICP_MINR(1.0),02/10/26 11:00:00,Monthly,Monthly rate of change,Total,Greece,2024-03,1.8,,
ESTAT:PRC_HICP_MINR(1.0),02/10/26 11:00:00,Monthly,Monthly rate of change,Total,Greece,2024-04,0.9,,
ESTAT:PRC_HICP_MINR(1.0),02/10/26 11:00:00,Monthly,Monthly rate of change,Total,Greece,2024-05,-0.3,,
ESTAT:PRC_HICP_MINR(1.0),02/10/26 11:00:00,Monthly,Monthly rate of change,Total,Greece,2024-06,1.0,,
ESTAT:PRC_HICP_MINR(1.0),02/10/26 11:00:00,Monthly,Monthly rate of change,Total,Greece,2024-07,-0.5,,
ESTAT:PRC_HICP_MINR(1.0),02/10/26 11:00:00,Monthly,Monthly rate of change,Total,Greece,2024-08,0.0,,
ESTAT:PRC_HICP_MINR(1.0),02/10/26 11:00:00,Monthly,Monthly rate of change,Total,Greece,2024-09,1.8,,
ESTAT:PRC_HICP_MINR(1.0),02/10/26 11:00:00,Monthly,Monthly rate of change,Total,Greece,2024-10,0.1,,
ESTAT:PRC_HICP_MINR(1.0),02/10/26 11:00:00,Monthly,Monthly rate of change,Total,Greece,2024-11,-1.2,,
ESTAT:PRC_HICP_MINR(1.0),02/10/26 11:00:00,Monthly,Monthly rate of change,Total,Greece,2024-12,0.1,,
ESTAT:PRC_HICP_MINR(1.0),02/10/26 11:00:00,Monthly,Monthly rate of change,Total,Greece,2025-01,-0.7,,
ESTAT:PRC_HICP_MINR(1.0),02/10/26 11:00:00,Monthly,Monthly rate of change,Total,Greece,2025-02,0.0,,
ESTAT:PRC_HICP_MINR(1.0),02/10/26 11:00:00,Monthly,Monthly rate of change,Total,Greece,2025-03,1.9,,
ESTAT:PRC_HICP_MINR(1.0),02/10/26 11:00:00,Monthly,Monthly rate of change,Total,Greece,2025-04,0.5,,
ESTAT:PRC_HICP_MINR(1.0),02/10/26 11:00:00,Monthly,Monthly rate of change,Total,Greece,2025-05,0.4,,
ESTAT:PRC_HICP_MINR(1.0),02/10/26 11:00:00,Monthly,Monthly rate of change,Total,Greece,2025-06,1.3,,
ESTAT:PRC_HICP_MINR(1.0),02/10/26 11:00:00,Monthly,Monthly rate of change,Total,Greece,2025-07,-0.3,,
ESTAT:PRC_HICP_MINR(1.0),02/10/26 11:00:00,Monthly,Monthly rate of change,Total,Greece,2025-08,-0.6,,
ESTAT:PRC_HICP_MINR(1.0),02/10/26 11:00:00,Monthly,Monthly rate of change,Total,Greece,2025-09,0.5,,
ESTAT:PRC_HICP_MINR(1.0),02/10/26 11:00:00,Monthly,Monthly rate of change,Total,Greece,2025-10,-0.1,,
ESTAT:PRC_HICP_MINR(1.0),02/10/26 11:00:00,Monthly,Monthly rate of change,Total,Greece,2025-11,-0.1,,
ESTAT:PRC_HICP_MINR(1.0),02/10/26 11:00:00,Monthly,Monthly rate of change,Total,Greece,2025-12,0.1,,
ESTAT:PRC_HICP_MINR(1.0),02/10/26 11:00:00,Monthly,Monthly rate of change,Total,Spain,2006-01,-0.5,,
ESTAT:PRC_HICP_MINR(1.0),02/10/26 11:00:00,Monthly,Monthly rate of change,Total,Spain,2006-02,0.1,,
ESTAT:PRC_HICP_MINR(1.0),02/10/26 11:00:00,Monthly,Monthly rate of change,Total,Spain,2006-03,0.7,,
ESTAT:PRC_HICP_MINR(1.0),02/10/26 11:00:00,Monthly,Monthly rate of change,Total,Spain,2006-04,1.5,,
ESTAT:PRC_HICP_MINR(1.0),02/10/26 11:00:00,Monthly,Monthly rate of change,Total,Spain,2006-05,0.4,,
ESTAT:PRC_HICP_MINR(1.0),02/10/26 11:00:00,Monthly,Monthly rate of change,Total,Spain,2006-06,0.1,,
ESTAT:PRC_HICP_MINR(1.0),02/10/26 11:00:00,Monthly,Monthly rate of change,Total,Spain,2006-07,-0.6,,
ESTAT:PRC_HICP_MINR(1.0),02/10/26 11:00:00,Monthly,Monthly rate of change,Total,Spain,2006-08,0.2,,
ESTAT:PRC_HICP_MINR(1.0),02/10/26 11:00:00,Monthly,Monthly rate of change,Total,Spain,2006-09,-0.2,,
ESTAT:PRC_HICP_MINR(1.0),02/10/26 11:00:00,Monthly,Monthly rate of change,Total,Spain,2006-10,0.4,,
ESTAT:PRC_HICP_MINR(1.0),02/10/26 11:00:00,Monthly,Monthly rate of change,Total,Spain,2006-11,0.2,,
ESTAT:PRC_HICP_MINR(1.0),02/10/26 11:00:00,Monthly,Monthly rate of change,Total,Spain,2006-12,0.3,,
ESTAT:PRC_HICP_MINR(1.0),02/10/26 11:00:00,Monthly,Monthly rate of change,Total,Spain,2007-01,-0.7,,
ESTAT:PRC_HICP_MINR(1.0),02/10/26 11:00:00,Monthly,Monthly rate of change,Total,Spain,2007-02,0.1,,
ESTAT:PRC_HICP_MINR(1.0),02/10/26 11:00:00,Monthly,Monthly rate of change,Total,Spain,2007-03,0.8,,
ESTAT:PRC_HICP_MINR(1.0),02/10/26 11:00:00,Monthly,Monthly rate of change,Total,Spain,2007-04,1.4,,
ESTAT:PRC_HICP_MINR(1.0),02/10/26 11:00:00,Monthly,Monthly rate of change,Total,Spain,2007-05,0.3,,
ESTAT:PRC_HICP_MINR(1.0),02/10/26 11:00:00,Monthly,Monthly rate of change,Total,Spain,2007-06,0.2,,
ESTAT:PRC_HICP_MINR(1.0),02/10/26 11:00:00,Monthly,Monthly rate of change,Total,Spain,2007-07,-0.7,,
ESTAT:PRC_HICP_MINR(1.0),02/10/26 11:00:00,Monthly,Monthly rate of change,Total,Spain,2007-08,0.2,,
ESTAT:PRC_HICP_MINR(1.0),02/10/26 11:00:00,Monthly,Monthly rate of change,Total,Spain,2007-09,0.3,,
ESTAT:PRC_HICP_MINR(1.0),02/10/26 11:00:00,Monthly,Monthly rate of change,Total,Spain,2007-10,1.3,,
ESTAT:PRC_HICP_MINR(1.0),02/10/26 11:00:00,Monthly,Monthly rate of change,Total,Spain,2007-11,0.7,,
ESTAT:PRC_HICP_MINR(1.0),02/10/26 11:00:00,Monthly,Monthly rate of change,Total,Spain,2007-12,0.4,,
ESTAT:PRC_HICP_MINR(1.0),02/10/26 11:00:00,Monthly,Monthly rate of change,Total,Spain,2008-01,-0.6,,
ESTAT:PRC_HICP_MINR(1.0),02/10/26 11:00:00,Monthly,Monthly rate of change,Total,Spain,2008-02,0.1,,
ESTAT:PRC_HICP_MINR(1.0),02/10/26 11:00:00,Monthly,Monthly rate of change,Total,Spain,2008-03,0.9,,
ESTAT:PRC_HICP_MINR(1.0),02/10/26 11:00:00,Monthly,Monthly rate of change,Total,Spain,2008-04,1.1,,
ESTAT:PRC_HICP_MINR(1.0),02/10/26 11:00:00,Monthly,Monthly rate of change,Total,Spain,2008-05,0.7,,
ESTAT:PRC_HICP_MINR(1.0),02/10/26 11:00:00,Monthly,Monthly rate of change,Total,Spain,2008-06,0.6,,
ESTAT:PRC_HICP_MINR(1.0),02/10/26 11:00:00,Monthly,Monthly rate of change,Total,Spain,2008-07,-0.5,,
ESTAT:PRC_HICP_MINR(1.0),02/10/26 11:00:00,Monthly,Monthly rate of change,Total,Spain,2008-08,-0.2,,
ESTAT:PRC_HICP_MINR(1.0),02/10/26 11:00:00,Monthly,Monthly rate of change,Total,Spain,2008-09,-0.1,,
ESTAT:PRC_HICP_MINR(1.0),02/10/26 11:00:00,Monthly,Monthly rate of change,Total,Spain,2008-10,0.3,,
ESTAT:PRC_HICP_MINR(1.0),02/10/26 11:00:00,Monthly,Monthly rate of change,Total,Spain,2008-11,-0.4,,
ESTAT:PRC_HICP_MINR(1.0),02/10/26 11:00:00,Monthly,Monthly rate of change,Total,Spain,2008-12,-0.5,,
ESTAT:PRC_HICP_MINR(1.0),02/10/26 11:00:00,Monthly,Monthly rate of change,Total,Spain,2009-01,-1.3,,
ESTAT:PRC_HICP_MINR(1.0),02/10/26 11:00:00,Monthly,Monthly rate of change,Total,Spain,2009-02,0.0,,
ESTAT:PRC_HICP_MINR(1.0),02/10/26 11:00:00,Monthly,Monthly rate of change,Total,Spain,2009-03,0.2,,
ESTAT:PRC_HICP_MINR(1.0),02/10/26 11:00:00,Monthly,Monthly rate of change,Total,Spain,2009-04,1.0,,
ESTAT:PRC_HICP_MINR(1.0),02/10/26 11:00:00,Monthly,Monthly rate of change,Total,Spain,2009-05,0.0,,
ESTAT:PRC_HICP_MINR(1.0),02/10/26 11:00:00,Monthly,Monthly rate of change,Total,Spain,2009-06,0.5,,
ESTAT:PRC_HICP_MINR(1.0),02/10/26 11:00:00,Monthly,Monthly rate of change,Total,Spain,2009-07,-0.8,,
ESTAT:PRC_HICP_MINR(1.0),02/10/26 11:00:00,Monthly,Monthly rate of change,Total,Spain,2009-08,0.4,,
ESTAT:PRC_HICP_MINR(1.0),02/10/26 11:00:00,Monthly,Monthly rate of change,Total,Spain,2009-09,-0.2,,
ESTAT:PRC_HICP_MINR(1.0),02/10/26 11:00:00,Monthly,Monthly rate of change,Total,Spain,2009-10,0.7,,
ESTAT:PRC_HICP_MINR(1.0),02/10/26 11:00:00,Monthly,Monthly rate of change,Total,Spain,2009-11,0.5,,
ESTAT:PRC_HICP_MINR(1.0),02/10/26 11:00:00,Monthly,Monthly rate of change,Total,Spain,2009-12,0.0,,
ESTAT:PRC_HICP_MINR(1.0),02/10/26 11:00:00,Monthly,Monthly rate of change,Total,Spain,2010-01,-1.5,,
ESTAT:PRC_HICP_MINR(1.0),02/10/26 11:00:00,Monthly,Monthly rate of change,Total,Spain,2010-02,-0.2,,
ESTAT:PRC_HICP_MINR(1.0),02/10/26 11:00:00,Monthly,Monthly rate of change,Total,Spain,2010-03,2.4,,
ESTAT:PRC_HICP_MINR(1.0),02/10/26 11:00:00,Monthly,Monthly rate of change,Total,Spain,2010-04,0.7,,
ESTAT:PRC_HICP_MINR(1.0),02/10/26 11:00:00,Monthly,Monthly rate of change,Total,Spain,2010-05,0.0,,
ESTAT:PRC_HICP_MINR(1.0),02/10/26 11:00:00,Monthly,Monthly rate of change,Total,Spain,2010-06,0.1,,
ESTAT:PRC_HICP_MINR(1.0),02/10/26 11:00:00,Monthly,Monthly rate of change,Total,Spain,2010-07,-1.1,,
ESTAT:PRC_HICP_MINR(1.0),02/10/26 11:00:00,Monthly,Monthly rate of change,Total,Spain,2010-08,0.2,,
ESTAT:PRC_HICP_MINR(1.0),02/10/26 11:00:00,Monthly,Monthly rate of change,Total,Spain,2010-09,0.9,,
ESTAT:PRC_HICP_MINR(1.0),02/10/26 11:00:00,Monthly,Monthly rate of change,Total,Spain,2010-10,0.5,,
ESTAT:PRC_HICP_MINR(1.0),02/10/26 11:00:00,Monthly,Monthly rate of change,Total,Spain,2010-11,0.3,,
ESTAT:PRC_HICP_MINR(1.0),02/10/26 11:00:00,Monthly,Monthly rate of change,Total,Spain,2010-12,0.6,,
ESTAT:PRC_HICP_MINR(1.0),02/10/26 11:00:00,Monthly,Monthly rate of change,Total,Spain,2011-01,-1.3,,
ESTAT:PRC_HICP_MINR(1.0),02/10/26 11:00:00,Monthly,Monthly rate of change,Total,Spain,2011-02,0.1,,
ESTAT:PRC_HICP_MINR(1.0),02/10/26 11:00:00,Monthly,Monthly rate of change,Total,Spain,2011-03,2.4,,
ESTAT:PRC_HICP_MINR(1.0),02/10/26 11:00:00,Monthly,Monthly rate of change,Total,Spain,2011-04,0.9,,
ESTAT:PRC_HICP_MINR(1.0),02/10/26 11:00:00,Monthly,Monthly rate of change,Total,Spain,2011-05,-0.1,,
ESTAT:PRC_HICP_MINR(1.0),02/10/26 11:00:00,Monthly,Monthly rate of change,Total,Spain,2011-06,-0.2,,
ESTAT:PRC_HICP_MINR(1.0),02/10/26 11:00:00,Monthly,Monthly rate of change,Total,Spain,2011-07,-1.2,,
ESTAT:PRC_HICP_MINR(1.0),02/10/26 11:00:00,Monthly,Monthly rate of change,Total,Spain,2011-08,0.0,,
ESTAT:PRC_HICP_MINR(1.0),02/10/26 11:00:00,Monthly,Monthly rate of change,Total,Spain,2011-09,1.2,,
ESTAT:PRC_HICP_MINR(1.0),02/10/26 11:00:00,Monthly,Monthly rate of change,Total,Spain,2011-10,0.4,,
ESTAT:PRC_HICP_MINR(1.0),02/10/26 11:00:00,Monthly,Monthly rate of change,Total,Spain,2011-11,0.2,,
ESTAT:PRC_HICP_MINR(1.0),02/10/26 11:00:00,Monthly,Monthly rate of change,Total,Spain,2011-12,0.0,,
ESTAT:PRC_HICP_MINR(1.0),02/10/26 11:00:00,Monthly,Monthly rate of change,Total,Spain,2012-01,-1.7,,
ESTAT:PRC_HICP_MINR(1.0),02/10/26 11:00:00,Monthly,Monthly rate of change,Total,Spain,2012-02,0.0,,
ESTAT:PRC_HICP_MINR(1.0),02/10/26 11:00:00,Monthly,Monthly rate of change,Total,Spain,2012-03,2.2,,
ESTAT:PRC_HICP_MINR(1.0),02/10/26 11:00:00,Monthly,Monthly rate of change,Total,Spain,2012-04,1.1,,
ESTAT:PRC_HICP_MINR(1.0),02/10/26 11:00:00,Monthly,Monthly rate of change,Total,Spain,2012-05,-0.2,,
ESTAT:PRC_HICP_MINR(1.0),02/10/26 11:00:00,Monthly,Monthly rate of change,Total,Spain,2012-06,-0.2,,
ESTAT:PRC_HICP_MINR(1.0),02/10/26 11:00:00,Monthly,Monthly rate of change,Total,Spain,2012-07,-0.9,,
ESTAT:PRC_HICP_MINR(1.0),02/10/26 11:00:00,Monthly,Monthly rate of change,Total,Spain,2012-08,0.5,,
ESTAT:PRC_HICP_MINR(1.0),02/10/26 11:00:00,Monthly,Monthly rate of change,Total,Spain,2012-09,1.9,,
ESTAT:PRC_HICP_MINR(1.0),02/10/26 11:00:00,Monthly,Monthly rate of change,Total,Spain,2012-10,0.5,,
ESTAT:PRC_HICP_MINR(1.0),02/10/26 11:00:00,Monthly,Monthly rate of change,Total,Spain,2012-11,-0.2,,
ESTAT:PRC_HICP_MINR(1.0),02/10/26 11:00:00,Monthly,Monthly rate of change,Total,Spain,2012-12,0.0,,
ESTAT:PRC_HICP_MINR(1.0),02/10/26 11:00:00,Monthly,Monthly rate of change,Total,Spain,2013-01,-1.8,,
ESTAT:PRC_HICP_MINR(1.0),02/10/26 11:00:00,Monthly,Monthly rate of change,Total,Spain,2013-02,0.1,,
ESTAT:PRC_HICP_MINR(1.0),02/10/26 11:00:00,Monthly,Monthly rate of change,Total,Spain,2013-03,1.8,,
ESTAT:PRC_HICP_MINR(1.0),02/10/26 11:00:00,Monthly,Monthly rate of change,Total,Spain,2013-04,0.1,,
ESTAT:PRC_HICP_MINR(1.0),02/10/26 11:00:00,Monthly,Monthly rate of change,Total,Spain,2013-05,0.1,,
ESTAT:PRC_HICP_MINR(1.0),02/10/26 11:00:00,Monthly,Monthly rate of change,Total,Spain,2013-06,0.1,,
ESTAT:PRC_HICP_MINR(1.0),02/10/26 11:00:00,Monthly,Monthly rate of change,Total,Spain,2013-07,-1.1,,
ESTAT:PRC_HICP_MINR(1.0),02/10/26 11:00:00,Monthly,Monthly rate of change,Total,Spain,2013-08,0.3,,
ESTAT:PRC_HICP_MINR(1.0),02/10/26 11:00:00,Monthly,Monthly rate of change,Total,Spain,2013-09,0.8,,
ESTAT:PRC_HICP_MINR(1.0),02/10/26 11:00:00,Monthly,Monthly rate of change,Total,Spain,2013-10,0.0,,
ESTAT:PRC_HICP_MINR(1.0),02/10/26 11:00:00,Monthly,Monthly rate of change,Total,Spain,2013-11,0.0,,
ESTAT:PRC_HICP_MINR(1.0),02/10/26 11:00:00,Monthly,Monthly rate of change,Total,Spain,2013-12,0.0,,
ESTAT:PRC_HICP_MINR(1.0),02/10/26 11:00:00,Monthly,Monthly rate of change,Total,Spain,2014-01,-1.8,,
ESTAT:PRC_HICP_MINR(1.0),02/10/26 11:00:00,Monthly,Monthly rate of change,Total,Spain,2014-02,-0.1,,
ESTAT:PRC_HICP_MINR(1.0),02/10/26 11:00:00,Monthly,Monthly rate of change,Total,Spain,2014-03,1.6,,
ESTAT:PRC_HICP_MINR(1.0),02/10/26 11:00:00,Monthly,Monthly rate of change,Total,Spain,2014-04,0.6,,
ESTAT:PRC_HICP_MINR(1.0),02/10/26 11:00:00,Monthly,Monthly rate of change,Total,Spain,2014-05,0.0,,
ESTAT:PRC_HICP_MINR(1.0),02/10/26 11:00:00,Monthly,Monthly rate of change,Total,Spain,2014-06,0.0,,
ESTAT:PRC_HICP_MINR(1.0),02/10/26 11:00:00,Monthly,Monthly rate of change,Total,Spain,2014-07,-1.5,,
ESTAT:PRC_HICP_MINR(1.0),02/10/26 11:00:00,Monthly,Monthly rate of change,Total,Spain,2014-08,0.1,,
ESTAT:PRC_HICP_MINR(1.0),02/10/26 11:00:00,Monthly,Monthly rate of change,Total,Spain,2014-09,1.0,,
ESTAT:PRC_HICP_MINR(1.0),02/10/26 11:00:00,Monthly,Monthly rate of change,Total,Spain,2014-10,0.1,,
ESTAT:PRC_HICP_MINR(1.0),02/10/26 11:00:00,Monthly,Monthly rate of change,Total,Spain,2014-11,-0.2,,
ESTAT:PRC_HICP_MINR(1.0),02/10/26 11:00:00,Monthly,Monthly rate of change,Total,Spain,2014-12,-0.7,,
ESTAT:PRC_HICP_MINR(1.0),02/10/26 11:00:00,Monthly,Monthly rate of change,Total,Spain,2015-01,-2.2,,
ESTAT:PRC_HICP_MINR(1.0),02/10/26 11:00:00,Monthly,Monthly rate of change,Total,Spain,2015-02,0.1,,
ESTAT:PRC_HICP_MINR(1.0),02/10/26 11:00:00,Monthly,Monthly rate of change,Total,Spain,2015-03,2.0,,
ESTAT:PRC_HICP_MINR(1.0),02/10/26 11:00:00,Monthly,Monthly rate of change,Total,Spain,2015-04,0.7,,
ESTAT:PRC_HICP_MINR(1.0),02/10/26 11:00:00,Monthly,Monthly rate of change,Total,Spain,2015-05,0.4,,
ESTAT:PRC_HICP_MINR(1.0),02/10/26 11:00:00,Monthly,Monthly rate of change,Total,Spain,2015-06,0.2,,
ESTAT:PRC_HICP_MINR(1.0),02/10/26 11:00:00,Monthly,Monthly rate of change,Total,Spain,2015-07,-1.5,,
ESTAT:PRC_HICP_MINR(1.0),02/10/26 11:00:00,Monthly,Monthly rate of change,Total,Spain,2015-08,-0.4,,
ESTAT:PRC_HICP_MINR(1.0),02/10/26 11:00:00,Monthly,Monthly rate of change,Total,Spain,2015-09,0.4,,
ESTAT:PRC_HICP_MINR(1.0),02/10/26 11:00:00,Monthly,Monthly rate of change,Total,Spain,2015-10,0.3,,
ESTAT:PRC_HICP_MINR(1.0),02/10/26 11:00:00,Monthly,Monthly rate of change,Total,Spain,2015-11,0.3,,
ESTAT:PRC_HICP_MINR(1.0),02/10/26 11:00:00,Monthly,Monthly rate of change,Total,Spain,2015-12,-0.4,,
ESTAT:PRC_HICP_MINR(1.0),02/10/26 11:00:00,Monthly,Monthly rate of change,Total,Spain,2016-01,-2.5,,
ESTAT:PRC_HICP_MINR(1.0),02/10/26 11:00:00,Monthly,Monthly rate of change,Total,Spain,2016-02,-0.4,,
ESTAT:PRC_HICP_MINR(1.0),02/10/26 11:00:00,Monthly,Monthly rate of change,Total,Spain,2016-03,2.0,,
ESTAT:PRC_HICP_MINR(1.0),02/10/26 11:00:00,Monthly,Monthly rate of change,Total,Spain,2016-04,0.5,,
ESTAT:PRC_HICP_MINR(1.0),02/10/26 11:00:00,Monthly,Monthly rate of change,Total,Spain,2016-05,0.5,,
ESTAT:PRC_HICP_MINR(1.0),02/10/26 11:00:00,Monthly,Monthly rate of change,Total,Spain,2016-06,0.4,,
ESTAT:PRC_HICP_MINR(1.0),02/10/26 11:00:00,Monthly,Monthly rate of change,Total,Spain,2016-07,-1.3,,
ESTAT:PRC_HICP_MINR(1.0),02/10/26 11:00:00,Monthly,Monthly rate of change,Total,Spain,2016-08,0.0,,
ESTAT:PRC_HICP_MINR(1.0),02/10/26 11:00:00,Monthly,Monthly rate of change,Total,Spain,2016-09,0.7,,
ESTAT:PRC_HICP_MINR(1.0),02/10/26 11:00:00,Monthly,Monthly rate of change,Total,Spain,2016-10,0.8,,
ESTAT:PRC_HICP_MINR(1.0),02/10/26 11:00:00,Monthly,Monthly rate of change,Total,Spain,2016-11,0.2,,
ESTAT:PRC_HICP_MINR(1.0),02/10/26 11:00:00,Monthly,Monthly rate of change,Total,Spain,2016-12,0.5,,
ESTAT:PRC_HICP_MINR(1.0),02/10/26 11:00:00,Monthly,Monthly rate of change,Total,Spain,2017-01,-1.0,,
ESTAT:PRC_HICP_MINR(1.0),02/10/26 11:00:00,Monthly,Monthly rate of change,Total,Spain,2017-02,-0.3,,
ESTAT:PRC_HICP_MINR(1.0),02/10/26 11:00:00,Monthly,Monthly rate of change,Total,Spain,2017-03,1.1,,
ESTAT:PRC_HICP_MINR(1.0),02/10/26 11:00:00,Monthly,Monthly rate of change,Total,Spain,2017-04,0.9,,
ESTAT:PRC_HICP_MINR(1.0),02/10/26 11:00:00,Monthly,Monthly rate of change,Total,Spain,2017-05,-0.1,,
ESTAT:PRC_HICP_MINR(1.0),02/10/26 11:00:00,Monthly,Monthly rate of change,Total,Spain,2017-06,0.1,,
ESTAT:PRC_HICP_MINR(1.0),02/10/26 11:00:00,Monthly,Monthly rate of change,Total,Spain,2017-07,-1.2,,
ESTAT:PRC_HICP_MINR(1.0),02/10/26 11:00:00,Monthly,Monthly rate of change,Total,Spain,2017-08,0.2,,
ESTAT:PRC_HICP_MINR(1.0),02/10/26 11:00:00,Monthly,Monthly rate of change,Total,Spain,2017-09,0.6,,
ESTAT:PRC_HICP_MINR(1.0),02/10/26 11:00:00,Monthly,Monthly rate of change,Total,Spain,2017-10,0.6,,
ESTAT:PRC_HICP_MINR(1.0),02/10/26 11:00:00,Monthly,Monthly rate of change,Total,Spain,2017-11,0.3,,
ESTAT:PRC_HICP_MINR(1.0),02/10/26 11:00:00,Monthly,Monthly rate of change,Total,Spain,2017-12,0.0,,
ESTAT:PRC_HICP_MINR(1.0),02/10/26 11:00:00,Monthly,Monthly rate of change,Total,Spain,2018-01,-1.5,,
ESTAT:PRC_HICP_MINR(1.0),02/10/26 11:00:00,Monthly,Monthly rate of change,Total,Spain,2018-02,0.1,,
ESTAT:PRC_HICP_MINR(1.0),02/10/26 11:00:00,Monthly,Monthly rate of change,Total,Spain,2018-03,1.2,,
ESTAT:PRC_HICP_MINR(1.0),02/10/26 11:00:00,Monthly,Monthly rate of change,Total,Spain,2018-04,0.8,,
ESTAT:PRC_HICP_MINR(1.0),02/10/26 11:00:00,Monthly,Monthly rate of change,Total,Spain,2018-05,0.9,,
ESTAT:PRC_HICP_MINR(1.0),02/10/26 11:00:00,Monthly,Monthly rate of change,Total,Spain,2018-06,0.2,,
ESTAT:PRC_HICP_MINR(1.0),02/10/26 11:00:00,Monthly,Monthly rate of change,Total,Spain,2018-07,-1.2,,
ESTAT:PRC_HICP_MINR(1.0),02/10/26 11:00:00,Monthly,Monthly rate of change,Total,Spain,2018-08,0.1,,
ESTAT:PRC_HICP_MINR(1.0),02/10/26 11:00:00,Monthly,Monthly rate of change,Total,Spain,2018-09,0.6,,
ESTAT:PRC_HICP_MINR(1.0),02/10/26 11:00:00,Monthly,Monthly rate of change,Total,Spain,2018-10,0.7,,
ESTAT:PRC_HICP_MINR(1.0),02/10/26 11:00:00,Monthly,Monthly rate of change,Total,Spain,2018-11,-0.2,,
ESTAT:PRC_HICP_MINR(1.0),02/10/26 11:00:00,Monthly,Monthly rate of change,Total,Spain,2018-12,-0.5,,
ESTAT:PRC_HICP_MINR(1.0),02/10/26 11:00:00,Monthly,Monthly rate of change,Total,Spain,2019-01,-1.7,,
ESTAT:PRC_HICP_MINR(1.0),02/10/26 11:00:00,Monthly,Monthly rate of change,Total,Spain,2019-02,0.2,,
ESTAT:PRC_HICP_MINR(1.0),02/10/26 11:00:00,Monthly,Monthly rate of change,Total,Spain,2019-03,1.4,,
ESTAT:PRC_HICP_MINR(1.0),02/10/26 11:00:00,Monthly,Monthly rate of change,Total,Spain,2019-04,1.1,,
ESTAT:PRC_HICP_MINR(1.0),02/10/26 11:00:00,Monthly,Monthly rate of change,Total,Spain,2019-05,0.2,,
ESTAT:PRC_HICP_MINR(1.0),02/10/26 11:00:00,Monthly,Monthly rate of change,Total,Spain,2019-06,-0.1,,
ESTAT:PRC_HICP_MINR(1.0),02/10/26 11:00:00,Monthly,Monthly rate of change,Total,Spain,2019-07,-1.1,,
ESTAT:PRC_HICP_MINR(1.0),02/10/26 11:00:00,Monthly,Monthly rate of change,Total,Spain,2019-08,-0.1,,
ESTAT:PRC_HICP_MINR(1.0),02/10/26 11:00:00,Monthly,Monthly rate of change,Total,Spain,2019-09,0.4,,
ESTAT:PRC_HICP_MINR(1.0),02/10/26 11:00:00,Monthly,Monthly rate of change,Total,Spain,2019-10,0.7,,
ESTAT:PRC_HICP_MINR(1.0),02/10/26 11:00:00,Monthly,Monthly rate of change,Total,Spain,2019-11,0.0,,
ESTAT:PRC_HICP_MINR(1.0),02/10/26 11:00:00,Monthly,Monthly rate of change,Total,Spain,2019-12,-0.1,,
ESTAT:PRC_HICP_MINR(1.0),02/10/26 11:00:00,Monthly,Monthly rate of change,Total,Spain,2020-01,-1.4,,
ESTAT:PRC_HICP_MINR(1.0),02/10/26 11:00:00,Monthly,Monthly rate of change,Total,Spain,2020-02,-0.1,,
ESTAT:PRC_HICP_MINR(1.0),02/10/26 11:00:00,Monthly,Monthly rate of change,Total,Spain,2020-03,0.6,,
ESTAT:PRC_HICP_MINR(1.0),02/10/26 11:00:00,Monthly,Monthly rate of change,Total,Spain,2020-04,0.4,,
ESTAT:PRC_HICP_MINR(1.0),02/10/26 11:00:00,Monthly,Monthly rate of change,Total,Spain,2020-05,0.1,,
ESTAT:PRC_HICP_MINR(1.0),02/10/26 11:00:00,Monthly,Monthly rate of change,Total,Spain,2020-06,0.4,,
ESTAT:PRC_HICP_MINR(1.0),02/10/26 11:00:00,Monthly,Monthly rate of change,Total,Spain,2020-07,-1.6,,
ESTAT:PRC_HICP_MINR(1.0),02/10/26 11:00:00,Monthly,Monthly rate of change,Total,Spain,2020-08,0.0,,
ESTAT:PRC_HICP_MINR(1.0),02/10/26 11:00:00,Monthly,Monthly rate of change,Total,Spain,2020-09,0.4,,
ESTAT:PRC_HICP_MINR(1.0),02/10/26 11:00:00,Monthly,Monthly rate of change,Total,Spain,2020-10,0.3,,
ESTAT:PRC_HICP_MINR(1.0),02/10/26 11:00:00,Monthly,Monthly rate of change,Total,Spain,2020-11,0.1,,
ESTAT:PRC_HICP_MINR(1.0),02/10/26 11:00:00,Monthly,Monthly rate of change,Total,Spain,2020-12,0.2,,
ESTAT:PRC_HICP_MINR(1.0),02/10/26 11:00:00,Monthly,Monthly rate of change,Total,Spain,2021-01,-0.4,,
ESTAT:PRC_HICP_MINR(1.0),02/10/26 11:00:00,Monthly,Monthly rate of change,Total,Spain,2021-02,-0.6,,
ESTAT:PRC_HICP_MINR(1.0),02/10/26 11:00:00,Monthly,Monthly rate of change,Total,Spain,2021-03,1.9,,
ESTAT:PRC_HICP_MINR(1.0),02/10/26 11:00:00,Monthly,Monthly rate of change,Total,Spain,2021-04,1.1,,
ESTAT:PRC_HICP_MINR(1.0),02/10/26 11:00:00,Monthly,Monthly rate of change,Total,Spain,2021-05,0.5,,
ESTAT:PRC_HICP_MINR(1.0),02/10/26 11:00:00,Monthly,Monthly rate of change,Total,Spain,2021-06,0.5,,
ESTAT:PRC_HICP_MINR(1.0),02/10/26 11:00:00,Monthly,Monthly rate of change,Total,Spain,2021-07,-1.2,,
ESTAT:PRC_HICP_MINR(1.0),02/10/26 11:00:00,Monthly,Monthly rate of change,Total,Spain,2021-08,0.4,,
ESTAT:PRC_HICP_MINR(1.0),02/10/26 11:00:00,Monthly,Monthly rate of change,Total,Spain,2021-09,1.1,,
ESTAT:PRC_HICP_MINR(1.0),02/10/26 11:00:00,Monthly,Monthly rate of change,Total,Spain,2021-10,1.6,,
ESTAT:PRC_HICP_MINR(1.0),02/10/26 11:00:00,Monthly,Monthly rate of change,Total,Spain,2021-11,0.2,,
ESTAT:PRC_HICP_MINR(1.0),02/10/26 11:00:00,Monthly,Monthly rate of change,Total,Spain,2021-12,1.2,,
ESTAT:PRC_HICP_MINR(1.0),02/10/26 11:00:00,Monthly,Monthly rate of change,Total,Spain,2022-01,-0.8,,
ESTAT:PRC_HICP_MINR(1.0),02/10/26 11:00:00,Monthly,Monthly rate of change,Total,Spain,2022-02,0.8,,
ESTAT:PRC_HICP_MINR(1.0),02/10/26 11:00:00,Monthly,Monthly rate of change,Total,Spain,2022-03,3.9,,
ESTAT:PRC_HICP_MINR(1.0),02/10/26 11:00:00,Monthly,Monthly rate of change,Total,Spain,2022-04,-0.3,,
ESTAT:PRC_HICP_MINR(1.0),02/10/26 11:00:00,Monthly,Monthly rate of change,Total,Spain,2022-05,0.7,,
ESTAT:PRC_HICP_MINR(1.0),02/10/26 11:00:00,Monthly,Monthly rate of change,Total,Spain,2022-06,1.9,,
ESTAT:PRC_HICP_MINR(1.0),02/10/26 11:00:00,Monthly,Monthly rate of change,Total,Spain,2022-07,-0.6,,
ESTAT:PRC_HICP_MINR(1.0),02/10/26 11:00:00,Monthly,Monthly rate of change,Total,Spain,2022-08,0.3,,
ESTAT:PRC_HICP_MINR(1.0),02/10/26 11:00:00,Monthly,Monthly rate of change,Total,Spain,2022-09,-0.2,,
ESTAT:PRC_HICP_MINR(1.0),02/10/26 11:00:00,Monthly,Monthly rate of change,Total,Spain,2022-10,0.0,,
ESTAT:PRC_HICP_MINR(1.0),02/10/26 11:00:00,Monthly,Monthly rate of change,Total,Spain,2022-11,-0.3,,
ESTAT:PRC_HICP_MINR(1.0),02/10/26 11:00:00,Monthly,Monthly rate of change,Total,Spain,2022-12,0.0,,
ESTAT:PRC_HICP_MINR(1.0),02/10/26 11:00:00,Monthly,Monthly rate of change,Total,Spain,2023-01,-0.4,,
ESTAT:PRC_HICP_MINR(1.0),02/10/26 11:00:00,Monthly,Monthly rate of change,Total,Spain,2023-02,0.9,,
ESTAT:PRC_HICP_MINR(1.0),02/10/26 11:00:00,Monthly,Monthly rate of change,Total,Spain,2023-03,1.1,,
ESTAT:PRC_HICP_MINR(1.0),02/10/26 11:00:00,Monthly,Monthly rate of change,Total,Spain,2023-04,0.5,,
ESTAT:PRC_HICP_MINR(1.0),02/10/26 11:00:00,Monthly,Monthly rate of change,Total,Spain,2023-05,-0.1,,
ESTAT:PRC_HICP_MINR(1.0),02/10/26 11:00:00,Monthly,Monthly rate of change,Total,Spain,2023-06,0.6,,
ESTAT:PRC_HICP_MINR(1.0),02/10/26 11:00:00,Monthly,Monthly rate of change,Total,Spain,2023-07,-0.1,,
ESTAT:PRC_HICP_MINR(1.0),02/10/26 11:00:00,Monthly,Monthly rate of change,Total,Spain,2023-08,0.5,,
ESTAT:PRC_HICP_MINR(1.0),02/10/26 11:00:00,Monthly,Monthly rate of change,Total,Spain,2023-09,0.6,,
ESTAT:PRC_HICP_MINR(1.0),02/10/26 11:00:00,Monthly,Monthly rate of change,Total,Spain,2023-10,0.3,,
ESTAT:PRC_HICP_MINR(1.0),02/10/26 11:00:00,Monthly,Monthly rate of change,Total,Spain,2023-11,-0.5,,
ESTAT:PRC_HICP_MINR(1.0),02/10/26 11:00:00,Monthly,Monthly rate of change,Total,Spain,2023-12,0.0,,
ESTAT:PRC_HICP_MINR(1.0),02/10/26 11:00:00,Monthly,Monthly rate of change,Total,Spain,2024-01,-0.2,,
ESTAT:PRC_HICP_MINR(1.0),02/10/26 11:00:00,Monthly,Monthly rate of change,Total,Spain,2024-02,0.4,,
ESTAT:PRC_HICP_MINR(1.0),02/10/26 11:00:00,Monthly,Monthly rate of change,Total,Spain,2024-03,1.3,,
ESTAT:PRC_HICP_MINR(1.0),02/10/26 11:00:00,Monthly,Monthly rate of change,Total,Spain,2024-04,0.6,,
ESTAT:PRC_HICP_MINR(1.0),02/10/26 11:00:00,Monthly,Monthly rate of change,Total,Spain,2024-05,0.2,,
ESTAT:PRC_HICP_MINR(1.0),02/10/26 11:00:00,Monthly,Monthly rate of change,Total,Spain,2024-06,0.4,,
ESTAT:PRC_HICP_MINR(1.0),02/10/26 11:00:00,Monthly,Monthly rate of change,Total,Spain,2024-07,-0.8,,
ESTAT:PRC_HICP_MINR(1.0),02/10/26 11:00:00,Monthly,Monthly rate of change,Total,Spain,2024-08,0.0,,
ESTAT:PRC_HICP_MINR(1.0),02/10/26 11:00:00,Monthly,Monthly rate of change,Total,Spain,2024-09,-0.1,,
ESTAT:PRC_HICP_MINR(1.0),02/10/26 11:00:00,Monthly,Monthly rate of change,Total,Spain,2024-10,0.4,,
ESTAT:PRC_HICP_MINR(1.0),02/10/26 11:00:00,Monthly,Monthly rate of change,Total,Spain,2024-11,0.0,,
ESTAT:PRC_HICP_MINR(1.0),02/10/26 11:00:00,Monthly,Monthly rate of change,Total,Spain,2024-12,0.4,,
ESTAT:PRC_HICP_MINR(1.0),02/10/26 11:00:00,Monthly,Monthly rate of change,Total,Spain,2025-01,-0.2,,
ESTAT:PRC_HICP_MINR(1.0),02/10/26 11:00:00,Monthly,Monthly rate of change,Total,Spain,2025-02,0.4,,
ESTAT:PRC_HICP_MINR(1.0),02/10/26 11:00:00,Monthly,Monthly rate of change,Total,Spain,2025-03,0.7,,
ESTAT:PRC_HICP_MINR(1.0),02/10/26 11:00:00,Monthly,Monthly rate of change,Total,Spain,2025-04,0.6,,
ESTAT:PRC_HICP_MINR(1.0),02/10/26 11:00:00,Monthly,Monthly rate of change,Total,Spain,2025-05,0.0,,
ESTAT:PRC_HICP_MINR(1.0),02/10/26 11:00:00,Monthly,Monthly rate of change,Total,Spain,2025-06,0.7,,
ESTAT:PRC_HICP_MINR(1.0),02/10/26 11:00:00,Monthly,Monthly rate of change,Total,Spain,2025-07,-0.3,,
ESTAT:PRC_HICP_MINR(1.0),02/10/26 11:00:00,Monthly,Monthly rate of change,Total,Spain,2025-08,0.0,,
ESTAT:PRC_HICP_MINR(1.0),02/10/26 11:00:00,Monthly,Monthly rate of change,Total,Spain,2025-09,0.2,,
ESTAT:PRC_HICP_MINR(1.0),02/10/26 11:00:00,Monthly,Monthly rate of change,Total,Spain,2025-10,0.5,,
ESTAT:PRC_HICP_MINR(1.0),02/10/26 11:00:00,Monthly,Monthly rate of change,Total,Spain,2025-11,0.0,,
ESTAT:PRC_HICP_MINR(1.0),02/10/26 11:00:00,Monthly,Monthly rate of change,Total,Spain,2025-12,0.3,,
ESTAT:PRC_HICP_MINR(1.0),02/10/26 11:00:00,Monthly,Monthly rate of change,Total,Finland,2006-01,-0.4,,
ESTAT:PRC_HICP_MINR(1.0),02/10/26 11:00:00,Monthly,Monthly rate of change,Total,Finland,2006-02,0.8,,
ESTAT:PRC_HICP_MINR(1.0),02/10/26 11:00:00,Monthly,Monthly rate of change,Total,Finland,2006-03,0.3,,
ESTAT:PRC_HICP_MINR(1.0),02/10/26 11:00:00,Monthly,Monthly rate of change,Total,Finland,2006-04,0.5,,
ESTAT:PRC_HICP_MINR(1.0),02/10/26 11:00:00,Monthly,Monthly rate of change,Total,Finland,2006-05,-0.1,,
ESTAT:PRC_HICP_MINR(1.0),02/10/26 11:00:00,Monthly,Monthly rate of change,Total,Finland,2006-06,0.0,,
ESTAT:PRC_HICP_MINR(1.0),02/10/26 11:00:00,Monthly,Monthly rate of change,Total,Finland,2006-07,-0.5,,
ESTAT:PRC_HICP_MINR(1.0),02/10/26 11:00:00,Monthly,Monthly rate of change,Total,Finland,2006-08,0.3,,
ESTAT:PRC_HICP_MINR(1.0),02/10/26 11:00:00,Monthly,Monthly rate of change,Total,Finland,2006-09,0.1,,
ESTAT:PRC_HICP_MINR(1.0),02/10/26 11:00:00,Monthly,Monthly rate of change,Total,Finland,2006-10,0.2,,
ESTAT:PRC_HICP_MINR(1.0),02/10/26 11:00:00,Monthly,Monthly rate of change,Total,Finland,2006-11,0.0,,
ESTAT:PRC_HICP_MINR(1.0),02/10/26 11:00:00,Monthly,Monthly rate of change,Total,Finland,2006-12,0.0,,
ESTAT:PRC_HICP_MINR(1.0),02/10/26 11:00:00,Monthly,Monthly rate of change,Total,Finland,2007-01,-0.3,,
ESTAT:PRC_HICP_MINR(1.0),02/10/26 11:00:00,Monthly,Monthly rate of change,Total,Finland,2007-02,0.6,,
ESTAT:PRC_HICP_MINR(1.0),02/10/26 11:00:00,Monthly,Monthly rate of change,Total,Finland,2007-03,0.7,,
ESTAT:PRC_HICP_MINR(1.0),02/10/26 11:00:00,Monthly,Monthly rate of change,Total,Finland,2007-04,0.5,,
ESTAT:PRC_HICP_MINR(1.0),02/10/26 11:00:00,Monthly,Monthly rate of change,Total,Finland,2007-05,-0.3,,
ESTAT:PRC_HICP_MINR(1.0),02/10/26 11:00:00,Monthly,Monthly rate of change,Total,Finland,2007-06,0.1,,
ESTAT:PRC_HICP_MINR(1.0),02/10/26 11:00:00,Monthly,Monthly rate of change,Total,Finland,2007-07,-0.3,,
ESTAT:PRC_HICP_MINR(1.0),02/10/26 11:00:00,Monthly,Monthly rate of change,Total,Finland,2007-08,0.0,,
ESTAT:PRC_HICP_MINR(1.0),02/10/26 11:00:00,Monthly,Monthly rate of change,Total,Finland,2007-09,0.4,,
ESTAT:PRC_HICP_MINR(1.0),02/10/26 11:00:00,Monthly,Monthly rate of change,Total,Finland,2007-10,0.3,,
ESTAT:PRC_HICP_MINR(1.0),02/10/26 11:00:00,Monthly,Monthly rate of change,Total,Finland,2007-11,0.3,,
ESTAT:PRC_HICP_MINR(1.0),02/10/26 11:00:00,Monthly,Monthly rate of change,Total,Finland,2007-12,-0.2,,
ESTAT:PRC_HICP_MINR(1.0),02/10/26 11:00:00,Monthly,Monthly rate of change,Total,Finland,2008-01,1.2,,
ESTAT:PRC_HICP_MINR(1.0),02/10/26 11:00:00,Monthly,Monthly rate of change,Total,Finland,2008-02,0.5,,
ESTAT:PRC_HICP_MINR(1.0),02/10/26 11:00:00,Monthly,Monthly rate of change,Total,Finland,2008-03,1.0,,
ESTAT:PRC_HICP_MINR(1.0),02/10/26 11:00:00,Monthly,Monthly rate of change,Total,Finland,2008-04,0.2,,
ESTAT:PRC_HICP_MINR(1.0),02/10/26 11:00:00,Monthly,Monthly rate of change,Total,Finland,2008-05,0.5,,
ESTAT:PRC_HICP_MINR(1.0),02/10/26 11:00:00,Monthly,Monthly rate of change,Total,Finland,2008-06,0.3,,
ESTAT:PRC_HICP_MINR(1.0),02/10/26 11:00:00,Monthly,Monthly rate of change,Total,Finland,2008-07,-0.3,,
ESTAT:PRC_HICP_MINR(1.0),02/10/26 11:00:00,Monthly,Monthly rate of change,Total,Finland,2008-08,0.3,,
ESTAT:PRC_HICP_MINR(1.0),02/10/26 11:00:00,Monthly,Monthly rate of change,Total,Finland,2008-09,0.6,,
ESTAT:PRC_HICP_MINR(1.0),02/10/26 11:00:00,Monthly,Monthly rate of change,Total,Finland,2008-10,0.0,,
ESTAT:PRC_HICP_MINR(1.0),02/10/26 11:00:00,Monthly,Monthly rate of change,Total,Finland,2008-11,-0.5,,
ESTAT:PRC_HICP_MINR(1.0),02/10/26 11:00:00,Monthly,Monthly rate of change,Total,Finland,2008-12,-0.3,,
ESTAT:PRC_HICP_MINR(1.0),02/10/26 11:00:00,Monthly,Monthly rate of change,Total,Finland,2009-01,0.3,,
ESTAT:PRC_HICP_MINR(1.0),02/10/26 11:00:00,Monthly,Monthly rate of change,Total,Finland,2009-02,0.7,,
ESTAT:PRC_HICP_MINR(1.0),02/10/26 11:00:00,Monthly,Monthly rate of change,Total,Finland,2009-03,0.4,,
ESTAT:PRC_HICP_MINR(1.0),02/10/26 11:00:00,Monthly,Monthly rate of change,Total,Finland,2009-04,0.2,,
ESTAT:PRC_HICP_MINR(1.0),02/10/26 11:00:00,Monthly,Monthly rate of change,Total,Finland,2009-05,-0.1,,
ESTAT:PRC_HICP_MINR(1.0),02/10/26 11:00:00,Monthly,Monthly rate of change,Total,Finland,2009-06,0.4,,
ESTAT:PRC_HICP_MINR(1.0),02/10/26 11:00:00,Monthly,Monthly rate of change,Total,Finland,2009-07,-0.7,,
ESTAT:PRC_HICP_MINR(1.0),02/10/26 11:00:00,Monthly,Monthly rate of change,Total,Finland,2009-08,0.4,,
ESTAT:PRC_HICP_MINR(1.0),02/10/26 11:00:00,Monthly,Monthly rate of change,Total,Finland,2009-09,0.3,,
ESTAT:PRC_HICP_MINR(1.0),02/10/26 11:00:00,Monthly,Monthly rate of change,Total,Finland,2009-10,-0.5,,
ESTAT:PRC_HICP_MINR(1.0),02/10/26 11:00:00,Monthly,Monthly rate of change,Total,Finland,2009-11,0.2,,
ESTAT:PRC_HICP_MINR(1.0),02/10/26 11:00:00,Monthly,Monthly rate of change,Total,Finland,2009-12,0.1,,
ESTAT:PRC_HICP_MINR(1.0),02/10/26 11:00:00,Monthly,Monthly rate of change,Total,Finland,2010-01,0.1,,
ESTAT:PRC_HICP_MINR(1.0),02/10/26 11:00:00,Monthly,Monthly rate of change,Total,Finland,2010-02,0.4,,
ESTAT:PRC_HICP_MINR(1.0),02/10/26 11:00:00,Monthly,Monthly rate of change,Total,Finland,2010-03,0.6,,
ESTAT:PRC_HICP_MINR(1.0),02/10/26 11:00:00,Monthly,Monthly rate of change,Total,Finland,2010-04,0.3,,
ESTAT:PRC_HICP_MINR(1.0),02/10/26 11:00:00,Monthly,Monthly rate of change,Total,Finland,2010-05,-0.2,,
ESTAT:PRC_HICP_MINR(1.0),02/10/26 11:00:00,Monthly,Monthly rate of change,Total,Finland,2010-06,0.2,,
ESTAT:PRC_HICP_MINR(1.0),02/10/26 11:00:00,Monthly,Monthly rate of change,Total,Finland,2010-07,-0.6,,
ESTAT:PRC_HICP_MINR(1.0),02/10/26 11:00:00,Monthly,Monthly rate of change,Total,Finland,2010-08,0.4,,
ESTAT:PRC_HICP_MINR(1.0),02/10/26 11:00:00,Monthly,Monthly rate of change,Total,Finland,2010-09,0.4,,
ESTAT:PRC_HICP_MINR(1.0),02/10/26 11:00:00,Monthly,Monthly rate of change,Total,Finland,2010-10,0.4,,
ESTAT:PRC_HICP_MINR(1.0),02/10/26 11:00:00,Monthly,Monthly rate of change,Total,Finland,2010-11,0.2,,
ESTAT:PRC_HICP_MINR(1.0),02/10/26 11:00:00,Monthly,Monthly rate of change,Total,Finland,2010-12,0.5,,
ESTAT:PRC_HICP_MINR(1.0),02/10/26 11:00:00,Monthly,Monthly rate of change,Total,Finland,2011-01,0.4,,
ESTAT:PRC_HICP_MINR(1.0),02/10/26 11:00:00,Monthly,Monthly rate of change,Total,Finland,2011-02,0.8,,
ESTAT:PRC_HICP_MINR(1.0),02/10/26 11:00:00,Monthly,Monthly rate of change,Total,Finland,2011-03,0.6,,
ESTAT:PRC_HICP_MINR(1.0),02/10/26 11:00:00,Monthly,Monthly rate of change,Total,Finland,2011-04,0.2,,
ESTAT:PRC_HICP_MINR(1.0),02/10/26 11:00:00,Monthly,Monthly rate of change,Total,Finland,2011-05,-0.1,,
ESTAT:PRC_HICP_MINR(1.0),02/10/26 11:00:00,Monthly,Monthly rate of change,Total,Finland,2011-06,0.2,,
ESTAT:PRC_HICP_MINR(1.0),02/10/26 11:00:00,Monthly,Monthly rate of change,Total,Finland,2011-07,-0.4,,
ESTAT:PRC_HICP_MINR(1.0),02/10/26 11:00:00,Monthly,Monthly rate of change,Total,Finland,2011-08,0.2,,
ESTAT:PRC_HICP_MINR(1.0),02/10/26 11:00:00,Monthly,Monthly rate of change,Total,Finland,2011-09,0.4,,
ESTAT:PRC_HICP_MINR(1.0),02/10/26 11:00:00,Monthly,Monthly rate of change,Total,Finland,2011-10,0.2,,
ESTAT:PRC_HICP_MINR(1.0),02/10/26 11:00:00,Monthly,Monthly rate of change,Total,Finland,2011-11,0.2,,
ESTAT:PRC_HICP_MINR(1.0),02/10/26 11:00:00,Monthly,Monthly rate of change,Total,Finland,2011-12,-0.1,,
ESTAT:PRC_HICP_MINR(1.0),02/10/26 11:00:00,Monthly,Monthly rate of change,Total,Finland,2012-01,0.8,,
ESTAT:PRC_HICP_MINR(1.0),02/10/26 11:00:00,Monthly,Monthly rate of change,Total,Finland,2012-02,0.7,,
ESTAT:PRC_HICP_MINR(1.0),02/10/26 11:00:00,Monthly,Monthly rate of change,Total,Finland,2012-03,0.5,,
ESTAT:PRC_HICP_MINR(1.0),02/10/26 11:00:00,Monthly,Monthly rate of change,Total,Finland,2012-04,0.2,,
ESTAT:PRC_HICP_MINR(1.0),02/10/26 11:00:00,Monthly,Monthly rate of change,Total,Finland,2012-05,-0.1,,
ESTAT:PRC_HICP_MINR(1.0),02/10/26 11:00:00,Monthly,Monthly rate of change,Total,Finland,2012-06,0.1,,
ESTAT:PRC_HICP_MINR(1.0),02/10/26 11:00:00,Monthly,Monthly rate of change,Total,Finland,2012-07,-0.3,,
ESTAT:PRC_HICP_MINR(1.0),02/10/26 11:00:00,Monthly,Monthly rate of change,Total,Finland,2012-08,0.4,,
ESTAT:PRC_HICP_MINR(1.0),02/10/26 11:00:00,Monthly,Monthly rate of change,Total,Finland,2012-09,0.6,,
ESTAT:PRC_HICP_MINR(1.0),02/10/26 11:00:00,Monthly,Monthly rate of change,Total,Finland,2012-10,0.3,,
ESTAT:PRC_HICP_MINR(1.0),02/10/26 11:00:00,Monthly,Monthly rate of change,Total,Finland,2012-11,-0.1,,
ESTAT:PRC_HICP_MINR(1.0),02/10/26 11:00:00,Monthly,Monthly rate of change,Total,Finland,2012-12,0.2,,
ESTAT:PRC_HICP_MINR(1.0),02/10/26 11:00:00,Monthly,Monthly rate of change,Total,Finland,2013-01,0.0,,
ESTAT:PRC_HICP_MINR(1.0),02/10/26 11:00:00,Monthly,Monthly rate of change,Total,Finland,2013-02,0.6,,
ESTAT:PRC_HICP_MINR(1.0),02/10/26 11:00:00,Monthly,Monthly rate of change,Total,Finland,2013-03,0.5,,
ESTAT:PRC_HICP_MINR(1.0),02/10/26 11:00:00,Monthly,Monthly rate of change,Total,Finland,2013-04,0.2,,
ESTAT:PRC_HICP_MINR(1.0),02/10/26 11:00:00,Monthly,Monthly rate of change,Total,Finland,2013-05,0.0,,
ESTAT:PRC_HICP_MINR(1.0),02/10/26 11:00:00,Monthly,Monthly rate of change,Total,Finland,2013-06,0.0,,
ESTAT:PRC_HICP_MINR(1.0),02/10/26 11:00:00,Monthly,Monthly rate of change,Total,Finland,2013-07,0.0,,
ESTAT:PRC_HICP_MINR(1.0),02/10/26 11:00:00,Monthly,Monthly rate of change,Total,Finland,2013-08,-0.1,,
ESTAT:PRC_HICP_MINR(1.0),02/10/26 11:00:00,Monthly,Monthly rate of change,Total,Finland,2013-09,0.4,,
ESTAT:PRC_HICP_MINR(1.0),02/10/26 11:00:00,Monthly,Monthly rate of change,Total,Finland,2013-10,0.1,,
ESTAT:PRC_HICP_MINR(1.0),02/10/26 11:00:00,Monthly,Monthly rate of change,Total,Finland,2013-11,0.0,,
ESTAT:PRC_HICP_MINR(1.0),02/10/26 11:00:00,Monthly,Monthly rate of change,Total,Finland,2013-12,0.4,,
ESTAT:PRC_HICP_MINR(1.0),02/10/26 11:00:00,Monthly,Monthly rate of change,Total,Finland,2014-01,-0.1,,
ESTAT:PRC_HICP_MINR(1.0),02/10/26 11:00:00,Monthly,Monthly rate of change,Total,Finland,2014-02,0.3,,
ESTAT:PRC_HICP_MINR(1.0),02/10/26 11:00:00,Monthly,Monthly rate of change,Total,Finland,2014-03,0.3,,
ESTAT:PRC_HICP_MINR(1.0),02/10/26 11:00:00,Monthly,Monthly rate of change,Total,Finland,2014-04,0.1,,
ESTAT:PRC_HICP_MINR(1.0),02/10/26 11:00:00,Monthly,Monthly rate of change,Total,Finland,2014-05,-0.3,,
ESTAT:PRC_HICP_MINR(1.0),02/10/26 11:00:00,Monthly,Monthly rate of change,Total,Finland,2014-06,0.0,,
ESTAT:PRC_HICP_MINR(1.0),02/10/26 11:00:00,Monthly,Monthly rate of change,Total,Finland,2014-07,-0.1,,
ESTAT:PRC_HICP_MINR(1.0),02/10/26 11:00:00,Monthly,Monthly rate of change,Total,Finland,2014-08,0.2,,
ESTAT:PRC_HICP_MINR(1.0),02/10/26 11:00:00,Monthly,Monthly rate of change,Total,Finland,2014-09,0.6,,
ESTAT:PRC_HICP_MINR(1.0),02/10/26 11:00:00,Monthly,Monthly rate of change,Total,Finland,2014-10,-0.2,,
ESTAT:PRC_HICP_MINR(1.0),02/10/26 11:00:00,Monthly,Monthly rate of change,Total,Finland,2014-11,-0.2,,
ESTAT:PRC_HICP_MINR(1.0),02/10/26 11:00:00,Monthly,Monthly rate of change,Total,Finland,2014-12,-0.1,,
ESTAT:PRC_HICP_MINR(1.0),02/10/26 11:00:00,Monthly,Monthly rate of change,Total,Finland,2015-01,-0.7,,
ESTAT:PRC_HICP_MINR(1.0),02/10/26 11:00:00,Monthly,Monthly rate of change,Total,Finland,2015-02,0.3,,
ESTAT:PRC_HICP_MINR(1.0),02/10/26 11:00:00,Monthly,Monthly rate of change,Total,Finland,2015-03,0.4,,
ESTAT:PRC_HICP_MINR(1.0),02/10/26 11:00:00,Monthly,Monthly rate of change,Total,Finland,2015-04,0.0,,
ESTAT:PRC_HICP_MINR(1.0),02/10/26 11:00:00,Monthly,Monthly rate of change,Total,Finland,2015-05,-0.1,,
ESTAT:PRC_HICP_MINR(1.0),02/10/26 11:00:00,Monthly,Monthly rate of change,Total,Finland,2015-06,0.0,,
ESTAT:PRC_HICP_MINR(1.0),02/10/26 11:00:00,Monthly,Monthly rate of change,Total,Finland,2015-07,-0.3,,
ESTAT:PRC_HICP_MINR(1.0),02/10/26 11:00:00,Monthly,Monthly rate of change,Total,Finland,2015-08,0.0,,
ESTAT:PRC_HICP_MINR(1.0),02/10/26 11:00:00,Monthly,Monthly rate of change,Total,Finland,2015-09,0.1,,
ESTAT:PRC_HICP_MINR(1.0),02/10/26 11:00:00,Monthly,Monthly rate of change,Total,Finland,2015-10,0.2,,
ESTAT:PRC_HICP_MINR(1.0),02/10/26 11:00:00,Monthly,Monthly rate of change,Total,Finland,2015-11,0.0,,
ESTAT:PRC_HICP_MINR(1.0),02/10/26 11:00:00,Monthly,Monthly rate of change,Total,Finland,2015-12,-0.2,,
ESTAT:PRC_HICP_MINR(1.0),02/10/26 11:00:00,Monthly,Monthly rate of change,Total,Finland,2016-01,-0.5,,
ESTAT:PRC_HICP_MINR(1.0),02/10/26 11:00:00,Monthly,Monthly rate of change,Total,Finland,2016-02,0.2,,
ESTAT:PRC_HICP_MINR(1.0),02/10/26 11:00:00,Monthly,Monthly rate of change,Total,Finland,2016-03,0.5,,
ESTAT:PRC_HICP_MINR(1.0),02/10/26 11:00:00,Monthly,Monthly rate of change,Total,Finland,2016-04,0.3,,
ESTAT:PRC_HICP_MINR(1.0),02/10/26 11:00:00,Monthly,Monthly rate of change,Total,Finland,2016-05,-0.1,,
ESTAT:PRC_HICP_MINR(1.0),02/10/26 11:00:00,Monthly,Monthly rate of change,Total,Finland,2016-06,0.1,,
ESTAT:PRC_HICP_MINR(1.0),02/10/26 11:00:00,Monthly,Monthly rate of change,Total,Finland,2016-07,-0.2,,
ESTAT:PRC_HICP_MINR(1.0),02/10/26 11:00:00,Monthly,Monthly rate of change,Total,Finland,2016-08,0.0,,
ESTAT:PRC_HICP_MINR(1.0),02/10/26 11:00:00,Monthly,Monthly rate of change,Total,Finland,2016-09,0.2,,
ESTAT:PRC_HICP_MINR(1.0),02/10/26 11:00:00,Monthly,Monthly rate of change,Total,Finland,2016-10,0.2,,
ESTAT:PRC_HICP_MINR(1.0),02/10/26 11:00:00,Monthly,Monthly rate of change,Total,Finland,2016-11,0.0,,
ESTAT:PRC_HICP_MINR(1.0),02/10/26 11:00:00,Monthly,Monthly rate of change,Total,Finland,2016-12,0.3,,
ESTAT:PRC_HICP_MINR(1.0),02/10/26 11:00:00,Monthly,Monthly rate of change,Total,Finland,2017-01,-0.7,,
ESTAT:PRC_HICP_MINR(1.0),02/10/26 11:00:00,Monthly,Monthly rate of change,Total,Finland,2017-02,0.7,,
ESTAT:PRC_HICP_MINR(1.0),02/10/26 11:00:00,Monthly,Monthly rate of change,Total,Finland,2017-03,0.0,,
ESTAT:PRC_HICP_MINR(1.0),02/10/26 11:00:00,Monthly,Monthly rate of change,Total,Finland,2017-04,0.4,,
ESTAT:PRC_HICP_MINR(1.0),02/10/26 11:00:00,Monthly,Monthly rate of change,Total,Finland,2017-05,-0.2,,
ESTAT:PRC_HICP_MINR(1.0),02/10/26 11:00:00,Monthly,Monthly rate of change,Total,Finland,2017-06,0.0,,
ESTAT:PRC_HICP_MINR(1.0),02/10/26 11:00:00,Monthly,Monthly rate of change,Total,Finland,2017-07,-0.4,,
ESTAT:PRC_HICP_MINR(1.0),02/10/26 11:00:00,Monthly,Monthly rate of change,Total,Finland,2017-08,0.2,,
ESTAT:PRC_HICP_MINR(1.0),02/10/26 11:00:00,Monthly,Monthly rate of change,Total,Finland,2017-09,0.2,,
ESTAT:PRC_HICP_MINR(1.0),02/10/26 11:00:00,Monthly,Monthly rate of change,Total,Finland,2017-10,0.0,,
ESTAT:PRC_HICP_MINR(1.0),02/10/26 11:00:00,Monthly,Monthly rate of change,Total,Finland,2017-11,0.3,,
ESTAT:PRC_HICP_MINR(1.0),02/10/26 11:00:00,Monthly,Monthly rate of change,Total,Finland,2017-12,-0.1,,
ESTAT:PRC_HICP_MINR(1.0),02/10/26 11:00:00,Monthly,Monthly rate of change,Total,Finland,2018-01,-0.3,,
ESTAT:PRC_HICP_MINR(1.0),02/10/26 11:00:00,Monthly,Monthly rate of change,Total,Finland,2018-02,0.5,,
ESTAT:PRC_HICP_MINR(1.0),02/10/26 11:00:00,Monthly,Monthly rate of change,Total,Finland,2018-03,0.2,,
ESTAT:PRC_HICP_MINR(1.0),02/10/26 11:00:00,Monthly,Monthly rate of change,Total,Finland,2018-04,0.3,,
ESTAT:PRC_HICP_MINR(1.0),02/10/26 11:00:00,Monthly,Monthly rate of change,Total,Finland,2018-05,0.0,,
ESTAT:PRC_HICP_MINR(1.0),02/10/26 11:00:00,Monthly,Monthly rate of change,Total,Finland,2018-06,0.2,,
ESTAT:PRC_HICP_MINR(1.0),02/10/26 11:00:00,Monthly,Monthly rate of change,Total,Finland,2018-07,-0.2,,
ESTAT:PRC_HICP_MINR(1.0),02/10/26 11:00:00,Monthly,Monthly rate of change,Total,Finland,2018-08,0.1,,
ESTAT:PRC_HICP_MINR(1.0),02/10/26 11:00:00,Monthly,Monthly rate of change,Total,Finland,2018-09,0.3,,
ESTAT:PRC_HICP_MINR(1.0),02/10/26 11:00:00,Monthly,Monthly rate of change,Total,Finland,2018-10,0.3,,
ESTAT:PRC_HICP_MINR(1.0),02/10/26 11:00:00,Monthly,Monthly rate of change,Total,Finland,2018-11,0.1,,
ESTAT:PRC_HICP_MINR(1.0),02/10/26 11:00:00,Monthly,Monthly rate of change,Total,Finland,2018-12,-0.2,,
ESTAT:PRC_HICP_MINR(1.0),02/10/26 11:00:00,Monthly,Monthly rate of change,Total,Finland,2019-01,-0.4,,
ESTAT:PRC_HICP_MINR(1.0),02/10/26 11:00:00,Monthly,Monthly rate of change,Total,Finland,2019-02,0.5,,
ESTAT:PRC_HICP_MINR(1.0),02/10/26 11:00:00,Monthly,Monthly rate of change,Total,Finland,2019-03,0.1,,
ESTAT:PRC_HICP_MINR(1.0),02/10/26 11:00:00,Monthly,Monthly rate of change,Total,Finland,2019-04,0.7,,
ESTAT:PRC_HICP_MINR(1.0),02/10/26 11:00:00,Monthly,Monthly rate of change,Total,Finland,2019-05,-0.2,,
ESTAT:PRC_HICP_MINR(1.0),02/10/26 11:00:00,Monthly,Monthly rate of change,Total,Finland,2019-06,0.0,,
ESTAT:PRC_HICP_MINR(1.0),02/10/26 11:00:00,Monthly,Monthly rate of change,Total,Finland,2019-07,-0.3,,
ESTAT:PRC_HICP_MINR(1.0),02/10/26 11:00:00,Monthly,Monthly rate of change,Total,Finland,2019-08,0.4,,
ESTAT:PRC_HICP_MINR(1.0),02/10/26 11:00:00,Monthly,Monthly rate of change,Total,Finland,2019-09,0.0,,
ESTAT:PRC_HICP_MINR(1.0),02/10/26 11:00:00,Monthly,Monthly rate of change,Total,Finland,2019-10,0.1,,
ESTAT:PRC_HICP_MINR(1.0),02/10/26 11:00:00,Monthly,Monthly rate of change,Total,Finland,2019-11,-0.1,,
ESTAT:PRC_HICP_MINR(1.0),02/10/26 11:00:00,Monthly,Monthly rate of change,Total,Finland,2019-12,0.2,,
ESTAT:PRC_HICP_MINR(1.0),02/10/26 11:00:00,Monthly,Monthly rate of change,Total,Finland,2020-01,-0.4,,
ESTAT:PRC_HICP_MINR(1.0),02/10/26 11:00:00,Monthly,Monthly rate of change,Total,Finland,2020-02,0.5,,
ESTAT:PRC_HICP_MINR(1.0),02/10/26 11:00:00,Monthly,Monthly rate of change,Total,Finland,2020-03,-0.2,,
ESTAT:PRC_HICP_MINR(1.0),02/10/26 11:00:00,Monthly,Monthly rate of change,Total,Finland,2020-04,-0.4,,
ESTAT:PRC_HICP_MINR(1.0),02/10/26 11:00:00,Monthly,Monthly rate of change,Total,Finland,2020-05,-0.1,,
ESTAT:PRC_HICP_MINR(1.0),02/10/26 11:00:00,Monthly,Monthly rate of change,Total,Finland,2020-06,0.2,,
ESTAT:PRC_HICP_MINR(1.0),02/10/26 11:00:00,Monthly,Monthly rate of change,Total,Finland,2020-07,0.3,,
ESTAT:PRC_HICP_MINR(1.0),02/10/26 11:00:00,Monthly,Monthly rate of change,Total,Finland,2020-08,0.0,,
ESTAT:PRC_HICP_MINR(1.0),02/10/26 11:00:00,Monthly,Monthly rate of change,Total,Finland,2020-09,0.0,,
ESTAT:PRC_HICP_MINR(1.0),02/10/26 11:00:00,Monthly,Monthly rate of change,Total,Finland,2020-10,0.1,,
ESTAT:PRC_HICP_MINR(1.0),02/10/26 11:00:00,Monthly,Monthly rate of change,Total,Finland,2020-11,-0.1,,
ESTAT:PRC_HICP_MINR(1.0),02/10/26 11:00:00,Monthly,Monthly rate of change,Total,Finland,2020-12,0.2,,
ESTAT:PRC_HICP_MINR(1.0),02/10/26 11:00:00,Monthly,Monthly rate of change,Total,Finland,2021-01,0.4,,
ESTAT:PRC_HICP_MINR(1.0),02/10/26 11:00:00,Monthly,Monthly rate of change,Total,Finland,2021-02,0.3,,
ESTAT:PRC_HICP_MINR(1.0),02/10/26 11:00:00,Monthly,Monthly rate of change,Total,Finland,2021-03,0.3,,
ESTAT:PRC_HICP_MINR(1.0),02/10/26 11:00:00,Monthly,Monthly rate of change,Total,Finland,2021-04,0.4,,
ESTAT:PRC_HICP_MINR(1.0),02/10/26 11:00:00,Monthly,Monthly rate of change,Total,Finland,2021-05,0.0,,
ESTAT:PRC_HICP_MINR(1.0),02/10/26 11:00:00,Monthly,Monthly rate of change,Total,Finland,2021-06,-0.1,,
ESTAT:PRC_HICP_MINR(1.0),02/10/26 11:00:00,Monthly,Monthly rate of change,Total,Finland,2021-07,0.2,,
ESTAT:PRC_HICP_MINR(1.0),02/10/26 11:00:00,Monthly,Monthly rate of change,Total,Finland,2021-08,0.0,,
ESTAT:PRC_HICP_MINR(1.0),02/10/26 11:00:00,Monthly,Monthly rate of change,Total,Finland,2021-09,0.2,,
ESTAT:PRC_HICP_MINR(1.0),02/10/26 11:00:00,Monthly,Monthly rate of change,Total,Finland,2021-10,0.8,,
ESTAT:PRC_HICP_MINR(1.0),02/10/26 11:00:00,Monthly,Monthly rate of change,Total,Finland,2021-11,0.5,,
ESTAT:PRC_HICP_MINR(1.0),02/10/26 11:00:00,Monthly,Monthly rate of change,Total,Finland,2021-12,-0.1,,
ESTAT:PRC_HICP_MINR(1.0),02/10/26 11:00:00,Monthly,Monthly rate of change,Total,Finland,2022-01,1.4,,
ESTAT:PRC_HICP_MINR(1.0),02/10/26 11:00:00,Monthly,Monthly rate of change,Total,Finland,2022-02,0.6,,
ESTAT:PRC_HICP_MINR(1.0),02/10/26 11:00:00,Monthly,Monthly rate of change,Total,Finland,2022-03,1.6,,
ESTAT:PRC_HICP_MINR(1.0),02/10/26 11:00:00,Monthly,Monthly rate of change,Total,Finland,2022-04,0.4,,
ESTAT:PRC_HICP_MINR(1.0),02/10/26 11:00:00,Monthly,Monthly rate of change,Total,Finland,2022-05,1.3,,
ESTAT:PRC_HICP_MINR(1.0),02/10/26 11:00:00,Monthly,Monthly rate of change,Total,Finland,2022-06,0.8,,
ESTAT:PRC_HICP_MINR(1.0),02/10/26 11:00:00,Monthly,Monthly rate of change,Total,Finland,2022-07,0.1,,
ESTAT:PRC_HICP_MINR(1.0),02/10/26 11:00:00,Monthly,Monthly rate of change,Total,Finland,2022-08,-0.1,,
ESTAT:PRC_HICP_MINR(1.0),02/10/26 11:00:00,Monthly,Monthly rate of change,Total,Finland,2022-09,0.7,,
ESTAT:PRC_HICP_MINR(1.0),02/10/26 11:00:00,Monthly,Monthly rate of change,Total,Finland,2022-10,0.8,,
ESTAT:PRC_HICP_MINR(1.0),02/10/26 11:00:00,Monthly,Monthly rate of change,Total,Finland,2022-11,1.2,,
ESTAT:PRC_HICP_MINR(1.0),02/10/26 11:00:00,Monthly,Monthly rate of change,Total,Finland,2022-12,-0.4,,
ESTAT:PRC_HICP_MINR(1.0),02/10/26 11:00:00,Monthly,Monthly rate of change,Total,Finland,2023-01,0.5,,
ESTAT:PRC_HICP_MINR(1.0),02/10/26 11:00:00,Monthly,Monthly rate of change,Total,Finland,2023-02,0.7,,
ESTAT:PRC_HICP_MINR(1.0),02/10/26 11:00:00,Monthly,Monthly rate of change,Total,Finland,2023-03,0.4,,
ESTAT:PRC_HICP_MINR(1.0),02/10/26 11:00:00,Monthly,Monthly rate of change,Total,Finland,2023-04,0.1,,
ESTAT:PRC_HICP_MINR(1.0),02/10/26 11:00:00,Monthly,Monthly rate of change,Total,Finland,2023-05,0.1,,
ESTAT:PRC_HICP_MINR(1.0),02/10/26 11:00:00,Monthly,Monthly rate of change,Total,Finland,2023-06,-0.1,,
ESTAT:PRC_HICP_MINR(1.0),02/10/26 11:00:00,Monthly,Monthly rate of change,Total,Finland,2023-07,0.3,,
ESTAT:PRC_HICP_MINR(1.0),02/10/26 11:00:00,Monthly,Monthly rate of change,Total,Finland,2023-08,-1.1,,
ESTAT:PRC_HICP_MINR(1.0),02/10/26 11:00:00,Monthly,Monthly rate of change,Total,Finland,2023-09,0.6,,
ESTAT:PRC_HICP_MINR(1.0),02/10/26 11:00:00,Monthly,Monthly rate of change,Total,Finland,2023-10,0.2,,
ESTAT:PRC_HICP_MINR(1.0),02/10/26 11:00:00,Monthly,Monthly rate of change,Total,Finland,2023-11,-0.5,,
ESTAT:PRC_HICP_MINR(1.0),02/10/26 11:00:00,Monthly,Monthly rate of change,Total,Finland,2023-12,0.2,,
ESTAT:PRC_HICP_MINR(1.0),02/10/26 11:00:00,Monthly,Monthly rate of change,Total,Finland,2024-01,0.3,,
ESTAT:PRC_HICP_MINR(1.0),02/10/26 11:00:00,Monthly,Monthly rate of change,Total,Finland,2024-02,0.7,,
ESTAT:PRC_HICP_MINR(1.0),02/10/26 11:00:00,Monthly,Monthly rate of change,Total,Finland,2024-03,-0.1,,
ESTAT:PRC_HICP_MINR(1.0),02/10/26 11:00:00,Monthly,Monthly rate of change,Total,Finland,2024-04,0.1,,
ESTAT:PRC_HICP_MINR(1.0),02/10/26 11:00:00,Monthly,Monthly rate of change,Total,Finland,2024-05,-0.1,,
ESTAT:PRC_HICP_MINR(1.0),02/10/26 11:00:00,Monthly,Monthly rate of change,Total,Finland,2024-06,0.0,,
ESTAT:PRC_HICP_MINR(1.0),02/10/26 11:00:00,Monthly,Monthly rate of change,Total,Finland,2024-07,0.2,,
ESTAT:PRC_HICP_MINR(1.0),02/10/26 11:00:00,Monthly,Monthly rate of change,Total,Finland,2024-08,-0.6,,
ESTAT:PRC_HICP_MINR(1.0),02/10/26 11:00:00,Monthly,Monthly rate of change,Total,Finland,2024-09,0.5,,
ESTAT:PRC_HICP_MINR(1.0),02/10/26 11:00:00,Monthly,Monthly rate of change,Total,Finland,2024-10,0.8,,
ESTAT:PRC_HICP_MINR(1.0),02/10/26 11:00:00,Monthly,Monthly rate of change,Total,Finland,2024-11,-0.3,,
ESTAT:PRC_HICP_MINR(1.0),02/10/26 11:00:00,Monthly,Monthly rate of change,Total,Finland,2024-12,0.1,,
ESTAT:PRC_HICP_MINR(1.0),02/10/26 11:00:00,Monthly,Monthly rate of change,Total,Finland,2025-01,0.5,,
ESTAT:PRC_HICP_MINR(1.0),02/10/26 11:00:00,Monthly,Monthly rate of change,Total,Finland,2025-02,0.5,,
ESTAT:PRC_HICP_MINR(1.0),02/10/26 11:00:00,Monthly,Monthly rate of change,Total,Finland,2025-03,0.1,,
ESTAT:PRC_HICP_MINR(1.0),02/10/26 11:00:00,Monthly,Monthly rate of change,Total,Finland,2025-04,0.2,,
ESTAT:PRC_HICP_MINR(1.0),02/10/26 11:00:00,Monthly,Monthly rate of change,Total,Finland,2025-05,0.1,,
ESTAT:PRC_HICP_MINR(1.0),02/10/26 11:00:00,Monthly,Monthly rate of change,Total,Finland,2025-06,-0.2,,
ESTAT:PRC_HICP_MINR(1.0),02/10/26 11:00:00,Monthly,Monthly rate of change,Total,Finland,2025-07,0.3,,
ESTAT:PRC_HICP_MINR(1.0),02/10/26 11:00:00,Monthly,Monthly rate of change,Total,Finland,2025-08,-0.3,,
ESTAT:PRC_HICP_MINR(1.0),02/10/26 11:00:00,Monthly,Monthly rate of change,Total,Finland,2025-09,0.5,,
ESTAT:PRC_HICP_MINR(1.0),02/10/26 11:00:00,Monthly,Monthly rate of change,Total,Finland,2025-10,-0.1,,
ESTAT:PRC_HICP_MINR(1.0),02/10/26 11:00:00,Monthly,Monthly rate of change,Total,Finland,2025-11,-0.1,,
ESTAT:PRC_HICP_MINR(1.0),02/10/26 11:00:00,Monthly,Monthly rate of change,Total,Finland,2025-12,0.2,,
ESTAT:PRC_HICP_MINR(1.0),02/10/26 11:00:00,Monthly,Monthly rate of change,Total,France,2006-01,-0.1,e,
ESTAT:PRC_HICP_MINR(1.0),02/10/26 11:00:00,Monthly,Monthly rate of change,Total,France,2006-02,0.4,e,
ESTAT:PRC_HICP_MINR(1.0),02/10/26 11:00:00,Monthly,Monthly rate of change,Total,France,2006-03,0.4,e,
ESTAT:PRC_HICP_MINR(1.0),02/10/26 11:00:00,Monthly,Monthly rate of change,Total,France,2006-04,0.5,e,
ESTAT:PRC_HICP_MINR(1.0),02/10/26 11:00:00,Monthly,Monthly rate of change,Total,France,2006-05,0.4,e,
ESTAT:PRC_HICP_MINR(1.0),02/10/26 11:00:00,Monthly,Monthly rate of change,Total,France,2006-06,0.0,e,
ESTAT:PRC_HICP_MINR(1.0),02/10/26 11:00:00,Monthly,Monthly rate of change,Total,France,2006-07,-0.2,e,
ESTAT:PRC_HICP_MINR(1.0),02/10/26 11:00:00,Monthly,Monthly rate of change,Total,France,2006-08,0.3,e,
ESTAT:PRC_HICP_MINR(1.0),02/10/26 11:00:00,Monthly,Monthly rate of change,Total,France,2006-09,-0.2,e,
ESTAT:PRC_HICP_MINR(1.0),02/10/26 11:00:00,Monthly,Monthly rate of change,Total,France,2006-10,-0.2,e,
ESTAT:PRC_HICP_MINR(1.0),02/10/26 11:00:00,Monthly,Monthly rate of change,Total,France,2006-11,0.1,e,
ESTAT:PRC_HICP_MINR(1.0),02/10/26 11:00:00,Monthly,Monthly rate of change,Total,France,2006-12,0.3,e,
ESTAT:PRC_HICP_MINR(1.0),02/10/26 11:00:00,Monthly,Monthly rate of change,Total,France,2007-01,-0.4,e,
ESTAT:PRC_HICP_MINR(1.0),02/10/26 11:00:00,Monthly,Monthly rate of change,Total,France,2007-02,0.2,e,
ESTAT:PRC_HICP_MINR(1.0),02/10/26 11:00:00,Monthly,Monthly rate of change,Total,France,2007-03,0.5,e,
ESTAT:PRC_HICP_MINR(1.0),02/10/26 11:00:00,Monthly,Monthly rate of change,Total,France,2007-04,0.5,e,
ESTAT:PRC_HICP_MINR(1.0),02/10/26 11:00:00,Monthly,Monthly rate of change,Total,France,2007-05,0.3,e,
ESTAT:PRC_HICP_MINR(1.0),02/10/26 11:00:00,Monthly,Monthly rate of change,Total,France,2007-06,0.2,e,
ESTAT:PRC_HICP_MINR(1.0),02/10/26 11:00:00,Monthly,Monthly rate of change,Total,France,2007-07,-0.3,e,
ESTAT:PRC_HICP_MINR(1.0),02/10/26 11:00:00,Monthly,Monthly rate of change,Total,France,2007-08,0.4,e,
ESTAT:PRC_HICP_MINR(1.0),02/10/26 11:00:00,Monthly,Monthly rate of change,Total,France,2007-09,0.1,e,
ESTAT:PRC_HICP_MINR(1.0),02/10/26 11:00:00,Monthly,Monthly rate of change,Total,France,2007-10,0.3,e,
ESTAT:PRC_HICP_MINR(1.0),02/10/26 11:00:00,Monthly,Monthly rate of change,Total,France,2007-11,0.6,e,
ESTAT:PRC_HICP_MINR(1.0),02/10/26 11:00:00,Monthly,Monthly rate of change,Total,France,2007-12,0.4,e,
ESTAT:PRC_HICP_MINR(1.0),02/10/26 11:00:00,Monthly,Monthly rate of change,Total,France,2008-01,0.0,e,
ESTAT:PRC_HICP_MINR(1.0),02/10/26 11:00:00,Monthly,Monthly rate of change,Total,France,2008-02,0.2,e,
ESTAT:PRC_HICP_MINR(1.0),02/10/26 11:00:00,Monthly,Monthly rate of change,Total,France,2008-03,0.8,e,
ESTAT:PRC_HICP_MINR(1.0),02/10/26 11:00:00,Monthly,Monthly rate of change,Total,France,2008-04,0.4,e,
ESTAT:PRC_HICP_MINR(1.0),02/10/26 11:00:00,Monthly,Monthly rate of change,Total,France,2008-05,0.6,e,
ESTAT:PRC_HICP_MINR(1.0),02/10/26 11:00:00,Monthly,Monthly rate of change,Total,France,2008-06,0.4,e,
ESTAT:PRC_HICP_MINR(1.0),02/10/26 11:00:00,Monthly,Monthly rate of change,Total,France,2008-07,-0.3,e,
ESTAT:PRC_HICP_MINR(1.0),02/10/26 11:00:00,Monthly,Monthly rate of change,Total,France,2008-08,-0.1,e,
ESTAT:PRC_HICP_MINR(1.0),02/10/26 11:00:00,Monthly,Monthly rate of change,Total,France,2008-09,0.0,e,
ESTAT:PRC_HICP_MINR(1.0),02/10/26 11:00:00,Monthly,Monthly rate of change,Total,France,2008-10,-0.1,e,
ESTAT:PRC_HICP_MINR(1.0),02/10/26 11:00:00,Monthly,Monthly rate of change,Total,France,2008-11,-0.5,e,
ESTAT:PRC_HICP_MINR(1.0),02/10/26 11:00:00,Monthly,Monthly rate of change,Total,France,2008-12,-0.3,e,
ESTAT:PRC_HICP_MINR(1.0),02/10/26 11:00:00,Monthly,Monthly rate of change,Total,France,2009-01,-0.4,e,
ESTAT:PRC_HICP_MINR(1.0),02/10/26 11:00:00,Monthly,Monthly rate of change,Total,France,2009-02,0.4,e,
ESTAT:PRC_HICP_MINR(1.0),02/10/26 11:00:00,Monthly,Monthly rate of change,Total,France,2009-03,0.2,e,
ESTAT:PRC_HICP_MINR(1.0),02/10/26 11:00:00,Monthly,Monthly rate of change,Total,France,2009-04,0.2,e,
ESTAT:PRC_HICP_MINR(1.0),02/10/26 11:00:00,Monthly,Monthly rate of change,Total,France,2009-05,0.1,e,
ESTAT:PRC_HICP_MINR(1.0),02/10/26 11:00:00,Monthly,Monthly rate of change,Total,France,2009-06,0.1,e,
ESTAT:PRC_HICP_MINR(1.0),02/10/26 11:00:00,Monthly,Monthly rate of change,Total,France,2009-07,-0.5,e,
ESTAT:PRC_HICP_MINR(1.0),02/10/26 11:00:00,Monthly,Monthly rate of change,Total,France,2009-08,0.6,e,
ESTAT:PRC_HICP_MINR(1.0),02/10/26 11:00:00,Monthly,Monthly rate of change,Total,France,2009-09,-0.2,e,
ESTAT:PRC_HICP_MINR(1.0),02/10/26 11:00:00,Monthly,Monthly rate of change,Total,France,2009-10,0.1,e,
ESTAT:PRC_HICP_MINR(1.0),02/10/26 11:00:00,Monthly,Monthly rate of change,Total,France,2009-11,0.2,e,
ESTAT:PRC_HICP_MINR(1.0),02/10/26 11:00:00,Monthly,Monthly rate of change,Total,France,2009-12,0.3,e,
ESTAT:PRC_HICP_MINR(1.0),02/10/26 11:00:00,Monthly,Monthly rate of change,Total,France,2010-01,-0.2,e,
ESTAT:PRC_HICP_MINR(1.0),02/10/26 11:00:00,Monthly,Monthly rate of change,Total,France,2010-02,0.6,e,
ESTAT:PRC_HICP_MINR(1.0),02/10/26 11:00:00,Monthly,Monthly rate of change,Total,France,2010-03,0.5,e,
ESTAT:PRC_HICP_MINR(1.0),02/10/26 11:00:00,Monthly,Monthly rate of change,Total,France,2010-04,0.3,e,
ESTAT:PRC_HICP_MINR(1.0),02/10/26 11:00:00,Monthly,Monthly rate of change,Total,France,2010-05,0.1,e,
ESTAT:PRC_HICP_MINR(1.0),02/10/26 11:00:00,Monthly,Monthly rate of change,Total,France,2010-06,0.0,e,
ESTAT:PRC_HICP_MINR(1.0),02/10/26 11:00:00,Monthly,Monthly rate of change,Total,France,2010-07,-0.3,e,
ESTAT:PRC_HICP_MINR(1.0),02/10/26 11:00:00,Monthly,Monthly rate of change,Total,France,2010-08,0.3,e,
ESTAT:PRC_HICP_MINR(1.0),02/10/26 11:00:00,Monthly,Monthly rate of change,Total,France,2010-09,0.0,e,
ESTAT:PRC_HICP_MINR(1.0),02/10/26 11:00:00,Monthly,Monthly rate of change,Total,France,2010-10,0.2,e,
ESTAT:PRC_HICP_MINR(1.0),02/10/26 11:00:00,Monthly,Monthly rate of change,Total,France,2010-11,0.1,e,
ESTAT:PRC_HICP_MINR(1.0),02/10/26 11:00:00,Monthly,Monthly rate of change,Total,France,2010-12,0.5,e,
ESTAT:PRC_HICP_MINR(1.0),02/10/26 11:00:00,Monthly,Monthly rate of change,Total,France,2011-01,-0.3,e,
ESTAT:PRC_HICP_MINR(1.0),02/10/26 11:00:00,Monthly,Monthly rate of change,Total,France,2011-02,0.5,e,
ESTAT:PRC_HICP_MINR(1.0),02/10/26 11:00:00,Monthly,Monthly rate of change,Total,France,2011-03,0.9,e,
ESTAT:PRC_HICP_MINR(1.0),02/10/26 11:00:00,Monthly,Monthly rate of change,Total,France,2011-04,0.4,e,
ESTAT:PRC_HICP_MINR(1.0),02/10/26 11:00:00,Monthly,Monthly rate of change,Total,France,2011-05,0.1,e,
ESTAT:PRC_HICP_MINR(1.0),02/10/26 11:00:00,Monthly,Monthly rate of change,Total,France,2011-06,0.1,e,
ESTAT:PRC_HICP_MINR(1.0),02/10/26 11:00:00,Monthly,Monthly rate of change,Total,France,2011-07,-0.5,e,
ESTAT:PRC_HICP_MINR(1.0),02/10/26 11:00:00,Monthly,Monthly rate of change,Total,France,2011-08,0.6,e,
ESTAT:PRC_HICP_MINR(1.0),02/10/26 11:00:00,Monthly,Monthly rate of change,Total,France,2011-09,0.0,e,
ESTAT:PRC_HICP_MINR(1.0),02/10/26 11:00:00,Monthly,Monthly rate of change,Total,France,2011-10,0.3,e,
ESTAT:PRC_HICP_MINR(1.0),02/10/26 11:00:00,Monthly,Monthly rate of change,Total,France,2011-11,0.3,e,
ESTAT:PRC_HICP_MINR(1.0),02/10/26 11:00:00,Monthly,Monthly rate of change,Total,France,2011-12,0.4,e,
ESTAT:PRC_HICP_MINR(1.0),02/10/26 11:00:00,Monthly,Monthly rate of change,Total,France,2012-01,-0.4,e,
ESTAT:PRC_HICP_MINR(1.0),02/10/26 11:00:00,Monthly,Monthly rate of change,Total,France,2012-02,0.5,e,
ESTAT:PRC_HICP_MINR(1.0),02/10/26 11:00:00,Monthly,Monthly rate of change,Total,France,2012-03,0.9,e,
ESTAT:PRC_HICP_MINR(1.0),02/10/26 11:00:00,Monthly,Monthly rate of change,Total,France,2012-04,0.2,e,
ESTAT:PRC_HICP_MINR(1.0),02/10/26 11:00:00,Monthly,Monthly rate of change,Total,France,2012-05,-0.1,e,
ESTAT:PRC_HICP_MINR(1.0),02/10/26 11:00:00,Monthly,Monthly rate of change,Total,France,2012-06,0.1,e,
ESTAT:PRC_HICP_MINR(1.0),02/10/26 11:00:00,Monthly,Monthly rate of change,Total,France,2012-07,-0.5,e,
ESTAT:PRC_HICP_MINR(1.0),02/10/26 11:00:00,Monthly,Monthly rate of change,Total,France,2012-08,0.7,e,
ESTAT:PRC_HICP_MINR(1.0),02/10/26 11:00:00,Monthly,Monthly rate of change,Total,France,2012-09,-0.3,e,
ESTAT:PRC_HICP_MINR(1.0),02/10/26 11:00:00,Monthly,Monthly rate of change,Total,France,2012-10,0.2,e,
ESTAT:PRC_HICP_MINR(1.0),02/10/26 11:00:00,Monthly,Monthly rate of change,Total,France,2012-11,-0.2,e,
ESTAT:PRC_HICP_MINR(1.0),02/10/26 11:00:00,Monthly,Monthly rate of change,Total,France,2012-12,0.4,e,
ESTAT:PRC_HICP_MINR(1.0),02/10/26 11:00:00,Monthly,Monthly rate of change,Total,France,2013-01,-0.6,e,
ESTAT:PRC_HICP_MINR(1.0),02/10/26 11:00:00,Monthly,Monthly rate of change,Total,France,2013-02,0.3,e,
ESTAT:PRC_HICP_MINR(1.0),02/10/26 11:00:00,Monthly,Monthly rate of change,Total,France,2013-03,0.8,e,
ESTAT:PRC_HICP_MINR(1.0),02/10/26 11:00:00,Monthly,Monthly rate of change,Total,France,2013-04,-0.1,e,
ESTAT:PRC_HICP_MINR(1.0),02/10/26 11:00:00,Monthly,Monthly rate of change,Total,France,2013-05,0.1,e,
ESTAT:PRC_HICP_MINR(1.0),02/10/26 11:00:00,Monthly,Monthly rate of change,Total,France,2013-06,0.2,e,
ESTAT:PRC_HICP_MINR(1.0),02/10/26 11:00:00,Monthly,Monthly rate of change,Total,France,2013-07,-0.3,e,
ESTAT:PRC_HICP_MINR(1.0),02/10/26 11:00:00,Monthly,Monthly rate of change,Total,France,2013-08,0.5,e,
ESTAT:PRC_HICP_MINR(1.0),02/10/26 11:00:00,Monthly,Monthly rate of change,Total,France,2013-09,-0.2,e,
ESTAT:PRC_HICP_MINR(1.0),02/10/26 11:00:00,Monthly,Monthly rate of change,Total,France,2013-10,-0.1,e,
ESTAT:PRC_HICP_MINR(1.0),02/10/26 11:00:00,Monthly,Monthly rate of change,Total,France,2013-11,0.0,e,
ESTAT:PRC_HICP_MINR(1.0),02/10/26 11:00:00,Monthly,Monthly rate of change,Total,France,2013-12,0.4,e,
ESTAT:PRC_HICP_MINR(1.0),02/10/26 11:00:00,Monthly,Monthly rate of change,Total,France,2014-01,-0.6,e,
ESTAT:PRC_HICP_MINR(1.0),02/10/26 11:00:00,Monthly,Monthly rate of change,Total,France,2014-02,0.6,e,
ESTAT:PRC_HICP_MINR(1.0),02/10/26 11:00:00,Monthly,Monthly rate of change,Total,France,2014-03,0.5,e,
ESTAT:PRC_HICP_MINR(1.0),02/10/26 11:00:00,Monthly,Monthly rate of change,Total,France,2014-04,0.0,e,
ESTAT:PRC_HICP_MINR(1.0),02/10/26 11:00:00,Monthly,Monthly rate of change,Total,France,2014-05,0.0,e,
ESTAT:PRC_HICP_MINR(1.0),02/10/26 11:00:00,Monthly,Monthly rate of change,Total,France,2014-06,0.0,e,
ESTAT:PRC_HICP_MINR(1.0),02/10/26 11:00:00,Monthly,Monthly rate of change,Total,France,2014-07,-0.4,e,
ESTAT:PRC_HICP_MINR(1.0),02/10/26 11:00:00,Monthly,Monthly rate of change,Total,France,2014-08,0.5,e,
ESTAT:PRC_HICP_MINR(1.0),02/10/26 11:00:00,Monthly,Monthly rate of change,Total,France,2014-09,-0.4,e,
ESTAT:PRC_HICP_MINR(1.0),02/10/26 11:00:00,Monthly,Monthly rate of change,Total,France,2014-10,0.0,e,
ESTAT:PRC_HICP_MINR(1.0),02/10/26 11:00:00,Monthly,Monthly rate of change,Total,France,2014-11,-0.2,e,
ESTAT:PRC_HICP_MINR(1.0),02/10/26 11:00:00,Monthly,Monthly rate of change,Total,France,2014-12,0.1,e,
ESTAT:PRC_HICP_MINR(1.0),02/10/26 11:00:00,Monthly,Monthly rate of change,Total,France,2015-01,-1.1,e,
ESTAT:PRC_HICP_MINR(1.0),02/10/26 11:00:00,Monthly,Monthly rate of change,Total,France,2015-02,0.7,e,
ESTAT:PRC_HICP_MINR(1.0),02/10/26 11:00:00,Monthly,Monthly rate of change,Total,France,2015-03,0.8,e,
ESTAT:PRC_HICP_MINR(1.0),02/10/26 11:00:00,Monthly,Monthly rate of change,Total,France,2015-04,0.1,e,
ESTAT:PRC_HICP_MINR(1.0),02/10/26 11:00:00,Monthly,Monthly rate of change,Total,France,2015-05,0.2,e,
ESTAT:PRC_HICP_MINR(1.0),02/10/26 11:00:00,Monthly,Monthly rate of change,Total,France,2015-06,-0.1,e,
ESTAT:PRC_HICP_MINR(1.0),02/10/26 11:00:00,Monthly,Monthly rate of change,Total,France,2015-07,-0.5,e,
ESTAT:PRC_HICP_MINR(1.0),02/10/26 11:00:00,Monthly,Monthly rate of change,Total,France,2015-08,0.4,e,
ESTAT:PRC_HICP_MINR(1.0),02/10/26 11:00:00,Monthly,Monthly rate of change,Total,France,2015-09,-0.4,e,
ESTAT:PRC_HICP_MINR(1.0),02/10/26 11:00:00,Monthly,Monthly rate of change,Total,France,2015-10,0.1,e,
ESTAT:PRC_HICP_MINR(1.0),02/10/26 11:00:00,Monthly,Monthly rate of change,Total,France,2015-11,-0.2,e,
ESTAT:PRC_HICP_MINR(1.0),02/10/26 11:00:00,Monthly,Monthly rate of change,Total,France,2015-12,0.2,e,
ESTAT:PRC_HICP_MINR(1.0),02/10/26 11:00:00,Monthly,Monthly rate of change,Total,France,2016-01,-1.1,e,
ESTAT:PRC_HICP_MINR(1.0),02/10/26 11:00:00,Monthly,Monthly rate of change,Total,France,2016-02,0.3,,
ESTAT:PRC_HICP_MINR(1.0),02/10/26 11:00:00,Monthly,Monthly rate of change,Total,France,2016-03,0.8,,
ESTAT:PRC_HICP_MINR(1.0),02/10/26 11:00:00,Monthly,Monthly rate of change,Total,France,2016-04,0.1,,
ESTAT:PRC_HICP_MINR(1.0),02/10/26 11:00:00,Monthly,Monthly rate of change,Total,France,2016-05,0.5,,
ESTAT:PRC_HICP_MINR(1.0),02/10/26 11:00:00,Monthly,Monthly rate of change,Total,France,2016-06,0.1,,
ESTAT:PRC_HICP_MINR(1.0),02/10/26 11:00:00,Monthly,Monthly rate of change,Total,France,2016-07,-0.4,,
ESTAT:PRC_HICP_MINR(1.0),02/10/26 11:00:00,Monthly,Monthly rate of change,Total,France,2016-08,0.3,,
ESTAT:PRC_HICP_MINR(1.0),02/10/26 11:00:00,Monthly,Monthly rate of change,Total,France,2016-09,-0.2,,
ESTAT:PRC_HICP_MINR(1.0),02/10/26 11:00:00,Monthly,Monthly rate of change,Total,France,2016-10,0.0,,
ESTAT:PRC_HICP_MINR(1.0),02/10/26 11:00:00,Monthly,Monthly rate of change,Total,France,2016-11,0.0,,
ESTAT:PRC_HICP_MINR(1.0),02/10/26 11:00:00,Monthly,Monthly rate of change,Total,France,2016-12,0.3,,
ESTAT:PRC_HICP_MINR(1.0),02/10/26 11:00:00,Monthly,Monthly rate of change,Total,France,2017-01,-0.3,,
ESTAT:PRC_HICP_MINR(1.0),02/10/26 11:00:00,Monthly,Monthly rate of change,Total,France,2017-02,0.1,,
ESTAT:PRC_HICP_MINR(1.0),02/10/26 11:00:00,Monthly,Monthly rate of change,Total,France,2017-03,0.7,,
ESTAT:PRC_HICP_MINR(1.0),02/10/26 11:00:00,Monthly,Monthly rate of change,Total,France,2017-04,0.1,,
ESTAT:PRC_HICP_MINR(1.0),02/10/26 11:00:00,Monthly,Monthly rate of change,Total,France,2017-05,0.0,,
ESTAT:PRC_HICP_MINR(1.0),02/10/26 11:00:00,Monthly,Monthly rate of change,Total,France,2017-06,0.0,,
ESTAT:PRC_HICP_MINR(1.0),02/10/26 11:00:00,Monthly,Monthly rate of change,Total,France,2017-07,-0.4,,
ESTAT:PRC_HICP_MINR(1.0),02/10/26 11:00:00,Monthly,Monthly rate of change,Total,France,2017-08,0.6,,
ESTAT:PRC_HICP_MINR(1.0),02/10/26 11:00:00,Monthly,Monthly rate of change,Total,France,2017-09,-0.2,,
ESTAT:PRC_HICP_MINR(1.0),02/10/26 11:00:00,Monthly,Monthly rate of change,Total,France,2017-10,0.1,,
ESTAT:PRC_HICP_MINR(1.0),02/10/26 11:00:00,Monthly,Monthly rate of change,Total,France,2017-11,0.1,,
ESTAT:PRC_HICP_MINR(1.0),02/10/26 11:00:00,Monthly,Monthly rate of change,Total,France,2017-12,0.4,,
ESTAT:PRC_HICP_MINR(1.0),02/10/26 11:00:00,Monthly,Monthly rate of change,Total,France,2018-01,-0.1,,
ESTAT:PRC_HICP_MINR(1.0),02/10/26 11:00:00,Monthly,Monthly rate of change,Total,France,2018-02,0.0,,
ESTAT:PRC_HICP_MINR(1.0),02/10/26 11:00:00,Monthly,Monthly rate of change,Total,France,2018-03,1.1,,
ESTAT:PRC_HICP_MINR(1.0),02/10/26 11:00:00,Monthly,Monthly rate of change,Total,France,2018-04,0.2,,
ESTAT:PRC_HICP_MINR(1.0),02/10/26 11:00:00,Monthly,Monthly rate of change,Total,France,2018-05,0.5,,
ESTAT:PRC_HICP_MINR(1.0),02/10/26 11:00:00,Monthly,Monthly rate of change,Total,France,2018-06,0.0,,
ESTAT:PRC_HICP_MINR(1.0),02/10/26 11:00:00,Monthly,Monthly rate of change,Total,France,2018-07,-0.1,,
ESTAT:PRC_HICP_MINR(1.0),02/10/26 11:00:00,Monthly,Monthly rate of change,Total,France,2018-08,0.5,,
ESTAT:PRC_HICP_MINR(1.0),02/10/26 11:00:00,Monthly,Monthly rate of change,Total,France,2018-09,-0.2,,
ESTAT:PRC_HICP_MINR(1.0),02/10/26 11:00:00,Monthly,Monthly rate of change,Total,France,2018-10,0.1,,
ESTAT:PRC_HICP_MINR(1.0),02/10/26 11:00:00,Monthly,Monthly rate of change,Total,France,2018-11,-0.2,,
ESTAT:PRC_HICP_MINR(1.0),02/10/26 11:00:00,Monthly,Monthly rate of change,Total,France,2018-12,0.1,,
ESTAT:PRC_HICP_MINR(1.0),02/10/26 11:00:00,Monthly,Monthly rate of change,Total,France,2019-01,-0.5,,
ESTAT:PRC_HICP_MINR(1.0),02/10/26 11:00:00,Monthly,Monthly rate of change,Total,France,2019-02,0.1,,
ESTAT:PRC_HICP_MINR(1.0),02/10/26 11:00:00,Monthly,Monthly rate of change,Total,France,2019-03,0.9,,
ESTAT:PRC_HICP_MINR(1.0),02/10/26 11:00:00,Monthly,Monthly rate of change,Total,France,2019-04,0.4,,
ESTAT:PRC_HICP_MINR(1.0),02/10/26 11:00:00,Monthly,Monthly rate of change,Total,France,2019-05,0.1,,
ESTAT:PRC_HICP_MINR(1.0),02/10/26 11:00:00,Monthly,Monthly rate of change,Total,France,2019-06,0.3,,
ESTAT:PRC_HICP_MINR(1.0),02/10/26 11:00:00,Monthly,Monthly rate of change,Total,France,2019-07,-0.2,,
ESTAT:PRC_HICP_MINR(1.0),02/10/26 11:00:00,Monthly,Monthly rate of change,Total,France,2019-08,0.5,,
ESTAT:PRC_HICP_MINR(1.0),02/10/26 11:00:00,Monthly,Monthly rate of change,Total,France,2019-09,-0.4,,
ESTAT:PRC_HICP_MINR(1.0),02/10/26 11:00:00,Monthly,Monthly rate of change,Total,France,2019-10,-0.1,,
ESTAT:PRC_HICP_MINR(1.0),02/10/26 11:00:00,Monthly,Monthly rate of change,Total,France,2019-11,0.1,,
ESTAT:PRC_HICP_MINR(1.0),02/10/26 11:00:00,Monthly,Monthly rate of change,Total,France,2019-12,0.5,,
ESTAT:PRC_HICP_MINR(1.0),02/10/26 11:00:00,Monthly,Monthly rate of change,Total,France,2020-01,-0.5,,
ESTAT:PRC_HICP_MINR(1.0),02/10/26 11:00:00,Monthly,Monthly rate of change,Total,France,2020-02,0.0,,
ESTAT:PRC_HICP_MINR(1.0),02/10/26 11:00:00,Monthly,Monthly rate of change,Total,France,2020-03,0.1,,
ESTAT:PRC_HICP_MINR(1.0),02/10/26 11:00:00,Monthly,Monthly rate of change,Total,France,2020-04,0.0,,
ESTAT:PRC_HICP_MINR(1.0),02/10/26 11:00:00,Monthly,Monthly rate of change,Total,France,2020-05,0.2,,
ESTAT:PRC_HICP_MINR(1.0),02/10/26 11:00:00,Monthly,Monthly rate of change,Total,France,2020-06,0.1,,
ESTAT:PRC_HICP_MINR(1.0),02/10/26 11:00:00,Monthly,Monthly rate of change,Total,France,2020-07,0.4,,
ESTAT:PRC_HICP_MINR(1.0),02/10/26 11:00:00,Monthly,Monthly rate of change,Total,France,2020-08,-0.1,,
ESTAT:PRC_HICP_MINR(1.0),02/10/26 11:00:00,Monthly,Monthly rate of change,Total,France,2020-09,-0.6,,
ESTAT:PRC_HICP_MINR(1.0),02/10/26 11:00:00,Monthly,Monthly rate of change,Total,France,2020-10,0.0,,
ESTAT:PRC_HICP_MINR(1.0),02/10/26 11:00:00,Monthly,Monthly rate of change,Total,France,2020-11,0.2,,
ESTAT:PRC_HICP_MINR(1.0),02/10/26 11:00:00,Monthly,Monthly rate of change,Total,France,2020-12,0.2,,
ESTAT:PRC_HICP_MINR(1.0),02/10/26 11:00:00,Monthly,Monthly rate of change,Total,France,2021-01,0.3,,
ESTAT:PRC_HICP_MINR(1.0),02/10/26 11:00:00,Monthly,Monthly rate of change,Total,France,2021-02,0.0,,
ESTAT:PRC_HICP_MINR(1.0),02/10/26 11:00:00,Monthly,Monthly rate of change,Total,France,2021-03,0.7,,
ESTAT:PRC_HICP_MINR(1.0),02/10/26 11:00:00,Monthly,Monthly rate of change,Total,France,2021-04,0.2,,
ESTAT:PRC_HICP_MINR(1.0),02/10/26 11:00:00,Monthly,Monthly rate of change,Total,France,2021-05,0.3,,
ESTAT:PRC_HICP_MINR(1.0),02/10/26 11:00:00,Monthly,Monthly rate of change,Total,France,2021-06,0.2,,
ESTAT:PRC_HICP_MINR(1.0),02/10/26 11:00:00,Monthly,Monthly rate of change,Total,France,2021-07,0.1,,
ESTAT:PRC_HICP_MINR(1.0),02/10/26 11:00:00,Monthly,Monthly rate of change,Total,France,2021-08,0.7,,
ESTAT:PRC_HICP_MINR(1.0),02/10/26 11:00:00,Monthly,Monthly rate of change,Total,France,2021-09,-0.2,,
ESTAT:PRC_HICP_MINR(1.0),02/10/26 11:00:00,Monthly,Monthly rate of change,Total,France,2021-10,0.4,,
ESTAT:PRC_HICP_MINR(1.0),02/10/26 11:00:00,Monthly,Monthly rate of change,Total,France,2021-11,0.4,,
ESTAT:PRC_HICP_MINR(1.0),02/10/26 11:00:00,Monthly,Monthly rate of change,Total,France,2021-12,0.2,,
ESTAT:PRC_HICP_MINR(1.0),02/10/26 11:00:00,Monthly,Monthly rate of change,Total,France,2022-01,0.2,,
ESTAT:PRC_HICP_MINR(1.0),02/10/26 11:00:00,Monthly,Monthly rate of change,Total,France,2022-02,0.9,,
ESTAT:PRC_HICP_MINR(1.0),02/10/26 11:00:00,Monthly,Monthly rate of change,Total,France,2022-03,1.6,,
ESTAT:PRC_HICP_MINR(1.0),02/10/26 11:00:00,Monthly,Monthly rate of change,Total,France,2022-04,0.5,,
ESTAT:PRC_HICP_MINR(1.0),02/10/26 11:00:00,Monthly,Monthly rate of change,Total,France,2022-05,0.8,,
ESTAT:PRC_HICP_MINR(1.0),02/10/26 11:00:00,Monthly,Monthly rate of change,Total,France,2022-06,0.9,,
ESTAT:PRC_HICP_MINR(1.0),02/10/26 11:00:00,Monthly,Monthly rate of change,Total,France,2022-07,0.3,,
ESTAT:PRC_HICP_MINR(1.0),02/10/26 11:00:00,Monthly,Monthly rate of change,Total,France,2022-08,0.5,,
ESTAT:PRC_HICP_MINR(1.0),02/10/26 11:00:00,Monthly,Monthly rate of change,Total,France,2022-09,-0.5,,
ESTAT:PRC_HICP_MINR(1.0),02/10/26 11:00:00,Monthly,Monthly rate of change,Total,France,2022-10,1.2,,
ESTAT:PRC_HICP_MINR(1.0),02/10/26 11:00:00,Monthly,Monthly rate of change,Total,France,2022-11,0.4,,
ESTAT:PRC_HICP_MINR(1.0),02/10/26 11:00:00,Monthly,Monthly rate of change,Total,France,2022-12,-0.1,,
ESTAT:PRC_HICP_MINR(1.0),02/10/26 11:00:00,Monthly,Monthly rate of change,Total,France,2023-01,0.4,,
ESTAT:PRC_HICP_MINR(1.0),02/10/26 11:00:00,Monthly,Monthly rate of change,Total,France,2023-02,1.1,,
ESTAT:PRC_HICP_MINR(1.0),02/10/26 11:00:00,Monthly,Monthly rate of change,Total,France,2023-03,1.0,,
ESTAT:PRC_HICP_MINR(1.0),02/10/26 11:00:00,Monthly,Monthly rate of change,Total,France,2023-04,0.7,,
ESTAT:PRC_HICP_MINR(1.0),02/10/26 11:00:00,Monthly,Monthly rate of change,Total,France,2023-05,-0.1,,
ESTAT:PRC_HICP_MINR(1.0),02/10/26 11:00:00,Monthly,Monthly rate of change,Total,France,2023-06,0.2,,
ESTAT:PRC_HICP_MINR(1.0),02/10/26 11:00:00,Monthly,Monthly rate of change,Total,France,2023-07,0.1,,
ESTAT:PRC_HICP_MINR(1.0),02/10/26 11:00:00,Monthly,Monthly rate of change,Total,France,2023-08,1.1,,
ESTAT:PRC_HICP_MINR(1.0),02/10/26 11:00:00,Monthly,Monthly rate of change,Total,France,2023-09,-0.6,,
ESTAT:PRC_HICP_MINR(1.0),02/10/26 11:00:00,Monthly,Monthly rate of change,Total,France,2023-10,0.2,,
ESTAT:PRC_HICP_MINR(1.0),02/10/26 11:00:00,Monthly,Monthly rate of change,Total,France,2023-11,-0.2,,
ESTAT:PRC_HICP_MINR(1.0),02/10/26 11:00:00,Monthly,Monthly rate of change,Total,France,2023-12,0.1,,
ESTAT:PRC_HICP_MINR(1.0),02/10/26 11:00:00,Monthly,Monthly rate of change,Total,France,2024-01,-0.2,,
ESTAT:PRC_HICP_MINR(1.0),02/10/26 11:00:00,Monthly,Monthly rate of change,Total,France,2024-02,0.9,,
ESTAT:PRC_HICP_MINR(1.0),02/10/26 11:00:00,Monthly,Monthly rate of change,Total,France,2024-03,0.2,,
ESTAT:PRC_HICP_MINR(1.0),02/10/26 11:00:00,Monthly,Monthly rate of change,Total,France,2024-04,0.6,,
ESTAT:PRC_HICP_MINR(1.0),02/10/26 11:00:00,Monthly,Monthly rate of change,Total,France,2024-05,0.1,,
ESTAT:PRC_HICP_MINR(1.0),02/10/26 11:00:00,Monthly,Monthly rate of change,Total,France,2024-06,0.2,,
ESTAT:PRC_HICP_MINR(1.0),02/10/26 11:00:00,Monthly,Monthly rate of change,Total,France,2024-07,0.2,,
ESTAT:PRC_HICP_MINR(1.0),02/10/26 11:00:00,Monthly,Monthly rate of change,Total,France,2024-08,0.6,,
ESTAT:PRC_HICP_MINR(1.0),02/10/26 11:00:00,Monthly,Monthly rate of change,Total,France,2024-09,-1.3,,
ESTAT:PRC_HICP_MINR(1.0),02/10/26 11:00:00,Monthly,Monthly rate of change,Total,France,2024-10,0.3,,
ESTAT:PRC_HICP_MINR(1.0),02/10/26 11:00:00,Monthly,Monthly rate of change,Total,France,2024-11,-0.1,,
ESTAT:PRC_HICP_MINR(1.0),02/10/26 11:00:00,Monthly,Monthly rate of change,Total,France,2024-12,0.2,,
ESTAT:PRC_HICP_MINR(1.0),02/10/26 11:00:00,Monthly,Monthly rate of change,Total,France,2025-01,-0.2,,
ESTAT:PRC_HICP_MINR(1.0),02/10/26 11:00:00,Monthly,Monthly rate of change,Total,France,2025-02,0.1,,
ESTAT:PRC_HICP_MINR(1.0),02/10/26 11:00:00,Monthly,Monthly rate of change,Total,France,2025-03,0.2,,
ESTAT:PRC_HICP_MINR(1.0),02/10/26 11:00:00,Monthly,Monthly rate of change,Total,France,2025-04,0.7,,
ESTAT:PRC_HICP_MINR(1.0),02/10/26 11:00:00,Monthly,Monthly rate of change,Total,France,2025-05,-0.2,,
ESTAT:PRC_HICP_MINR(1.0),02/10/26 11:00:00,Monthly,Monthly rate of change,Total,France,2025-06,0.4,,
ESTAT:PRC_HICP_MINR(1.0),02/10/26 11:00:00,Monthly,Monthly rate of change,Total,France,2025-07,0.3,,
ESTAT:PRC_HICP_MINR(1.0),02/10/26 11:00:00,Monthly,Monthly rate of change,Total,France,2025-08,0.5,,
ESTAT:PRC_HICP_MINR(1.0),02/10/26 11:00:00,Monthly,Monthly rate of change,Total,France,2025-09,-1.1,,
ESTAT:PRC_HICP_MINR(1.0),02/10/26 11:00:00,Monthly,Monthly rate of change,Total,France,2025-10,0.1,,
ESTAT:PRC_HICP_MINR(1.0),02/10/26 11:00:00,Monthly,Monthly rate of change,Total,France,2025-11,-0.2,,
ESTAT:PRC_HICP_MINR(1.0),02/10/26 11:00:00,Monthly,Monthly rate of change,Total,France,2025-12,0.1,,
ESTAT:PRC_HICP_MINR(1.0),02/10/26 11:00:00,Monthly,Monthly rate of change,Total,Croatia,2006-01,0.4,,
ESTAT:PRC_HICP_MINR(1.0),02/10/26 11:00:00,Monthly,Monthly rate of change,Total,Croatia,2006-02,0.7,,
ESTAT:PRC_HICP_MINR(1.0),02/10/26 11:00:00,Monthly,Monthly rate of change,Total,Croatia,2006-03,0.3,,
ESTAT:PRC_HICP_MINR(1.0),02/10/26 11:00:00,Monthly,Monthly rate of change,Total,Croatia,2006-04,0.7,,
ESTAT:PRC_HICP_MINR(1.0),02/10/26 11:00:00,Monthly,Monthly rate of change,Total,Croatia,2006-05,0.6,,
ESTAT:PRC_HICP_MINR(1.0),02/10/26 11:00:00,Monthly,Monthly rate of change,Total,Croatia,2006-06,0.3,,
ESTAT:PRC_HICP_MINR(1.0),02/10/26 11:00:00,Monthly,Monthly rate of change,Total,Croatia,2006-07,-0.7,,
ESTAT:PRC_HICP_MINR(1.0),02/10/26 11:00:00,Monthly,Monthly rate of change,Total,Croatia,2006-08,0.0,,
ESTAT:PRC_HICP_MINR(1.0),02/10/26 11:00:00,Monthly,Monthly rate of change,Total,Croatia,2006-09,-0.5,,
ESTAT:PRC_HICP_MINR(1.0),02/10/26 11:00:00,Monthly,Monthly rate of change,Total,Croatia,2006-10,-0.1,,
ESTAT:PRC_HICP_MINR(1.0),02/10/26 11:00:00,Monthly,Monthly rate of change,Total,Croatia,2006-11,0.4,,
ESTAT:PRC_HICP_MINR(1.0),02/10/26 11:00:00,Monthly,Monthly rate of change,Total,Croatia,2006-12,0.0,,
ESTAT:PRC_HICP_MINR(1.0),02/10/26 11:00:00,Monthly,Monthly rate of change,Total,Croatia,2007-01,0.2,,
ESTAT:PRC_HICP_MINR(1.0),02/10/26 11:00:00,Monthly,Monthly rate of change,Total,Croatia,2007-02,0.3,,
ESTAT:PRC_HICP_MINR(1.0),02/10/26 11:00:00,Monthly,Monthly rate of change,Total,Croatia,2007-03,0.7,,
ESTAT:PRC_HICP_MINR(1.0),02/10/26 11:00:00,Monthly,Monthly rate of change,Total,Croatia,2007-04,0.7,,
ESTAT:PRC_HICP_MINR(1.0),02/10/26 11:00:00,Monthly,Monthly rate of change,Total,Croatia,2007-05,0.5,,
ESTAT:PRC_HICP_MINR(1.0),02/10/26 11:00:00,Monthly,Monthly rate of change,Total,Croatia,2007-06,-0.2,,
ESTAT:PRC_HICP_MINR(1.0),02/10/26 11:00:00,Monthly,Monthly rate of change,Total,Croatia,2007-07,-0.4,,
ESTAT:PRC_HICP_MINR(1.0),02/10/26 11:00:00,Monthly,Monthly rate of change,Total,Croatia,2007-08,0.5,,
ESTAT:PRC_HICP_MINR(1.0),02/10/26 11:00:00,Monthly,Monthly rate of change,Total,Croatia,2007-09,0.7,,
ESTAT:PRC_HICP_MINR(1.0),02/10/26 11:00:00,Monthly,Monthly rate of change,Total,Croatia,2007-10,0.4,,
ESTAT:PRC_HICP_MINR(1.0),02/10/26 11:00:00,Monthly,Monthly rate of change,Total,Croatia,2007-11,0.9,,
ESTAT:PRC_HICP_MINR(1.0),02/10/26 11:00:00,Monthly,Monthly rate of change,Total,Croatia,2007-12,0.9,,
ESTAT:PRC_HICP_MINR(1.0),02/10/26 11:00:00,Monthly,Monthly rate of change,Total,Croatia,2008-01,0.6,,
ESTAT:PRC_HICP_MINR(1.0),02/10/26 11:00:00,Monthly,Monthly rate of change,Total,Croatia,2008-02,0.0,,
ESTAT:PRC_HICP_MINR(1.0),02/10/26 11:00:00,Monthly,Monthly rate of change,Total,Croatia,2008-03,0.7,,
ESTAT:PRC_HICP_MINR(1.0),02/10/26 11:00:00,Monthly,Monthly rate of change,Total,Croatia,2008-04,0.8,,
ESTAT:PRC_HICP_MINR(1.0),02/10/26 11:00:00,Monthly,Monthly rate of change,Total,Croatia,2008-05,1.2,,
ESTAT:PRC_HICP_MINR(1.0),02/10/26 11:00:00,Monthly,Monthly rate of change,Total,Croatia,2008-06,0.9,,
ESTAT:PRC_HICP_MINR(1.0),02/10/26 11:00:00,Monthly,Monthly rate of change,Total,Croatia,2008-07,0.2,,
ESTAT:PRC_HICP_MINR(1.0),02/10/26 11:00:00,Monthly,Monthly rate of change,Total,Croatia,2008-08,-0.3,,
ESTAT:PRC_HICP_MINR(1.0),02/10/26 11:00:00,Monthly,Monthly rate of change,Total,Croatia,2008-09,-0.1,,
ESTAT:PRC_HICP_MINR(1.0),02/10/26 11:00:00,Monthly,Monthly rate of change,Total,Croatia,2008-10,-0.2,,
ESTAT:PRC_HICP_MINR(1.0),02/10/26 11:00:00,Monthly,Monthly rate of change,Total,Croatia,2008-11,-0.2,,
ESTAT:PRC_HICP_MINR(1.0),02/10/26 11:00:00,Monthly,Monthly rate of change,Total,Croatia,2008-12,-0.7,,
ESTAT:PRC_HICP_MINR(1.0),02/10/26 11:00:00,Monthly,Monthly rate of change,Total,Croatia,2009-01,0.9,,
ESTAT:PRC_HICP_MINR(1.0),02/10/26 11:00:00,Monthly,Monthly rate of change,Total,Croatia,2009-02,0.6,,
ESTAT:PRC_HICP_MINR(1.0),02/10/26 11:00:00,Monthly,Monthly rate of change,Total,Croatia,2009-03,0.3,,
ESTAT:PRC_HICP_MINR(1.0),02/10/26 11:00:00,Monthly,Monthly rate of change,Total,Croatia,2009-04,0.8,,
ESTAT:PRC_HICP_MINR(1.0),02/10/26 11:00:00,Monthly,Monthly rate of change,Total,Croatia,2009-05,0.2,,
ESTAT:PRC_HICP_MINR(1.0),02/10/26 11:00:00,Monthly,Monthly rate of change,Total,Croatia,2009-06,0.4,,
ESTAT:PRC_HICP_MINR(1.0),02/10/26 11:00:00,Monthly,Monthly rate of change,Total,Croatia,2009-07,-0.4,,
ESTAT:PRC_HICP_MINR(1.0),02/10/26 11:00:00,Monthly,Monthly rate of change,Total,Croatia,2009-08,0.0,,
ESTAT:PRC_HICP_MINR(1.0),02/10/26 11:00:00,Monthly,Monthly rate of change,Total,Croatia,2009-09,-0.7,,
ESTAT:PRC_HICP_MINR(1.0),02/10/26 11:00:00,Monthly,Monthly rate of change,Total,Croatia,2009-10,0.1,,
ESTAT:PRC_HICP_MINR(1.0),02/10/26 11:00:00,Monthly,Monthly rate of change,Total,Croatia,2009-11,0.4,,
ESTAT:PRC_HICP_MINR(1.0),02/10/26 11:00:00,Monthly,Monthly rate of change,Total,Croatia,2009-12,-0.6,,
ESTAT:PRC_HICP_MINR(1.0),02/10/26 11:00:00,Monthly,Monthly rate of change,Total,Croatia,2010-01,0.4,,
ESTAT:PRC_HICP_MINR(1.0),02/10/26 11:00:00,Monthly,Monthly rate of change,Total,Croatia,2010-02,0.2,,
ESTAT:PRC_HICP_MINR(1.0),02/10/26 11:00:00,Monthly,Monthly rate of change,Total,Croatia,2010-03,0.5,,
ESTAT:PRC_HICP_MINR(1.0),02/10/26 11:00:00,Monthly,Monthly rate of change,Total,Croatia,2010-04,0.5,,
ESTAT:PRC_HICP_MINR(1.0),02/10/26 11:00:00,Monthly,Monthly rate of change,Total,Croatia,2010-05,0.3,,
ESTAT:PRC_HICP_MINR(1.0),02/10/26 11:00:00,Monthly,Monthly rate of change,Total,Croatia,2010-06,0.1,,
ESTAT:PRC_HICP_MINR(1.0),02/10/26 11:00:00,Monthly,Monthly rate of change,Total,Croatia,2010-07,-0.2,,
ESTAT:PRC_HICP_MINR(1.0),02/10/26 11:00:00,Monthly,Monthly rate of change,Total,Croatia,2010-08,-0.2,,
ESTAT:PRC_HICP_MINR(1.0),02/10/26 11:00:00,Monthly,Monthly rate of change,Total,Croatia,2010-09,-0.1,,
ESTAT:PRC_HICP_MINR(1.0),02/10/26 11:00:00,Monthly,Monthly rate of change,Total,Croatia,2010-10,0.1,,
ESTAT:PRC_HICP_MINR(1.0),02/10/26 11:00:00,Monthly,Monthly rate of change,Total,Croatia,2010-11,0.2,,
ESTAT:PRC_HICP_MINR(1.0),02/10/26 11:00:00,Monthly,Monthly rate of change,Total,Croatia,2010-12,-0.1,,
ESTAT:PRC_HICP_MINR(1.0),02/10/26 11:00:00,Monthly,Monthly rate of change,Total,Croatia,2011-01,0.5,,
ESTAT:PRC_HICP_MINR(1.0),02/10/26 11:00:00,Monthly,Monthly rate of change,Total,Croatia,2011-02,0.5,,
ESTAT:PRC_HICP_MINR(1.0),02/10/26 11:00:00,Monthly,Monthly rate of change,Total,Croatia,2011-03,0.9,,
ESTAT:PRC_HICP_MINR(1.0),02/10/26 11:00:00,Monthly,Monthly rate of change,Total,Croatia,2011-04,0.3,,
ESTAT:PRC_HICP_MINR(1.0),02/10/26 11:00:00,Monthly,Monthly rate of change,Total,Croatia,2011-05,0.4,,
ESTAT:PRC_HICP_MINR(1.0),02/10/26 11:00:00,Monthly,Monthly rate of change,Total,Croatia,2011-06,-0.3,,
ESTAT:PRC_HICP_MINR(1.0),02/10/26 11:00:00,Monthly,Monthly rate of change,Total,Croatia,2011-07,-0.2,,
ESTAT:PRC_HICP_MINR(1.0),02/10/26 11:00:00,Monthly,Monthly rate of change,Total,Croatia,2011-08,0.0,,
ESTAT:PRC_HICP_MINR(1.0),02/10/26 11:00:00,Monthly,Monthly rate of change,Total,Croatia,2011-09,-0.1,,
ESTAT:PRC_HICP_MINR(1.0),02/10/26 11:00:00,Monthly,Monthly rate of change,Total,Croatia,2011-10,0.5,,
ESTAT:PRC_HICP_MINR(1.0),02/10/26 11:00:00,Monthly,Monthly rate of change,Total,Croatia,2011-11,0.1,,
ESTAT:PRC_HICP_MINR(1.0),02/10/26 11:00:00,Monthly,Monthly rate of change,Total,Croatia,2011-12,-0.4,,
ESTAT:PRC_HICP_MINR(1.0),02/10/26 11:00:00,Monthly,Monthly rate of change,Total,Croatia,2012-01,-0.2,,
ESTAT:PRC_HICP_MINR(1.0),02/10/26 11:00:00,Monthly,Monthly rate of change,Total,Croatia,2012-02,0.6,,
ESTAT:PRC_HICP_MINR(1.0),02/10/26 11:00:00,Monthly,Monthly rate of change,Total,Croatia,2012-03,1.3,,
ESTAT:PRC_HICP_MINR(1.0),02/10/26 11:00:00,Monthly,Monthly rate of change,Total,Croatia,2012-04,0.9,,
ESTAT:PRC_HICP_MINR(1.0),02/10/26 11:00:00,Monthly,Monthly rate of change,Total,Croatia,2012-05,1.3,,
ESTAT:PRC_HICP_MINR(1.0),02/10/26 11:00:00,Monthly,Monthly rate of change,Total,Croatia,2012-06,-0.2,,
ESTAT:PRC_HICP_MINR(1.0),02/10/26 11:00:00,Monthly,Monthly rate of change,Total,Croatia,2012-07,-0.4,,
ESTAT:PRC_HICP_MINR(1.0),02/10/26 11:00:00,Monthly,Monthly rate of change,Total,Croatia,2012-08,0.6,,
ESTAT:PRC_HICP_MINR(1.0),02/10/26 11:00:00,Monthly,Monthly rate of change,Total,Croatia,2012-09,0.5,,
ESTAT:PRC_HICP_MINR(1.0),02/10/26 11:00:00,Monthly,Monthly rate of change,Total,Croatia,2012-10,0.3,,
ESTAT:PRC_HICP_MINR(1.0),02/10/26 11:00:00,Monthly,Monthly rate of change,Total,Croatia,2012-11,-0.3,,
ESTAT:PRC_HICP_MINR(1.0),02/10/26 11:00:00,Monthly,Monthly rate of change,Total,Croatia,2012-12,-0.1,,
ESTAT:PRC_HICP_MINR(1.0),02/10/26 11:00:00,Monthly,Monthly rate of change,Total,Croatia,2013-01,0.1,,
ESTAT:PRC_HICP_MINR(1.0),02/10/26 11:00:00,Monthly,Monthly rate of change,Total,Croatia,2013-02,0.4,,
ESTAT:PRC_HICP_MINR(1.0),02/10/26 11:00:00,Monthly,Monthly rate of change,Total,Croatia,2013-03,0.4,,
ESTAT:PRC_HICP_MINR(1.0),02/10/26 11:00:00,Monthly,Monthly rate of change,Total,Croatia,2013-04,0.5,,
ESTAT:PRC_HICP_MINR(1.0),02/10/26 11:00:00,Monthly,Monthly rate of change,Total,Croatia,2013-05,0.0,,
ESTAT:PRC_HICP_MINR(1.0),02/10/26 11:00:00,Monthly,Monthly rate of change,Total,Croatia,2013-06,0.2,,
ESTAT:PRC_HICP_MINR(1.0),02/10/26 11:00:00,Monthly,Monthly rate of change,Total,Croatia,2013-07,0.0,,
ESTAT:PRC_HICP_MINR(1.0),02/10/26 11:00:00,Monthly,Monthly rate of change,Total,Croatia,2013-08,0.4,,
ESTAT:PRC_HICP_MINR(1.0),02/10/26 11:00:00,Monthly,Monthly rate of change,Total,Croatia,2013-09,-0.2,,
ESTAT:PRC_HICP_MINR(1.0),02/10/26 11:00:00,Monthly,Monthly rate of change,Total,Croatia,2013-10,-0.6,,
ESTAT:PRC_HICP_MINR(1.0),02/10/26 11:00:00,Monthly,Monthly rate of change,Total,Croatia,2013-11,-0.4,,
ESTAT:PRC_HICP_MINR(1.0),02/10/26 11:00:00,Monthly,Monthly rate of change,Total,Croatia,2013-12,-0.3,,
ESTAT:PRC_HICP_MINR(1.0),02/10/26 11:00:00,Monthly,Monthly rate of change,Total,Croatia,2014-01,0.0,,
ESTAT:PRC_HICP_MINR(1.0),02/10/26 11:00:00,Monthly,Monthly rate of change,Total,Croatia,2014-02,-0.2,,
ESTAT:PRC_HICP_MINR(1.0),02/10/26 11:00:00,Monthly,Monthly rate of change,Total,Croatia,2014-03,0.5,,
ESTAT:PRC_HICP_MINR(1.0),02/10/26 11:00:00,Monthly,Monthly rate of change,Total,Croatia,2014-04,0.5,,
ESTAT:PRC_HICP_MINR(1.0),02/10/26 11:00:00,Monthly,Monthly rate of change,Total,Croatia,2014-05,0.5,,
ESTAT:PRC_HICP_MINR(1.0),02/10/26 11:00:00,Monthly,Monthly rate of change,Total,Croatia,2014-06,0.2,,
ESTAT:PRC_HICP_MINR(1.0),02/10/26 11:00:00,Monthly,Monthly rate of change,Total,Croatia,2014-07,0.1,,
ESTAT:PRC_HICP_MINR(1.0),02/10/26 11:00:00,Monthly,Monthly rate of change,Total,Croatia,2014-08,0.1,,
ESTAT:PRC_HICP_MINR(1.0),02/10/26 11:00:00,Monthly,Monthly rate of change,Total,Croatia,2014-09,-0.2,,
ESTAT:PRC_HICP_MINR(1.0),02/10/26 11:00:00,Monthly,Monthly rate of change,Total,Croatia,2014-10,-0.2,,
ESTAT:PRC_HICP_MINR(1.0),02/10/26 11:00:00,Monthly,Monthly rate of change,Total,Croatia,2014-11,-0.6,,
ESTAT:PRC_HICP_MINR(1.0),02/10/26 11:00:00,Monthly,Monthly rate of change,Total,Croatia,2014-12,-0.7,,
ESTAT:PRC_HICP_MINR(1.0),02/10/26 11:00:00,Monthly,Monthly rate of change,Total,Croatia,2015-01,-0.5,,
ESTAT:PRC_HICP_MINR(1.0),02/10/26 11:00:00,Monthly,Monthly rate of change,Total,Croatia,2015-02,0.1,,
ESTAT:PRC_HICP_MINR(1.0),02/10/26 11:00:00,Monthly,Monthly rate of change,Total,Croatia,2015-03,0.8,,
ESTAT:PRC_HICP_MINR(1.0),02/10/26 11:00:00,Monthly,Monthly rate of change,Total,Croatia,2015-04,0.4,,
ESTAT:PRC_HICP_MINR(1.0),02/10/26 11:00:00,Monthly,Monthly rate of change,Total,Croatia,2015-05,0.6,,
ESTAT:PRC_HICP_MINR(1.0),02/10/26 11:00:00,Monthly,Monthly rate of change,Total,Croatia,2015-06,0.3,,
ESTAT:PRC_HICP_MINR(1.0),02/10/26 11:00:00,Monthly,Monthly rate of change,Total,Croatia,2015-07,-0.2,,
ESTAT:PRC_HICP_MINR(1.0),02/10/26 11:00:00,Monthly,Monthly rate of change,Total,Croatia,2015-08,0.2,,
ESTAT:PRC_HICP_MINR(1.0),02/10/26 11:00:00,Monthly,Monthly rate of change,Total,Croatia,2015-09,-0.6,,
ESTAT:PRC_HICP_MINR(1.0),02/10/26 11:00:00,Monthly,Monthly rate of change,Total,Croatia,2015-10,-0.2,,
ESTAT:PRC_HICP_MINR(1.0),02/10/26 11:00:00,Monthly,Monthly rate of change,Total,Croatia,2015-11,-0.6,,
ESTAT:PRC_HICP_MINR(1.0),02/10/26 11:00:00,Monthly,Monthly rate of change,Total,Croatia,2015-12,-0.6,,
ESTAT:PRC_HICP_MINR(1.0),02/10/26 11:00:00,Monthly,Monthly rate of change,Total,Croatia,2016-01,-0.4,,
ESTAT:PRC_HICP_MINR(1.0),02/10/26 11:00:00,Monthly,Monthly rate of change,Total,Croatia,2016-02,-0.3,,
ESTAT:PRC_HICP_MINR(1.0),02/10/26 11:00:00,Monthly,Monthly rate of change,Total,Croatia,2016-03,0.5,,
ESTAT:PRC_HICP_MINR(1.0),02/10/26 11:00:00,Monthly,Monthly rate of change,Total,Croatia,2016-04,0.4,,
ESTAT:PRC_HICP_MINR(1.0),02/10/26 11:00:00,Monthly,Monthly rate of change,Total,Croatia,2016-05,0.3,,
ESTAT:PRC_HICP_MINR(1.0),02/10/26 11:00:00,Monthly,Monthly rate of change,Total,Croatia,2016-06,0.3,,
ESTAT:PRC_HICP_MINR(1.0),02/10/26 11:00:00,Monthly,Monthly rate of change,Total,Croatia,2016-07,0.0,,
ESTAT:PRC_HICP_MINR(1.0),02/10/26 11:00:00,Monthly,Monthly rate of change,Total,Croatia,2016-08,-0.2,,
ESTAT:PRC_HICP_MINR(1.0),02/10/26 11:00:00,Monthly,Monthly rate of change,Total,Croatia,2016-09,0.2,,
ESTAT:PRC_HICP_MINR(1.0),02/10/26 11:00:00,Monthly,Monthly rate of change,Total,Croatia,2016-10,0.1,,
ESTAT:PRC_HICP_MINR(1.0),02/10/26 11:00:00,Monthly,Monthly rate of change,Total,Croatia,2016-11,-0.1,,
ESTAT:PRC_HICP_MINR(1.0),02/10/26 11:00:00,Monthly,Monthly rate of change,Total,Croatia,2016-12,0.0,,
ESTAT:PRC_HICP_MINR(1.0),02/10/26 11:00:00,Monthly,Monthly rate of change,Total,Croatia,2017-01,-0.2,,
ESTAT:PRC_HICP_MINR(1.0),02/10/26 11:00:00,Monthly,Monthly rate of change,Total,Croatia,2017-02,0.2,,
ESTAT:PRC_HICP_MINR(1.0),02/10/26 11:00:00,Monthly,Monthly rate of change,Total,Croatia,2017-03,0.2,,
ESTAT:PRC_HICP_MINR(1.0),02/10/26 11:00:00,Monthly,Monthly rate of change,Total,Croatia,2017-04,0.7,,
ESTAT:PRC_HICP_MINR(1.0),02/10/26 11:00:00,Monthly,Monthly rate of change,Total,Croatia,2017-05,-0.2,,
ESTAT:PRC_HICP_MINR(1.0),02/10/26 11:00:00,Monthly,Monthly rate of change,Total,Croatia,2017-06,0.4,,
ESTAT:PRC_HICP_MINR(1.0),02/10/26 11:00:00,Monthly,Monthly rate of change,Total,Croatia,2017-07,0.1,,
ESTAT:PRC_HICP_MINR(1.0),02/10/26 11:00:00,Monthly,Monthly rate of change,Total,Croatia,2017-08,0.1,,
ESTAT:PRC_HICP_MINR(1.0),02/10/26 11:00:00,Monthly,Monthly rate of change,Total,Croatia,2017-09,0.3,,
ESTAT:PRC_HICP_MINR(1.0),02/10/26 11:00:00,Monthly,Monthly rate of change,Total,Croatia,2017-10,0.1,,
ESTAT:PRC_HICP_MINR(1.0),02/10/26 11:00:00,Monthly,Monthly rate of change,Total,Croatia,2017-11,-0.1,,
ESTAT:PRC_HICP_MINR(1.0),02/10/26 11:00:00,Monthly,Monthly rate of change,Total,Croatia,2017-12,-0.3,,
ESTAT:PRC_HICP_MINR(1.0),02/10/26 11:00:00,Monthly,Monthly rate of change,Total,Croatia,2018-01,-0.2,,
ESTAT:PRC_HICP_MINR(1.0),02/10/26 11:00:00,Monthly,Monthly rate of change,Total,Croatia,2018-02,-0.1,,
ESTAT:PRC_HICP_MINR(1.0),02/10/26 11:00:00,Monthly,Monthly rate of change,Total,Croatia,2018-03,0.5,,
ESTAT:PRC_HICP_MINR(1.0),02/10/26 11:00:00,Monthly,Monthly rate of change,Total,Croatia,2018-04,0.9,,
ESTAT:PRC_HICP_MINR(1.0),02/10/26 11:00:00,Monthly,Monthly rate of change,Total,Croatia,2018-05,0.3,,
ESTAT:PRC_HICP_MINR(1.0),02/10/26 11:00:00,Monthly,Monthly rate of change,Total,Croatia,2018-06,0.8,,
ESTAT:PRC_HICP_MINR(1.0),02/10/26 11:00:00,Monthly,Monthly rate of change,Total,Croatia,2018-07,0.1,,
ESTAT:PRC_HICP_MINR(1.0),02/10/26 11:00:00,Monthly,Monthly rate of change,Total,Croatia,2018-08,0.0,,
ESTAT:PRC_HICP_MINR(1.0),02/10/26 11:00:00,Monthly,Monthly rate of change,Total,Croatia,2018-09,-0.2,,
ESTAT:PRC_HICP_MINR(1.0),02/10/26 11:00:00,Monthly,Monthly rate of change,Total,Croatia,2018-10,0.1,,
ESTAT:PRC_HICP_MINR(1.0),02/10/26 11:00:00,Monthly,Monthly rate of change,Total,Croatia,2018-11,-0.5,,
ESTAT:PRC_HICP_MINR(1.0),02/10/26 11:00:00,Monthly,Monthly rate of change,Total,Croatia,2018-12,-0.6,,
ESTAT:PRC_HICP_MINR(1.0),02/10/26 11:00:00,Monthly,Monthly rate of change,Total,Croatia,2019-01,-0.6,,
ESTAT:PRC_HICP_MINR(1.0),02/10/26 11:00:00,Monthly,Monthly rate of change,Total,Croatia,2019-02,0.1,,
ESTAT:PRC_HICP_MINR(1.0),02/10/26 11:00:00,Monthly,Monthly rate of change,Total,Croatia,2019-03,0.8,,
ESTAT:PRC_HICP_MINR(1.0),02/10/26 11:00:00,Monthly,Monthly rate of change,Total,Croatia,2019-04,0.6,,
ESTAT:PRC_HICP_MINR(1.0),02/10/26 11:00:00,Monthly,Monthly rate of change,Total,Croatia,2019-05,0.4,,
ESTAT:PRC_HICP_MINR(1.0),02/10/26 11:00:00,Monthly,Monthly rate of change,Total,Croatia,2019-06,0.3,,
ESTAT:PRC_HICP_MINR(1.0),02/10/26 11:00:00,Monthly,Monthly rate of change,Total,Croatia,2019-07,0.5,,
ESTAT:PRC_HICP_MINR(1.0),02/10/26 11:00:00,Monthly,Monthly rate of change,Total,Croatia,2019-08,-0.4,,
ESTAT:PRC_HICP_MINR(1.0),02/10/26 11:00:00,Monthly,Monthly rate of change,Total,Croatia,2019-09,-0.2,,
ESTAT:PRC_HICP_MINR(1.0),02/10/26 11:00:00,Monthly,Monthly rate of change,Total,Croatia,2019-10,0.2,,
ESTAT:PRC_HICP_MINR(1.0),02/10/26 11:00:00,Monthly,Monthly rate of change,Total,Croatia,2019-11,-0.4,,
ESTAT:PRC_HICP_MINR(1.0),02/10/26 11:00:00,Monthly,Monthly rate of change,Total,Croatia,2019-12,-0.1,,
ESTAT:PRC_HICP_MINR(1.0),02/10/26 11:00:00,Monthly,Monthly rate of change,Total,Croatia,2020-01,-0.1,,
ESTAT:PRC_HICP_MINR(1.0),02/10/26 11:00:00,Monthly,Monthly rate of change,Total,Croatia,2020-02,-0.5,,
ESTAT:PRC_HICP_MINR(1.0),02/10/26 11:00:00,Monthly,Monthly rate of change,Total,Croatia,2020-03,0.0,,
ESTAT:PRC_HICP_MINR(1.0),02/10/26 11:00:00,Monthly,Monthly rate of change,Total,Croatia,2020-04,0.0,,
ESTAT:PRC_HICP_MINR(1.0),02/10/26 11:00:00,Monthly,Monthly rate of change,Total,Croatia,2020-05,-0.1,,
ESTAT:PRC_HICP_MINR(1.0),02/10/26 11:00:00,Monthly,Monthly rate of change,Total,Croatia,2020-06,0.6,,
ESTAT:PRC_HICP_MINR(1.0),02/10/26 11:00:00,Monthly,Monthly rate of change,Total,Croatia,2020-07,0.3,,
ESTAT:PRC_HICP_MINR(1.0),02/10/26 11:00:00,Monthly,Monthly rate of change,Total,Croatia,2020-08,-0.2,,
ESTAT:PRC_HICP_MINR(1.0),02/10/26 11:00:00,Monthly,Monthly rate of change,Total,Croatia,2020-09,-0.1,,
ESTAT:PRC_HICP_MINR(1.0),02/10/26 11:00:00,Monthly,Monthly rate of change,Total,Croatia,2020-10,0.4,,
ESTAT:PRC_HICP_MINR(1.0),02/10/26 11:00:00,Monthly,Monthly rate of change,Total,Croatia,2020-11,-0.2,,
ESTAT:PRC_HICP_MINR(1.0),02/10/26 11:00:00,Monthly,Monthly rate of change,Total,Croatia,2020-12,-0.4,,
ESTAT:PRC_HICP_MINR(1.0),02/10/26 11:00:00,Monthly,Monthly rate of change,Total,Croatia,2021-01,0.1,,
ESTAT:PRC_HICP_MINR(1.0),02/10/26 11:00:00,Monthly,Monthly rate of change,Total,Croatia,2021-02,0.2,,
ESTAT:PRC_HICP_MINR(1.0),02/10/26 11:00:00,Monthly,Monthly rate of change,Total,Croatia,2021-03,1.0,,
ESTAT:PRC_HICP_MINR(1.0),02/10/26 11:00:00,Monthly,Monthly rate of change,Total,Croatia,2021-04,0.5,,
ESTAT:PRC_HICP_MINR(1.0),02/10/26 11:00:00,Monthly,Monthly rate of change,Total,Croatia,2021-05,0.1,,
ESTAT:PRC_HICP_MINR(1.0),02/10/26 11:00:00,Monthly,Monthly rate of change,Total,Croatia,2021-06,0.4,,
ESTAT:PRC_HICP_MINR(1.0),02/10/26 11:00:00,Monthly,Monthly rate of change,Total,Croatia,2021-07,0.8,,
ESTAT:PRC_HICP_MINR(1.0),02/10/26 11:00:00,Monthly,Monthly rate of change,Total,Croatia,2021-08,0.2,,
ESTAT:PRC_HICP_MINR(1.0),02/10/26 11:00:00,Monthly,Monthly rate of change,Total,Croatia,2021-09,0.3,,
ESTAT:PRC_HICP_MINR(1.0),02/10/26 11:00:00,Monthly,Monthly rate of change,Total,Croatia,2021-10,0.8,,
ESTAT:PRC_HICP_MINR(1.0),02/10/26 11:00:00,Monthly,Monthly rate of change,Total,Croatia,2021-11,0.5,,
ESTAT:PRC_HICP_MINR(1.0),02/10/26 11:00:00,Monthly,Monthly rate of change,Total,Croatia,2021-12,0.1,,
ESTAT:PRC_HICP_MINR(1.0),02/10/26 11:00:00,Monthly,Monthly rate of change,Total,Croatia,2022-01,0.4,,
ESTAT:PRC_HICP_MINR(1.0),02/10/26 11:00:00,Monthly,Monthly rate of change,Total,Croatia,2022-02,1.0,,
ESTAT:PRC_HICP_MINR(1.0),02/10/26 11:00:00,Monthly,Monthly rate of change,Total,Croatia,2022-03,1.9,,
ESTAT:PRC_HICP_MINR(1.0),02/10/26 11:00:00,Monthly,Monthly rate of change,Total,Croatia,2022-04,2.7,,
ESTAT:PRC_HICP_MINR(1.0),02/10/26 11:00:00,Monthly,Monthly rate of change,Total,Croatia,2022-05,1.2,,
ESTAT:PRC_HICP_MINR(1.0),02/10/26 11:00:00,Monthly,Monthly rate of change,Total,Croatia,2022-06,1.6,,
ESTAT:PRC_HICP_MINR(1.0),02/10/26 11:00:00,Monthly,Monthly rate of change,Total,Croatia,2022-07,1.4,,
ESTAT:PRC_HICP_MINR(1.0),02/10/26 11:00:00,Monthly,Monthly rate of change,Total,Croatia,2022-08,0.1,,
ESTAT:PRC_HICP_MINR(1.0),02/10/26 11:00:00,Monthly,Monthly rate of change,Total,Croatia,2022-09,0.3,,
ESTAT:PRC_HICP_MINR(1.0),02/10/26 11:00:00,Monthly,Monthly rate of change,Total,Croatia,2022-10,1.0,,
ESTAT:PRC_HICP_MINR(1.0),02/10/26 11:00:00,Monthly,Monthly rate of change,Total,Croatia,2022-11,0.7,,
ESTAT:PRC_HICP_MINR(1.0),02/10/26 11:00:00,Monthly,Monthly rate of change,Total,Croatia,2022-12,-0.1,,
ESTAT:PRC_HICP_MINR(1.0),02/10/26 11:00:00,Monthly,Monthly rate of change,Total,Croatia,2023-01,0.3,,
ESTAT:PRC_HICP_MINR(1.0),02/10/26 11:00:00,Monthly,Monthly rate of change,Total,Croatia,2023-02,0.3,,
ESTAT:PRC_HICP_MINR(1.0),02/10/26 11:00:00,Monthly,Monthly rate of change,Total,Croatia,2023-03,0.9,,
ESTAT:PRC_HICP_MINR(1.0),02/10/26 11:00:00,Monthly,Monthly rate of change,Total,Croatia,2023-04,1.2,,
ESTAT:PRC_HICP_MINR(1.0),02/10/26 11:00:00,Monthly,Monthly rate of change,Total,Croatia,2023-05,0.6,,
ESTAT:PRC_HICP_MINR(1.0),02/10/26 11:00:00,Monthly,Monthly rate of change,Total,Croatia,2023-06,1.6,,
ESTAT:PRC_HICP_MINR(1.0),02/10/26 11:00:00,Monthly,Monthly rate of change,Total,Croatia,2023-07,1.1,,
ESTAT:PRC_HICP_MINR(1.0),02/10/26 11:00:00,Monthly,Monthly rate of change,Total,Croatia,2023-08,0.5,,
ESTAT:PRC_HICP_MINR(1.0),02/10/26 11:00:00,Monthly,Monthly rate of change,Total,Croatia,2023-09,-0.7,,
ESTAT:PRC_HICP_MINR(1.0),02/10/26 11:00:00,Monthly,Monthly rate of change,Total,Croatia,2023-10,0.3,,
ESTAT:PRC_HICP_MINR(1.0),02/10/26 11:00:00,Monthly,Monthly rate of change,Total,Croatia,2023-11,-0.4,,
ESTAT:PRC_HICP_MINR(1.0),02/10/26 11:00:00,Monthly,Monthly rate of change,Total,Croatia,2023-12,-0.3,,
ESTAT:PRC_HICP_MINR(1.0),02/10/26 11:00:00,Monthly,Monthly rate of change,Total,Croatia,2024-01,-0.3,,
ESTAT:PRC_HICP_MINR(1.0),02/10/26 11:00:00,Monthly,Monthly rate of change,Total,Croatia,2024-02,0.3,,
ESTAT:PRC_HICP_MINR(1.0),02/10/26 11:00:00,Monthly,Monthly rate of change,Total,Croatia,2024-03,0.9,,
ESTAT:PRC_HICP_MINR(1.0),02/10/26 11:00:00,Monthly,Monthly rate of change,Total,Croatia,2024-04,1.0,,
ESTAT:PRC_HICP_MINR(1.0),02/10/26 11:00:00,Monthly,Monthly rate of change,Total,Croatia,2024-05,0.2,,
ESTAT:PRC_HICP_MINR(1.0),02/10/26 11:00:00,Monthly,Monthly rate of change,Total,Croatia,2024-06,0.8,,
ESTAT:PRC_HICP_MINR(1.0),02/10/26 11:00:00,Monthly,Monthly rate of change,Total,Croatia,2024-07,1.0,,
ESTAT:PRC_HICP_MINR(1.0),02/10/26 11:00:00,Monthly,Monthly rate of change,Total,Croatia,2024-08,0.1,,
ESTAT:PRC_HICP_MINR(1.0),02/10/26 11:00:00,Monthly,Monthly rate of change,Total,Croatia,2024-09,-0.6,,
ESTAT:PRC_HICP_MINR(1.0),02/10/26 11:00:00,Monthly,Monthly rate of change,Total,Croatia,2024-10,0.8,,
ESTAT:PRC_HICP_MINR(1.0),02/10/26 11:00:00,Monthly,Monthly rate of change,Total,Croatia,2024-11,0.0,,
ESTAT:PRC_HICP_MINR(1.0),02/10/26 11:00:00,Monthly,Monthly rate of change,Total,Croatia,2024-12,0.2,,
ESTAT:PRC_HICP_MINR(1.0),02/10/26 11:00:00,Monthly,Monthly rate of change,Total,Croatia,2025-01,0.2,,
ESTAT:PRC_HICP_MINR(1.0),02/10/26 11:00:00,Monthly,Monthly rate of change,Total,Croatia,2025-02,0.0,,
ESTAT:PRC_HICP_MINR(1.0),02/10/26 11:00:00,Monthly,Monthly rate of change,Total,Croatia,2025-03,0.5,,
ESTAT:PRC_HICP_MINR(1.0),02/10/26 11:00:00,Monthly,Monthly rate of change,Total,Croatia,2025-04,0.7,,
ESTAT:PRC_HICP_MINR(1.0),02/10/26 11:00:00,Monthly,Monthly rate of change,Total,Croatia,2025-05,0.5,,
ESTAT:PRC_HICP_MINR(1.0),02/10/26 11:00:00,Monthly,Monthly rate of change,Total,Croatia,2025-06,0.8,,
ESTAT:PRC_HICP_MINR(1.0),02/10/26 11:00:00,Monthly,Monthly rate of change,Total,Croatia,2025-07,1.2,,
ESTAT:PRC_HICP_MINR(1.0),02/10/26 11:00:00,Monthly,Monthly rate of change,Total,Croatia,2025-08,0.2,,
ESTAT:PRC_HICP_MINR(1.0),02/10/26 11:00:00,Monthly,Monthly rate of change,Total,Croatia,2025-09,-0.6,,
ESTAT:PRC_HICP_MINR(1.0),02/10/26 11:00:00,Monthly,Monthly rate of change,Total,Croatia,2025-10,0.2,,
ESTAT:PRC_HICP_MINR(1.0),02/10/26 11:00:00,Monthly,Monthly rate of change,Total,Croatia,2025-11,0.3,,
ESTAT:PRC_HICP_MINR(1.0),02/10/26 11:00:00,Monthly,Monthly rate of change,Total,Croatia,2025-12,-0.3,,
ESTAT:PRC_HICP_MINR(1.0),02/10/26 11:00:00,Monthly,Monthly rate of change,Total,Ireland,2006-01,-0.5,,
ESTAT:PRC_HICP_MINR(1.0),02/10/26 11:00:00,Monthly,Monthly rate of change,Total,Ireland,2006-02,1.2,,
ESTAT:PRC_HICP_MINR(1.0),02/10/26 11:00:00,Monthly,Monthly rate of change,Total,Ireland,2006-03,0.3,,
ESTAT:PRC_HICP_MINR(1.0),02/10/26 11:00:00,Monthly,Monthly rate of change,Total,Ireland,2006-04,0.5,,
ESTAT:PRC_HICP_MINR(1.0),02/10/26 11:00:00,Monthly,Monthly rate of change,Total,Ireland,2006-05,0.5,,
ESTAT:PRC_HICP_MINR(1.0),02/10/26 11:00:00,Monthly,Monthly rate of change,Total,Ireland,2006-06,0.1,,
ESTAT:PRC_HICP_MINR(1.0),02/10/26 11:00:00,Monthly,Monthly rate of change,Total,Ireland,2006-07,0.0,,
ESTAT:PRC_HICP_MINR(1.0),02/10/26 11:00:00,Monthly,Monthly rate of change,Total,Ireland,2006-08,0.6,,
ESTAT:PRC_HICP_MINR(1.0),02/10/26 11:00:00,Monthly,Monthly rate of change,Total,Ireland,2006-09,-0.2,,
ESTAT:PRC_HICP_MINR(1.0),02/10/26 11:00:00,Monthly,Monthly rate of change,Total,Ireland,2006-10,0.0,,
ESTAT:PRC_HICP_MINR(1.0),02/10/26 11:00:00,Monthly,Monthly rate of change,Total,Ireland,2006-11,0.0,,
ESTAT:PRC_HICP_MINR(1.0),02/10/26 11:00:00,Monthly,Monthly rate of change,Total,Ireland,2006-12,0.4,,
ESTAT:PRC_HICP_MINR(1.0),02/10/26 11:00:00,Monthly,Monthly rate of change,Total,Ireland,2007-01,-0.6,,
ESTAT:PRC_HICP_MINR(1.0),02/10/26 11:00:00,Monthly,Monthly rate of change,Total,Ireland,2007-02,0.9,,
ESTAT:PRC_HICP_MINR(1.0),02/10/26 11:00:00,Monthly,Monthly rate of change,Total,Ireland,2007-03,0.7,,
ESTAT:PRC_HICP_MINR(1.0),02/10/26 11:00:00,Monthly,Monthly rate of change,Total,Ireland,2007-04,0.4,,
ESTAT:PRC_HICP_MINR(1.0),02/10/26 11:00:00,Monthly,Monthly rate of change,Total,Ireland,2007-05,0.4,,
ESTAT:PRC_HICP_MINR(1.0),02/10/26 11:00:00,Monthly,Monthly rate of change,Total,Ireland,2007-06,0.2,,
ESTAT:PRC_HICP_MINR(1.0),02/10/26 11:00:00,Monthly,Monthly rate of change,Total,Ireland,2007-07,-0.2,,
ESTAT:PRC_HICP_MINR(1.0),02/10/26 11:00:00,Monthly,Monthly rate of change,Total,Ireland,2007-08,0.4,,
ESTAT:PRC_HICP_MINR(1.0),02/10/26 11:00:00,Monthly,Monthly rate of change,Total,Ireland,2007-09,0.2,,
ESTAT:PRC_HICP_MINR(1.0),02/10/26 11:00:00,Monthly,Monthly rate of change,Total,Ireland,2007-10,0.1,,
ESTAT:PRC_HICP_MINR(1.0),02/10/26 11:00:00,Monthly,Monthly rate of change,Total,Ireland,2007-11,0.6,,
ESTAT:PRC_HICP_MINR(1.0),02/10/26 11:00:00,Monthly,Monthly rate of change,Total,Ireland,2007-12,0.0,,
ESTAT:PRC_HICP_MINR(1.0),02/10/26 11:00:00,Monthly,Monthly rate of change,Total,Ireland,2008-01,-0.6,,
ESTAT:PRC_HICP_MINR(1.0),02/10/26 11:00:00,Monthly,Monthly rate of change,Total,Ireland,2008-02,1.2,,
ESTAT:PRC_HICP_MINR(1.0),02/10/26 11:00:00,Monthly,Monthly rate of change,Total,Ireland,2008-03,1.0,,
ESTAT:PRC_HICP_MINR(1.0),02/10/26 11:00:00,Monthly,Monthly rate of change,Total,Ireland,2008-04,0.1,,
ESTAT:PRC_HICP_MINR(1.0),02/10/26 11:00:00,Monthly,Monthly rate of change,Total,Ireland,2008-05,0.6,,
ESTAT:PRC_HICP_MINR(1.0),02/10/26 11:00:00,Monthly,Monthly rate of change,Total,Ireland,2008-06,0.5,,
ESTAT:PRC_HICP_MINR(1.0),02/10/26 11:00:00,Monthly,Monthly rate of change,Total,Ireland,2008-07,-0.5,,
ESTAT:PRC_HICP_MINR(1.0),02/10/26 11:00:00,Monthly,Monthly rate of change,Total,Ireland,2008-08,0.1,,
ESTAT:PRC_HICP_MINR(1.0),02/10/26 11:00:00,Monthly,Monthly rate of change,Total,Ireland,2008-09,0.2,,
ESTAT:PRC_HICP_MINR(1.0),02/10/26 11:00:00,Monthly,Monthly rate of change,Total,Ireland,2008-10,-0.3,,
ESTAT:PRC_HICP_MINR(1.0),02/10/26 11:00:00,Monthly,Monthly rate of change,Total,Ireland,2008-11,-0.2,,
ESTAT:PRC_HICP_MINR(1.0),02/10/26 11:00:00,Monthly,Monthly rate of change,Total,Ireland,2008-12,-0.7,,
ESTAT:PRC_HICP_MINR(1.0),02/10/26 11:00:00,Monthly,Monthly rate of change,Total,Ireland,2009-01,-0.8,,
ESTAT:PRC_HICP_MINR(1.0),02/10/26 11:00:00,Monthly,Monthly rate of change,Total,Ireland,2009-02,0.2,,
ESTAT:PRC_HICP_MINR(1.0),02/10/26 11:00:00,Monthly,Monthly rate of change,Total,Ireland,2009-03,0.1,,
ESTAT:PRC_HICP_MINR(1.0),02/10/26 11:00:00,Monthly,Monthly rate of change,Total,Ireland,2009-04,0.0,,
ESTAT:PRC_HICP_MINR(1.0),02/10/26 11:00:00,Monthly,Monthly rate of change,Total,Ireland,2009-05,-0.3,,
ESTAT:PRC_HICP_MINR(1.0),02/10/26 11:00:00,Monthly,Monthly rate of change,Total,Ireland,2009-06,0.0,,
ESTAT:PRC_HICP_MINR(1.0),02/10/26 11:00:00,Monthly,Monthly rate of change,Total,Ireland,2009-07,-0.8,,
ESTAT:PRC_HICP_MINR(1.0),02/10/26 11:00:00,Monthly,Monthly rate of change,Total,Ireland,2009-08,0.2,,
ESTAT:PRC_HICP_MINR(1.0),02/10/26 11:00:00,Monthly,Monthly rate of change,Total,Ireland,2009-09,-0.4,,
ESTAT:PRC_HICP_MINR(1.0),02/10/26 11:00:00,Monthly,Monthly rate of change,Total,Ireland,2009-10,-0.3,,
ESTAT:PRC_HICP_MINR(1.0),02/10/26 11:00:00,Monthly,Monthly rate of change,Total,Ireland,2009-11,0.0,,
ESTAT:PRC_HICP_MINR(1.0),02/10/26 11:00:00,Monthly,Monthly rate of change,Total,Ireland,2009-12,-0.5,,
ESTAT:PRC_HICP_MINR(1.0),02/10/26 11:00:00,Monthly,Monthly rate of change,Total,Ireland,2010-01,-0.7,,
ESTAT:PRC_HICP_MINR(1.0),02/10/26 11:00:00,Monthly,Monthly rate of change,Total,Ireland,2010-02,0.2,,
ESTAT:PRC_HICP_MINR(1.0),02/10/26 11:00:00,Monthly,Monthly rate of change,Total,Ireland,2010-03,0.1,,
ESTAT:PRC_HICP_MINR(1.0),02/10/26 11:00:00,Monthly,Monthly rate of change,Total,Ireland,2010-04,0.1,,
ESTAT:PRC_HICP_MINR(1.0),02/10/26 11:00:00,Monthly,Monthly rate of change,Total,Ireland,2010-05,0.3,,
ESTAT:PRC_HICP_MINR(1.0),02/10/26 11:00:00,Monthly,Monthly rate of change,Total,Ireland,2010-06,-0.2,,
ESTAT:PRC_HICP_MINR(1.0),02/10/26 11:00:00,Monthly,Monthly rate of change,Total,Ireland,2010-07,0.0,,
ESTAT:PRC_HICP_MINR(1.0),02/10/26 11:00:00,Monthly,Monthly rate of change,Total,Ireland,2010-08,0.2,,
ESTAT:PRC_HICP_MINR(1.0),02/10/26 11:00:00,Monthly,Monthly rate of change,Total,Ireland,2010-09,-0.2,,
ESTAT:PRC_HICP_MINR(1.0),02/10/26 11:00:00,Monthly,Monthly rate of change,Total,Ireland,2010-10,0.1,,
ESTAT:PRC_HICP_MINR(1.0),02/10/26 11:00:00,Monthly,Monthly rate of change,Total,Ireland,2010-11,-0.2,,
ESTAT:PRC_HICP_MINR(1.0),02/10/26 11:00:00,Monthly,Monthly rate of change,Total,Ireland,2010-12,0.2,,
ESTAT:PRC_HICP_MINR(1.0),02/10/26 11:00:00,Monthly,Monthly rate of change,Total,Ireland,2011-01,-0.3,,
ESTAT:PRC_HICP_MINR(1.0),02/10/26 11:00:00,Monthly,Monthly rate of change,Total,Ireland,2011-02,0.8,,
ESTAT:PRC_HICP_MINR(1.0),02/10/26 11:00:00,Monthly,Monthly rate of change,Total,Ireland,2011-03,0.5,,
ESTAT:PRC_HICP_MINR(1.0),02/10/26 11:00:00,Monthly,Monthly rate of change,Total,Ireland,2011-04,0.3,,
ESTAT:PRC_HICP_MINR(1.0),02/10/26 11:00:00,Monthly,Monthly rate of change,Total,Ireland,2011-05,0.0,,
ESTAT:PRC_HICP_MINR(1.0),02/10/26 11:00:00,Monthly,Monthly rate of change,Total,Ireland,2011-06,-0.2,,
ESTAT:PRC_HICP_MINR(1.0),02/10/26 11:00:00,Monthly,Monthly rate of change,Total,Ireland,2011-07,-0.2,,
ESTAT:PRC_HICP_MINR(1.0),02/10/26 11:00:00,Monthly,Monthly rate of change,Total,Ireland,2011-08,0.2,,
ESTAT:PRC_HICP_MINR(1.0),02/10/26 11:00:00,Monthly,Monthly rate of change,Total,Ireland,2011-09,0.1,,
ESTAT:PRC_HICP_MINR(1.0),02/10/26 11:00:00,Monthly,Monthly rate of change,Total,Ireland,2011-10,0.3,,
ESTAT:PRC_HICP_MINR(1.0),02/10/26 11:00:00,Monthly,Monthly rate of change,Total,Ireland,2011-11,0.0,,
ESTAT:PRC_HICP_MINR(1.0),02/10/26 11:00:00,Monthly,Monthly rate of change,Total,Ireland,2011-12,0.0,,
ESTAT:PRC_HICP_MINR(1.0),02/10/26 11:00:00,Monthly,Monthly rate of change,Total,Ireland,2012-01,-0.4,,
ESTAT:PRC_HICP_MINR(1.0),02/10/26 11:00:00,Monthly,Monthly rate of change,Total,Ireland,2012-02,1.1,,
ESTAT:PRC_HICP_MINR(1.0),02/10/26 11:00:00,Monthly,Monthly rate of change,Total,Ireland,2012-03,1.1,,
ESTAT:PRC_HICP_MINR(1.0),02/10/26 11:00:00,Monthly,Monthly rate of change,Total,Ireland,2012-04,0.0,,
ESTAT:PRC_HICP_MINR(1.0),02/10/26 11:00:00,Monthly,Monthly rate of change,Total,Ireland,2012-05,0.0,,
ESTAT:PRC_HICP_MINR(1.0),02/10/26 11:00:00,Monthly,Monthly rate of change,Total,Ireland,2012-06,-0.2,,
ESTAT:PRC_HICP_MINR(1.0),02/10/26 11:00:00,Monthly,Monthly rate of change,Total,Ireland,2012-07,-0.1,,
ESTAT:PRC_HICP_MINR(1.0),02/10/26 11:00:00,Monthly,Monthly rate of change,Total,Ireland,2012-08,0.8,,
ESTAT:PRC_HICP_MINR(1.0),02/10/26 11:00:00,Monthly,Monthly rate of change,Total,Ireland,2012-09,-0.1,,
ESTAT:PRC_HICP_MINR(1.0),02/10/26 11:00:00,Monthly,Monthly rate of change,Total,Ireland,2012-10,-0.1,,
ESTAT:PRC_HICP_MINR(1.0),02/10/26 11:00:00,Monthly,Monthly rate of change,Total,Ireland,2012-11,-0.5,,
ESTAT:PRC_HICP_MINR(1.0),02/10/26 11:00:00,Monthly,Monthly rate of change,Total,Ireland,2012-12,0.1,,
ESTAT:PRC_HICP_MINR(1.0),02/10/26 11:00:00,Monthly,Monthly rate of change,Total,Ireland,2013-01,-0.6,,
ESTAT:PRC_HICP_MINR(1.0),02/10/26 11:00:00,Monthly,Monthly rate of change,Total,Ireland,2013-02,0.8,,
ESTAT:PRC_HICP_MINR(1.0),02/10/26 11:00:00,Monthly,Monthly rate of change,Total,Ireland,2013-03,0.4,,
ESTAT:PRC_HICP_MINR(1.0),02/10/26 11:00:00,Monthly,Monthly rate of change,Total,Ireland,2013-04,-0.1,,
ESTAT:PRC_HICP_MINR(1.0),02/10/26 11:00:00,Monthly,Monthly rate of change,Total,Ireland,2013-05,0.0,,
ESTAT:PRC_HICP_MINR(1.0),02/10/26 11:00:00,Monthly,Monthly rate of change,Total,Ireland,2013-06,0.1,,
ESTAT:PRC_HICP_MINR(1.0),02/10/26 11:00:00,Monthly,Monthly rate of change,Total,Ireland,2013-07,0.0,,
ESTAT:PRC_HICP_MINR(1.0),02/10/26 11:00:00,Monthly,Monthly rate of change,Total,Ireland,2013-08,0.1,,
ESTAT:PRC_HICP_MINR(1.0),02/10/26 11:00:00,Monthly,Monthly rate of change,Total,Ireland,2013-09,-0.1,,
ESTAT:PRC_HICP_MINR(1.0),02/10/26 11:00:00,Monthly,Monthly rate of change,Total,Ireland,2013-10,-0.2,,
ESTAT:PRC_HICP_MINR(1.0),02/10/26 11:00:00,Monthly,Monthly rate of change,Total,Ireland,2013-11,-0.1,,
ESTAT:PRC_HICP_MINR(1.0),02/10/26 11:00:00,Monthly,Monthly rate of change,Total,Ireland,2013-12,0.1,,
ESTAT:PRC_HICP_MINR(1.0),02/10/26 11:00:00,Monthly,Monthly rate of change,Total,Ireland,2014-01,-0.7,,
ESTAT:PRC_HICP_MINR(1.0),02/10/26 11:00:00,Monthly,Monthly rate of change,Total,Ireland,2014-02,0.6,,
ESTAT:PRC_HICP_MINR(1.0),02/10/26 11:00:00,Monthly,Monthly rate of change,Total,Ireland,2014-03,0.5,,
ESTAT:PRC_HICP_MINR(1.0),02/10/26 11:00:00,Monthly,Monthly rate of change,Total,Ireland,2014-04,0.0,,
ESTAT:PRC_HICP_MINR(1.0),02/10/26 11:00:00,Monthly,Monthly rate of change,Total,Ireland,2014-05,0.0,,
ESTAT:PRC_HICP_MINR(1.0),02/10/26 11:00:00,Monthly,Monthly rate of change,Total,Ireland,2014-06,0.2,,
ESTAT:PRC_HICP_MINR(1.0),02/10/26 11:00:00,Monthly,Monthly rate of change,Total,Ireland,2014-07,-0.1,,
ESTAT:PRC_HICP_MINR(1.0),02/10/26 11:00:00,Monthly,Monthly rate of change,Total,Ireland,2014-08,0.3,,
ESTAT:PRC_HICP_MINR(1.0),02/10/26 11:00:00,Monthly,Monthly rate of change,Total,Ireland,2014-09,-0.2,,
ESTAT:PRC_HICP_MINR(1.0),02/10/26 11:00:00,Monthly,Monthly rate of change,Total,Ireland,2014-10,-0.3,,
ESTAT:PRC_HICP_MINR(1.0),02/10/26 11:00:00,Monthly,Monthly rate of change,Total,Ireland,2014-11,-0.3,,
ESTAT:PRC_HICP_MINR(1.0),02/10/26 11:00:00,Monthly,Monthly rate of change,Total,Ireland,2014-12,-0.4,,
ESTAT:PRC_HICP_MINR(1.0),02/10/26 11:00:00,Monthly,Monthly rate of change,Total,Ireland,2015-01,-0.7,,
ESTAT:PRC_HICP_MINR(1.0),02/10/26 11:00:00,Monthly,Monthly rate of change,Total,Ireland,2015-02,0.6,,
ESTAT:PRC_HICP_MINR(1.0),02/10/26 11:00:00,Monthly,Monthly rate of change,Total,Ireland,2015-03,0.7,,
ESTAT:PRC_HICP_MINR(1.0),02/10/26 11:00:00,Monthly,Monthly rate of change,Total,Ireland,2015-04,0.0,,
ESTAT:PRC_HICP_MINR(1.0),02/10/26 11:00:00,Monthly,Monthly rate of change,Total,Ireland,2015-05,0.5,,
ESTAT:PRC_HICP_MINR(1.0),02/10/26 11:00:00,Monthly,Monthly rate of change,Total,Ireland,2015-06,0.4,,
ESTAT:PRC_HICP_MINR(1.0),02/10/26 11:00:00,Monthly,Monthly rate of change,Total,Ireland,2015-07,-0.3,,
ESTAT:PRC_HICP_MINR(1.0),02/10/26 11:00:00,Monthly,Monthly rate of change,Total,Ireland,2015-08,0.3,,
ESTAT:PRC_HICP_MINR(1.0),02/10/26 11:00:00,Monthly,Monthly rate of change,Total,Ireland,2015-09,-0.5,,
ESTAT:PRC_HICP_MINR(1.0),02/10/26 11:00:00,Monthly,Monthly rate of change,Total,Ireland,2015-10,-0.3,,
ESTAT:PRC_HICP_MINR(1.0),02/10/26 11:00:00,Monthly,Monthly rate of change,Total,Ireland,2015-11,-0.3,,
ESTAT:PRC_HICP_MINR(1.0),02/10/26 11:00:00,Monthly,Monthly rate of change,Total,Ireland,2015-12,-0.1,,
ESTAT:PRC_HICP_MINR(1.0),02/10/26 11:00:00,Monthly,Monthly rate of change,Total,Ireland,2016-01,-0.9,,
ESTAT:PRC_HICP_MINR(1.0),02/10/26 11:00:00,Monthly,Monthly rate of change,Total,Ireland,2016-02,0.4,,
ESTAT:PRC_HICP_MINR(1.0),02/10/26 11:00:00,Monthly,Monthly rate of change,Total,Ireland,2016-03,0.3,,
ESTAT:PRC_HICP_MINR(1.0),02/10/26 11:00:00,Monthly,Monthly rate of change,Total,Ireland,2016-04,0.2,,
ESTAT:PRC_HICP_MINR(1.0),02/10/26 11:00:00,Monthly,Monthly rate of change,Total,Ireland,2016-05,0.5,,
ESTAT:PRC_HICP_MINR(1.0),02/10/26 11:00:00,Monthly,Monthly rate of change,Total,Ireland,2016-06,0.7,,
ESTAT:PRC_HICP_MINR(1.0),02/10/26 11:00:00,Monthly,Monthly rate of change,Total,Ireland,2016-07,-0.3,,
ESTAT:PRC_HICP_MINR(1.0),02/10/26 11:00:00,Monthly,Monthly rate of change,Total,Ireland,2016-08,-0.2,,
ESTAT:PRC_HICP_MINR(1.0),02/10/26 11:00:00,Monthly,Monthly rate of change,Total,Ireland,2016-09,-0.4,,
ESTAT:PRC_HICP_MINR(1.0),02/10/26 11:00:00,Monthly,Monthly rate of change,Total,Ireland,2016-10,-0.4,,
ESTAT:PRC_HICP_MINR(1.0),02/10/26 11:00:00,Monthly,Monthly rate of change,Total,Ireland,2016-11,-0.2,,
ESTAT:PRC_HICP_MINR(1.0),02/10/26 11:00:00,Monthly,Monthly rate of change,Total,Ireland,2016-12,-0.1,,
ESTAT:PRC_HICP_MINR(1.0),02/10/26 11:00:00,Monthly,Monthly rate of change,Total,Ireland,2017-01,-0.5,,
ESTAT:PRC_HICP_MINR(1.0),02/10/26 11:00:00,Monthly,Monthly rate of change,Total,Ireland,2017-02,0.6,,
ESTAT:PRC_HICP_MINR(1.0),02/10/26 11:00:00,Monthly,Monthly rate of change,Total,Ireland,2017-03,0.6,,
ESTAT:PRC_HICP_MINR(1.0),02/10/26 11:00:00,Monthly,Monthly rate of change,Total,Ireland,2017-04,0.4,,
ESTAT:PRC_HICP_MINR(1.0),02/10/26 11:00:00,Monthly,Monthly rate of change,Total,Ireland,2017-05,-0.2,,
ESTAT:PRC_HICP_MINR(1.0),02/10/26 11:00:00,Monthly,Monthly rate of change,Total,Ireland,2017-06,0.1,,
ESTAT:PRC_HICP_MINR(1.0),02/10/26 11:00:00,Monthly,Monthly rate of change,Total,Ireland,2017-07,0.1,,
ESTAT:PRC_HICP_MINR(1.0),02/10/26 11:00:00,Monthly,Monthly rate of change,Total,Ireland,2017-08,0.4,,
ESTAT:PRC_HICP_MINR(1.0),02/10/26 11:00:00,Monthly,Monthly rate of change,Total,Ireland,2017-09,-0.6,,
ESTAT:PRC_HICP_MINR(1.0),02/10/26 11:00:00,Monthly,Monthly rate of change,Total,Ireland,2017-10,-0.1,,
ESTAT:PRC_HICP_MINR(1.0),02/10/26 11:00:00,Monthly,Monthly rate of change,Total,Ireland,2017-11,-0.1,,
ESTAT:PRC_HICP_MINR(1.0),02/10/26 11:00:00,Monthly,Monthly rate of change,Total,Ireland,2017-12,-0.1,,
ESTAT:PRC_HICP_MINR(1.0),02/10/26 11:00:00,Monthly,Monthly rate of change,Total,Ireland,2018-01,-0.7,,
ESTAT:PRC_HICP_MINR(1.0),02/10/26 11:00:00,Monthly,Monthly rate of change,Total,Ireland,2018-02,0.9,,
ESTAT:PRC_HICP_MINR(1.0),02/10/26 11:00:00,Monthly,Monthly rate of change,Total,Ireland,2018-03,0.4,,
ESTAT:PRC_HICP_MINR(1.0),02/10/26 11:00:00,Monthly,Monthly rate of change,Total,Ireland,2018-04,-0.2,,
ESTAT:PRC_HICP_MINR(1.0),02/10/26 11:00:00,Monthly,Monthly rate of change,Total,Ireland,2018-05,0.6,,
ESTAT:PRC_HICP_MINR(1.0),02/10/26 11:00:00,Monthly,Monthly rate of change,Total,Ireland,2018-06,0.1,,
ESTAT:PRC_HICP_MINR(1.0),02/10/26 11:00:00,Monthly,Monthly rate of change,Total,Ireland,2018-07,0.4,,
ESTAT:PRC_HICP_MINR(1.0),02/10/26 11:00:00,Monthly,Monthly rate of change,Total,Ireland,2018-08,0.3,,
ESTAT:PRC_HICP_MINR(1.0),02/10/26 11:00:00,Monthly,Monthly rate of change,Total,Ireland,2018-09,-0.3,,
ESTAT:PRC_HICP_MINR(1.0),02/10/26 11:00:00,Monthly,Monthly rate of change,Total,Ireland,2018-10,-0.2,,
ESTAT:PRC_HICP_MINR(1.0),02/10/26 11:00:00,Monthly,Monthly rate of change,Total,Ireland,2018-11,-0.4,,
ESTAT:PRC_HICP_MINR(1.0),02/10/26 11:00:00,Monthly,Monthly rate of change,Total,Ireland,2018-12,-0.1,,
ESTAT:PRC_HICP_MINR(1.0),02/10/26 11:00:00,Monthly,Monthly rate of change,Total,Ireland,2019-01,-0.7,,
ESTAT:PRC_HICP_MINR(1.0),02/10/26 11:00:00,Monthly,Monthly rate of change,Total,Ireland,2019-02,0.8,,
ESTAT:PRC_HICP_MINR(1.0),02/10/26 11:00:00,Monthly,Monthly rate of change,Total,Ireland,2019-03,0.8,,
ESTAT:PRC_HICP_MINR(1.0),02/10/26 11:00:00,Monthly,Monthly rate of change,Total,Ireland,2019-04,0.4,,
ESTAT:PRC_HICP_MINR(1.0),02/10/26 11:00:00,Monthly,Monthly rate of change,Total,Ireland,2019-05,-0.1,,
ESTAT:PRC_HICP_MINR(1.0),02/10/26 11:00:00,Monthly,Monthly rate of change,Total,Ireland,2019-06,0.2,,
ESTAT:PRC_HICP_MINR(1.0),02/10/26 11:00:00,Monthly,Monthly rate of change,Total,Ireland,2019-07,-0.3,,
ESTAT:PRC_HICP_MINR(1.0),02/10/26 11:00:00,Monthly,Monthly rate of change,Total,Ireland,2019-08,0.4,,
ESTAT:PRC_HICP_MINR(1.0),02/10/26 11:00:00,Monthly,Monthly rate of change,Total,Ireland,2019-09,-0.2,,
ESTAT:PRC_HICP_MINR(1.0),02/10/26 11:00:00,Monthly,Monthly rate of change,Total,Ireland,2019-10,-0.2,,
ESTAT:PRC_HICP_MINR(1.0),02/10/26 11:00:00,Monthly,Monthly rate of change,Total,Ireland,2019-11,-0.2,,
ESTAT:PRC_HICP_MINR(1.0),02/10/26 11:00:00,Monthly,Monthly rate of change,Total,Ireland,2019-12,0.2,,
ESTAT:PRC_HICP_MINR(1.0),02/10/26 11:00:00,Monthly,Monthly rate of change,Total,Ireland,2020-01,-0.7,,
ESTAT:PRC_HICP_MINR(1.0),02/10/26 11:00:00,Monthly,Monthly rate of change,Total,Ireland,2020-02,0.6,,
ESTAT:PRC_HICP_MINR(1.0),02/10/26 11:00:00,Monthly,Monthly rate of change,Total,Ireland,2020-03,0.4,,
ESTAT:PRC_HICP_MINR(1.0),02/10/26 11:00:00,Monthly,Monthly rate of change,Total,Ireland,2020-04,-0.4,,
ESTAT:PRC_HICP_MINR(1.0),02/10/26 11:00:00,Monthly,Monthly rate of change,Total,Ireland,2020-05,-0.6,,
ESTAT:PRC_HICP_MINR(1.0),02/10/26 11:00:00,Monthly,Monthly rate of change,Total,Ireland,2020-06,0.4,,
ESTAT:PRC_HICP_MINR(1.0),02/10/26 11:00:00,Monthly,Monthly rate of change,Total,Ireland,2020-07,-0.1,,
ESTAT:PRC_HICP_MINR(1.0),02/10/26 11:00:00,Monthly,Monthly rate of change,Total,Ireland,2020-08,-0.2,,
ESTAT:PRC_HICP_MINR(1.0),02/10/26 11:00:00,Monthly,Monthly rate of change,Total,Ireland,2020-09,-0.3,,
ESTAT:PRC_HICP_MINR(1.0),02/10/26 11:00:00,Monthly,Monthly rate of change,Total,Ireland,2020-10,-0.6,,
ESTAT:PRC_HICP_MINR(1.0),02/10/26 11:00:00,Monthly,Monthly rate of change,Total,Ireland,2020-11,0.3,,
ESTAT:PRC_HICP_MINR(1.0),02/10/26 11:00:00,Monthly,Monthly rate of change,Total,Ireland,2020-12,0.3,,
ESTAT:PRC_HICP_MINR(1.0),02/10/26 11:00:00,Monthly,Monthly rate of change,Total,Ireland,2021-01,0.1,,
ESTAT:PRC_HICP_MINR(1.0),02/10/26 11:00:00,Monthly,Monthly rate of change,Total,Ireland,2021-02,0.3,,
ESTAT:PRC_HICP_MINR(1.0),02/10/26 11:00:00,Monthly,Monthly rate of change,Total,Ireland,2021-03,0.9,,
ESTAT:PRC_HICP_MINR(1.0),02/10/26 11:00:00,Monthly,Monthly rate of change,Total,Ireland,2021-04,0.6,,
ESTAT:PRC_HICP_MINR(1.0),02/10/26 11:00:00,Monthly,Monthly rate of change,Total,Ireland,2021-05,0.2,,
ESTAT:PRC_HICP_MINR(1.0),02/10/26 11:00:00,Monthly,Monthly rate of change,Total,Ireland,2021-06,0.1,,
ESTAT:PRC_HICP_MINR(1.0),02/10/26 11:00:00,Monthly,Monthly rate of change,Total,Ireland,2021-07,0.3,,
ESTAT:PRC_HICP_MINR(1.0),02/10/26 11:00:00,Monthly,Monthly rate of change,Total,Ireland,2021-08,0.7,,
ESTAT:PRC_HICP_MINR(1.0),02/10/26 11:00:00,Monthly,Monthly rate of change,Total,Ireland,2021-09,0.5,,
ESTAT:PRC_HICP_MINR(1.0),02/10/26 11:00:00,Monthly,Monthly rate of change,Total,Ireland,2021-10,0.7,,
ESTAT:PRC_HICP_MINR(1.0),02/10/26 11:00:00,Monthly,Monthly rate of change,Total,Ireland,2021-11,0.6,,
ESTAT:PRC_HICP_MINR(1.0),02/10/26 11:00:00,Monthly,Monthly rate of change,Total,Ireland,2021-12,0.5,,
ESTAT:PRC_HICP_MINR(1.0),02/10/26 11:00:00,Monthly,Monthly rate of change,Total,Ireland,2022-01,-0.4,,
ESTAT:PRC_HICP_MINR(1.0),02/10/26 11:00:00,Monthly,Monthly rate of change,Total,Ireland,2022-02,0.9,,
ESTAT:PRC_HICP_MINR(1.0),02/10/26 11:00:00,Monthly,Monthly rate of change,Total,Ireland,2022-03,2.0,,
ESTAT:PRC_HICP_MINR(1.0),02/10/26 11:00:00,Monthly,Monthly rate of change,Total,Ireland,2022-04,0.9,,
ESTAT:PRC_HICP_MINR(1.0),02/10/26 11:00:00,Monthly,Monthly rate of change,Total,Ireland,2022-05,1.0,,
ESTAT:PRC_HICP_MINR(1.0),02/10/26 11:00:00,Monthly,Monthly rate of change,Total,Ireland,2022-06,1.3,,
ESTAT:PRC_HICP_MINR(1.0),02/10/26 11:00:00,Monthly,Monthly rate of change,Total,Ireland,2022-07,0.4,,
ESTAT:PRC_HICP_MINR(1.0),02/10/26 11:00:00,Monthly,Monthly rate of change,Total,Ireland,2022-08,0.2,,
ESTAT:PRC_HICP_MINR(1.0),02/10/26 11:00:00,Monthly,Monthly rate of change,Total,Ireland,2022-09,0.0,,
ESTAT:PRC_HICP_MINR(1.0),02/10/26 11:00:00,Monthly,Monthly rate of change,Total,Ireland,2022-10,1.5,,
ESTAT:PRC_HICP_MINR(1.0),02/10/26 11:00:00,Monthly,Monthly rate of change,Total,Ireland,2022-11,0.2,,
ESTAT:PRC_HICP_MINR(1.0),02/10/26 11:00:00,Monthly,Monthly rate of change,Total,Ireland,2022-12,-0.3,,
ESTAT:PRC_HICP_MINR(1.0),02/10/26 11:00:00,Monthly,Monthly rate of change,Total,Ireland,2023-01,-1.0,,
ESTAT:PRC_HICP_MINR(1.0),02/10/26 11:00:00,Monthly,Monthly rate of change,Total,Ireland,2023-02,1.5,,
ESTAT:PRC_HICP_MINR(1.0),02/10/26 11:00:00,Monthly,Monthly rate of change,Total,Ireland,2023-03,1.0,,
ESTAT:PRC_HICP_MINR(1.0),02/10/26 11:00:00,Monthly,Monthly rate of change,Total,Ireland,2023-04,0.2,,
ESTAT:PRC_HICP_MINR(1.0),02/10/26 11:00:00,Monthly,Monthly rate of change,Total,Ireland,2023-05,0.3,,
ESTAT:PRC_HICP_MINR(1.0),02/10/26 11:00:00,Monthly,Monthly rate of change,Total,Ireland,2023-06,0.8,,
ESTAT:PRC_HICP_MINR(1.0),02/10/26 11:00:00,Monthly,Monthly rate of change,Total,Ireland,2023-07,0.1,,
ESTAT:PRC_HICP_MINR(1.0),02/10/26 11:00:00,Monthly,Monthly rate of change,Total,Ireland,2023-08,0.5,,
ESTAT:PRC_HICP_MINR(1.0),02/10/26 11:00:00,Monthly,Monthly rate of change,Total,Ireland,2023-09,0.1,,
ESTAT:PRC_HICP_MINR(1.0),02/10/26 11:00:00,Monthly,Monthly rate of change,Total,Ireland,2023-10,0.1,,
ESTAT:PRC_HICP_MINR(1.0),02/10/26 11:00:00,Monthly,Monthly rate of change,Total,Ireland,2023-11,-0.9,,
ESTAT:PRC_HICP_MINR(1.0),02/10/26 11:00:00,Monthly,Monthly rate of change,Total,Ireland,2023-12,0.5,,
ESTAT:PRC_HICP_MINR(1.0),02/10/26 11:00:00,Monthly,Monthly rate of change,Total,Ireland,2024-01,-1.4,,
ESTAT:PRC_HICP_MINR(1.0),02/10/26 11:00:00,Monthly,Monthly rate of change,Total,Ireland,2024-02,1.0,,
ESTAT:PRC_HICP_MINR(1.0),02/10/26 11:00:00,Monthly,Monthly rate of change,Total,Ireland,2024-03,0.4,,
ESTAT:PRC_HICP_MINR(1.0),02/10/26 11:00:00,Monthly,Monthly rate of change,Total,Ireland,2024-04,0.2,,
ESTAT:PRC_HICP_MINR(1.0),02/10/26 11:00:00,Monthly,Monthly rate of change,Total,Ireland,2024-05,0.6,,
ESTAT:PRC_HICP_MINR(1.0),02/10/26 11:00:00,Monthly,Monthly rate of change,Total,Ireland,2024-06,0.4,,
ESTAT:PRC_HICP_MINR(1.0),02/10/26 11:00:00,Monthly,Monthly rate of change,Total,Ireland,2024-07,0.1,,
ESTAT:PRC_HICP_MINR(1.0),02/10/26 11:00:00,Monthly,Monthly rate of change,Total,Ireland,2024-08,0.1,,
ESTAT:PRC_HICP_MINR(1.0),02/10/26 11:00:00,Monthly,Monthly rate of change,Total,Ireland,2024-09,-1.0,,
ESTAT:PRC_HICP_MINR(1.0),02/10/26 11:00:00,Monthly,Monthly rate of change,Total,Ireland,2024-10,0.3,,
ESTAT:PRC_HICP_MINR(1.0),02/10/26 11:00:00,Monthly,Monthly rate of change,Total,Ireland,2024-11,-0.5,,
ESTAT:PRC_HICP_MINR(1.0),02/10/26 11:00:00,Monthly,Monthly rate of change,Total,Ireland,2024-12,0.9,,
ESTAT:PRC_HICP_MINR(1.0),02/10/26 11:00:00,Monthly,Monthly rate of change,Total,Ireland,2025-01,-0.8,,
ESTAT:PRC_HICP_MINR(1.0),02/10/26 11:00:00,Monthly,Monthly rate of change,Total,Ireland,2025-02,0.8,,
ESTAT:PRC_HICP_MINR(1.0),02/10/26 11:00:00,Monthly,Monthly rate of change,Total,Ireland,2025-03,0.7,,
ESTAT:PRC_HICP_MINR(1.0),02/10/26 11:00:00,Monthly,Monthly rate of change,Total,Ireland,2025-04,0.4,,
ESTAT:PRC_HICP_MINR(1.0),02/10/26 11:00:00,Monthly,Monthly rate of change,Total,Ireland,2025-05,0.0,,
ESTAT:PRC_HICP_MINR(1.0),02/10/26 11:00:00,Monthly,Monthly rate of change,Total,Ireland,2025-06,0.5,,
ESTAT:PRC_HICP_MINR(1.0),02/10/26 11:00:00,Monthly,Monthly rate of change,Total,Ireland,2025-07,0.2,,
ESTAT:PRC_HICP_MINR(1.0),02/10/26 11:00:00,Monthly,Monthly rate of change,Total,Ireland,2025-08,0.3,,
ESTAT:PRC_HICP_MINR(1.0),02/10/26 11:00:00,Monthly,Monthly rate of change,Total,Ireland,2025-09,-0.2,,
ESTAT:PRC_HICP_MINR(1.0),02/10/26 11:00:00,Monthly,Monthly rate of change,Total,Ireland,2025-10,0.4,,
ESTAT:PRC_HICP_MINR(1.0),02/10/26 11:00:00,Monthly,Monthly rate of change,Total,Ireland,2025-11,-0.2,,
ESTAT:PRC_HICP_MINR(1.0),02/10/26 11:00:00,Monthly,Monthly rate of change,Total,Ireland,2025-12,0.5,,
ESTAT:PRC_HICP_MINR(1.0),02/10/26 11:00:00,Monthly,Monthly rate of change,Total,Italy,2006-01,-0.9,,
ESTAT:PRC_HICP_MINR(1.0),02/10/26 11:00:00,Monthly,Monthly rate of change,Total,Italy,2006-02,-0.1,,
ESTAT:PRC_HICP_MINR(1.0),02/10/26 11:00:00,Monthly,Monthly rate of change,Total,Italy,2006-03,1.2,,
ESTAT:PRC_HICP_MINR(1.0),02/10/26 11:00:00,Monthly,Monthly rate of change,Total,Italy,2006-04,0.9,,
ESTAT:PRC_HICP_MINR(1.0),02/10/26 11:00:00,Monthly,Monthly rate of change,Total,Italy,2006-05,0.3,,
ESTAT:PRC_HICP_MINR(1.0),02/10/26 11:00:00,Monthly,Monthly rate of change,Total,Italy,2006-06,0.1,,
ESTAT:PRC_HICP_MINR(1.0),02/10/26 11:00:00,Monthly,Monthly rate of change,Total,Italy,2006-07,-0.3,,
ESTAT:PRC_HICP_MINR(1.0),02/10/26 11:00:00,Monthly,Monthly rate of change,Total,Italy,2006-08,-0.1,,
ESTAT:PRC_HICP_MINR(1.0),02/10/26 11:00:00,Monthly,Monthly rate of change,Total,Italy,2006-09,0.6,,
ESTAT:PRC_HICP_MINR(1.0),02/10/26 11:00:00,Monthly,Monthly rate of change,Total,Italy,2006-10,0.3,,
ESTAT:PRC_HICP_MINR(1.0),02/10/26 11:00:00,Monthly,Monthly rate of change,Total,Italy,2006-11,0.0,,
ESTAT:PRC_HICP_MINR(1.0),02/10/26 11:00:00,Monthly,Monthly rate of change,Total,Italy,2006-12,0.1,,
ESTAT:PRC_HICP_MINR(1.0),02/10/26 11:00:00,Monthly,Monthly rate of change,Total,Italy,2007-01,-1.0,,
ESTAT:PRC_HICP_MINR(1.0),02/10/26 11:00:00,Monthly,Monthly rate of change,Total,Italy,2007-02,0.0,,
ESTAT:PRC_HICP_MINR(1.0),02/10/26 11:00:00,Monthly,Monthly rate of change,Total,Italy,2007-03,1.2,,
ESTAT:PRC_HICP_MINR(1.0),02/10/26 11:00:00,Monthly,Monthly rate of change,Total,Italy,2007-04,0.6,,
ESTAT:PRC_HICP_MINR(1.0),02/10/26 11:00:00,Monthly,Monthly rate of change,Total,Italy,2007-05,0.4,,
ESTAT:PRC_HICP_MINR(1.0),02/10/26 11:00:00,Monthly,Monthly rate of change,Total,Italy,2007-06,0.3,,
ESTAT:PRC_HICP_MINR(1.0),02/10/26 11:00:00,Monthly,Monthly rate of change,Total,Italy,2007-07,-0.7,,
ESTAT:PRC_HICP_MINR(1.0),02/10/26 11:00:00,Monthly,Monthly rate of change,Total,Italy,2007-08,-0.1,,
ESTAT:PRC_HICP_MINR(1.0),02/10/26 11:00:00,Monthly,Monthly rate of change,Total,Italy,2007-09,0.7,,
ESTAT:PRC_HICP_MINR(1.0),02/10/26 11:00:00,Monthly,Monthly rate of change,Total,Italy,2007-10,0.9,,
ESTAT:PRC_HICP_MINR(1.0),02/10/26 11:00:00,Monthly,Monthly rate of change,Total,Italy,2007-11,0.3,,
ESTAT:PRC_HICP_MINR(1.0),02/10/26 11:00:00,Monthly,Monthly rate of change,Total,Italy,2007-12,0.4,,
ESTAT:PRC_HICP_MINR(1.0),02/10/26 11:00:00,Monthly,Monthly rate of change,Total,Italy,2008-01,-0.8,,
ESTAT:PRC_HICP_MINR(1.0),02/10/26 11:00:00,Monthly,Monthly rate of change,Total,Italy,2008-02,0.1,,
ESTAT:PRC_HICP_MINR(1.0),02/10/26 11:00:00,Monthly,Monthly rate of change,Total,Italy,2008-03,1.5,,
ESTAT:PRC_HICP_MINR(1.0),02/10/26 11:00:00,Monthly,Monthly rate of change,Total,Italy,2008-04,0.6,,
ESTAT:PRC_HICP_MINR(1.0),02/10/26 11:00:00,Monthly,Monthly rate of change,Total,Italy,2008-05,0.6,,
ESTAT:PRC_HICP_MINR(1.0),02/10/26 11:00:00,Monthly,Monthly rate of change,Total,Italy,2008-06,0.5,,
ESTAT:PRC_HICP_MINR(1.0),02/10/26 11:00:00,Monthly,Monthly rate of change,Total,Italy,2008-07,-0.5,,
ESTAT:PRC_HICP_MINR(1.0),02/10/26 11:00:00,Monthly,Monthly rate of change,Total,Italy,2008-08,0.0,,
ESTAT:PRC_HICP_MINR(1.0),02/10/26 11:00:00,Monthly,Monthly rate of change,Total,Italy,2008-09,0.4,,
ESTAT:PRC_HICP_MINR(1.0),02/10/26 11:00:00,Monthly,Monthly rate of change,Total,Italy,2008-10,0.4,,
ESTAT:PRC_HICP_MINR(1.0),02/10/26 11:00:00,Monthly,Monthly rate of change,Total,Italy,2008-11,-0.4,,
ESTAT:PRC_HICP_MINR(1.0),02/10/26 11:00:00,Monthly,Monthly rate of change,Total,Italy,2008-12,0.0,,
ESTAT:PRC_HICP_MINR(1.0),02/10/26 11:00:00,Monthly,Monthly rate of change,Total,Italy,2009-01,-1.8,,
ESTAT:PRC_HICP_MINR(1.0),02/10/26 11:00:00,Monthly,Monthly rate of change,Total,Italy,2009-02,0.1,,
ESTAT:PRC_HICP_MINR(1.0),02/10/26 11:00:00,Monthly,Monthly rate of change,Total,Italy,2009-03,1.2,,
ESTAT:PRC_HICP_MINR(1.0),02/10/26 11:00:00,Monthly,Monthly rate of change,Total,Italy,2009-04,0.7,,
ESTAT:PRC_HICP_MINR(1.0),02/10/26 11:00:00,Monthly,Monthly rate of change,Total,Italy,2009-05,0.3,,
ESTAT:PRC_HICP_MINR(1.0),02/10/26 11:00:00,Monthly,Monthly rate of change,Total,Italy,2009-06,0.1,,
ESTAT:PRC_HICP_MINR(1.0),02/10/26 11:00:00,Monthly,Monthly rate of change,Total,Italy,2009-07,-1.2,,
ESTAT:PRC_HICP_MINR(1.0),02/10/26 11:00:00,Monthly,Monthly rate of change,Total,Italy,2009-08,0.1,,
ESTAT:PRC_HICP_MINR(1.0),02/10/26 11:00:00,Monthly,Monthly rate of change,Total,Italy,2009-09,0.8,,
ESTAT:PRC_HICP_MINR(1.0),02/10/26 11:00:00,Monthly,Monthly rate of change,Total,Italy,2009-10,0.4,,
ESTAT:PRC_HICP_MINR(1.0),02/10/26 11:00:00,Monthly,Monthly rate of change,Total,Italy,2009-11,0.0,,
ESTAT:PRC_HICP_MINR(1.0),02/10/26 11:00:00,Monthly,Monthly rate of change,Total,Italy,2009-12,0.3,,
ESTAT:PRC_HICP_MINR(1.0),02/10/26 11:00:00,Monthly,Monthly rate of change,Total,Italy,2010-01,-1.5,,
ESTAT:PRC_HICP_MINR(1.0),02/10/26 11:00:00,Monthly,Monthly rate of change,Total,Italy,2010-02,-0.1,,
ESTAT:PRC_HICP_MINR(1.0),02/10/26 11:00:00,Monthly,Monthly rate of change,Total,Italy,2010-03,1.5,,
ESTAT:PRC_HICP_MINR(1.0),02/10/26 11:00:00,Monthly,Monthly rate of change,Total,Italy,2010-04,0.9,,
ESTAT:PRC_HICP_MINR(1.0),02/10/26 11:00:00,Monthly,Monthly rate of change,Total,Italy,2010-05,0.1,,
ESTAT:PRC_HICP_MINR(1.0),02/10/26 11:00:00,Monthly,Monthly rate of change,Total,Italy,2010-06,0.0,,
ESTAT:PRC_HICP_MINR(1.0),02/10/26 11:00:00,Monthly,Monthly rate of change,Total,Italy,2010-07,-0.8,,
ESTAT:PRC_HICP_MINR(1.0),02/10/26 11:00:00,Monthly,Monthly rate of change,Total,Italy,2010-08,0.1,,
ESTAT:PRC_HICP_MINR(1.0),02/10/26 11:00:00,Monthly,Monthly rate of change,Total,Italy,2010-09,0.7,,
ESTAT:PRC_HICP_MINR(1.0),02/10/26 11:00:00,Monthly,Monthly rate of change,Total,Italy,2010-10,0.7,,
ESTAT:PRC_HICP_MINR(1.0),02/10/26 11:00:00,Monthly,Monthly rate of change,Total,Italy,2010-11,0.0,,
ESTAT:PRC_HICP_MINR(1.0),02/10/26 11:00:00,Monthly,Monthly rate of change,Total,Italy,2010-12,0.4,,
ESTAT:PRC_HICP_MINR(1.0),02/10/26 11:00:00,Monthly,Monthly rate of change,Total,Italy,2011-01,-1.6,,
ESTAT:PRC_HICP_MINR(1.0),02/10/26 11:00:00,Monthly,Monthly rate of change,Total,Italy,2011-02,0.1,,
ESTAT:PRC_HICP_MINR(1.0),02/10/26 11:00:00,Monthly,Monthly rate of change,Total,Italy,2011-03,2.1,,
ESTAT:PRC_HICP_MINR(1.0),02/10/26 11:00:00,Monthly,Monthly rate of change,Total,Italy,2011-04,1.1,,
ESTAT:PRC_HICP_MINR(1.0),02/10/26 11:00:00,Monthly,Monthly rate of change,Total,Italy,2011-05,0.1,,
ESTAT:PRC_HICP_MINR(1.0),02/10/26 11:00:00,Monthly,Monthly rate of change,Total,Italy,2011-06,0.1,,
ESTAT:PRC_HICP_MINR(1.0),02/10/26 11:00:00,Monthly,Monthly rate of change,Total,Italy,2011-07,-1.8,,
ESTAT:PRC_HICP_MINR(1.0),02/10/26 11:00:00,Monthly,Monthly rate of change,Total,Italy,2011-08,0.4,,
ESTAT:PRC_HICP_MINR(1.0),02/10/26 11:00:00,Monthly,Monthly rate of change,Total,Italy,2011-09,2.0,,
ESTAT:PRC_HICP_MINR(1.0),02/10/26 11:00:00,Monthly,Monthly rate of change,Total,Italy,2011-10,0.8,,
ESTAT:PRC_HICP_MINR(1.0),02/10/26 11:00:00,Monthly,Monthly rate of change,Total,Italy,2011-11,0.0,,
ESTAT:PRC_HICP_MINR(1.0),02/10/26 11:00:00,Monthly,Monthly rate of change,Total,Italy,2011-12,0.4,,
ESTAT:PRC_HICP_MINR(1.0),02/10/26 11:00:00,Monthly,Monthly rate of change,Total,Italy,2012-01,-1.8,,
ESTAT:PRC_HICP_MINR(1.0),02/10/26 11:00:00,Monthly,Monthly rate of change,Total,Italy,2012-02,0.1,,
ESTAT:PRC_HICP_MINR(1.0),02/10/26 11:00:00,Monthly,Monthly rate of change,Total,Italy,2012-03,2.5,,
ESTAT:PRC_HICP_MINR(1.0),02/10/26 11:00:00,Monthly,Monthly rate of change,Total,Italy,2012-04,0.9,,
ESTAT:PRC_HICP_MINR(1.0),02/10/26 11:00:00,Monthly,Monthly rate of change,Total,Italy,2012-05,0.0,,
ESTAT:PRC_HICP_MINR(1.0),02/10/26 11:00:00,Monthly,Monthly rate of change,Total,Italy,2012-06,0.3,,
ESTAT:PRC_HICP_MINR(1.0),02/10/26 11:00:00,Monthly,Monthly rate of change,Total,Italy,2012-07,-1.8,,
ESTAT:PRC_HICP_MINR(1.0),02/10/26 11:00:00,Monthly,Monthly rate of change,Total,Italy,2012-08,0.0,,
ESTAT:PRC_HICP_MINR(1.0),02/10/26 11:00:00,Monthly,Monthly rate of change,Total,Italy,2012-09,2.0,,
ESTAT:PRC_HICP_MINR(1.0),02/10/26 11:00:00,Monthly,Monthly rate of change,Total,Italy,2012-10,0.2,,
ESTAT:PRC_HICP_MINR(1.0),02/10/26 11:00:00,Monthly,Monthly rate of change,Total,Italy,2012-11,-0.2,,
ESTAT:PRC_HICP_MINR(1.0),02/10/26 11:00:00,Monthly,Monthly rate of change,Total,Italy,2012-12,0.4,,
ESTAT:PRC_HICP_MINR(1.0),02/10/26 11:00:00,Monthly,Monthly rate of change,Total,Italy,2013-01,-2.0,,
ESTAT:PRC_HICP_MINR(1.0),02/10/26 11:00:00,Monthly,Monthly rate of change,Total,Italy,2013-02,-0.3,,
ESTAT:PRC_HICP_MINR(1.0),02/10/26 11:00:00,Monthly,Monthly rate of change,Total,Italy,2013-03,2.3,,
ESTAT:PRC_HICP_MINR(1.0),02/10/26 11:00:00,Monthly,Monthly rate of change,Total,Italy,2013-04,0.4,,
ESTAT:PRC_HICP_MINR(1.0),02/10/26 11:00:00,Monthly,Monthly rate of change,Total,Italy,2013-05,0.0,,
ESTAT:PRC_HICP_MINR(1.0),02/10/26 11:00:00,Monthly,Monthly rate of change,Total,Italy,2013-06,0.2,,
ESTAT:PRC_HICP_MINR(1.0),02/10/26 11:00:00,Monthly,Monthly rate of change,Total,Italy,2013-07,-1.9,,
ESTAT:PRC_HICP_MINR(1.0),02/10/26 11:00:00,Monthly,Monthly rate of change,Total,Italy,2013-08,0.0,,
ESTAT:PRC_HICP_MINR(1.0),02/10/26 11:00:00,Monthly,Monthly rate of change,Total,Italy,2013-09,1.9,,
ESTAT:PRC_HICP_MINR(1.0),02/10/26 11:00:00,Monthly,Monthly rate of change,Total,Italy,2013-10,0.0,,
ESTAT:PRC_HICP_MINR(1.0),02/10/26 11:00:00,Monthly,Monthly rate of change,Total,Italy,2013-11,-0.4,,
ESTAT:PRC_HICP_MINR(1.0),02/10/26 11:00:00,Monthly,Monthly rate of change,Total,Italy,2013-12,0.4,,
ESTAT:PRC_HICP_MINR(1.0),02/10/26 11:00:00,Monthly,Monthly rate of change,Total,Italy,2014-01,-2.1,,
ESTAT:PRC_HICP_MINR(1.0),02/10/26 11:00:00,Monthly,Monthly rate of change,Total,Italy,2014-02,-0.4,,
ESTAT:PRC_HICP_MINR(1.0),02/10/26 11:00:00,Monthly,Monthly rate of change,Total,Italy,2014-03,2.3,,
ESTAT:PRC_HICP_MINR(1.0),02/10/26 11:00:00,Monthly,Monthly rate of change,Total,Italy,2014-04,0.5,,
ESTAT:PRC_HICP_MINR(1.0),02/10/26 11:00:00,Monthly,Monthly rate of change,Total,Italy,2014-05,-0.1,,
ESTAT:PRC_HICP_MINR(1.0),02/10/26 11:00:00,Monthly,Monthly rate of change,Total,Italy,2014-06,0.1,,
ESTAT:PRC_HICP_MINR(1.0),02/10/26 11:00:00,Monthly,Monthly rate of change,Total,Italy,2014-07,-2.1,,
ESTAT:PRC_HICP_MINR(1.0),02/10/26 11:00:00,Monthly,Monthly rate of change,Total,Italy,2014-08,-0.1,,
ESTAT:PRC_HICP_MINR(1.0),02/10/26 11:00:00,Monthly,Monthly rate of change,Total,Italy,2014-09,1.9,,
ESTAT:PRC_HICP_MINR(1.0),02/10/26 11:00:00,Monthly,Monthly rate of change,Total,Italy,2014-10,0.2,,
ESTAT:PRC_HICP_MINR(1.0),02/10/26 11:00:00,Monthly,Monthly rate of change,Total,Italy,2014-11,-0.2,,
ESTAT:PRC_HICP_MINR(1.0),02/10/26 11:00:00,Monthly,Monthly rate of change,Total,Italy,2014-12,0.0,,
ESTAT:PRC_HICP_MINR(1.0),02/10/26 11:00:00,Monthly,Monthly rate of change,Total,Italy,2015-01,-2.4,,
ESTAT:PRC_HICP_MINR(1.0),02/10/26 11:00:00,Monthly,Monthly rate of change,Total,Italy,2015-02,0.1,,
ESTAT:PRC_HICP_MINR(1.0),02/10/26 11:00:00,Monthly,Monthly rate of change,Total,Italy,2015-03,2.2,,
ESTAT:PRC_HICP_MINR(1.0),02/10/26 11:00:00,Monthly,Monthly rate of change,Total,Italy,2015-04,0.5,,
ESTAT:PRC_HICP_MINR(1.0),02/10/26 11:00:00,Monthly,Monthly rate of change,Total,Italy,2015-05,0.1,,
ESTAT:PRC_HICP_MINR(1.0),02/10/26 11:00:00,Monthly,Monthly rate of change,Total,Italy,2015-06,0.1,,
ESTAT:PRC_HICP_MINR(1.0),02/10/26 11:00:00,Monthly,Monthly rate of change,Total,Italy,2015-07,-2.0,,
ESTAT:PRC_HICP_MINR(1.0),02/10/26 11:00:00,Monthly,Monthly rate of change,Total,Italy,2015-08,-0.1,,
ESTAT:PRC_HICP_MINR(1.0),02/10/26 11:00:00,Monthly,Monthly rate of change,Total,Italy,2015-09,1.6,,
ESTAT:PRC_HICP_MINR(1.0),02/10/26 11:00:00,Monthly,Monthly rate of change,Total,Italy,2015-10,0.5,,
ESTAT:PRC_HICP_MINR(1.0),02/10/26 11:00:00,Monthly,Monthly rate of change,Total,Italy,2015-11,-0.4,,
ESTAT:PRC_HICP_MINR(1.0),02/10/26 11:00:00,Monthly,Monthly rate of change,Total,Italy,2015-12,-0.1,,
ESTAT:PRC_HICP_MINR(1.0),02/10/26 11:00:00,Monthly,Monthly rate of change,Total,Italy,2016-01,-2.1,,
ESTAT:PRC_HICP_MINR(1.0),02/10/26 11:00:00,Monthly,Monthly rate of change,Total,Italy,2016-02,-0.5,,
ESTAT:PRC_HICP_MINR(1.0),02/10/26 11:00:00,Monthly,Monthly rate of change,Total,Italy,2016-03,2.2,,
ESTAT:PRC_HICP_MINR(1.0),02/10/26 11:00:00,Monthly,Monthly rate of change,Total,Italy,2016-04,0.2,,
ESTAT:PRC_HICP_MINR(1.0),02/10/26 11:00:00,Monthly,Monthly rate of change,Total,Italy,2016-05,0.2,,
ESTAT:PRC_HICP_MINR(1.0),02/10/26 11:00:00,Monthly,Monthly rate of change,Total,Italy,2016-06,0.2,,
ESTAT:PRC_HICP_MINR(1.0),02/10/26 11:00:00,Monthly,Monthly rate of change,Total,Italy,2016-07,-1.8,,
ESTAT:PRC_HICP_MINR(1.0),02/10/26 11:00:00,Monthly,Monthly rate of change,Total,Italy,2016-08,-0.1,,
ESTAT:PRC_HICP_MINR(1.0),02/10/26 11:00:00,Monthly,Monthly rate of change,Total,Italy,2016-09,1.9,,
ESTAT:PRC_HICP_MINR(1.0),02/10/26 11:00:00,Monthly,Monthly rate of change,Total,Italy,2016-10,0.2,,
ESTAT:PRC_HICP_MINR(1.0),02/10/26 11:00:00,Monthly,Monthly rate of change,Total,Italy,2016-11,-0.1,,
ESTAT:PRC_HICP_MINR(1.0),02/10/26 11:00:00,Monthly,Monthly rate of change,Total,Italy,2016-12,0.4,,
ESTAT:PRC_HICP_MINR(1.0),02/10/26 11:00:00,Monthly,Monthly rate of change,Total,Italy,2017-01,-1.7,,
ESTAT:PRC_HICP_MINR(1.0),02/10/26 11:00:00,Monthly,Monthly rate of change,Total,Italy,2017-02,0.1,,
ESTAT:PRC_HICP_MINR(1.0),02/10/26 11:00:00,Monthly,Monthly rate of change,Total,Italy,2017-03,2.0,,
ESTAT:PRC_HICP_MINR(1.0),02/10/26 11:00:00,Monthly,Monthly rate of change,Total,Italy,2017-04,0.7,,
ESTAT:PRC_HICP_MINR(1.0),02/10/26 11:00:00,Monthly,Monthly rate of change,Total,Italy,2017-05,-0.1,,
ESTAT:PRC_HICP_MINR(1.0),02/10/26 11:00:00,Monthly,Monthly rate of change,Total,Italy,2017-06,-0.1,,
ESTAT:PRC_HICP_MINR(1.0),02/10/26 11:00:00,Monthly,Monthly rate of change,Total,Italy,2017-07,-1.9,,
ESTAT:PRC_HICP_MINR(1.0),02/10/26 11:00:00,Monthly,Monthly rate of change,Total,Italy,2017-08,0.1,,
ESTAT:PRC_HICP_MINR(1.0),02/10/26 11:00:00,Monthly,Monthly rate of change,Total,Italy,2017-09,1.9,,
ESTAT:PRC_HICP_MINR(1.0),02/10/26 11:00:00,Monthly,Monthly rate of change,Total,Italy,2017-10,0.0,,
ESTAT:PRC_HICP_MINR(1.0),02/10/26 11:00:00,Monthly,Monthly rate of change,Total,Italy,2017-11,-0.2,,
ESTAT:PRC_HICP_MINR(1.0),02/10/26 11:00:00,Monthly,Monthly rate of change,Total,Italy,2017-12,0.4,,
ESTAT:PRC_HICP_MINR(1.0),02/10/26 11:00:00,Monthly,Monthly rate of change,Total,Italy,2018-01,-1.6,,
ESTAT:PRC_HICP_MINR(1.0),02/10/26 11:00:00,Monthly,Monthly rate of change,Total,Italy,2018-02,-0.4,,
ESTAT:PRC_HICP_MINR(1.0),02/10/26 11:00:00,Monthly,Monthly rate of change,Total,Italy,2018-03,2.2,,
ESTAT:PRC_HICP_MINR(1.0),02/10/26 11:00:00,Monthly,Monthly rate of change,Total,Italy,2018-04,0.5,,
ESTAT:PRC_HICP_MINR(1.0),02/10/26 11:00:00,Monthly,Monthly rate of change,Total,Italy,2018-05,0.2,,
ESTAT:PRC_HICP_MINR(1.0),02/10/26 11:00:00,Monthly,Monthly rate of change,Total,Italy,2018-06,0.2,,
ESTAT:PRC_HICP_MINR(1.0),02/10/26 11:00:00,Monthly,Monthly rate of change,Total,Italy,2018-07,-1.3,,
ESTAT:PRC_HICP_MINR(1.0),02/10/26 11:00:00,Monthly,Monthly rate of change,Total,Italy,2018-08,-0.2,,
ESTAT:PRC_HICP_MINR(1.0),02/10/26 11:00:00,Monthly,Monthly rate of change,Total,Italy,2018-09,1.7,,
ESTAT:PRC_HICP_MINR(1.0),02/10/26 11:00:00,Monthly,Monthly rate of change,Total,Italy,2018-10,0.1,,
ESTAT:PRC_HICP_MINR(1.0),02/10/26 11:00:00,Monthly,Monthly rate of change,Total,Italy,2018-11,-0.2,,
ESTAT:PRC_HICP_MINR(1.0),02/10/26 11:00:00,Monthly,Monthly rate of change,Total,Italy,2018-12,-0.1,,
ESTAT:PRC_HICP_MINR(1.0),02/10/26 11:00:00,Monthly,Monthly rate of change,Total,Italy,2019-01,-1.7,,
ESTAT:PRC_HICP_MINR(1.0),02/10/26 11:00:00,Monthly,Monthly rate of change,Total,Italy,2019-02,-0.2,,
ESTAT:PRC_HICP_MINR(1.0),02/10/26 11:00:00,Monthly,Monthly rate of change,Total,Italy,2019-03,2.2,,
ESTAT:PRC_HICP_MINR(1.0),02/10/26 11:00:00,Monthly,Monthly rate of change,Total,Italy,2019-04,0.5,,
ESTAT:PRC_HICP_MINR(1.0),02/10/26 11:00:00,Monthly,Monthly rate of change,Total,Italy,2019-05,0.1,,
ESTAT:PRC_HICP_MINR(1.0),02/10/26 11:00:00,Monthly,Monthly rate of change,Total,Italy,2019-06,0.0,,
ESTAT:PRC_HICP_MINR(1.0),02/10/26 11:00:00,Monthly,Monthly rate of change,Total,Italy,2019-07,-1.8,,
ESTAT:PRC_HICP_MINR(1.0),02/10/26 11:00:00,Monthly,Monthly rate of change,Total,Italy,2019-08,0.0,,
ESTAT:PRC_HICP_MINR(1.0),02/10/26 11:00:00,Monthly,Monthly rate of change,Total,Italy,2019-09,1.5,,
ESTAT:PRC_HICP_MINR(1.0),02/10/26 11:00:00,Monthly,Monthly rate of change,Total,Italy,2019-10,0.1,,
ESTAT:PRC_HICP_MINR(1.0),02/10/26 11:00:00,Monthly,Monthly rate of change,Total,Italy,2019-11,-0.2,,
ESTAT:PRC_HICP_MINR(1.0),02/10/26 11:00:00,Monthly,Monthly rate of change,Total,Italy,2019-12,0.1,,
ESTAT:PRC_HICP_MINR(1.0),02/10/26 11:00:00,Monthly,Monthly rate of change,Total,Italy,2020-01,-1.8,,
ESTAT:PRC_HICP_MINR(1.0),02/10/26 11:00:00,Monthly,Monthly rate of change,Total,Italy,2020-02,-0.5,,
ESTAT:PRC_HICP_MINR(1.0),02/10/26 11:00:00,Monthly,Monthly rate of change,Total,Italy,2020-03,2.2,,
ESTAT:PRC_HICP_MINR(1.0),02/10/26 11:00:00,Monthly,Monthly rate of change,Total,Italy,2020-04,0.5,,
ESTAT:PRC_HICP_MINR(1.0),02/10/26 11:00:00,Monthly,Monthly rate of change,Total,Italy,2020-05,-0.4,,
ESTAT:PRC_HICP_MINR(1.0),02/10/26 11:00:00,Monthly,Monthly rate of change,Total,Italy,2020-06,0.0,,
ESTAT:PRC_HICP_MINR(1.0),02/10/26 11:00:00,Monthly,Monthly rate of change,Total,Italy,2020-07,-0.7,,
ESTAT:PRC_HICP_MINR(1.0),02/10/26 11:00:00,Monthly,Monthly rate of change,Total,Italy,2020-08,-1.2,,
ESTAT:PRC_HICP_MINR(1.0),02/10/26 11:00:00,Monthly,Monthly rate of change,Total,Italy,2020-09,0.9,,
ESTAT:PRC_HICP_MINR(1.0),02/10/26 11:00:00,Monthly,Monthly rate of change,Total,Italy,2020-10,0.6,,
ESTAT:PRC_HICP_MINR(1.0),02/10/26 11:00:00,Monthly,Monthly rate of change,Total,Italy,2020-11,0.0,,
ESTAT:PRC_HICP_MINR(1.0),02/10/26 11:00:00,Monthly,Monthly rate of change,Total,Italy,2020-12,0.2,,
ESTAT:PRC_HICP_MINR(1.0),02/10/26 11:00:00,Monthly,Monthly rate of change,Total,Italy,2021-01,-0.8,,
ESTAT:PRC_HICP_MINR(1.0),02/10/26 11:00:00,Monthly,Monthly rate of change,Total,Italy,2021-02,-0.2,,
ESTAT:PRC_HICP_MINR(1.0),02/10/26 11:00:00,Monthly,Monthly rate of change,Total,Italy,2021-03,1.7,,
ESTAT:PRC_HICP_MINR(1.0),02/10/26 11:00:00,Monthly,Monthly rate of change,Total,Italy,2021-04,0.8,,
ESTAT:PRC_HICP_MINR(1.0),02/10/26 11:00:00,Monthly,Monthly rate of change,Total,Italy,2021-05,0.0,,
ESTAT:PRC_HICP_MINR(1.0),02/10/26 11:00:00,Monthly,Monthly rate of change,Total,Italy,2021-06,0.1,,
ESTAT:PRC_HICP_MINR(1.0),02/10/26 11:00:00,Monthly,Monthly rate of change,Total,Italy,2021-07,-0.9,,
ESTAT:PRC_HICP_MINR(1.0),02/10/26 11:00:00,Monthly,Monthly rate of change,Total,Italy,2021-08,0.1,,
ESTAT:PRC_HICP_MINR(1.0),02/10/26 11:00:00,Monthly,Monthly rate of change,Total,Italy,2021-09,1.3,,
ESTAT:PRC_HICP_MINR(1.0),02/10/26 11:00:00,Monthly,Monthly rate of change,Total,Italy,2021-10,0.9,,
ESTAT:PRC_HICP_MINR(1.0),02/10/26 11:00:00,Monthly,Monthly rate of change,Total,Italy,2021-11,0.7,,
ESTAT:PRC_HICP_MINR(1.0),02/10/26 11:00:00,Monthly,Monthly rate of change,Total,Italy,2021-12,0.5,,
ESTAT:PRC_HICP_MINR(1.0),02/10/26 11:00:00,Monthly,Monthly rate of change,Total,Italy,2022-01,-0.1,,
ESTAT:PRC_HICP_MINR(1.0),02/10/26 11:00:00,Monthly,Monthly rate of change,Total,Italy,2022-02,0.9,,
ESTAT:PRC_HICP_MINR(1.0),02/10/26 11:00:00,Monthly,Monthly rate of change,Total,Italy,2022-03,2.4,,
ESTAT:PRC_HICP_MINR(1.0),02/10/26 11:00:00,Monthly,Monthly rate of change,Total,Italy,2022-04,0.3,,
ESTAT:PRC_HICP_MINR(1.0),02/10/26 11:00:00,Monthly,Monthly rate of change,Total,Italy,2022-05,0.9,,
ESTAT:PRC_HICP_MINR(1.0),02/10/26 11:00:00,Monthly,Monthly rate of change,Total,Italy,2022-06,1.2,,
ESTAT:PRC_HICP_MINR(1.0),02/10/26 11:00:00,Monthly,Monthly rate of change,Total,Italy,2022-07,-1.1,,
ESTAT:PRC_HICP_MINR(1.0),02/10/26 11:00:00,Monthly,Monthly rate of change,Total,Italy,2022-08,0.8,,
ESTAT:PRC_HICP_MINR(1.0),02/10/26 11:00:00,Monthly,Monthly rate of change,Total,Italy,2022-09,1.7,,
ESTAT:PRC_HICP_MINR(1.0),02/10/26 11:00:00,Monthly,Monthly rate of change,Total,Italy,2022-10,3.8,,
ESTAT:PRC_HICP_MINR(1.0),02/10/26 11:00:00,Monthly,Monthly rate of change,Total,Italy,2022-11,0.6,,
ESTAT:PRC_HICP_MINR(1.0),02/10/26 11:00:00,Monthly,Monthly rate of change,Total,Italy,2022-12,0.2,,
ESTAT:PRC_HICP_MINR(1.0),02/10/26 11:00:00,Monthly,Monthly rate of change,Total,Italy,2023-01,-1.4,,
ESTAT:PRC_HICP_MINR(1.0),02/10/26 11:00:00,Monthly,Monthly rate of change,Total,Italy,2023-02,0.1,,
ESTAT:PRC_HICP_MINR(1.0),02/10/26 11:00:00,Monthly,Monthly rate of change,Total,Italy,2023-03,0.7,,
ESTAT:PRC_HICP_MINR(1.0),02/10/26 11:00:00,Monthly,Monthly rate of change,Total,Italy,2023-04,0.8,,
ESTAT:PRC_HICP_MINR(1.0),02/10/26 11:00:00,Monthly,Monthly rate of change,Total,Italy,2023-05,0.4,,
ESTAT:PRC_HICP_MINR(1.0),02/10/26 11:00:00,Monthly,Monthly rate of change,Total,Italy,2023-06,0.0,,
ESTAT:PRC_HICP_MINR(1.0),02/10/26 11:00:00,Monthly,Monthly rate of change,Total,Italy,2023-07,-1.5,,
ESTAT:PRC_HICP_MINR(1.0),02/10/26 11:00:00,Monthly,Monthly rate of change,Total,Italy,2023-08,0.1,,
ESTAT:PRC_HICP_MINR(1.0),02/10/26 11:00:00,Monthly,Monthly rate of change,Total,Italy,2023-09,1.8,,
ESTAT:PRC_HICP_MINR(1.0),02/10/26 11:00:00,Monthly,Monthly rate of change,Total,Italy,2023-10,0.0,,
ESTAT:PRC_HICP_MINR(1.0),02/10/26 11:00:00,Monthly,Monthly rate of change,Total,Italy,2023-11,-0.5,,
ESTAT:PRC_HICP_MINR(1.0),02/10/26 11:00:00,Monthly,Monthly rate of change,Total,Italy,2023-12,0.2,,
ESTAT:PRC_HICP_MINR(1.0),02/10/26 11:00:00,Monthly,Monthly rate of change,Total,Italy,2024-01,-1.1,,
ESTAT:PRC_HICP_MINR(1.0),02/10/26 11:00:00,Monthly,Monthly rate of change,Total,Italy,2024-02,0.0,,
ESTAT:PRC_HICP_MINR(1.0),02/10/26 11:00:00,Monthly,Monthly rate of change,Total,Italy,2024-03,1.1,,
ESTAT:PRC_HICP_MINR(1.0),02/10/26 11:00:00,Monthly,Monthly rate of change,Total,Italy,2024-04,0.5,,
ESTAT:PRC_HICP_MINR(1.0),02/10/26 11:00:00,Monthly,Monthly rate of change,Total,Italy,2024-05,0.2,,
ESTAT:PRC_HICP_MINR(1.0),02/10/26 11:00:00,Monthly,Monthly rate of change,Total,Italy,2024-06,0.2,,
ESTAT:PRC_HICP_MINR(1.0),02/10/26 11:00:00,Monthly,Monthly rate of change,Total,Italy,2024-07,-0.9,,
ESTAT:PRC_HICP_MINR(1.0),02/10/26 11:00:00,Monthly,Monthly rate of change,Total,Italy,2024-08,-0.1,,
ESTAT:PRC_HICP_MINR(1.0),02/10/26 11:00:00,Monthly,Monthly rate of change,Total,Italy,2024-09,1.1,,
ESTAT:PRC_HICP_MINR(1.0),02/10/26 11:00:00,Monthly,Monthly rate of change,Total,Italy,2024-10,0.3,,
ESTAT:PRC_HICP_MINR(1.0),02/10/26 11:00:00,Monthly,Monthly rate of change,Total,Italy,2024-11,-0.1,,
ESTAT:PRC_HICP_MINR(1.0),02/10/26 11:00:00,Monthly,Monthly rate of change,Total,Italy,2024-12,0.1,,
ESTAT:PRC_HICP_MINR(1.0),02/10/26 11:00:00,Monthly,Monthly rate of change,Total,Italy,2025-01,-0.8,,
ESTAT:PRC_HICP_MINR(1.0),02/10/26 11:00:00,Monthly,Monthly rate of change,Total,Italy,2025-02,0.0,,
ESTAT:PRC_HICP_MINR(1.0),02/10/26 11:00:00,Monthly,Monthly rate of change,Total,Italy,2025-03,1.6,,
ESTAT:PRC_HICP_MINR(1.0),02/10/26 11:00:00,Monthly,Monthly rate of change,Total,Italy,2025-04,0.4,,
ESTAT:PRC_HICP_MINR(1.0),02/10/26 11:00:00,Monthly,Monthly rate of change,Total,Italy,2025-05,-0.1,,
ESTAT:PRC_HICP_MINR(1.0),02/10/26 11:00:00,Monthly,Monthly rate of change,Total,Italy,2025-06,0.2,,
ESTAT:PRC_HICP_MINR(1.0),02/10/26 11:00:00,Monthly,Monthly rate of change,Total,Italy,2025-07,-0.9,,
ESTAT:PRC_HICP_MINR(1.0),02/10/26 11:00:00,Monthly,Monthly rate of change,Total,Italy,2025-08,-0.2,,
ESTAT:PRC_HICP_MINR(1.0),02/10/26 11:00:00,Monthly,Monthly rate of change,Total,Italy,2025-09,1.2,,
ESTAT:PRC_HICP_MINR(1.0),02/10/26 11:00:00,Monthly,Monthly rate of change,Total,Italy,2025-10,-0.1,,
ESTAT:PRC_HICP_MINR(1.0),02/10/26 11:00:00,Monthly,Monthly rate of change,Total,Italy,2025-11,-0.3,,
ESTAT:PRC_HICP_MINR(1.0),02/10/26 11:00:00,Monthly,Monthly rate of change,Total,Italy,2025-12,0.2,,
ESTAT:PRC_HICP_MINR(1.0),02/10/26 11:00:00,Monthly,Monthly rate of change,Total,Lithuania,2006-01,0.5,,
ESTAT:PRC_HICP_MINR(1.0),02/10/26 11:00:00,Monthly,Monthly rate of change,Total,Lithuania,2006-02,0.0,,
ESTAT:PRC_HICP_MINR(1.0),02/10/26 11:00:00,Monthly,Monthly rate of change,Total,Lithuania,2006-03,0.2,,
ESTAT:PRC_HICP_MINR(1.0),02/10/26 11:00:00,Monthly,Monthly rate of change,Total,Lithuania,2006-04,0.7,,
ESTAT:PRC_HICP_MINR(1.0),02/10/26 11:00:00,Monthly,Monthly rate of change,Total,Lithuania,2006-05,0.4,,
ESTAT:PRC_HICP_MINR(1.0),02/10/26 11:00:00,Monthly,Monthly rate of change,Total,Lithuania,2006-06,0.3,,
ESTAT:PRC_HICP_MINR(1.0),02/10/26 11:00:00,Monthly,Monthly rate of change,Total,Lithuania,2006-07,0.5,,
ESTAT:PRC_HICP_MINR(1.0),02/10/26 11:00:00,Monthly,Monthly rate of change,Total,Lithuania,2006-08,-0.1,,
ESTAT:PRC_HICP_MINR(1.0),02/10/26 11:00:00,Monthly,Monthly rate of change,Total,Lithuania,2006-09,-0.1,,
ESTAT:PRC_HICP_MINR(1.0),02/10/26 11:00:00,Monthly,Monthly rate of change,Total,Lithuania,2006-10,1.0,,
ESTAT:PRC_HICP_MINR(1.0),02/10/26 11:00:00,Monthly,Monthly rate of change,Total,Lithuania,2006-11,0.8,,
ESTAT:PRC_HICP_MINR(1.0),02/10/26 11:00:00,Monthly,Monthly rate of change,Total,Lithuania,2006-12,0.2,,
ESTAT:PRC_HICP_MINR(1.0),02/10/26 11:00:00,Monthly,Monthly rate of change,Total,Lithuania,2007-01,0.0,,
ESTAT:PRC_HICP_MINR(1.0),02/10/26 11:00:00,Monthly,Monthly rate of change,Total,Lithuania,2007-02,0.4,,
ESTAT:PRC_HICP_MINR(1.0),02/10/26 11:00:00,Monthly,Monthly rate of change,Total,Lithuania,2007-03,0.6,,
ESTAT:PRC_HICP_MINR(1.0),02/10/26 11:00:00,Monthly,Monthly rate of change,Total,Lithuania,2007-04,0.9,,
ESTAT:PRC_HICP_MINR(1.0),02/10/26 11:00:00,Monthly,Monthly rate of change,Total,Lithuania,2007-05,0.5,,
ESTAT:PRC_HICP_MINR(1.0),02/10/26 11:00:00,Monthly,Monthly rate of change,Total,Lithuania,2007-06,0.3,,
ESTAT:PRC_HICP_MINR(1.0),02/10/26 11:00:00,Monthly,Monthly rate of change,Total,Lithuania,2007-07,0.6,,
ESTAT:PRC_HICP_MINR(1.0),02/10/26 11:00:00,Monthly,Monthly rate of change,Total,Lithuania,2007-08,0.4,,
ESTAT:PRC_HICP_MINR(1.0),02/10/26 11:00:00,Monthly,Monthly rate of change,Total,Lithuania,2007-09,1.4,,
ESTAT:PRC_HICP_MINR(1.0),02/10/26 11:00:00,Monthly,Monthly rate of change,Total,Lithuania,2007-10,1.5,,
ESTAT:PRC_HICP_MINR(1.0),02/10/26 11:00:00,Monthly,Monthly rate of change,Total,Lithuania,2007-11,1.1,,
ESTAT:PRC_HICP_MINR(1.0),02/10/26 11:00:00,Monthly,Monthly rate of change,Total,Lithuania,2007-12,0.5,,
ESTAT:PRC_HICP_MINR(1.0),02/10/26 11:00:00,Monthly,Monthly rate of change,Total,Lithuania,2008-01,1.7,,
ESTAT:PRC_HICP_MINR(1.0),02/10/26 11:00:00,Monthly,Monthly rate of change,Total,Lithuania,2008-02,1.2,,
ESTAT:PRC_HICP_MINR(1.0),02/10/26 11:00:00,Monthly,Monthly rate of change,Total,Lithuania,2008-03,1.0,,
ESTAT:PRC_HICP_MINR(1.0),02/10/26 11:00:00,Monthly,Monthly rate of change,Total,Lithuania,2008-04,1.3,,
ESTAT:PRC_HICP_MINR(1.0),02/10/26 11:00:00,Monthly,Monthly rate of change,Total,Lithuania,2008-05,0.8,,
ESTAT:PRC_HICP_MINR(1.0),02/10/26 11:00:00,Monthly,Monthly rate of change,Total,Lithuania,2008-06,0.6,,
ESTAT:PRC_HICP_MINR(1.0),02/10/26 11:00:00,Monthly,Monthly rate of change,Total,Lithuania,2008-07,0.4,,
ESTAT:PRC_HICP_MINR(1.0),02/10/26 11:00:00,Monthly,Monthly rate of change,Total,Lithuania,2008-08,0.2,,
ESTAT:PRC_HICP_MINR(1.0),02/10/26 11:00:00,Monthly,Monthly rate of change,Total,Lithuania,2008-09,0.5,,
ESTAT:PRC_HICP_MINR(1.0),02/10/26 11:00:00,Monthly,Monthly rate of change,Total,Lithuania,2008-10,0.9,,
ESTAT:PRC_HICP_MINR(1.0),02/10/26 11:00:00,Monthly,Monthly rate of change,Total,Lithuania,2008-11,-0.3,,
ESTAT:PRC_HICP_MINR(1.0),02/10/26 11:00:00,Monthly,Monthly rate of change,Total,Lithuania,2008-12,-0.2,,
ESTAT:PRC_HICP_MINR(1.0),02/10/26 11:00:00,Monthly,Monthly rate of change,Total,Lithuania,2009-01,2.6,,
ESTAT:PRC_HICP_MINR(1.0),02/10/26 11:00:00,Monthly,Monthly rate of change,Total,Lithuania,2009-02,0.3,,
ESTAT:PRC_HICP_MINR(1.0),02/10/26 11:00:00,Monthly,Monthly rate of change,Total,Lithuania,2009-03,0.0,,
ESTAT:PRC_HICP_MINR(1.0),02/10/26 11:00:00,Monthly,Monthly rate of change,Total,Lithuania,2009-04,-0.1,,
ESTAT:PRC_HICP_MINR(1.0),02/10/26 11:00:00,Monthly,Monthly rate of change,Total,Lithuania,2009-05,-0.2,,
ESTAT:PRC_HICP_MINR(1.0),02/10/26 11:00:00,Monthly,Monthly rate of change,Total,Lithuania,2009-06,-0.3,,
ESTAT:PRC_HICP_MINR(1.0),02/10/26 11:00:00,Monthly,Monthly rate of change,Total,Lithuania,2009-07,-0.8,,
ESTAT:PRC_HICP_MINR(1.0),02/10/26 11:00:00,Monthly,Monthly rate of change,Total,Lithuania,2009-08,-0.2,,
ESTAT:PRC_HICP_MINR(1.0),02/10/26 11:00:00,Monthly,Monthly rate of change,Total,Lithuania,2009-09,0.6,,
ESTAT:PRC_HICP_MINR(1.0),02/10/26 11:00:00,Monthly,Monthly rate of change,Total,Lithuania,2009-10,-0.4,,
ESTAT:PRC_HICP_MINR(1.0),02/10/26 11:00:00,Monthly,Monthly rate of change,Total,Lithuania,2009-11,0.1,,
ESTAT:PRC_HICP_MINR(1.0),02/10/26 11:00:00,Monthly,Monthly rate of change,Total,Lithuania,2009-12,-0.3,,
ESTAT:PRC_HICP_MINR(1.0),02/10/26 11:00:00,Monthly,Monthly rate of change,Total,Lithuania,2010-01,1.2,,
ESTAT:PRC_HICP_MINR(1.0),02/10/26 11:00:00,Monthly,Monthly rate of change,Total,Lithuania,2010-02,-0.1,,
ESTAT:PRC_HICP_MINR(1.0),02/10/26 11:00:00,Monthly,Monthly rate of change,Total,Lithuania,2010-03,0.3,,
ESTAT:PRC_HICP_MINR(1.0),02/10/26 11:00:00,Monthly,Monthly rate of change,Total,Lithuania,2010-04,0.4,,
ESTAT:PRC_HICP_MINR(1.0),02/10/26 11:00:00,Monthly,Monthly rate of change,Total,Lithuania,2010-05,0.2,,
ESTAT:PRC_HICP_MINR(1.0),02/10/26 11:00:00,Monthly,Monthly rate of change,Total,Lithuania,2010-06,0.0,,
ESTAT:PRC_HICP_MINR(1.0),02/10/26 11:00:00,Monthly,Monthly rate of change,Total,Lithuania,2010-07,0.0,,
ESTAT:PRC_HICP_MINR(1.0),02/10/26 11:00:00,Monthly,Monthly rate of change,Total,Lithuania,2010-08,-0.2,,
ESTAT:PRC_HICP_MINR(1.0),02/10/26 11:00:00,Monthly,Monthly rate of change,Total,Lithuania,2010-09,0.6,,
ESTAT:PRC_HICP_MINR(1.0),02/10/26 11:00:00,Monthly,Monthly rate of change,Total,Lithuania,2010-10,0.4,,
ESTAT:PRC_HICP_MINR(1.0),02/10/26 11:00:00,Monthly,Monthly rate of change,Total,Lithuania,2010-11,0.0,,
ESTAT:PRC_HICP_MINR(1.0),02/10/26 11:00:00,Monthly,Monthly rate of change,Total,Lithuania,2010-12,0.8,,
ESTAT:PRC_HICP_MINR(1.0),02/10/26 11:00:00,Monthly,Monthly rate of change,Total,Lithuania,2011-01,0.4,,
ESTAT:PRC_HICP_MINR(1.0),02/10/26 11:00:00,Monthly,Monthly rate of change,Total,Lithuania,2011-02,0.1,,
ESTAT:PRC_HICP_MINR(1.0),02/10/26 11:00:00,Monthly,Monthly rate of change,Total,Lithuania,2011-03,1.0,,
ESTAT:PRC_HICP_MINR(1.0),02/10/26 11:00:00,Monthly,Monthly rate of change,Total,Lithuania,2011-04,1.0,,
ESTAT:PRC_HICP_MINR(1.0),02/10/26 11:00:00,Monthly,Monthly rate of change,Total,Lithuania,2011-05,0.8,,
ESTAT:PRC_HICP_MINR(1.0),02/10/26 11:00:00,Monthly,Monthly rate of change,Total,Lithuania,2011-06,-0.1,,
ESTAT:PRC_HICP_MINR(1.0),02/10/26 11:00:00,Monthly,Monthly rate of change,Total,Lithuania,2011-07,-0.2,,
ESTAT:PRC_HICP_MINR(1.0),02/10/26 11:00:00,Monthly,Monthly rate of change,Total,Lithuania,2011-08,-0.3,,
ESTAT:PRC_HICP_MINR(1.0),02/10/26 11:00:00,Monthly,Monthly rate of change,Total,Lithuania,2011-09,0.8,,
ESTAT:PRC_HICP_MINR(1.0),02/10/26 11:00:00,Monthly,Monthly rate of change,Total,Lithuania,2011-10,-0.1,,
ESTAT:PRC_HICP_MINR(1.0),02/10/26 11:00:00,Monthly,Monthly rate of change,Total,Lithuania,2011-11,0.2,,
ESTAT:PRC_HICP_MINR(1.0),02/10/26 11:00:00,Monthly,Monthly rate of change,Total,Lithuania,2011-12,-0.2,,
ESTAT:PRC_HICP_MINR(1.0),02/10/26 11:00:00,Monthly,Monthly rate of change,Total,Lithuania,2012-01,0.4,,
ESTAT:PRC_HICP_MINR(1.0),02/10/26 11:00:00,Monthly,Monthly rate of change,Total,Lithuania,2012-02,0.4,,
ESTAT:PRC_HICP_MINR(1.0),02/10/26 11:00:00,Monthly,Monthly rate of change,Total,Lithuania,2012-03,1.0,,
ESTAT:PRC_HICP_MINR(1.0),02/10/26 11:00:00,Monthly,Monthly rate of change,Total,Lithuania,2012-04,0.6,,
ESTAT:PRC_HICP_MINR(1.0),02/10/26 11:00:00,Monthly,Monthly rate of change,Total,Lithuania,2012-05,0.1,,
ESTAT:PRC_HICP_MINR(1.0),02/10/26 11:00:00,Monthly,Monthly rate of change,Total,Lithuania,2012-06,0.0,,
ESTAT:PRC_HICP_MINR(1.0),02/10/26 11:00:00,Monthly,Monthly rate of change,Total,Lithuania,2012-07,0.0,,
ESTAT:PRC_HICP_MINR(1.0),02/10/26 11:00:00,Monthly,Monthly rate of change,Total,Lithuania,2012-08,0.2,,
ESTAT:PRC_HICP_MINR(1.0),02/10/26 11:00:00,Monthly,Monthly rate of change,Total,Lithuania,2012-09,0.7,,
ESTAT:PRC_HICP_MINR(1.0),02/10/26 11:00:00,Monthly,Monthly rate of change,Total,Lithuania,2012-10,-0.2,,
ESTAT:PRC_HICP_MINR(1.0),02/10/26 11:00:00,Monthly,Monthly rate of change,Total,Lithuania,2012-11,-0.2,,
ESTAT:PRC_HICP_MINR(1.0),02/10/26 11:00:00,Monthly,Monthly rate of change,Total,Lithuania,2012-12,-0.1,,
ESTAT:PRC_HICP_MINR(1.0),02/10/26 11:00:00,Monthly,Monthly rate of change,Total,Lithuania,2013-01,0.2,,
ESTAT:PRC_HICP_MINR(1.0),02/10/26 11:00:00,Monthly,Monthly rate of change,Total,Lithuania,2013-02,-0.1,,
ESTAT:PRC_HICP_MINR(1.0),02/10/26 11:00:00,Monthly,Monthly rate of change,Total,Lithuania,2013-03,0.3,,
ESTAT:PRC_HICP_MINR(1.0),02/10/26 11:00:00,Monthly,Monthly rate of change,Total,Lithuania,2013-04,0.3,,
ESTAT:PRC_HICP_MINR(1.0),02/10/26 11:00:00,Monthly,Monthly rate of change,Total,Lithuania,2013-05,0.2,,
ESTAT:PRC_HICP_MINR(1.0),02/10/26 11:00:00,Monthly,Monthly rate of change,Total,Lithuania,2013-06,-0.2,,
ESTAT:PRC_HICP_MINR(1.0),02/10/26 11:00:00,Monthly,Monthly rate of change,Total,Lithuania,2013-07,-0.7,,
ESTAT:PRC_HICP_MINR(1.0),02/10/26 11:00:00,Monthly,Monthly rate of change,Total,Lithuania,2013-08,0.1,,
ESTAT:PRC_HICP_MINR(1.0),02/10/26 11:00:00,Monthly,Monthly rate of change,Total,Lithuania,2013-09,0.7,,
ESTAT:PRC_HICP_MINR(1.0),02/10/26 11:00:00,Monthly,Monthly rate of change,Total,Lithuania,2013-10,-0.2,,
ESTAT:PRC_HICP_MINR(1.0),02/10/26 11:00:00,Monthly,Monthly rate of change,Total,Lithuania,2013-11,-0.1,,
ESTAT:PRC_HICP_MINR(1.0),02/10/26 11:00:00,Monthly,Monthly rate of change,Total,Lithuania,2013-12,-0.2,,
ESTAT:PRC_HICP_MINR(1.0),02/10/26 11:00:00,Monthly,Monthly rate of change,Total,Lithuania,2014-01,0.0,,
ESTAT:PRC_HICP_MINR(1.0),02/10/26 11:00:00,Monthly,Monthly rate of change,Total,Lithuania,2014-02,0.0,,
ESTAT:PRC_HICP_MINR(1.0),02/10/26 11:00:00,Monthly,Monthly rate of change,Total,Lithuania,2014-03,0.4,,
ESTAT:PRC_HICP_MINR(1.0),02/10/26 11:00:00,Monthly,Monthly rate of change,Total,Lithuania,2014-04,0.3,,
ESTAT:PRC_HICP_MINR(1.0),02/10/26 11:00:00,Monthly,Monthly rate of change,Total,Lithuania,2014-05,0.0,,
ESTAT:PRC_HICP_MINR(1.0),02/10/26 11:00:00,Monthly,Monthly rate of change,Total,Lithuania,2014-06,0.0,,
ESTAT:PRC_HICP_MINR(1.0),02/10/26 11:00:00,Monthly,Monthly rate of change,Total,Lithuania,2014-07,-0.5,,
ESTAT:PRC_HICP_MINR(1.0),02/10/26 11:00:00,Monthly,Monthly rate of change,Total,Lithuania,2014-08,-0.1,,
ESTAT:PRC_HICP_MINR(1.0),02/10/26 11:00:00,Monthly,Monthly rate of change,Total,Lithuania,2014-09,0.5,,
ESTAT:PRC_HICP_MINR(1.0),02/10/26 11:00:00,Monthly,Monthly rate of change,Total,Lithuania,2014-10,0.1,,
ESTAT:PRC_HICP_MINR(1.0),02/10/26 11:00:00,Monthly,Monthly rate of change,Total,Lithuania,2014-11,-0.1,,
ESTAT:PRC_HICP_MINR(1.0),02/10/26 11:00:00,Monthly,Monthly rate of change,Total,Lithuania,2014-12,-0.6,,
ESTAT:PRC_HICP_MINR(1.0),02/10/26 11:00:00,Monthly,Monthly rate of change,Total,Lithuania,2015-01,-1.3,,
ESTAT:PRC_HICP_MINR(1.0),02/10/26 11:00:00,Monthly,Monthly rate of change,Total,Lithuania,2015-02,-0.1,,
ESTAT:PRC_HICP_MINR(1.0),02/10/26 11:00:00,Monthly,Monthly rate of change,Total,Lithuania,2015-03,0.8,,
ESTAT:PRC_HICP_MINR(1.0),02/10/26 11:00:00,Monthly,Monthly rate of change,Total,Lithuania,2015-04,0.7,,
ESTAT:PRC_HICP_MINR(1.0),02/10/26 11:00:00,Monthly,Monthly rate of change,Total,Lithuania,2015-05,0.6,,
ESTAT:PRC_HICP_MINR(1.0),02/10/26 11:00:00,Monthly,Monthly rate of change,Total,Lithuania,2015-06,-0.2,,
ESTAT:PRC_HICP_MINR(1.0),02/10/26 11:00:00,Monthly,Monthly rate of change,Total,Lithuania,2015-07,-0.5,,
ESTAT:PRC_HICP_MINR(1.0),02/10/26 11:00:00,Monthly,Monthly rate of change,Total,Lithuania,2015-08,-0.9,,
ESTAT:PRC_HICP_MINR(1.0),02/10/26 11:00:00,Monthly,Monthly rate of change,Total,Lithuania,2015-09,0.6,,
ESTAT:PRC_HICP_MINR(1.0),02/10/26 11:00:00,Monthly,Monthly rate of change,Total,Lithuania,2015-10,0.5,,
ESTAT:PRC_HICP_MINR(1.0),02/10/26 11:00:00,Monthly,Monthly rate of change,Total,Lithuania,2015-11,-0.2,,
ESTAT:PRC_HICP_MINR(1.0),02/10/26 11:00:00,Monthly,Monthly rate of change,Total,Lithuania,2015-12,-0.4,,
ESTAT:PRC_HICP_MINR(1.0),02/10/26 11:00:00,Monthly,Monthly rate of change,Total,Lithuania,2016-01,-0.4,,
ESTAT:PRC_HICP_MINR(1.0),02/10/26 11:00:00,Monthly,Monthly rate of change,Total,Lithuania,2016-02,-0.3,,
ESTAT:PRC_HICP_MINR(1.0),02/10/26 11:00:00,Monthly,Monthly rate of change,Total,Lithuania,2016-03,1.1,,
ESTAT:PRC_HICP_MINR(1.0),02/10/26 11:00:00,Monthly,Monthly rate of change,Total,Lithuania,2016-04,0.7,,
ESTAT:PRC_HICP_MINR(1.0),02/10/26 11:00:00,Monthly,Monthly rate of change,Total,Lithuania,2016-05,0.0,,
ESTAT:PRC_HICP_MINR(1.0),02/10/26 11:00:00,Monthly,Monthly rate of change,Total,Lithuania,2016-06,0.0,,
ESTAT:PRC_HICP_MINR(1.0),02/10/26 11:00:00,Monthly,Monthly rate of change,Total,Lithuania,2016-07,-0.8,,
ESTAT:PRC_HICP_MINR(1.0),02/10/26 11:00:00,Monthly,Monthly rate of change,Total,Lithuania,2016-08,-0.5,,
ESTAT:PRC_HICP_MINR(1.0),02/10/26 11:00:00,Monthly,Monthly rate of change,Total,Lithuania,2016-09,0.8,,
ESTAT:PRC_HICP_MINR(1.0),02/10/26 11:00:00,Monthly,Monthly rate of change,Total,Lithuania,2016-10,0.5,,
ESTAT:PRC_HICP_MINR(1.0),02/10/26 11:00:00,Monthly,Monthly rate of change,Total,Lithuania,2016-11,0.3,,
ESTAT:PRC_HICP_MINR(1.0),02/10/26 11:00:00,Monthly,Monthly rate of change,Total,Lithuania,2016-12,0.5,,
ESTAT:PRC_HICP_MINR(1.0),02/10/26 11:00:00,Monthly,Monthly rate of change,Total,Lithuania,2017-01,0.2,,
ESTAT:PRC_HICP_MINR(1.0),02/10/26 11:00:00,Monthly,Monthly rate of change,Total,Lithuania,2017-02,0.3,,
ESTAT:PRC_HICP_MINR(1.0),02/10/26 11:00:00,Monthly,Monthly rate of change,Total,Lithuania,2017-03,1.1,,
ESTAT:PRC_HICP_MINR(1.0),02/10/26 11:00:00,Monthly,Monthly rate of change,Total,Lithuania,2017-04,1.0,,
ESTAT:PRC_HICP_MINR(1.0),02/10/26 11:00:00,Monthly,Monthly rate of change,Total,Lithuania,2017-05,-0.2,,
ESTAT:PRC_HICP_MINR(1.0),02/10/26 11:00:00,Monthly,Monthly rate of change,Total,Lithuania,2017-06,0.2,,
ESTAT:PRC_HICP_MINR(1.0),02/10/26 11:00:00,Monthly,Monthly rate of change,Total,Lithuania,2017-07,-0.2,,
ESTAT:PRC_HICP_MINR(1.0),02/10/26 11:00:00,Monthly,Monthly rate of change,Total,Lithuania,2017-08,0.0,,
ESTAT:PRC_HICP_MINR(1.0),02/10/26 11:00:00,Monthly,Monthly rate of change,Total,Lithuania,2017-09,0.8,,
ESTAT:PRC_HICP_MINR(1.0),02/10/26 11:00:00,Monthly,Monthly rate of change,Total,Lithuania,2017-10,0.1,,
ESTAT:PRC_HICP_MINR(1.0),02/10/26 11:00:00,Monthly,Monthly rate of change,Total,Lithuania,2017-11,0.3,,
ESTAT:PRC_HICP_MINR(1.0),02/10/26 11:00:00,Monthly,Monthly rate of change,Total,Lithuania,2017-12,0.1,,
ESTAT:PRC_HICP_MINR(1.0),02/10/26 11:00:00,Monthly,Monthly rate of change,Total,Lithuania,2018-01,0.0,,
ESTAT:PRC_HICP_MINR(1.0),02/10/26 11:00:00,Monthly,Monthly rate of change,Total,Lithuania,2018-02,-0.1,,
ESTAT:PRC_HICP_MINR(1.0),02/10/26 11:00:00,Monthly,Monthly rate of change,Total,Lithuania,2018-03,0.4,,
ESTAT:PRC_HICP_MINR(1.0),02/10/26 11:00:00,Monthly,Monthly rate of change,Total,Lithuania,2018-04,0.7,,
ESTAT:PRC_HICP_MINR(1.0),02/10/26 11:00:00,Monthly,Monthly rate of change,Total,Lithuania,2018-05,0.5,,
ESTAT:PRC_HICP_MINR(1.0),02/10/26 11:00:00,Monthly,Monthly rate of change,Total,Lithuania,2018-06,-0.1,,
ESTAT:PRC_HICP_MINR(1.0),02/10/26 11:00:00,Monthly,Monthly rate of change,Total,Lithuania,2018-07,-0.5,,
ESTAT:PRC_HICP_MINR(1.0),02/10/26 11:00:00,Monthly,Monthly rate of change,Total,Lithuania,2018-08,-0.4,,
ESTAT:PRC_HICP_MINR(1.0),02/10/26 11:00:00,Monthly,Monthly rate of change,Total,Lithuania,2018-09,1.4,,
ESTAT:PRC_HICP_MINR(1.0),02/10/26 11:00:00,Monthly,Monthly rate of change,Total,Lithuania,2018-10,0.5,,
ESTAT:PRC_HICP_MINR(1.0),02/10/26 11:00:00,Monthly,Monthly rate of change,Total,Lithuania,2018-11,-0.2,,
ESTAT:PRC_HICP_MINR(1.0),02/10/26 11:00:00,Monthly,Monthly rate of change,Total,Lithuania,2018-12,-0.5,,
ESTAT:PRC_HICP_MINR(1.0),02/10/26 11:00:00,Monthly,Monthly rate of change,Total,Lithuania,2019-01,-0.1,,
ESTAT:PRC_HICP_MINR(1.0),02/10/26 11:00:00,Monthly,Monthly rate of change,Total,Lithuania,2019-02,0.2,,
ESTAT:PRC_HICP_MINR(1.0),02/10/26 11:00:00,Monthly,Monthly rate of change,Total,Lithuania,2019-03,0.9,,
ESTAT:PRC_HICP_MINR(1.0),02/10/26 11:00:00,Monthly,Monthly rate of change,Total,Lithuania,2019-04,0.9,,
ESTAT:PRC_HICP_MINR(1.0),02/10/26 11:00:00,Monthly,Monthly rate of change,Total,Lithuania,2019-05,0.3,,
ESTAT:PRC_HICP_MINR(1.0),02/10/26 11:00:00,Monthly,Monthly rate of change,Total,Lithuania,2019-06,-0.2,,
ESTAT:PRC_HICP_MINR(1.0),02/10/26 11:00:00,Monthly,Monthly rate of change,Total,Lithuania,2019-07,-0.3,,
ESTAT:PRC_HICP_MINR(1.0),02/10/26 11:00:00,Monthly,Monthly rate of change,Total,Lithuania,2019-08,-0.4,,
ESTAT:PRC_HICP_MINR(1.0),02/10/26 11:00:00,Monthly,Monthly rate of change,Total,Lithuania,2019-09,0.9,,
ESTAT:PRC_HICP_MINR(1.0),02/10/26 11:00:00,Monthly,Monthly rate of change,Total,Lithuania,2019-10,0.1,,
ESTAT:PRC_HICP_MINR(1.0),02/10/26 11:00:00,Monthly,Monthly rate of change,Total,Lithuania,2019-11,0.0,,
ESTAT:PRC_HICP_MINR(1.0),02/10/26 11:00:00,Monthly,Monthly rate of change,Total,Lithuania,2019-12,0.5,,
ESTAT:PRC_HICP_MINR(1.0),02/10/26 11:00:00,Monthly,Monthly rate of change,Total,Lithuania,2020-01,0.2,,
ESTAT:PRC_HICP_MINR(1.0),02/10/26 11:00:00,Monthly,Monthly rate of change,Total,Lithuania,2020-02,0.0,,
ESTAT:PRC_HICP_MINR(1.0),02/10/26 11:00:00,Monthly,Monthly rate of change,Total,Lithuania,2020-03,-0.1,,
ESTAT:PRC_HICP_MINR(1.0),02/10/26 11:00:00,Monthly,Monthly rate of change,Total,Lithuania,2020-04,0.2,,
ESTAT:PRC_HICP_MINR(1.0),02/10/26 11:00:00,Monthly,Monthly rate of change,Total,Lithuania,2020-05,-0.5,,
ESTAT:PRC_HICP_MINR(1.0),02/10/26 11:00:00,Monthly,Monthly rate of change,Total,Lithuania,2020-06,0.4,,
ESTAT:PRC_HICP_MINR(1.0),02/10/26 11:00:00,Monthly,Monthly rate of change,Total,Lithuania,2020-07,-0.3,,
ESTAT:PRC_HICP_MINR(1.0),02/10/26 11:00:00,Monthly,Monthly rate of change,Total,Lithuania,2020-08,-0.2,,
ESTAT:PRC_HICP_MINR(1.0),02/10/26 11:00:00,Monthly,Monthly rate of change,Total,Lithuania,2020-09,0.3,,
ESTAT:PRC_HICP_MINR(1.0),02/10/26 11:00:00,Monthly,Monthly rate of change,Total,Lithuania,2020-10,0.0,,
ESTAT:PRC_HICP_MINR(1.0),02/10/26 11:00:00,Monthly,Monthly rate of change,Total,Lithuania,2020-11,-0.1,,
ESTAT:PRC_HICP_MINR(1.0),02/10/26 11:00:00,Monthly,Monthly rate of change,Total,Lithuania,2020-12,0.0,,
ESTAT:PRC_HICP_MINR(1.0),02/10/26 11:00:00,Monthly,Monthly rate of change,Total,Lithuania,2021-01,0.5,,
ESTAT:PRC_HICP_MINR(1.0),02/10/26 11:00:00,Monthly,Monthly rate of change,Total,Lithuania,2021-02,0.3,,
ESTAT:PRC_HICP_MINR(1.0),02/10/26 11:00:00,Monthly,Monthly rate of change,Total,Lithuania,2021-03,1.0,,
ESTAT:PRC_HICP_MINR(1.0),02/10/26 11:00:00,Monthly,Monthly rate of change,Total,Lithuania,2021-04,1.0,,
ESTAT:PRC_HICP_MINR(1.0),02/10/26 11:00:00,Monthly,Monthly rate of change,Total,Lithuania,2021-05,0.5,,
ESTAT:PRC_HICP_MINR(1.0),02/10/26 11:00:00,Monthly,Monthly rate of change,Total,Lithuania,2021-06,0.5,,
ESTAT:PRC_HICP_MINR(1.0),02/10/26 11:00:00,Monthly,Monthly rate of change,Total,Lithuania,2021-07,0.5,,
ESTAT:PRC_HICP_MINR(1.0),02/10/26 11:00:00,Monthly,Monthly rate of change,Total,Lithuania,2021-08,0.4,,
ESTAT:PRC_HICP_MINR(1.0),02/10/26 11:00:00,Monthly,Monthly rate of change,Total,Lithuania,2021-09,1.7,,
ESTAT:PRC_HICP_MINR(1.0),02/10/26 11:00:00,Monthly,Monthly rate of change,Total,Lithuania,2021-10,1.7,,
ESTAT:PRC_HICP_MINR(1.0),02/10/26 11:00:00,Monthly,Monthly rate of change,Total,Lithuania,2021-11,0.9,,
ESTAT:PRC_HICP_MINR(1.0),02/10/26 11:00:00,Monthly,Monthly rate of change,Total,Lithuania,2021-12,1.3,,
ESTAT:PRC_HICP_MINR(1.0),02/10/26 11:00:00,Monthly,Monthly rate of change,Total,Lithuania,2022-01,1.9,,
ESTAT:PRC_HICP_MINR(1.0),02/10/26 11:00:00,Monthly,Monthly rate of change,Total,Lithuania,2022-02,1.8,,
ESTAT:PRC_HICP_MINR(1.0),02/10/26 11:00:00,Monthly,Monthly rate of change,Total,Lithuania,2022-03,2.4,,
ESTAT:PRC_HICP_MINR(1.0),02/10/26 11:00:00,Monthly,Monthly rate of change,Total,Lithuania,2022-04,1.9,,
ESTAT:PRC_HICP_MINR(1.0),02/10/26 11:00:00,Monthly,Monthly rate of change,Total,Lithuania,2022-05,2.2,,
ESTAT:PRC_HICP_MINR(1.0),02/10/26 11:00:00,Monthly,Monthly rate of change,Total,Lithuania,2022-06,2.2,,
ESTAT:PRC_HICP_MINR(1.0),02/10/26 11:00:00,Monthly,Monthly rate of change,Total,Lithuania,2022-07,0.8,,
ESTAT:PRC_HICP_MINR(1.0),02/10/26 11:00:00,Monthly,Monthly rate of change,Total,Lithuania,2022-08,0.6,,
ESTAT:PRC_HICP_MINR(1.0),02/10/26 11:00:00,Monthly,Monthly rate of change,Total,Lithuania,2022-09,2.9,,
ESTAT:PRC_HICP_MINR(1.0),02/10/26 11:00:00,Monthly,Monthly rate of change,Total,Lithuania,2022-10,1.3,,
ESTAT:PRC_HICP_MINR(1.0),02/10/26 11:00:00,Monthly,Monthly rate of change,Total,Lithuania,2022-11,0.3,,
ESTAT:PRC_HICP_MINR(1.0),02/10/26 11:00:00,Monthly,Monthly rate of change,Total,Lithuania,2022-12,0.1,,
ESTAT:PRC_HICP_MINR(1.0),02/10/26 11:00:00,Monthly,Monthly rate of change,Total,Lithuania,2023-01,0.6,,
ESTAT:PRC_HICP_MINR(1.0),02/10/26 11:00:00,Monthly,Monthly rate of change,Total,Lithuania,2023-02,0.7,,
ESTAT:PRC_HICP_MINR(1.0),02/10/26 11:00:00,Monthly,Monthly rate of change,Total,Lithuania,2023-03,0.7,,
ESTAT:PRC_HICP_MINR(1.0),02/10/26 11:00:00,Monthly,Monthly rate of change,Total,Lithuania,2023-04,0.2,,
ESTAT:PRC_HICP_MINR(1.0),02/10/26 11:00:00,Monthly,Monthly rate of change,Total,Lithuania,2023-05,-0.1,,
ESTAT:PRC_HICP_MINR(1.0),02/10/26 11:00:00,Monthly,Monthly rate of change,Total,Lithuania,2023-06,-0.1,,
ESTAT:PRC_HICP_MINR(1.0),02/10/26 11:00:00,Monthly,Monthly rate of change,Total,Lithuania,2023-07,-0.2,,
ESTAT:PRC_HICP_MINR(1.0),02/10/26 11:00:00,Monthly,Monthly rate of change,Total,Lithuania,2023-08,-0.2,,
ESTAT:PRC_HICP_MINR(1.0),02/10/26 11:00:00,Monthly,Monthly rate of change,Total,Lithuania,2023-09,0.7,,
ESTAT:PRC_HICP_MINR(1.0),02/10/26 11:00:00,Monthly,Monthly rate of change,Total,Lithuania,2023-10,0.3,,
ESTAT:PRC_HICP_MINR(1.0),02/10/26 11:00:00,Monthly,Monthly rate of change,Total,Lithuania,2023-11,-0.4,,
ESTAT:PRC_HICP_MINR(1.0),02/10/26 11:00:00,Monthly,Monthly rate of change,Total,Lithuania,2023-12,-0.6,,
ESTAT:PRC_HICP_MINR(1.0),02/10/26 11:00:00,Monthly,Monthly rate of change,Total,Lithuania,2024-01,0.1,,
ESTAT:PRC_HICP_MINR(1.0),02/10/26 11:00:00,Monthly,Monthly rate of change,Total,Lithuania,2024-02,0.7,,
ESTAT:PRC_HICP_MINR(1.0),02/10/26 11:00:00,Monthly,Monthly rate of change,Total,Lithuania,2024-03,-0.1,,
ESTAT:PRC_HICP_MINR(1.0),02/10/26 11:00:00,Monthly,Monthly rate of change,Total,Lithuania,2024-04,0.3,,
ESTAT:PRC_HICP_MINR(1.0),02/10/26 11:00:00,Monthly,Monthly rate of change,Total,Lithuania,2024-05,0.3,,
ESTAT:PRC_HICP_MINR(1.0),02/10/26 11:00:00,Monthly,Monthly rate of change,Total,Lithuania,2024-06,0.0,,
ESTAT:PRC_HICP_MINR(1.0),02/10/26 11:00:00,Monthly,Monthly rate of change,Total,Lithuania,2024-07,-0.1,,
ESTAT:PRC_HICP_MINR(1.0),02/10/26 11:00:00,Monthly,Monthly rate of change,Total,Lithuania,2024-08,-0.5,,
ESTAT:PRC_HICP_MINR(1.0),02/10/26 11:00:00,Monthly,Monthly rate of change,Total,Lithuania,2024-09,0.4,,
ESTAT:PRC_HICP_MINR(1.0),02/10/26 11:00:00,Monthly,Monthly rate of change,Total,Lithuania,2024-10,0.1,,
ESTAT:PRC_HICP_MINR(1.0),02/10/26 11:00:00,Monthly,Monthly rate of change,Total,Lithuania,2024-11,0.6,,
ESTAT:PRC_HICP_MINR(1.0),02/10/26 11:00:00,Monthly,Monthly rate of change,Total,Lithuania,2024-12,0.1,,
ESTAT:PRC_HICP_MINR(1.0),02/10/26 11:00:00,Monthly,Monthly rate of change,Total,Lithuania,2025-01,1.6,,
ESTAT:PRC_HICP_MINR(1.0),02/10/26 11:00:00,Monthly,Monthly rate of change,Total,Lithuania,2025-02,0.5,,
ESTAT:PRC_HICP_MINR(1.0),02/10/26 11:00:00,Monthly,Monthly rate of change,Total,Lithuania,2025-03,0.4,,
ESTAT:PRC_HICP_MINR(1.0),02/10/26 11:00:00,Monthly,Monthly rate of change,Total,Lithuania,2025-04,0.2,,
ESTAT:PRC_HICP_MINR(1.0),02/10/26 11:00:00,Monthly,Monthly rate of change,Total,Lithuania,2025-05,-0.3,,
ESTAT:PRC_HICP_MINR(1.0),02/10/26 11:00:00,Monthly,Monthly rate of change,Total,Lithuania,2025-06,0.2,,
ESTAT:PRC_HICP_MINR(1.0),02/10/26 11:00:00,Monthly,Monthly rate of change,Total,Lithuania,2025-07,0.1,,
ESTAT:PRC_HICP_MINR(1.0),02/10/26 11:00:00,Monthly,Monthly rate of change,Total,Lithuania,2025-08,-0.3,,
ESTAT:PRC_HICP_MINR(1.0),02/10/26 11:00:00,Monthly,Monthly rate of change,Total,Lithuania,2025-09,0.4,,
ESTAT:PRC_HICP_MINR(1.0),02/10/26 11:00:00,Monthly,Monthly rate of change,Total,Lithuania,2025-10,0.1,,
ESTAT:PRC_HICP_MINR(1.0),02/10/26 11:00:00,Monthly,Monthly rate of change,Total,Lithuania,2025-11,0.4,,
ESTAT:PRC_HICP_MINR(1.0),02/10/26 11:00:00,Monthly,Monthly rate of change,Total,Lithuania,2025-12,-0.2,,
ESTAT:PRC_HICP_MINR(1.0),02/10/26 11:00:00,Monthly,Monthly rate of change,Total,Luxembourg,2006-01,-0.4,,
ESTAT:PRC_HICP_MINR(1.0),02/10/26 11:00:00,Monthly,Monthly rate of change,Total,Luxembourg,2006-02,1.5,,
ESTAT:PRC_HICP_MINR(1.0),02/10/26 11:00:00,Monthly,Monthly rate of change,Total,Luxembourg,2006-03,0.2,,
ESTAT:PRC_HICP_MINR(1.0),02/10/26 11:00:00,Monthly,Monthly rate of change,Total,Luxembourg,2006-04,0.5,,
ESTAT:PRC_HICP_MINR(1.0),02/10/26 11:00:00,Monthly,Monthly rate of change,Total,Luxembourg,2006-05,0.6,,
ESTAT:PRC_HICP_MINR(1.0),02/10/26 11:00:00,Monthly,Monthly rate of change,Total,Luxembourg,2006-06,0.3,,
ESTAT:PRC_HICP_MINR(1.0),02/10/26 11:00:00,Monthly,Monthly rate of change,Total,Luxembourg,2006-07,-0.6,,
ESTAT:PRC_HICP_MINR(1.0),02/10/26 11:00:00,Monthly,Monthly rate of change,Total,Luxembourg,2006-08,1.1,,
ESTAT:PRC_HICP_MINR(1.0),02/10/26 11:00:00,Monthly,Monthly rate of change,Total,Luxembourg,2006-09,-0.5,,
ESTAT:PRC_HICP_MINR(1.0),02/10/26 11:00:00,Monthly,Monthly rate of change,Total,Luxembourg,2006-10,-0.6,,
ESTAT:PRC_HICP_MINR(1.0),02/10/26 11:00:00,Monthly,Monthly rate of change,Total,Luxembourg,2006-11,0.1,,
ESTAT:PRC_HICP_MINR(1.0),02/10/26 11:00:00,Monthly,Monthly rate of change,Total,Luxembourg,2006-12,0.1,,
ESTAT:PRC_HICP_MINR(1.0),02/10/26 11:00:00,Monthly,Monthly rate of change,Total,Luxembourg,2007-01,-0.3,,
ESTAT:PRC_HICP_MINR(1.0),02/10/26 11:00:00,Monthly,Monthly rate of change,Total,Luxembourg,2007-02,1.0,,
ESTAT:PRC_HICP_MINR(1.0),02/10/26 11:00:00,Monthly,Monthly rate of change,Total,Luxembourg,2007-03,0.7,,
ESTAT:PRC_HICP_MINR(1.0),02/10/26 11:00:00,Monthly,Monthly rate of change,Total,Luxembourg,2007-04,0.6,,
ESTAT:PRC_HICP_MINR(1.0),02/10/26 11:00:00,Monthly,Monthly rate of change,Total,Luxembourg,2007-05,0.4,,
ESTAT:PRC_HICP_MINR(1.0),02/10/26 11:00:00,Monthly,Monthly rate of change,Total,Luxembourg,2007-06,0.2,,
ESTAT:PRC_HICP_MINR(1.0),02/10/26 11:00:00,Monthly,Monthly rate of change,Total,Luxembourg,2007-07,-0.8,,
ESTAT:PRC_HICP_MINR(1.0),02/10/26 11:00:00,Monthly,Monthly rate of change,Total,Luxembourg,2007-08,0.9,,
ESTAT:PRC_HICP_MINR(1.0),02/10/26 11:00:00,Monthly,Monthly rate of change,Total,Luxembourg,2007-09,0.1,,
ESTAT:PRC_HICP_MINR(1.0),02/10/26 11:00:00,Monthly,Monthly rate of change,Total,Luxembourg,2007-10,0.5,,
ESTAT:PRC_HICP_MINR(1.0),02/10/26 11:00:00,Monthly,Monthly rate of change,Total,Luxembourg,2007-11,0.5,,
ESTAT:PRC_HICP_MINR(1.0),02/10/26 11:00:00,Monthly,Monthly rate of change,Total,Luxembourg,2007-12,0.4,,
ESTAT:PRC_HICP_MINR(1.0),02/10/26 11:00:00,Monthly,Monthly rate of change,Total,Luxembourg,2008-01,-0.4,,
ESTAT:PRC_HICP_MINR(1.0),02/10/26 11:00:00,Monthly,Monthly rate of change,Total,Luxembourg,2008-02,1.0,,
ESTAT:PRC_HICP_MINR(1.0),02/10/26 11:00:00,Monthly,Monthly rate of change,Total,Luxembourg,2008-03,0.9,,
ESTAT:PRC_HICP_MINR(1.0),02/10/26 11:00:00,Monthly,Monthly rate of change,Total,Luxembourg,2008-04,0.5,,
ESTAT:PRC_HICP_MINR(1.0),02/10/26 11:00:00,Monthly,Monthly rate of change,Total,Luxembourg,2008-05,1.0,,
ESTAT:PRC_HICP_MINR(1.0),02/10/26 11:00:00,Monthly,Monthly rate of change,Total,Luxembourg,2008-06,0.7,,
ESTAT:PRC_HICP_MINR(1.0),02/10/26 11:00:00,Monthly,Monthly rate of change,Total,Luxembourg,2008-07,-0.4,,
ESTAT:PRC_HICP_MINR(1.0),02/10/26 11:00:00,Monthly,Monthly rate of change,Total,Luxembourg,2008-08,0.0,,
ESTAT:PRC_HICP_MINR(1.0),02/10/26 11:00:00,Monthly,Monthly rate of change,Total,Luxembourg,2008-09,0.1,,
ESTAT:PRC_HICP_MINR(1.0),02/10/26 11:00:00,Monthly,Monthly rate of change,Total,Luxembourg,2008-10,-0.4,,
ESTAT:PRC_HICP_MINR(1.0),02/10/26 11:00:00,Monthly,Monthly rate of change,Total,Luxembourg,2008-11,-1.3,,
ESTAT:PRC_HICP_MINR(1.0),02/10/26 11:00:00,Monthly,Monthly rate of change,Total,Luxembourg,2008-12,-0.9,,
ESTAT:PRC_HICP_MINR(1.0),02/10/26 11:00:00,Monthly,Monthly rate of change,Total,Luxembourg,2009-01,-1.1,,
ESTAT:PRC_HICP_MINR(1.0),02/10/26 11:00:00,Monthly,Monthly rate of change,Total,Luxembourg,2009-02,1.8,,
ESTAT:PRC_HICP_MINR(1.0),02/10/26 11:00:00,Monthly,Monthly rate of change,Total,Luxembourg,2009-03,-0.1,,
ESTAT:PRC_HICP_MINR(1.0),02/10/26 11:00:00,Monthly,Monthly rate of change,Total,Luxembourg,2009-04,0.5,,
ESTAT:PRC_HICP_MINR(1.0),02/10/26 11:00:00,Monthly,Monthly rate of change,Total,Luxembourg,2009-05,0.3,,
ESTAT:PRC_HICP_MINR(1.0),02/10/26 11:00:00,Monthly,Monthly rate of change,Total,Luxembourg,2009-06,0.7,,
ESTAT:PRC_HICP_MINR(1.0),02/10/26 11:00:00,Monthly,Monthly rate of change,Total,Luxembourg,2009-07,-0.9,,
ESTAT:PRC_HICP_MINR(1.0),02/10/26 11:00:00,Monthly,Monthly rate of change,Total,Luxembourg,2009-08,1.3,,
ESTAT:PRC_HICP_MINR(1.0),02/10/26 11:00:00,Monthly,Monthly rate of change,Total,Luxembourg,2009-09,-0.1,,
ESTAT:PRC_HICP_MINR(1.0),02/10/26 11:00:00,Monthly,Monthly rate of change,Total,Luxembourg,2009-10,-0.2,,
ESTAT:PRC_HICP_MINR(1.0),02/10/26 11:00:00,Monthly,Monthly rate of change,Total,Luxembourg,2009-11,0.6,,
ESTAT:PRC_HICP_MINR(1.0),02/10/26 11:00:00,Monthly,Monthly rate of change,Total,Luxembourg,2009-12,-0.1,,
ESTAT:PRC_HICP_MINR(1.0),02/10/26 11:00:00,Monthly,Monthly rate of change,Total,Luxembourg,2010-01,-0.6,,
ESTAT:PRC_HICP_MINR(1.0),02/10/26 11:00:00,Monthly,Monthly rate of change,Total,Luxembourg,2010-02,1.0,,
ESTAT:PRC_HICP_MINR(1.0),02/10/26 11:00:00,Monthly,Monthly rate of change,Total,Luxembourg,2010-03,0.7,,
ESTAT:PRC_HICP_MINR(1.0),02/10/26 11:00:00,Monthly,Monthly rate of change,Total,Luxembourg,2010-04,0.4,,
ESTAT:PRC_HICP_MINR(1.0),02/10/26 11:00:00,Monthly,Monthly rate of change,Total,Luxembourg,2010-05,0.3,,
ESTAT:PRC_HICP_MINR(1.0),02/10/26 11:00:00,Monthly,Monthly rate of change,Total,Luxembourg,2010-06,-0.1,,
ESTAT:PRC_HICP_MINR(1.0),02/10/26 11:00:00,Monthly,Monthly rate of change,Total,Luxembourg,2010-07,-0.4,,
ESTAT:PRC_HICP_MINR(1.0),02/10/26 11:00:00,Monthly,Monthly rate of change,Total,Luxembourg,2010-08,1.0,,
ESTAT:PRC_HICP_MINR(1.0),02/10/26 11:00:00,Monthly,Monthly rate of change,Total,Luxembourg,2010-09,0.0,,
ESTAT:PRC_HICP_MINR(1.0),02/10/26 11:00:00,Monthly,Monthly rate of change,Total,Luxembourg,2010-10,0.1,,
ESTAT:PRC_HICP_MINR(1.0),02/10/26 11:00:00,Monthly,Monthly rate of change,Total,Luxembourg,2010-11,0.2,,
ESTAT:PRC_HICP_MINR(1.0),02/10/26 11:00:00,Monthly,Monthly rate of change,Total,Luxembourg,2010-12,0.5,,
ESTAT:PRC_HICP_MINR(1.0),02/10/26 11:00:00,Monthly,Monthly rate of change,Total,Luxembourg,2011-01,-0.4,,
ESTAT:PRC_HICP_MINR(1.0),02/10/26 11:00:00,Monthly,Monthly rate of change,Total,Luxembourg,2011-02,1.5,,
ESTAT:PRC_HICP_MINR(1.0),02/10/26 11:00:00,Monthly,Monthly rate of change,Total,Luxembourg,2011-03,0.8,,
ESTAT:PRC_HICP_MINR(1.0),02/10/26 11:00:00,Monthly,Monthly rate of change,Total,Luxembourg,2011-04,0.4,,
ESTAT:PRC_HICP_MINR(1.0),02/10/26 11:00:00,Monthly,Monthly rate of change,Total,Luxembourg,2011-05,0.1,,
ESTAT:PRC_HICP_MINR(1.0),02/10/26 11:00:00,Monthly,Monthly rate of change,Total,Luxembourg,2011-06,-0.1,,
ESTAT:PRC_HICP_MINR(1.0),02/10/26 11:00:00,Monthly,Monthly rate of change,Total,Luxembourg,2011-07,-0.9,,
ESTAT:PRC_HICP_MINR(1.0),02/10/26 11:00:00,Monthly,Monthly rate of change,Total,Luxembourg,2011-08,1.4,,
ESTAT:PRC_HICP_MINR(1.0),02/10/26 11:00:00,Monthly,Monthly rate of change,Total,Luxembourg,2011-09,0.1,,
ESTAT:PRC_HICP_MINR(1.0),02/10/26 11:00:00,Monthly,Monthly rate of change,Total,Luxembourg,2011-10,0.1,,
ESTAT:PRC_HICP_MINR(1.0),02/10/26 11:00:00,Monthly,Monthly rate of change,Total,Luxembourg,2011-11,0.3,,
ESTAT:PRC_HICP_MINR(1.0),02/10/26 11:00:00,Monthly,Monthly rate of change,Total,Luxembourg,2011-12,-0.1,,
ESTAT:PRC_HICP_MINR(1.0),02/10/26 11:00:00,Monthly,Monthly rate of change,Total,Luxembourg,2012-01,-0.5,,
ESTAT:PRC_HICP_MINR(1.0),02/10/26 11:00:00,Monthly,Monthly rate of change,Total,Luxembourg,2012-02,1.6,,
ESTAT:PRC_HICP_MINR(1.0),02/10/26 11:00:00,Monthly,Monthly rate of change,Total,Luxembourg,2012-03,0.5,,
ESTAT:PRC_HICP_MINR(1.0),02/10/26 11:00:00,Monthly,Monthly rate of change,Total,Luxembourg,2012-04,0.4,,
ESTAT:PRC_HICP_MINR(1.0),02/10/26 11:00:00,Monthly,Monthly rate of change,Total,Luxembourg,2012-05,-0.2,,
ESTAT:PRC_HICP_MINR(1.0),02/10/26 11:00:00,Monthly,Monthly rate of change,Total,Luxembourg,2012-06,-0.2,,
ESTAT:PRC_HICP_MINR(1.0),02/10/26 11:00:00,Monthly,Monthly rate of change,Total,Luxembourg,2012-07,-0.8,,
ESTAT:PRC_HICP_MINR(1.0),02/10/26 11:00:00,Monthly,Monthly rate of change,Total,Luxembourg,2012-08,1.5,,
ESTAT:PRC_HICP_MINR(1.0),02/10/26 11:00:00,Monthly,Monthly rate of change,Total,Luxembourg,2012-09,0.5,,
ESTAT:PRC_HICP_MINR(1.0),02/10/26 11:00:00,Monthly,Monthly rate of change,Total,Luxembourg,2012-10,0.1,,
ESTAT:PRC_HICP_MINR(1.0),02/10/26 11:00:00,Monthly,Monthly rate of change,Total,Luxembourg,2012-11,-0.2,,
ESTAT:PRC_HICP_MINR(1.0),02/10/26 11:00:00,Monthly,Monthly rate of change,Total,Luxembourg,2012-12,-0.3,,
ESTAT:PRC_HICP_MINR(1.0),02/10/26 11:00:00,Monthly,Monthly rate of change,Total,Luxembourg,2013-01,-0.9,,
ESTAT:PRC_HICP_MINR(1.0),02/10/26 11:00:00,Monthly,Monthly rate of change,Total,Luxembourg,2013-02,1.9,,
ESTAT:PRC_HICP_MINR(1.0),02/10/26 11:00:00,Monthly,Monthly rate of change,Total,Luxembourg,2013-03,0.1,,
ESTAT:PRC_HICP_MINR(1.0),02/10/26 11:00:00,Monthly,Monthly rate of change,Total,Luxembourg,2013-04,0.1,,
ESTAT:PRC_HICP_MINR(1.0),02/10/26 11:00:00,Monthly,Monthly rate of change,Total,Luxembourg,2013-05,-0.5,,
ESTAT:PRC_HICP_MINR(1.0),02/10/26 11:00:00,Monthly,Monthly rate of change,Total,Luxembourg,2013-06,0.4,,
ESTAT:PRC_HICP_MINR(1.0),02/10/26 11:00:00,Monthly,Monthly rate of change,Total,Luxembourg,2013-07,-1.0,,
ESTAT:PRC_HICP_MINR(1.0),02/10/26 11:00:00,Monthly,Monthly rate of change,Total,Luxembourg,2013-08,1.4,,
ESTAT:PRC_HICP_MINR(1.0),02/10/26 11:00:00,Monthly,Monthly rate of change,Total,Luxembourg,2013-09,0.4,,
ESTAT:PRC_HICP_MINR(1.0),02/10/26 11:00:00,Monthly,Monthly rate of change,Total,Luxembourg,2013-10,-0.4,,
ESTAT:PRC_HICP_MINR(1.0),02/10/26 11:00:00,Monthly,Monthly rate of change,Total,Luxembourg,2013-11,-0.1,,
ESTAT:PRC_HICP_MINR(1.0),02/10/26 11:00:00,Monthly,Monthly rate of change,Total,Luxembourg,2013-12,0.2,,
ESTAT:PRC_HICP_MINR(1.0),02/10/26 11:00:00,Monthly,Monthly rate of change,Total,Luxembourg,2014-01,-0.9,,
ESTAT:PRC_HICP_MINR(1.0),02/10/26 11:00:00,Monthly,Monthly rate of change,Total,Luxembourg,2014-02,1.2,,
ESTAT:PRC_HICP_MINR(1.0),02/10/26 11:00:00,Monthly,Monthly rate of change,Total,Luxembourg,2014-03,0.0,,
ESTAT:PRC_HICP_MINR(1.0),02/10/26 11:00:00,Monthly,Monthly rate of change,Total,Luxembourg,2014-04,0.2,,
ESTAT:PRC_HICP_MINR(1.0),02/10/26 11:00:00,Monthly,Monthly rate of change,Total,Luxembourg,2014-05,0.1,,
ESTAT:PRC_HICP_MINR(1.0),02/10/26 11:00:00,Monthly,Monthly rate of change,Total,Luxembourg,2014-06,0.2,,
ESTAT:PRC_HICP_MINR(1.0),02/10/26 11:00:00,Monthly,Monthly rate of change,Total,Luxembourg,2014-07,-1.0,,
ESTAT:PRC_HICP_MINR(1.0),02/10/26 11:00:00,Monthly,Monthly rate of change,Total,Luxembourg,2014-08,0.9,,
ESTAT:PRC_HICP_MINR(1.0),02/10/26 11:00:00,Monthly,Monthly rate of change,Total,Luxembourg,2014-09,0.0,,
ESTAT:PRC_HICP_MINR(1.0),02/10/26 11:00:00,Monthly,Monthly rate of change,Total,Luxembourg,2014-10,-0.3,,
ESTAT:PRC_HICP_MINR(1.0),02/10/26 11:00:00,Monthly,Monthly rate of change,Total,Luxembourg,2014-11,-0.4,,
ESTAT:PRC_HICP_MINR(1.0),02/10/26 11:00:00,Monthly,Monthly rate of change,Total,Luxembourg,2014-12,-0.9,,
ESTAT:PRC_HICP_MINR(1.0),02/10/26 11:00:00,Monthly,Monthly rate of change,Total,Luxembourg,2015-01,-1.2,,
ESTAT:PRC_HICP_MINR(1.0),02/10/26 11:00:00,Monthly,Monthly rate of change,Total,Luxembourg,2015-02,2.0,,
ESTAT:PRC_HICP_MINR(1.0),02/10/26 11:00:00,Monthly,Monthly rate of change,Total,Luxembourg,2015-03,0.4,,
ESTAT:PRC_HICP_MINR(1.0),02/10/26 11:00:00,Monthly,Monthly rate of change,Total,Luxembourg,2015-04,0.1,,
ESTAT:PRC_HICP_MINR(1.0),02/10/26 11:00:00,Monthly,Monthly rate of change,Total,Luxembourg,2015-05,0.5,,
ESTAT:PRC_HICP_MINR(1.0),02/10/26 11:00:00,Monthly,Monthly rate of change,Total,Luxembourg,2015-06,0.2,,
ESTAT:PRC_HICP_MINR(1.0),02/10/26 11:00:00,Monthly,Monthly rate of change,Total,Luxembourg,2015-07,-1.3,,
ESTAT:PRC_HICP_MINR(1.0),02/10/26 11:00:00,Monthly,Monthly rate of change,Total,Luxembourg,2015-08,0.8,,
ESTAT:PRC_HICP_MINR(1.0),02/10/26 11:00:00,Monthly,Monthly rate of change,Total,Luxembourg,2015-09,-0.3,,
ESTAT:PRC_HICP_MINR(1.0),02/10/26 11:00:00,Monthly,Monthly rate of change,Total,Luxembourg,2015-10,-0.2,,
ESTAT:PRC_HICP_MINR(1.0),02/10/26 11:00:00,Monthly,Monthly rate of change,Total,Luxembourg,2015-11,0.1,,
ESTAT:PRC_HICP_MINR(1.0),02/10/26 11:00:00,Monthly,Monthly rate of change,Total,Luxembourg,2015-12,-0.5,,
ESTAT:PRC_HICP_MINR(1.0),02/10/26 11:00:00,Monthly,Monthly rate of change,Total,Luxembourg,2016-01,-1.5,,
ESTAT:PRC_HICP_MINR(1.0),02/10/26 11:00:00,Monthly,Monthly rate of change,Total,Luxembourg,2016-02,1.3,,
ESTAT:PRC_HICP_MINR(1.0),02/10/26 11:00:00,Monthly,Monthly rate of change,Total,Luxembourg,2016-03,0.1,,
ESTAT:PRC_HICP_MINR(1.0),02/10/26 11:00:00,Monthly,Monthly rate of change,Total,Luxembourg,2016-04,0.1,,
ESTAT:PRC_HICP_MINR(1.0),02/10/26 11:00:00,Monthly,Monthly rate of change,Total,Luxembourg,2016-05,0.5,,
ESTAT:PRC_HICP_MINR(1.0),02/10/26 11:00:00,Monthly,Monthly rate of change,Total,Luxembourg,2016-06,0.4,,
ESTAT:PRC_HICP_MINR(1.0),02/10/26 11:00:00,Monthly,Monthly rate of change,Total,Luxembourg,2016-07,-1.3,,
ESTAT:PRC_HICP_MINR(1.0),02/10/26 11:00:00,Monthly,Monthly rate of change,Total,Luxembourg,2016-08,1.0,,
ESTAT:PRC_HICP_MINR(1.0),02/10/26 11:00:00,Monthly,Monthly rate of change,Total,Luxembourg,2016-09,0.3,,
ESTAT:PRC_HICP_MINR(1.0),02/10/26 11:00:00,Monthly,Monthly rate of change,Total,Luxembourg,2016-10,0.2,,
ESTAT:PRC_HICP_MINR(1.0),02/10/26 11:00:00,Monthly,Monthly rate of change,Total,Luxembourg,2016-11,0.1,,
ESTAT:PRC_HICP_MINR(1.0),02/10/26 11:00:00,Monthly,Monthly rate of change,Total,Luxembourg,2016-12,0.4,,
ESTAT:PRC_HICP_MINR(1.0),02/10/26 11:00:00,Monthly,Monthly rate of change,Total,Luxembourg,2017-01,-0.6,,
ESTAT:PRC_HICP_MINR(1.0),02/10/26 11:00:00,Monthly,Monthly rate of change,Total,Luxembourg,2017-02,1.4,,
ESTAT:PRC_HICP_MINR(1.0),02/10/26 11:00:00,Monthly,Monthly rate of change,Total,Luxembourg,2017-03,-0.1,,
ESTAT:PRC_HICP_MINR(1.0),02/10/26 11:00:00,Monthly,Monthly rate of change,Total,Luxembourg,2017-04,0.3,,
ESTAT:PRC_HICP_MINR(1.0),02/10/26 11:00:00,Monthly,Monthly rate of change,Total,Luxembourg,2017-05,-0.1,,
ESTAT:PRC_HICP_MINR(1.0),02/10/26 11:00:00,Monthly,Monthly rate of change,Total,Luxembourg,2017-06,0.0,,
ESTAT:PRC_HICP_MINR(1.0),02/10/26 11:00:00,Monthly,Monthly rate of change,Total,Luxembourg,2017-07,-0.9,,
ESTAT:PRC_HICP_MINR(1.0),02/10/26 11:00:00,Monthly,Monthly rate of change,Total,Luxembourg,2017-08,1.4,,
ESTAT:PRC_HICP_MINR(1.0),02/10/26 11:00:00,Monthly,Monthly rate of change,Total,Luxembourg,2017-09,0.0,,
ESTAT:PRC_HICP_MINR(1.0),02/10/26 11:00:00,Monthly,Monthly rate of change,Total,Luxembourg,2017-10,0.2,,
ESTAT:PRC_HICP_MINR(1.0),02/10/26 11:00:00,Monthly,Monthly rate of change,Total,Luxembourg,2017-11,0.0,,
ESTAT:PRC_HICP_MINR(1.0),02/10/26 11:00:00,Monthly,Monthly rate of change,Total,Luxembourg,2017-12,0.0,,
ESTAT:PRC_HICP_MINR(1.0),02/10/26 11:00:00,Monthly,Monthly rate of change,Total,Luxembourg,2018-01,-0.9,,
ESTAT:PRC_HICP_MINR(1.0),02/10/26 11:00:00,Monthly,Monthly rate of change,Total,Luxembourg,2018-02,1.2,,
ESTAT:PRC_HICP_MINR(1.0),02/10/26 11:00:00,Monthly,Monthly rate of change,Total,Luxembourg,2018-03,0.0,,
ESTAT:PRC_HICP_MINR(1.0),02/10/26 11:00:00,Monthly,Monthly rate of change,Total,Luxembourg,2018-04,0.4,,
ESTAT:PRC_HICP_MINR(1.0),02/10/26 11:00:00,Monthly,Monthly rate of change,Total,Luxembourg,2018-05,0.6,,
ESTAT:PRC_HICP_MINR(1.0),02/10/26 11:00:00,Monthly,Monthly rate of change,Total,Luxembourg,2018-06,0.3,,
ESTAT:PRC_HICP_MINR(1.0),02/10/26 11:00:00,Monthly,Monthly rate of change,Total,Luxembourg,2018-07,-0.9,,
ESTAT:PRC_HICP_MINR(1.0),02/10/26 11:00:00,Monthly,Monthly rate of change,Total,Luxembourg,2018-08,1.4,,
ESTAT:PRC_HICP_MINR(1.0),02/10/26 11:00:00,Monthly,Monthly rate of change,Total,Luxembourg,2018-09,0.3,,
ESTAT:PRC_HICP_MINR(1.0),02/10/26 11:00:00,Monthly,Monthly rate of change,Total,Luxembourg,2018-10,0.3,,
ESTAT:PRC_HICP_MINR(1.0),02/10/26 11:00:00,Monthly,Monthly rate of change,Total,Luxembourg,2018-11,-0.2,,
ESTAT:PRC_HICP_MINR(1.0),02/10/26 11:00:00,Monthly,Monthly rate of change,Total,Luxembourg,2018-12,-0.6,,
ESTAT:PRC_HICP_MINR(1.0),02/10/26 11:00:00,Monthly,Monthly rate of change,Total,Luxembourg,2019-01,-1.1,,
ESTAT:PRC_HICP_MINR(1.0),02/10/26 11:00:00,Monthly,Monthly rate of change,Total,Luxembourg,2019-02,1.7,,
ESTAT:PRC_HICP_MINR(1.0),02/10/26 11:00:00,Monthly,Monthly rate of change,Total,Luxembourg,2019-03,0.3,,
ESTAT:PRC_HICP_MINR(1.0),02/10/26 11:00:00,Monthly,Monthly rate of change,Total,Luxembourg,2019-04,0.3,,
ESTAT:PRC_HICP_MINR(1.0),02/10/26 11:00:00,Monthly,Monthly rate of change,Total,Luxembourg,2019-05,0.5,,
ESTAT:PRC_HICP_MINR(1.0),02/10/26 11:00:00,Monthly,Monthly rate of change,Total,Luxembourg,2019-06,-0.3,,
ESTAT:PRC_HICP_MINR(1.0),02/10/26 11:00:00,Monthly,Monthly rate of change,Total,Luxembourg,2019-07,-0.8,,
ESTAT:PRC_HICP_MINR(1.0),02/10/26 11:00:00,Monthly,Monthly rate of change,Total,Luxembourg,2019-08,1.2,,
ESTAT:PRC_HICP_MINR(1.0),02/10/26 11:00:00,Monthly,Monthly rate of change,Total,Luxembourg,2019-09,0.0,,
ESTAT:PRC_HICP_MINR(1.0),02/10/26 11:00:00,Monthly,Monthly rate of change,Total,Luxembourg,2019-10,0.0,,
ESTAT:PRC_HICP_MINR(1.0),02/10/26 11:00:00,Monthly,Monthly rate of change,Total,Luxembourg,2019-11,0.0,,
ESTAT:PRC_HICP_MINR(1.0),02/10/26 11:00:00,Monthly,Monthly rate of change,Total,Luxembourg,2019-12,0.1,,
ESTAT:PRC_HICP_MINR(1.0),02/10/26 11:00:00,Monthly,Monthly rate of change,Total,Luxembourg,2020-01,-0.4,,
ESTAT:PRC_HICP_MINR(1.0),02/10/26 11:00:00,Monthly,Monthly rate of change,Total,Luxembourg,2020-02,1.0,,
ESTAT:PRC_HICP_MINR(1.0),02/10/26 11:00:00,Monthly,Monthly rate of change,Total,Luxembourg,2020-03,-1.2,,
ESTAT:PRC_HICP_MINR(1.0),02/10/26 11:00:00,Monthly,Monthly rate of change,Total,Luxembourg,2020-04,-0.8,,
ESTAT:PRC_HICP_MINR(1.0),02/10/26 11:00:00,Monthly,Monthly rate of change,Total,Luxembourg,2020-05,-0.3,,
ESTAT:PRC_HICP_MINR(1.0),02/10/26 11:00:00,Monthly,Monthly rate of change,Total,Luxembourg,2020-06,0.9,,
ESTAT:PRC_HICP_MINR(1.0),02/10/26 11:00:00,Monthly,Monthly rate of change,Total,Luxembourg,2020-07,-0.3,,
ESTAT:PRC_HICP_MINR(1.0),02/10/26 11:00:00,Monthly,Monthly rate of change,Total,Luxembourg,2020-08,0.9,,
ESTAT:PRC_HICP_MINR(1.0),02/10/26 11:00:00,Monthly,Monthly rate of change,Total,Luxembourg,2020-09,-0.2,,
ESTAT:PRC_HICP_MINR(1.0),02/10/26 11:00:00,Monthly,Monthly rate of change,Total,Luxembourg,2020-10,0.0,,
ESTAT:PRC_HICP_MINR(1.0),02/10/26 11:00:00,Monthly,Monthly rate of change,Total,Luxembourg,2020-11,-0.2,,
ESTAT:PRC_HICP_MINR(1.0),02/10/26 11:00:00,Monthly,Monthly rate of change,Total,Luxembourg,2020-12,0.4,,
ESTAT:PRC_HICP_MINR(1.0),02/10/26 11:00:00,Monthly,Monthly rate of change,Total,Luxembourg,2021-01,1.0,,
ESTAT:PRC_HICP_MINR(1.0),02/10/26 11:00:00,Monthly,Monthly rate of change,Total,Luxembourg,2021-02,-0.6,,
ESTAT:PRC_HICP_MINR(1.0),02/10/26 11:00:00,Monthly,Monthly rate of change,Total,Luxembourg,2021-03,1.8,,
ESTAT:PRC_HICP_MINR(1.0),02/10/26 11:00:00,Monthly,Monthly rate of change,Total,Luxembourg,2021-04,0.0,,
ESTAT:PRC_HICP_MINR(1.0),02/10/26 11:00:00,Monthly,Monthly rate of change,Total,Luxembourg,2021-05,0.4,,
ESTAT:PRC_HICP_MINR(1.0),02/10/26 11:00:00,Monthly,Monthly rate of change,Total,Luxembourg,2021-06,0.3,,
ESTAT:PRC_HICP_MINR(1.0),02/10/26 11:00:00,Monthly,Monthly rate of change,Total,Luxembourg,2021-07,-0.4,,
ESTAT:PRC_HICP_MINR(1.0),02/10/26 11:00:00,Monthly,Monthly rate of change,Total,Luxembourg,2021-08,1.1,,
ESTAT:PRC_HICP_MINR(1.0),02/10/26 11:00:00,Monthly,Monthly rate of change,Total,Luxembourg,2021-09,0.3,,
ESTAT:PRC_HICP_MINR(1.0),02/10/26 11:00:00,Monthly,Monthly rate of change,Total,Luxembourg,2021-10,1.2,,
ESTAT:PRC_HICP_MINR(1.0),02/10/26 11:00:00,Monthly,Monthly rate of change,Total,Luxembourg,2021-11,0.7,,
ESTAT:PRC_HICP_MINR(1.0),02/10/26 11:00:00,Monthly,Monthly rate of change,Total,Luxembourg,2021-12,-0.4,,
ESTAT:PRC_HICP_MINR(1.0),02/10/26 11:00:00,Monthly,Monthly rate of change,Total,Luxembourg,2022-01,0.2,,
ESTAT:PRC_HICP_MINR(1.0),02/10/26 11:00:00,Monthly,Monthly rate of change,Total,Luxembourg,2022-02,2.4,,
ESTAT:PRC_HICP_MINR(1.0),02/10/26 11:00:00,Monthly,Monthly rate of change,Total,Luxembourg,2022-03,1.9,,
ESTAT:PRC_HICP_MINR(1.0),02/10/26 11:00:00,Monthly,Monthly rate of change,Total,Luxembourg,2022-04,0.9,,
ESTAT:PRC_HICP_MINR(1.0),02/10/26 11:00:00,Monthly,Monthly rate of change,Total,Luxembourg,2022-05,0.6,,
ESTAT:PRC_HICP_MINR(1.0),02/10/26 11:00:00,Monthly,Monthly rate of change,Total,Luxembourg,2022-06,1.4,,
ESTAT:PRC_HICP_MINR(1.0),02/10/26 11:00:00,Monthly,Monthly rate of change,Total,Luxembourg,2022-07,-1.3,,
ESTAT:PRC_HICP_MINR(1.0),02/10/26 11:00:00,Monthly,Monthly rate of change,Total,Luxembourg,2022-08,0.4,,
ESTAT:PRC_HICP_MINR(1.0),02/10/26 11:00:00,Monthly,Monthly rate of change,Total,Luxembourg,2022-09,0.5,,
ESTAT:PRC_HICP_MINR(1.0),02/10/26 11:00:00,Monthly,Monthly rate of change,Total,Luxembourg,2022-10,1.2,,
ESTAT:PRC_HICP_MINR(1.0),02/10/26 11:00:00,Monthly,Monthly rate of change,Total,Luxembourg,2022-11,-0.7,,
ESTAT:PRC_HICP_MINR(1.0),02/10/26 11:00:00,Monthly,Monthly rate of change,Total,Luxembourg,2022-12,-1.4,,
ESTAT:PRC_HICP_MINR(1.0),02/10/26 11:00:00,Monthly,Monthly rate of change,Total,Luxembourg,2023-01,-0.3,,
ESTAT:PRC_HICP_MINR(1.0),02/10/26 11:00:00,Monthly,Monthly rate of change,Total,Luxembourg,2023-02,1.4,,
ESTAT:PRC_HICP_MINR(1.0),02/10/26 11:00:00,Monthly,Monthly rate of change,Total,Luxembourg,2023-03,0.2,,
ESTAT:PRC_HICP_MINR(1.0),02/10/26 11:00:00,Monthly,Monthly rate of change,Total,Luxembourg,2023-04,0.7,,
ESTAT:PRC_HICP_MINR(1.0),02/10/26 11:00:00,Monthly,Monthly rate of change,Total,Luxembourg,2023-05,-0.2,,
ESTAT:PRC_HICP_MINR(1.0),02/10/26 11:00:00,Monthly,Monthly rate of change,Total,Luxembourg,2023-06,0.4,,
ESTAT:PRC_HICP_MINR(1.0),02/10/26 11:00:00,Monthly,Monthly rate of change,Total,Luxembourg,2023-07,-0.3,,
ESTAT:PRC_HICP_MINR(1.0),02/10/26 11:00:00,Monthly,Monthly rate of change,Total,Luxembourg,2023-08,1.9,,
ESTAT:PRC_HICP_MINR(1.0),02/10/26 11:00:00,Monthly,Monthly rate of change,Total,Luxembourg,2023-09,0.4,,
ESTAT:PRC_HICP_MINR(1.0),02/10/26 11:00:00,Monthly,Monthly rate of change,Total,Luxembourg,2023-10,-0.1,,
ESTAT:PRC_HICP_MINR(1.0),02/10/26 11:00:00,Monthly,Monthly rate of change,Total,Luxembourg,2023-11,-0.6,,
ESTAT:PRC_HICP_MINR(1.0),02/10/26 11:00:00,Monthly,Monthly rate of change,Total,Luxembourg,2023-12,-0.4,,
ESTAT:PRC_HICP_MINR(1.0),02/10/26 11:00:00,Monthly,Monthly rate of change,Total,Luxembourg,2024-01,-0.4,,
ESTAT:PRC_HICP_MINR(1.0),02/10/26 11:00:00,Monthly,Monthly rate of change,Total,Luxembourg,2024-02,1.7,,
ESTAT:PRC_HICP_MINR(1.0),02/10/26 11:00:00,Monthly,Monthly rate of change,Total,Luxembourg,2024-03,0.2,,
ESTAT:PRC_HICP_MINR(1.0),02/10/26 11:00:00,Monthly,Monthly rate of change,Total,Luxembourg,2024-04,0.5,,
ESTAT:PRC_HICP_MINR(1.0),02/10/26 11:00:00,Monthly,Monthly rate of change,Total,Luxembourg,2024-05,0.1,,
ESTAT:PRC_HICP_MINR(1.0),02/10/26 11:00:00,Monthly,Monthly rate of change,Total,Luxembourg,2024-06,0.0,,
ESTAT:PRC_HICP_MINR(1.0),02/10/26 11:00:00,Monthly,Monthly rate of change,Total,Luxembourg,2024-07,-0.4,,
ESTAT:PRC_HICP_MINR(1.0),02/10/26 11:00:00,Monthly,Monthly rate of change,Total,Luxembourg,2024-08,1.0,,
ESTAT:PRC_HICP_MINR(1.0),02/10/26 11:00:00,Monthly,Monthly rate of change,Total,Luxembourg,2024-09,-0.5,,
ESTAT:PRC_HICP_MINR(1.0),02/10/26 11:00:00,Monthly,Monthly rate of change,Total,Luxembourg,2024-10,-0.1,,
ESTAT:PRC_HICP_MINR(1.0),02/10/26 11:00:00,Monthly,Monthly rate of change,Total,Luxembourg,2024-11,-0.4,,
ESTAT:PRC_HICP_MINR(1.0),02/10/26 11:00:00,Monthly,Monthly rate of change,Total,Luxembourg,2024-12,0.1,,
ESTAT:PRC_HICP_MINR(1.0),02/10/26 11:00:00,Monthly,Monthly rate of change,Total,Luxembourg,2025-01,0.3,,
ESTAT:PRC_HICP_MINR(1.0),02/10/26 11:00:00,Monthly,Monthly rate of change,Total,Luxembourg,2025-02,1.1,,
ESTAT:PRC_HICP_MINR(1.0),02/10/26 11:00:00,Monthly,Monthly rate of change,Total,Luxembourg,2025-03,-0.1,,
ESTAT:PRC_HICP_MINR(1.0),02/10/26 11:00:00,Monthly,Monthly rate of change,Total,Luxembourg,2025-04,0.6,,
ESTAT:PRC_HICP_MINR(1.0),02/10/26 11:00:00,Monthly,Monthly rate of change,Total,Luxembourg,2025-05,0.5,,
ESTAT:PRC_HICP_MINR(1.0),02/10/26 11:00:00,Monthly,Monthly rate of change,Total,Luxembourg,2025-06,0.3,,
ESTAT:PRC_HICP_MINR(1.0),02/10/26 11:00:00,Monthly,Monthly rate of change,Total,Luxembourg,2025-07,-0.3,,
ESTAT:PRC_HICP_MINR(1.0),02/10/26 11:00:00,Monthly,Monthly rate of change,Total,Luxembourg,2025-08,1.2,,
ESTAT:PRC_HICP_MINR(1.0),02/10/26 11:00:00,Monthly,Monthly rate of change,Total,Luxembourg,2025-09,-0.1,,
ESTAT:PRC_HICP_MINR(1.0),02/10/26 11:00:00,Monthly,Monthly rate of change,Total,Luxembourg,2025-10,-0.1,,
ESTAT:PRC_HICP_MINR(1.0),02/10/26 11:00:00,Monthly,Monthly rate of change,Total,Luxembourg,2025-11,0.1,,
ESTAT:PRC_HICP_MINR(1.0),02/10/26 11:00:00,Monthly,Monthly rate of change,Total,Luxembourg,2025-12,-0.2,,
ESTAT:PRC_HICP_MINR(1.0),02/10/26 11:00:00,Monthly,Monthly rate of change,Total,Latvia,2006-01,1.1,,
ESTAT:PRC_HICP_MINR(1.0),02/10/26 11:00:00,Monthly,Monthly rate of change,Total,Latvia,2006-02,0.4,,
ESTAT:PRC_HICP_MINR(1.0),02/10/26 11:00:00,Monthly,Monthly rate of change,Total,Latvia,2006-03,0.2,,
ESTAT:PRC_HICP_MINR(1.0),02/10/26 11:00:00,Monthly,Monthly rate of change,Total,Latvia,2006-04,0.6,,
ESTAT:PRC_HICP_MINR(1.0),02/10/26 11:00:00,Monthly,Monthly rate of change,Total,Latvia,2006-05,1.6,,
ESTAT:PRC_HICP_MINR(1.0),02/10/26 11:00:00,Monthly,Monthly rate of change,Total,Latvia,2006-06,-0.1,,
ESTAT:PRC_HICP_MINR(1.0),02/10/26 11:00:00,Monthly,Monthly rate of change,Total,Latvia,2006-07,0.6,,
ESTAT:PRC_HICP_MINR(1.0),02/10/26 11:00:00,Monthly,Monthly rate of change,Total,Latvia,2006-08,-0.3,,
ESTAT:PRC_HICP_MINR(1.0),02/10/26 11:00:00,Monthly,Monthly rate of change,Total,Latvia,2006-09,0.7,,
ESTAT:PRC_HICP_MINR(1.0),02/10/26 11:00:00,Monthly,Monthly rate of change,Total,Latvia,2006-10,0.4,,
ESTAT:PRC_HICP_MINR(1.0),02/10/26 11:00:00,Monthly,Monthly rate of change,Total,Latvia,2006-11,1.0,,
ESTAT:PRC_HICP_MINR(1.0),02/10/26 11:00:00,Monthly,Monthly rate of change,Total,Latvia,2006-12,0.3,,
ESTAT:PRC_HICP_MINR(1.0),02/10/26 11:00:00,Monthly,Monthly rate of change,Total,Latvia,2007-01,1.4,,
ESTAT:PRC_HICP_MINR(1.0),02/10/26 11:00:00,Monthly,Monthly rate of change,Total,Latvia,2007-02,0.6,,
ESTAT:PRC_HICP_MINR(1.0),02/10/26 11:00:00,Monthly,Monthly rate of change,Total,Latvia,2007-03,1.4,,
ESTAT:PRC_HICP_MINR(1.0),02/10/26 11:00:00,Monthly,Monthly rate of change,Total,Latvia,2007-04,0.9,,
ESTAT:PRC_HICP_MINR(1.0),02/10/26 11:00:00,Monthly,Monthly rate of change,Total,Latvia,2007-05,0.7,,
ESTAT:PRC_HICP_MINR(1.0),02/10/26 11:00:00,Monthly,Monthly rate of change,Total,Latvia,2007-06,0.9,,
ESTAT:PRC_HICP_MINR(1.0),02/10/26 11:00:00,Monthly,Monthly rate of change,Total,Latvia,2007-07,1.2,,
ESTAT:PRC_HICP_MINR(1.0),02/10/26 11:00:00,Monthly,Monthly rate of change,Total,Latvia,2007-08,0.4,,
ESTAT:PRC_HICP_MINR(1.0),02/10/26 11:00:00,Monthly,Monthly rate of change,Total,Latvia,2007-09,1.8,,
ESTAT:PRC_HICP_MINR(1.0),02/10/26 11:00:00,Monthly,Monthly rate of change,Total,Latvia,2007-10,2.0,,
ESTAT:PRC_HICP_MINR(1.0),02/10/26 11:00:00,Monthly,Monthly rate of change,Total,Latvia,2007-11,1.4,,
ESTAT:PRC_HICP_MINR(1.0),02/10/26 11:00:00,Monthly,Monthly rate of change,Total,Latvia,2007-12,0.6,,
ESTAT:PRC_HICP_MINR(1.0),02/10/26 11:00:00,Monthly,Monthly rate of change,Total,Latvia,2008-01,2.8,,
ESTAT:PRC_HICP_MINR(1.0),02/10/26 11:00:00,Monthly,Monthly rate of change,Total,Latvia,2008-02,1.3,,
ESTAT:PRC_HICP_MINR(1.0),02/10/26 11:00:00,Monthly,Monthly rate of change,Total,Latvia,2008-03,1.4,,
ESTAT:PRC_HICP_MINR(1.0),02/10/26 11:00:00,Monthly,Monthly rate of change,Total,Latvia,2008-04,1.6,,
ESTAT:PRC_HICP_MINR(1.0),02/10/26 11:00:00,Monthly,Monthly rate of change,Total,Latvia,2008-05,1.0,,
ESTAT:PRC_HICP_MINR(1.0),02/10/26 11:00:00,Monthly,Monthly rate of change,Total,Latvia,2008-06,0.7,,
ESTAT:PRC_HICP_MINR(1.0),02/10/26 11:00:00,Monthly,Monthly rate of change,Total,Latvia,2008-07,0.3,,
ESTAT:PRC_HICP_MINR(1.0),02/10/26 11:00:00,Monthly,Monthly rate of change,Total,Latvia,2008-08,-0.4,,
ESTAT:PRC_HICP_MINR(1.0),02/10/26 11:00:00,Monthly,Monthly rate of change,Total,Latvia,2008-09,1.1,,
ESTAT:PRC_HICP_MINR(1.0),02/10/26 11:00:00,Monthly,Monthly rate of change,Total,Latvia,2008-10,1.0,,
ESTAT:PRC_HICP_MINR(1.0),02/10/26 11:00:00,Monthly,Monthly rate of change,Total,Latvia,2008-11,-0.5,,
ESTAT:PRC_HICP_MINR(1.0),02/10/26 11:00:00,Monthly,Monthly rate of change,Total,Latvia,2008-12,-0.5,,
ESTAT:PRC_HICP_MINR(1.0),02/10/26 11:00:00,Monthly,Monthly rate of change,Total,Latvia,2009-01,2.1,,
ESTAT:PRC_HICP_MINR(1.0),02/10/26 11:00:00,Monthly,Monthly rate of change,Total,Latvia,2009-02,1.1,,
ESTAT:PRC_HICP_MINR(1.0),02/10/26 11:00:00,Monthly,Monthly rate of change,Total,Latvia,2009-03,0.1,,
ESTAT:PRC_HICP_MINR(1.0),02/10/26 11:00:00,Monthly,Monthly rate of change,Total,Latvia,2009-04,-0.3,,
ESTAT:PRC_HICP_MINR(1.0),02/10/26 11:00:00,Monthly,Monthly rate of change,Total,Latvia,2009-05,-0.4,,
ESTAT:PRC_HICP_MINR(1.0),02/10/26 11:00:00,Monthly,Monthly rate of change,Total,Latvia,2009-06,-0.5,,
ESTAT:PRC_HICP_MINR(1.0),02/10/26 11:00:00,Monthly,Monthly rate of change,Total,Latvia,2009-07,-0.7,,
ESTAT:PRC_HICP_MINR(1.0),02/10/26 11:00:00,Monthly,Monthly rate of change,Total,Latvia,2009-08,-1.0,,
ESTAT:PRC_HICP_MINR(1.0),02/10/26 11:00:00,Monthly,Monthly rate of change,Total,Latvia,2009-09,-0.3,,
ESTAT:PRC_HICP_MINR(1.0),02/10/26 11:00:00,Monthly,Monthly rate of change,Total,Latvia,2009-10,-0.3,,
ESTAT:PRC_HICP_MINR(1.0),02/10/26 11:00:00,Monthly,Monthly rate of change,Total,Latvia,2009-11,-0.7,,
ESTAT:PRC_HICP_MINR(1.0),02/10/26 11:00:00,Monthly,Monthly rate of change,Total,Latvia,2009-12,-0.5,,
ESTAT:PRC_HICP_MINR(1.0),02/10/26 11:00:00,Monthly,Monthly rate of change,Total,Latvia,2010-01,0.2,,
ESTAT:PRC_HICP_MINR(1.0),02/10/26 11:00:00,Monthly,Monthly rate of change,Total,Latvia,2010-02,0.0,,
ESTAT:PRC_HICP_MINR(1.0),02/10/26 11:00:00,Monthly,Monthly rate of change,Total,Latvia,2010-03,0.5,,
ESTAT:PRC_HICP_MINR(1.0),02/10/26 11:00:00,Monthly,Monthly rate of change,Total,Latvia,2010-04,0.9,,
ESTAT:PRC_HICP_MINR(1.0),02/10/26 11:00:00,Monthly,Monthly rate of change,Total,Latvia,2010-05,0.0,,
ESTAT:PRC_HICP_MINR(1.0),02/10/26 11:00:00,Monthly,Monthly rate of change,Total,Latvia,2010-06,0.4,,
ESTAT:PRC_HICP_MINR(1.0),02/10/26 11:00:00,Monthly,Monthly rate of change,Total,Latvia,2010-07,0.2,,
ESTAT:PRC_HICP_MINR(1.0),02/10/26 11:00:00,Monthly,Monthly rate of change,Total,Latvia,2010-08,-0.7,,
ESTAT:PRC_HICP_MINR(1.0),02/10/26 11:00:00,Monthly,Monthly rate of change,Total,Latvia,2010-09,0.4,,
ESTAT:PRC_HICP_MINR(1.0),02/10/26 11:00:00,Monthly,Monthly rate of change,Total,Latvia,2010-10,0.3,,
ESTAT:PRC_HICP_MINR(1.0),02/10/26 11:00:00,Monthly,Monthly rate of change,Total,Latvia,2010-11,0.2,,
ESTAT:PRC_HICP_MINR(1.0),02/10/26 11:00:00,Monthly,Monthly rate of change,Total,Latvia,2010-12,0.2,,
ESTAT:PRC_HICP_MINR(1.0),02/10/26 11:00:00,Monthly,Monthly rate of change,Total,Latvia,2011-01,1.3,,
ESTAT:PRC_HICP_MINR(1.0),02/10/26 11:00:00,Monthly,Monthly rate of change,Total,Latvia,2011-02,0.3,,
ESTAT:PRC_HICP_MINR(1.0),02/10/26 11:00:00,Monthly,Monthly rate of change,Total,Latvia,2011-03,0.7,,
ESTAT:PRC_HICP_MINR(1.0),02/10/26 11:00:00,Monthly,Monthly rate of change,Total,Latvia,2011-04,1.1,,
ESTAT:PRC_HICP_MINR(1.0),02/10/26 11:00:00,Monthly,Monthly rate of change,Total,Latvia,2011-05,0.4,,
ESTAT:PRC_HICP_MINR(1.0),02/10/26 11:00:00,Monthly,Monthly rate of change,Total,Latvia,2011-06,0.2,,
ESTAT:PRC_HICP_MINR(1.0),02/10/26 11:00:00,Monthly,Monthly rate of change,Total,Latvia,2011-07,-0.2,,
ESTAT:PRC_HICP_MINR(1.0),02/10/26 11:00:00,Monthly,Monthly rate of change,Total,Latvia,2011-08,-0.4,,
ESTAT:PRC_HICP_MINR(1.0),02/10/26 11:00:00,Monthly,Monthly rate of change,Total,Latvia,2011-09,0.3,,
ESTAT:PRC_HICP_MINR(1.0),02/10/26 11:00:00,Monthly,Monthly rate of change,Total,Latvia,2011-10,0.2,,
ESTAT:PRC_HICP_MINR(1.0),02/10/26 11:00:00,Monthly,Monthly rate of change,Total,Latvia,2011-11,-0.1,,
ESTAT:PRC_HICP_MINR(1.0),02/10/26 11:00:00,Monthly,Monthly rate of change,Total,Latvia,2011-12,0.0,,
ESTAT:PRC_HICP_MINR(1.0),02/10/26 11:00:00,Monthly,Monthly rate of change,Total,Latvia,2012-01,0.8,,
ESTAT:PRC_HICP_MINR(1.0),02/10/26 11:00:00,Monthly,Monthly rate of change,Total,Latvia,2012-02,0.2,,
ESTAT:PRC_HICP_MINR(1.0),02/10/26 11:00:00,Monthly,Monthly rate of change,Total,Latvia,2012-03,0.6,,
ESTAT:PRC_HICP_MINR(1.0),02/10/26 11:00:00,Monthly,Monthly rate of change,Total,Latvia,2012-04,0.7,,
ESTAT:PRC_HICP_MINR(1.0),02/10/26 11:00:00,Monthly,Monthly rate of change,Total,Latvia,2012-05,0.0,,
ESTAT:PRC_HICP_MINR(1.0),02/10/26 11:00:00,Monthly,Monthly rate of change,Total,Latvia,2012-06,0.0,,
ESTAT:PRC_HICP_MINR(1.0),02/10/26 11:00:00,Monthly,Monthly rate of change,Total,Latvia,2012-07,-0.4,,
ESTAT:PRC_HICP_MINR(1.0),02/10/26 11:00:00,Monthly,Monthly rate of change,Total,Latvia,2012-08,-0.4,,
ESTAT:PRC_HICP_MINR(1.0),02/10/26 11:00:00,Monthly,Monthly rate of change,Total,Latvia,2012-09,0.4,,
ESTAT:PRC_HICP_MINR(1.0),02/10/26 11:00:00,Monthly,Monthly rate of change,Total,Latvia,2012-10,-0.2,,
ESTAT:PRC_HICP_MINR(1.0),02/10/26 11:00:00,Monthly,Monthly rate of change,Total,Latvia,2012-11,-0.1,,
ESTAT:PRC_HICP_MINR(1.0),02/10/26 11:00:00,Monthly,Monthly rate of change,Total,Latvia,2012-12,0.1,,
ESTAT:PRC_HICP_MINR(1.0),02/10/26 11:00:00,Monthly,Monthly rate of change,Total,Latvia,2013-01,-0.2,,
ESTAT:PRC_HICP_MINR(1.0),02/10/26 11:00:00,Monthly,Monthly rate of change,Total,Latvia,2013-02,-0.1,,
ESTAT:PRC_HICP_MINR(1.0),02/10/26 11:00:00,Monthly,Monthly rate of change,Total,Latvia,2013-03,0.5,,
ESTAT:PRC_HICP_MINR(1.0),02/10/26 11:00:00,Monthly,Monthly rate of change,Total,Latvia,2013-04,0.0,,
ESTAT:PRC_HICP_MINR(1.0),02/10/26 11:00:00,Monthly,Monthly rate of change,Total,Latvia,2013-05,0.3,,
ESTAT:PRC_HICP_MINR(1.0),02/10/26 11:00:00,Monthly,Monthly rate of change,Total,Latvia,2013-06,0.4,,
ESTAT:PRC_HICP_MINR(1.0),02/10/26 11:00:00,Monthly,Monthly rate of change,Total,Latvia,2013-07,-0.1,,
ESTAT:PRC_HICP_MINR(1.0),02/10/26 11:00:00,Monthly,Monthly rate of change,Total,Latvia,2013-08,-1.0,,
ESTAT:PRC_HICP_MINR(1.0),02/10/26 11:00:00,Monthly,Monthly rate of change,Total,Latvia,2013-09,0.0,,
ESTAT:PRC_HICP_MINR(1.0),02/10/26 11:00:00,Monthly,Monthly rate of change,Total,Latvia,2013-10,0.2,,
ESTAT:PRC_HICP_MINR(1.0),02/10/26 11:00:00,Monthly,Monthly rate of change,Total,Latvia,2013-11,-0.4,,
ESTAT:PRC_HICP_MINR(1.0),02/10/26 11:00:00,Monthly,Monthly rate of change,Total,Latvia,2013-12,0.0,,
ESTAT:PRC_HICP_MINR(1.0),02/10/26 11:00:00,Monthly,Monthly rate of change,Total,Latvia,2014-01,0.7,,
ESTAT:PRC_HICP_MINR(1.0),02/10/26 11:00:00,Monthly,Monthly rate of change,Total,Latvia,2014-02,0.0,,
ESTAT:PRC_HICP_MINR(1.0),02/10/26 11:00:00,Monthly,Monthly rate of change,Total,Latvia,2014-03,0.3,,
ESTAT:PRC_HICP_MINR(1.0),02/10/26 11:00:00,Monthly,Monthly rate of change,Total,Latvia,2014-04,0.5,,
ESTAT:PRC_HICP_MINR(1.0),02/10/26 11:00:00,Monthly,Monthly rate of change,Total,Latvia,2014-05,0.2,,
ESTAT:PRC_HICP_MINR(1.0),02/10/26 11:00:00,Monthly,Monthly rate of change,Total,Latvia,2014-06,0.4,,
ESTAT:PRC_HICP_MINR(1.0),02/10/26 11:00:00,Monthly,Monthly rate of change,Total,Latvia,2014-07,-0.2,,
ESTAT:PRC_HICP_MINR(1.0),02/10/26 11:00:00,Monthly,Monthly rate of change,Total,Latvia,2014-08,-0.8,,
ESTAT:PRC_HICP_MINR(1.0),02/10/26 11:00:00,Monthly,Monthly rate of change,Total,Latvia,2014-09,0.4,,
ESTAT:PRC_HICP_MINR(1.0),02/10/26 11:00:00,Monthly,Monthly rate of change,Total,Latvia,2014-10,-0.2,,
ESTAT:PRC_HICP_MINR(1.0),02/10/26 11:00:00,Monthly,Monthly rate of change,Total,Latvia,2014-11,-0.2,,
ESTAT:PRC_HICP_MINR(1.0),02/10/26 11:00:00,Monthly,Monthly rate of change,Total,Latvia,2014-12,-0.7,,
ESTAT:PRC_HICP_MINR(1.0),02/10/26 11:00:00,Monthly,Monthly rate of change,Total,Latvia,2015-01,0.1,,
ESTAT:PRC_HICP_MINR(1.0),02/10/26 11:00:00,Monthly,Monthly rate of change,Total,Latvia,2015-02,0.4,,
ESTAT:PRC_HICP_MINR(1.0),02/10/26 11:00:00,Monthly,Monthly rate of change,Total,Latvia,2015-03,0.8,,
ESTAT:PRC_HICP_MINR(1.0),02/10/26 11:00:00,Monthly,Monthly rate of change,Total,Latvia,2015-04,0.6,,
ESTAT:PRC_HICP_MINR(1.0),02/10/26 11:00:00,Monthly,Monthly rate of change,Total,Latvia,2015-05,0.8,,
ESTAT:PRC_HICP_MINR(1.0),02/10/26 11:00:00,Monthly,Monthly rate of change,Total,Latvia,2015-06,-0.1,,
ESTAT:PRC_HICP_MINR(1.0),02/10/26 11:00:00,Monthly,Monthly rate of change,Total,Latvia,2015-07,-1.1,,
ESTAT:PRC_HICP_MINR(1.0),02/10/26 11:00:00,Monthly,Monthly rate of change,Total,Latvia,2015-08,-0.4,,
ESTAT:PRC_HICP_MINR(1.0),02/10/26 11:00:00,Monthly,Monthly rate of change,Total,Latvia,2015-09,-0.2,,
ESTAT:PRC_HICP_MINR(1.0),02/10/26 11:00:00,Monthly,Monthly rate of change,Total,Latvia,2015-10,0.0,,
ESTAT:PRC_HICP_MINR(1.0),02/10/26 11:00:00,Monthly,Monthly rate of change,Total,Latvia,2015-11,-0.1,,
ESTAT:PRC_HICP_MINR(1.0),02/10/26 11:00:00,Monthly,Monthly rate of change,Total,Latvia,2015-12,-0.3,,
ESTAT:PRC_HICP_MINR(1.0),02/10/26 11:00:00,Monthly,Monthly rate of change,Total,Latvia,2016-01,-0.7,,
ESTAT:PRC_HICP_MINR(1.0),02/10/26 11:00:00,Monthly,Monthly rate of change,Total,Latvia,2016-02,0.1,,
ESTAT:PRC_HICP_MINR(1.0),02/10/26 11:00:00,Monthly,Monthly rate of change,Total,Latvia,2016-03,0.8,,
ESTAT:PRC_HICP_MINR(1.0),02/10/26 11:00:00,Monthly,Monthly rate of change,Total,Latvia,2016-04,0.4,,
ESTAT:PRC_HICP_MINR(1.0),02/10/26 11:00:00,Monthly,Monthly rate of change,Total,Latvia,2016-05,0.7,,
ESTAT:PRC_HICP_MINR(1.0),02/10/26 11:00:00,Monthly,Monthly rate of change,Total,Latvia,2016-06,0.1,,
ESTAT:PRC_HICP_MINR(1.0),02/10/26 11:00:00,Monthly,Monthly rate of change,Total,Latvia,2016-07,-0.3,,
ESTAT:PRC_HICP_MINR(1.0),02/10/26 11:00:00,Monthly,Monthly rate of change,Total,Latvia,2016-08,-0.7,,
ESTAT:PRC_HICP_MINR(1.0),02/10/26 11:00:00,Monthly,Monthly rate of change,Total,Latvia,2016-09,0.3,,
ESTAT:PRC_HICP_MINR(1.0),02/10/26 11:00:00,Monthly,Monthly rate of change,Total,Latvia,2016-10,0.6,,
ESTAT:PRC_HICP_MINR(1.0),02/10/26 11:00:00,Monthly,Monthly rate of change,Total,Latvia,2016-11,0.1,,
ESTAT:PRC_HICP_MINR(1.0),02/10/26 11:00:00,Monthly,Monthly rate of change,Total,Latvia,2016-12,0.6,,
ESTAT:PRC_HICP_MINR(1.0),02/10/26 11:00:00,Monthly,Monthly rate of change,Total,Latvia,2017-01,0.1,,
ESTAT:PRC_HICP_MINR(1.0),02/10/26 11:00:00,Monthly,Monthly rate of change,Total,Latvia,2017-02,0.4,,
ESTAT:PRC_HICP_MINR(1.0),02/10/26 11:00:00,Monthly,Monthly rate of change,Total,Latvia,2017-03,0.9,,
ESTAT:PRC_HICP_MINR(1.0),02/10/26 11:00:00,Monthly,Monthly rate of change,Total,Latvia,2017-04,0.4,,
ESTAT:PRC_HICP_MINR(1.0),02/10/26 11:00:00,Monthly,Monthly rate of change,Total,Latvia,2017-05,0.2,,
ESTAT:PRC_HICP_MINR(1.0),02/10/26 11:00:00,Monthly,Monthly rate of change,Total,Latvia,2017-06,0.4,,
ESTAT:PRC_HICP_MINR(1.0),02/10/26 11:00:00,Monthly,Monthly rate of change,Total,Latvia,2017-07,-0.8,,
ESTAT:PRC_HICP_MINR(1.0),02/10/26 11:00:00,Monthly,Monthly rate of change,Total,Latvia,2017-08,-0.1,,
ESTAT:PRC_HICP_MINR(1.0),02/10/26 11:00:00,Monthly,Monthly rate of change,Total,Latvia,2017-09,0.2,,
ESTAT:PRC_HICP_MINR(1.0),02/10/26 11:00:00,Monthly,Monthly rate of change,Total,Latvia,2017-10,0.4,,
ESTAT:PRC_HICP_MINR(1.0),02/10/26 11:00:00,Monthly,Monthly rate of change,Total,Latvia,2017-11,0.1,,
ESTAT:PRC_HICP_MINR(1.0),02/10/26 11:00:00,Monthly,Monthly rate of change,Total,Latvia,2017-12,0.0,,
ESTAT:PRC_HICP_MINR(1.0),02/10/26 11:00:00,Monthly,Monthly rate of change,Total,Latvia,2018-01,-0.1,,
ESTAT:PRC_HICP_MINR(1.0),02/10/26 11:00:00,Monthly,Monthly rate of change,Total,Latvia,2018-02,0.2,,
ESTAT:PRC_HICP_MINR(1.0),02/10/26 11:00:00,Monthly,Monthly rate of change,Total,Latvia,2018-03,1.3,,
ESTAT:PRC_HICP_MINR(1.0),02/10/26 11:00:00,Monthly,Monthly rate of change,Total,Latvia,2018-04,0.3,,
ESTAT:PRC_HICP_MINR(1.0),02/10/26 11:00:00,Monthly,Monthly rate of change,Total,Latvia,2018-05,0.5,,
ESTAT:PRC_HICP_MINR(1.0),02/10/26 11:00:00,Monthly,Monthly rate of change,Total,Latvia,2018-06,0.7,,
ESTAT:PRC_HICP_MINR(1.0),02/10/26 11:00:00,Monthly,Monthly rate of change,Total,Latvia,2018-07,-0.8,,
ESTAT:PRC_HICP_MINR(1.0),02/10/26 11:00:00,Monthly,Monthly rate of change,Total,Latvia,2018-08,0.0,,
ESTAT:PRC_HICP_MINR(1.0),02/10/26 11:00:00,Monthly,Monthly rate of change,Total,Latvia,2018-09,0.6,,
ESTAT:PRC_HICP_MINR(1.0),02/10/26 11:00:00,Monthly,Monthly rate of change,Total,Latvia,2018-10,0.3,,
ESTAT:PRC_HICP_MINR(1.0),02/10/26 11:00:00,Monthly,Monthly rate of change,Total,Latvia,2018-11,-0.2,,
ESTAT:PRC_HICP_MINR(1.0),02/10/26 11:00:00,Monthly,Monthly rate of change,Total,Latvia,2018-12,-0.3,,
ESTAT:PRC_HICP_MINR(1.0),02/10/26 11:00:00,Monthly,Monthly rate of change,Total,Latvia,2019-01,0.3,,
ESTAT:PRC_HICP_MINR(1.0),02/10/26 11:00:00,Monthly,Monthly rate of change,Total,Latvia,2019-02,0.1,,
ESTAT:PRC_HICP_MINR(1.0),02/10/26 11:00:00,Monthly,Monthly rate of change,Total,Latvia,2019-03,1.1,,
ESTAT:PRC_HICP_MINR(1.0),02/10/26 11:00:00,Monthly,Monthly rate of change,Total,Latvia,2019-04,1.0,,
ESTAT:PRC_HICP_MINR(1.0),02/10/26 11:00:00,Monthly,Monthly rate of change,Total,Latvia,2019-05,0.6,,
ESTAT:PRC_HICP_MINR(1.0),02/10/26 11:00:00,Monthly,Monthly rate of change,Total,Latvia,2019-06,0.3,,
ESTAT:PRC_HICP_MINR(1.0),02/10/26 11:00:00,Monthly,Monthly rate of change,Total,Latvia,2019-07,-0.9,,
ESTAT:PRC_HICP_MINR(1.0),02/10/26 11:00:00,Monthly,Monthly rate of change,Total,Latvia,2019-08,0.2,,
ESTAT:PRC_HICP_MINR(1.0),02/10/26 11:00:00,Monthly,Monthly rate of change,Total,Latvia,2019-09,-0.2,,
ESTAT:PRC_HICP_MINR(1.0),02/10/26 11:00:00,Monthly,Monthly rate of change,Total,Latvia,2019-10,0.2,,
ESTAT:PRC_HICP_MINR(1.0),02/10/26 11:00:00,Monthly,Monthly rate of change,Total,Latvia,2019-11,-0.3,,
ESTAT:PRC_HICP_MINR(1.0),02/10/26 11:00:00,Monthly,Monthly rate of change,Total,Latvia,2019-12,-0.2,,
ESTAT:PRC_HICP_MINR(1.0),02/10/26 11:00:00,Monthly,Monthly rate of change,Total,Latvia,2020-01,0.3,,
ESTAT:PRC_HICP_MINR(1.0),02/10/26 11:00:00,Monthly,Monthly rate of change,Total,Latvia,2020-02,0.2,,
ESTAT:PRC_HICP_MINR(1.0),02/10/26 11:00:00,Monthly,Monthly rate of change,Total,Latvia,2020-03,0.3,,
ESTAT:PRC_HICP_MINR(1.0),02/10/26 11:00:00,Monthly,Monthly rate of change,Total,Latvia,2020-04,-0.5,,
ESTAT:PRC_HICP_MINR(1.0),02/10/26 11:00:00,Monthly,Monthly rate of change,Total,Latvia,2020-05,-0.3,,
ESTAT:PRC_HICP_MINR(1.0),02/10/26 11:00:00,Monthly,Monthly rate of change,Total,Latvia,2020-06,0.2,,
ESTAT:PRC_HICP_MINR(1.0),02/10/26 11:00:00,Monthly,Monthly rate of change,Total,Latvia,2020-07,0.3,,
ESTAT:PRC_HICP_MINR(1.0),02/10/26 11:00:00,Monthly,Monthly rate of change,Total,Latvia,2020-08,-0.4,,
ESTAT:PRC_HICP_MINR(1.0),02/10/26 11:00:00,Monthly,Monthly rate of change,Total,Latvia,2020-09,-0.1,,
ESTAT:PRC_HICP_MINR(1.0),02/10/26 11:00:00,Monthly,Monthly rate of change,Total,Latvia,2020-10,-0.1,,
ESTAT:PRC_HICP_MINR(1.0),02/10/26 11:00:00,Monthly,Monthly rate of change,Total,Latvia,2020-11,-0.3,,
ESTAT:PRC_HICP_MINR(1.0),02/10/26 11:00:00,Monthly,Monthly rate of change,Total,Latvia,2020-12,0.0,,
ESTAT:PRC_HICP_MINR(1.0),02/10/26 11:00:00,Monthly,Monthly rate of change,Total,Latvia,2021-01,0.4,,
ESTAT:PRC_HICP_MINR(1.0),02/10/26 11:00:00,Monthly,Monthly rate of change,Total,Latvia,2021-02,0.4,,
ESTAT:PRC_HICP_MINR(1.0),02/10/26 11:00:00,Monthly,Monthly rate of change,Total,Latvia,2021-03,0.8,,
ESTAT:PRC_HICP_MINR(1.0),02/10/26 11:00:00,Monthly,Monthly rate of change,Total,Latvia,2021-04,0.9,,
ESTAT:PRC_HICP_MINR(1.0),02/10/26 11:00:00,Monthly,Monthly rate of change,Total,Latvia,2021-05,0.6,,
ESTAT:PRC_HICP_MINR(1.0),02/10/26 11:00:00,Monthly,Monthly rate of change,Total,Latvia,2021-06,0.3,,
ESTAT:PRC_HICP_MINR(1.0),02/10/26 11:00:00,Monthly,Monthly rate of change,Total,Latvia,2021-07,0.4,,
ESTAT:PRC_HICP_MINR(1.0),02/10/26 11:00:00,Monthly,Monthly rate of change,Total,Latvia,2021-08,0.4,,
ESTAT:PRC_HICP_MINR(1.0),02/10/26 11:00:00,Monthly,Monthly rate of change,Total,Latvia,2021-09,1.0,,
ESTAT:PRC_HICP_MINR(1.0),02/10/26 11:00:00,Monthly,Monthly rate of change,Total,Latvia,2021-10,1.1,,
ESTAT:PRC_HICP_MINR(1.0),02/10/26 11:00:00,Monthly,Monthly rate of change,Total,Latvia,2021-11,1.1,,
ESTAT:PRC_HICP_MINR(1.0),02/10/26 11:00:00,Monthly,Monthly rate of change,Total,Latvia,2021-12,0.4,,
ESTAT:PRC_HICP_MINR(1.0),02/10/26 11:00:00,Monthly,Monthly rate of change,Total,Latvia,2022-01,0.0,,
ESTAT:PRC_HICP_MINR(1.0),02/10/26 11:00:00,Monthly,Monthly rate of change,Total,Latvia,2022-02,1.7,,
ESTAT:PRC_HICP_MINR(1.0),02/10/26 11:00:00,Monthly,Monthly rate of change,Total,Latvia,2022-03,3.2,,
ESTAT:PRC_HICP_MINR(1.0),02/10/26 11:00:00,Monthly,Monthly rate of change,Total,Latvia,2022-04,2.3,,
ESTAT:PRC_HICP_MINR(1.0),02/10/26 11:00:00,Monthly,Monthly rate of change,Total,Latvia,2022-05,3.9,,
ESTAT:PRC_HICP_MINR(1.0),02/10/26 11:00:00,Monthly,Monthly rate of change,Total,Latvia,2022-06,2.4,,
ESTAT:PRC_HICP_MINR(1.0),02/10/26 11:00:00,Monthly,Monthly rate of change,Total,Latvia,2022-07,2.2,,
ESTAT:PRC_HICP_MINR(1.0),02/10/26 11:00:00,Monthly,Monthly rate of change,Total,Latvia,2022-08,0.4,,
ESTAT:PRC_HICP_MINR(1.0),02/10/26 11:00:00,Monthly,Monthly rate of change,Total,Latvia,2022-09,1.5,,
ESTAT:PRC_HICP_MINR(1.0),02/10/26 11:00:00,Monthly,Monthly rate of change,Total,Latvia,2022-10,0.8,,
ESTAT:PRC_HICP_MINR(1.0),02/10/26 11:00:00,Monthly,Monthly rate of change,Total,Latvia,2022-11,1.1,,
ESTAT:PRC_HICP_MINR(1.0),02/10/26 11:00:00,Monthly,Monthly rate of change,Total,Latvia,2022-12,-0.4,,
ESTAT:PRC_HICP_MINR(1.0),02/10/26 11:00:00,Monthly,Monthly rate of change,Total,Latvia,2023-01,0.5,,
ESTAT:PRC_HICP_MINR(1.0),02/10/26 11:00:00,Monthly,Monthly rate of change,Total,Latvia,2023-02,0.6,,
ESTAT:PRC_HICP_MINR(1.0),02/10/26 11:00:00,Monthly,Monthly rate of change,Total,Latvia,2023-03,0.8,,
ESTAT:PRC_HICP_MINR(1.0),02/10/26 11:00:00,Monthly,Monthly rate of change,Total,Latvia,2023-04,0.4,,
ESTAT:PRC_HICP_MINR(1.0),02/10/26 11:00:00,Monthly,Monthly rate of change,Total,Latvia,2023-05,1.5,,
ESTAT:PRC_HICP_MINR(1.0),02/10/26 11:00:00,Monthly,Monthly rate of change,Total,Latvia,2023-06,-1.4,,
ESTAT:PRC_HICP_MINR(1.0),02/10/26 11:00:00,Monthly,Monthly rate of change,Total,Latvia,2023-07,0.8,,
ESTAT:PRC_HICP_MINR(1.0),02/10/26 11:00:00,Monthly,Monthly rate of change,Total,Latvia,2023-08,-0.5,,
ESTAT:PRC_HICP_MINR(1.0),02/10/26 11:00:00,Monthly,Monthly rate of change,Total,Latvia,2023-09,-0.5,,
ESTAT:PRC_HICP_MINR(1.0),02/10/26 11:00:00,Monthly,Monthly rate of change,Total,Latvia,2023-10,-0.4,,
ESTAT:PRC_HICP_MINR(1.0),02/10/26 11:00:00,Monthly,Monthly rate of change,Total,Latvia,2023-11,-0.1,,
ESTAT:PRC_HICP_MINR(1.0),02/10/26 11:00:00,Monthly,Monthly rate of change,Total,Latvia,2023-12,-0.7,,
ESTAT:PRC_HICP_MINR(1.0),02/10/26 11:00:00,Monthly,Monthly rate of change,Total,Latvia,2024-01,0.8,,
ESTAT:PRC_HICP_MINR(1.0),02/10/26 11:00:00,Monthly,Monthly rate of change,Total,Latvia,2024-02,0.1,,
ESTAT:PRC_HICP_MINR(1.0),02/10/26 11:00:00,Monthly,Monthly rate of change,Total,Latvia,2024-03,1.2,,
ESTAT:PRC_HICP_MINR(1.0),02/10/26 11:00:00,Monthly,Monthly rate of change,Total,Latvia,2024-04,0.5,,
ESTAT:PRC_HICP_MINR(1.0),02/10/26 11:00:00,Monthly,Monthly rate of change,Total,Latvia,2024-05,0.4,,
ESTAT:PRC_HICP_MINR(1.0),02/10/26 11:00:00,Monthly,Monthly rate of change,Total,Latvia,2024-06,0.0,,
ESTAT:PRC_HICP_MINR(1.0),02/10/26 11:00:00,Monthly,Monthly rate of change,Total,Latvia,2024-07,0.1,,
ESTAT:PRC_HICP_MINR(1.0),02/10/26 11:00:00,Monthly,Monthly rate of change,Total,Latvia,2024-08,-0.4,,
ESTAT:PRC_HICP_MINR(1.0),02/10/26 11:00:00,Monthly,Monthly rate of change,Total,Latvia,2024-09,0.2,,
ESTAT:PRC_HICP_MINR(1.0),02/10/26 11:00:00,Monthly,Monthly rate of change,Total,Latvia,2024-10,0.1,,
ESTAT:PRC_HICP_MINR(1.0),02/10/26 11:00:00,Monthly,Monthly rate of change,Total,Latvia,2024-11,0.1,,
ESTAT:PRC_HICP_MINR(1.0),02/10/26 11:00:00,Monthly,Monthly rate of change,Total,Latvia,2024-12,0.3,,
ESTAT:PRC_HICP_MINR(1.0),02/10/26 11:00:00,Monthly,Monthly rate of change,Total,Latvia,2025-01,0.5,,
ESTAT:PRC_HICP_MINR(1.0),02/10/26 11:00:00,Monthly,Monthly rate of change,Total,Latvia,2025-02,0.7,,
ESTAT:PRC_HICP_MINR(1.0),02/10/26 11:00:00,Monthly,Monthly rate of change,Total,Latvia,2025-03,0.9,,
ESTAT:PRC_HICP_MINR(1.0),02/10/26 11:00:00,Monthly,Monthly rate of change,Total,Latvia,2025-04,1.1,,
ESTAT:PRC_HICP_MINR(1.0),02/10/26 11:00:00,Monthly,Monthly rate of change,Total,Latvia,2025-05,0.0,,
ESTAT:PRC_HICP_MINR(1.0),02/10/26 11:00:00,Monthly,Monthly rate of change,Total,Latvia,2025-06,0.2,,
ESTAT:PRC_HICP_MINR(1.0),02/10/26 11:00:00,Monthly,Monthly rate of change,Total,Latvia,2025-07,0.1,,
ESTAT:PRC_HICP_MINR(1.0),02/10/26 11:00:00,Monthly,Monthly rate of change,Total,Latvia,2025-08,-0.2,,
ESTAT:PRC_HICP_MINR(1.0),02/10/26 11:00:00,Monthly,Monthly rate of change,Total,Latvia,2025-09,0.1,,
ESTAT:PRC_HICP_MINR(1.0),02/10/26 11:00:00,Monthly,Monthly rate of change,Total,Latvia,2025-10,0.2,,
ESTAT:PRC_HICP_MINR(1.0),02/10/26 11:00:00,Monthly,Monthly rate of change,Total,Latvia,2025-11,-0.3,,
ESTAT:PRC_HICP_MINR(1.0),02/10/26 11:00:00,Monthly,Monthly rate of change,Total,Latvia,2025-12,0.0,,
ESTAT:PRC_HICP_MINR(1.0),02/10/26 11:00:00,Monthly,Monthly rate of change,Total,Netherlands,2006-01,0.2,,
ESTAT:PRC_HICP_MINR(1.0),02/10/26 11:00:00,Monthly,Monthly rate of change,Total,Netherlands,2006-02,0.5,,
ESTAT:PRC_HICP_MINR(1.0),02/10/26 11:00:00,Monthly,Monthly rate of change,Total,Netherlands,2006-03,0.8,,
ESTAT:PRC_HICP_MINR(1.0),02/10/26 11:00:00,Monthly,Monthly rate of change,Total,Netherlands,2006-04,0.5,,
ESTAT:PRC_HICP_MINR(1.0),02/10/26 11:00:00,Monthly,Monthly rate of change,Total,Netherlands,2006-05,0.0,,
ESTAT:PRC_HICP_MINR(1.0),02/10/26 11:00:00,Monthly,Monthly rate of change,Total,Netherlands,2006-06,-0.3,,
ESTAT:PRC_HICP_MINR(1.0),02/10/26 11:00:00,Monthly,Monthly rate of change,Total,Netherlands,2006-07,-0.3,,
ESTAT:PRC_HICP_MINR(1.0),02/10/26 11:00:00,Monthly,Monthly rate of change,Total,Netherlands,2006-08,0.5,,
ESTAT:PRC_HICP_MINR(1.0),02/10/26 11:00:00,Monthly,Monthly rate of change,Total,Netherlands,2006-09,0.5,,
ESTAT:PRC_HICP_MINR(1.0),02/10/26 11:00:00,Monthly,Monthly rate of change,Total,Netherlands,2006-10,-0.2,,
ESTAT:PRC_HICP_MINR(1.0),02/10/26 11:00:00,Monthly,Monthly rate of change,Total,Netherlands,2006-11,0.0,,
ESTAT:PRC_HICP_MINR(1.0),02/10/26 11:00:00,Monthly,Monthly rate of change,Total,Netherlands,2006-12,-0.3,,
ESTAT:PRC_HICP_MINR(1.0),02/10/26 11:00:00,Monthly,Monthly rate of change,Total,Netherlands,2007-01,-0.2,,
ESTAT:PRC_HICP_MINR(1.0),02/10/26 11:00:00,Monthly,Monthly rate of change,Total,Netherlands,2007-02,0.7,,
ESTAT:PRC_HICP_MINR(1.0),02/10/26 11:00:00,Monthly,Monthly rate of change,Total,Netherlands,2007-03,1.3,,
ESTAT:PRC_HICP_MINR(1.0),02/10/26 11:00:00,Monthly,Monthly rate of change,Total,Netherlands,2007-04,0.6,,
ESTAT:PRC_HICP_MINR(1.0),02/10/26 11:00:00,Monthly,Monthly rate of change,Total,Netherlands,2007-05,0.0,,
ESTAT:PRC_HICP_MINR(1.0),02/10/26 11:00:00,Monthly,Monthly rate of change,Total,Netherlands,2007-06,-0.5,,
ESTAT:PRC_HICP_MINR(1.0),02/10/26 11:00:00,Monthly,Monthly rate of change,Total,Netherlands,2007-07,-0.8,,
ESTAT:PRC_HICP_MINR(1.0),02/10/26 11:00:00,Monthly,Monthly rate of change,Total,Netherlands,2007-08,0.1,,
ESTAT:PRC_HICP_MINR(1.0),02/10/26 11:00:00,Monthly,Monthly rate of change,Total,Netherlands,2007-09,0.7,,
ESTAT:PRC_HICP_MINR(1.0),02/10/26 11:00:00,Monthly,Monthly rate of change,Total,Netherlands,2007-10,0.2,,
ESTAT:PRC_HICP_MINR(1.0),02/10/26 11:00:00,Monthly,Monthly rate of change,Total,Netherlands,2007-11,0.2,,
ESTAT:PRC_HICP_MINR(1.0),02/10/26 11:00:00,Monthly,Monthly rate of change,Total,Netherlands,2007-12,-0.5,,
ESTAT:PRC_HICP_MINR(1.0),02/10/26 11:00:00,Monthly,Monthly rate of change,Total,Netherlands,2008-01,0.0,,
ESTAT:PRC_HICP_MINR(1.0),02/10/26 11:00:00,Monthly,Monthly rate of change,Total,Netherlands,2008-02,0.8,,
ESTAT:PRC_HICP_MINR(1.0),02/10/26 11:00:00,Monthly,Monthly rate of change,Total,Netherlands,2008-03,1.2,,
ESTAT:PRC_HICP_MINR(1.0),02/10/26 11:00:00,Monthly,Monthly rate of change,Total,Netherlands,2008-04,0.4,,
ESTAT:PRC_HICP_MINR(1.0),02/10/26 11:00:00,Monthly,Monthly rate of change,Total,Netherlands,2008-05,0.4,,
ESTAT:PRC_HICP_MINR(1.0),02/10/26 11:00:00,Monthly,Monthly rate of change,Total,Netherlands,2008-06,-0.3,,
ESTAT:PRC_HICP_MINR(1.0),02/10/26 11:00:00,Monthly,Monthly rate of change,Total,Netherlands,2008-07,-0.1,,
ESTAT:PRC_HICP_MINR(1.0),02/10/26 11:00:00,Monthly,Monthly rate of change,Total,Netherlands,2008-08,0.1,,
ESTAT:PRC_HICP_MINR(1.0),02/10/26 11:00:00,Monthly,Monthly rate of change,Total,Netherlands,2008-09,0.5,,
ESTAT:PRC_HICP_MINR(1.0),02/10/26 11:00:00,Monthly,Monthly rate of change,Total,Netherlands,2008-10,-0.2,,
ESTAT:PRC_HICP_MINR(1.0),02/10/26 11:00:00,Monthly,Monthly rate of change,Total,Netherlands,2008-11,-0.4,,
ESTAT:PRC_HICP_MINR(1.0),02/10/26 11:00:00,Monthly,Monthly rate of change,Total,Netherlands,2008-12,-0.8,,
ESTAT:PRC_HICP_MINR(1.0),02/10/26 11:00:00,Monthly,Monthly rate of change,Total,Netherlands,2009-01,0.0,,
ESTAT:PRC_HICP_MINR(1.0),02/10/26 11:00:00,Monthly,Monthly rate of change,Total,Netherlands,2009-02,1.0,,
ESTAT:PRC_HICP_MINR(1.0),02/10/26 11:00:00,Monthly,Monthly rate of change,Total,Netherlands,2009-03,1.2,,
ESTAT:PRC_HICP_MINR(1.0),02/10/26 11:00:00,Monthly,Monthly rate of change,Total,Netherlands,2009-04,0.3,,
ESTAT:PRC_HICP_MINR(1.0),02/10/26 11:00:00,Monthly,Monthly rate of change,Total,Netherlands,2009-05,0.1,,
ESTAT:PRC_HICP_MINR(1.0),02/10/26 11:00:00,Monthly,Monthly rate of change,Total,Netherlands,2009-06,-0.4,,
ESTAT:PRC_HICP_MINR(1.0),02/10/26 11:00:00,Monthly,Monthly rate of change,Total,Netherlands,2009-07,-1.6,,
ESTAT:PRC_HICP_MINR(1.0),02/10/26 11:00:00,Monthly,Monthly rate of change,Total,Netherlands,2009-08,0.2,,
ESTAT:PRC_HICP_MINR(1.0),02/10/26 11:00:00,Monthly,Monthly rate of change,Total,Netherlands,2009-09,0.5,,
ESTAT:PRC_HICP_MINR(1.0),02/10/26 11:00:00,Monthly,Monthly rate of change,Total,Netherlands,2009-10,0.3,,
ESTAT:PRC_HICP_MINR(1.0),02/10/26 11:00:00,Monthly,Monthly rate of change,Total,Netherlands,2009-11,-0.1,,
ESTAT:PRC_HICP_MINR(1.0),02/10/26 11:00:00,Monthly,Monthly rate of change,Total,Netherlands,2009-12,-0.7,,
ESTAT:PRC_HICP_MINR(1.0),02/10/26 11:00:00,Monthly,Monthly rate of change,Total,Netherlands,2010-01,-0.3,,
ESTAT:PRC_HICP_MINR(1.0),02/10/26 11:00:00,Monthly,Monthly rate of change,Total,Netherlands,2010-02,0.9,,
ESTAT:PRC_HICP_MINR(1.0),02/10/26 11:00:00,Monthly,Monthly rate of change,Total,Netherlands,2010-03,1.5,,
ESTAT:PRC_HICP_MINR(1.0),02/10/26 11:00:00,Monthly,Monthly rate of change,Total,Netherlands,2010-04,0.3,,
ESTAT:PRC_HICP_MINR(1.0),02/10/26 11:00:00,Monthly,Monthly rate of change,Total,Netherlands,2010-05,-0.1,,
ESTAT:PRC_HICP_MINR(1.0),02/10/26 11:00:00,Monthly,Monthly rate of change,Total,Netherlands,2010-06,-0.7,,
ESTAT:PRC_HICP_MINR(1.0),02/10/26 11:00:00,Monthly,Monthly rate of change,Total,Netherlands,2010-07,-0.6,,
ESTAT:PRC_HICP_MINR(1.0),02/10/26 11:00:00,Monthly,Monthly rate of change,Total,Netherlands,2010-08,0.1,,
ESTAT:PRC_HICP_MINR(1.0),02/10/26 11:00:00,Monthly,Monthly rate of change,Total,Netherlands,2010-09,0.8,,
ESTAT:PRC_HICP_MINR(1.0),02/10/26 11:00:00,Monthly,Monthly rate of change,Total,Netherlands,2010-10,0.2,,
ESTAT:PRC_HICP_MINR(1.0),02/10/26 11:00:00,Monthly,Monthly rate of change,Total,Netherlands,2010-11,-0.1,,
ESTAT:PRC_HICP_MINR(1.0),02/10/26 11:00:00,Monthly,Monthly rate of change,Total,Netherlands,2010-12,-0.3,,
ESTAT:PRC_HICP_MINR(1.0),02/10/26 11:00:00,Monthly,Monthly rate of change,Total,Netherlands,2011-01,-0.2,,
ESTAT:PRC_HICP_MINR(1.0),02/10/26 11:00:00,Monthly,Monthly rate of change,Total,Netherlands,2011-02,1.0,,
ESTAT:PRC_HICP_MINR(1.0),02/10/26 11:00:00,Monthly,Monthly rate of change,Total,Netherlands,2011-03,1.3,,
ESTAT:PRC_HICP_MINR(1.0),02/10/26 11:00:00,Monthly,Monthly rate of change,Total,Netherlands,2011-04,0.6,,
ESTAT:PRC_HICP_MINR(1.0),02/10/26 11:00:00,Monthly,Monthly rate of change,Total,Netherlands,2011-05,0.1,,
ESTAT:PRC_HICP_MINR(1.0),02/10/26 11:00:00,Monthly,Monthly rate of change,Total,Netherlands,2011-06,-0.6,,
ESTAT:PRC_HICP_MINR(1.0),02/10/26 11:00:00,Monthly,Monthly rate of change,Total,Netherlands,2011-07,0.3,,
ESTAT:PRC_HICP_MINR(1.0),02/10/26 11:00:00,Monthly,Monthly rate of change,Total,Netherlands,2011-08,0.1,,
ESTAT:PRC_HICP_MINR(1.0),02/10/26 11:00:00,Monthly,Monthly rate of change,Total,Netherlands,2011-09,0.5,,
ESTAT:PRC_HICP_MINR(1.0),02/10/26 11:00:00,Monthly,Monthly rate of change,Total,Netherlands,2011-10,0.1,,
ESTAT:PRC_HICP_MINR(1.0),02/10/26 11:00:00,Monthly,Monthly rate of change,Total,Netherlands,2011-11,-0.4,,
ESTAT:PRC_HICP_MINR(1.0),02/10/26 11:00:00,Monthly,Monthly rate of change,Total,Netherlands,2011-12,-0.3,,
ESTAT:PRC_HICP_MINR(1.0),02/10/26 11:00:00,Monthly,Monthly rate of change,Total,Netherlands,2012-01,0.1,,
ESTAT:PRC_HICP_MINR(1.0),02/10/26 11:00:00,Monthly,Monthly rate of change,Total,Netherlands,2012-02,1.0,,
ESTAT:PRC_HICP_MINR(1.0),02/10/26 11:00:00,Monthly,Monthly rate of change,Total,Netherlands,2012-03,1.4,,
ESTAT:PRC_HICP_MINR(1.0),02/10/26 11:00:00,Monthly,Monthly rate of change,Total,Netherlands,2012-04,0.5,,
ESTAT:PRC_HICP_MINR(1.0),02/10/26 11:00:00,Monthly,Monthly rate of change,Total,Netherlands,2012-05,-0.2,,
ESTAT:PRC_HICP_MINR(1.0),02/10/26 11:00:00,Monthly,Monthly rate of change,Total,Netherlands,2012-06,-0.6,,
ESTAT:PRC_HICP_MINR(1.0),02/10/26 11:00:00,Monthly,Monthly rate of change,Total,Netherlands,2012-07,0.4,,
ESTAT:PRC_HICP_MINR(1.0),02/10/26 11:00:00,Monthly,Monthly rate of change,Total,Netherlands,2012-08,0.1,,
ESTAT:PRC_HICP_MINR(1.0),02/10/26 11:00:00,Monthly,Monthly rate of change,Total,Netherlands,2012-09,0.5,,
ESTAT:PRC_HICP_MINR(1.0),02/10/26 11:00:00,Monthly,Monthly rate of change,Total,Netherlands,2012-10,0.8,,
ESTAT:PRC_HICP_MINR(1.0),02/10/26 11:00:00,Monthly,Monthly rate of change,Total,Netherlands,2012-11,-0.5,,
ESTAT:PRC_HICP_MINR(1.0),02/10/26 11:00:00,Monthly,Monthly rate of change,Total,Netherlands,2012-12,-0.1,,
ESTAT:PRC_HICP_MINR(1.0),02/10/26 11:00:00,Monthly,Monthly rate of change,Total,Netherlands,2013-01,0.0,,
ESTAT:PRC_HICP_MINR(1.0),02/10/26 11:00:00,Monthly,Monthly rate of change,Total,Netherlands,2013-02,1.0,,
ESTAT:PRC_HICP_MINR(1.0),02/10/26 11:00:00,Monthly,Monthly rate of change,Total,Netherlands,2013-03,1.3,,
ESTAT:PRC_HICP_MINR(1.0),02/10/26 11:00:00,Monthly,Monthly rate of change,Total,Netherlands,2013-04,0.1,,
ESTAT:PRC_HICP_MINR(1.0),02/10/26 11:00:00,Monthly,Monthly rate of change,Total,Netherlands,2013-05,0.0,,
ESTAT:PRC_HICP_MINR(1.0),02/10/26 11:00:00,Monthly,Monthly rate of change,Total,Netherlands,2013-06,-0.5,,
ESTAT:PRC_HICP_MINR(1.0),02/10/26 11:00:00,Monthly,Monthly rate of change,Total,Netherlands,2013-07,0.4,,
ESTAT:PRC_HICP_MINR(1.0),02/10/26 11:00:00,Monthly,Monthly rate of change,Total,Netherlands,2013-08,-0.2,,
ESTAT:PRC_HICP_MINR(1.0),02/10/26 11:00:00,Monthly,Monthly rate of change,Total,Netherlands,2013-09,0.1,,
ESTAT:PRC_HICP_MINR(1.0),02/10/26 11:00:00,Monthly,Monthly rate of change,Total,Netherlands,2013-10,-0.3,,
ESTAT:PRC_HICP_MINR(1.0),02/10/26 11:00:00,Monthly,Monthly rate of change,Total,Netherlands,2013-11,-0.6,,
ESTAT:PRC_HICP_MINR(1.0),02/10/26 11:00:00,Monthly,Monthly rate of change,Total,Netherlands,2013-12,0.1,,
ESTAT:PRC_HICP_MINR(1.0),02/10/26 11:00:00,Monthly,Monthly rate of change,Total,Netherlands,2014-01,-0.6,,
ESTAT:PRC_HICP_MINR(1.0),02/10/26 11:00:00,Monthly,Monthly rate of change,Total,Netherlands,2014-02,0.6,,
ESTAT:PRC_HICP_MINR(1.0),02/10/26 11:00:00,Monthly,Monthly rate of change,Total,Netherlands,2014-03,1.1,,
ESTAT:PRC_HICP_MINR(1.0),02/10/26 11:00:00,Monthly,Monthly rate of change,Total,Netherlands,2014-04,0.6,,
ESTAT:PRC_HICP_MINR(1.0),02/10/26 11:00:00,Monthly,Monthly rate of change,Total,Netherlands,2014-05,-0.5,,
ESTAT:PRC_HICP_MINR(1.0),02/10/26 11:00:00,Monthly,Monthly rate of change,Total,Netherlands,2014-06,-0.4,,
ESTAT:PRC_HICP_MINR(1.0),02/10/26 11:00:00,Monthly,Monthly rate of change,Total,Netherlands,2014-07,0.3,,
ESTAT:PRC_HICP_MINR(1.0),02/10/26 11:00:00,Monthly,Monthly rate of change,Total,Netherlands,2014-08,-0.1,,
ESTAT:PRC_HICP_MINR(1.0),02/10/26 11:00:00,Monthly,Monthly rate of change,Total,Netherlands,2014-09,0.0,,
ESTAT:PRC_HICP_MINR(1.0),02/10/26 11:00:00,Monthly,Monthly rate of change,Total,Netherlands,2014-10,-0.1,,
ESTAT:PRC_HICP_MINR(1.0),02/10/26 11:00:00,Monthly,Monthly rate of change,Total,Netherlands,2014-11,-0.7,,
ESTAT:PRC_HICP_MINR(1.0),02/10/26 11:00:00,Monthly,Monthly rate of change,Total,Netherlands,2014-12,-0.2,,
ESTAT:PRC_HICP_MINR(1.0),02/10/26 11:00:00,Monthly,Monthly rate of change,Total,Netherlands,2015-01,-1.2,,
ESTAT:PRC_HICP_MINR(1.0),02/10/26 11:00:00,Monthly,Monthly rate of change,Total,Netherlands,2015-02,0.8,,
ESTAT:PRC_HICP_MINR(1.0),02/10/26 11:00:00,Monthly,Monthly rate of change,Total,Netherlands,2015-03,1.3,,
ESTAT:PRC_HICP_MINR(1.0),02/10/26 11:00:00,Monthly,Monthly rate of change,Total,Netherlands,2015-04,0.8,,
ESTAT:PRC_HICP_MINR(1.0),02/10/26 11:00:00,Monthly,Monthly rate of change,Total,Netherlands,2015-05,0.3,,
ESTAT:PRC_HICP_MINR(1.0),02/10/26 11:00:00,Monthly,Monthly rate of change,Total,Netherlands,2015-06,-0.6,,
ESTAT:PRC_HICP_MINR(1.0),02/10/26 11:00:00,Monthly,Monthly rate of change,Total,Netherlands,2015-07,0.7,,
ESTAT:PRC_HICP_MINR(1.0),02/10/26 11:00:00,Monthly,Monthly rate of change,Total,Netherlands,2015-08,-0.5,,
ESTAT:PRC_HICP_MINR(1.0),02/10/26 11:00:00,Monthly,Monthly rate of change,Total,Netherlands,2015-09,-0.2,,
ESTAT:PRC_HICP_MINR(1.0),02/10/26 11:00:00,Monthly,Monthly rate of change,Total,Netherlands,2015-10,0.0,,
ESTAT:PRC_HICP_MINR(1.0),02/10/26 11:00:00,Monthly,Monthly rate of change,Total,Netherlands,2015-11,-0.8,,
ESTAT:PRC_HICP_MINR(1.0),02/10/26 11:00:00,Monthly,Monthly rate of change,Total,Netherlands,2015-12,-0.1,,
ESTAT:PRC_HICP_MINR(1.0),02/10/26 11:00:00,Monthly,Monthly rate of change,Total,Netherlands,2016-01,-1.5,,
ESTAT:PRC_HICP_MINR(1.0),02/10/26 11:00:00,Monthly,Monthly rate of change,Total,Netherlands,2016-02,0.9,,
ESTAT:PRC_HICP_MINR(1.0),02/10/26 11:00:00,Monthly,Monthly rate of change,Total,Netherlands,2016-03,1.5,,
ESTAT:PRC_HICP_MINR(1.0),02/10/26 11:00:00,Monthly,Monthly rate of change,Total,Netherlands,2016-04,0.1,,
ESTAT:PRC_HICP_MINR(1.0),02/10/26 11:00:00,Monthly,Monthly rate of change,Total,Netherlands,2016-05,0.2,,
ESTAT:PRC_HICP_MINR(1.0),02/10/26 11:00:00,Monthly,Monthly rate of change,Total,Netherlands,2016-06,-0.6,,
ESTAT:PRC_HICP_MINR(1.0),02/10/26 11:00:00,Monthly,Monthly rate of change,Total,Netherlands,2016-07,0.3,,
ESTAT:PRC_HICP_MINR(1.0),02/10/26 11:00:00,Monthly,Monthly rate of change,Total,Netherlands,2016-08,0.2,,
ESTAT:PRC_HICP_MINR(1.0),02/10/26 11:00:00,Monthly,Monthly rate of change,Total,Netherlands,2016-09,-0.4,,
ESTAT:PRC_HICP_MINR(1.0),02/10/26 11:00:00,Monthly,Monthly rate of change,Total,Netherlands,2016-10,0.4,,
ESTAT:PRC_HICP_MINR(1.0),02/10/26 11:00:00,Monthly,Monthly rate of change,Total,Netherlands,2016-11,-0.6,,
ESTAT:PRC_HICP_MINR(1.0),02/10/26 11:00:00,Monthly,Monthly rate of change,Total,Netherlands,2016-12,0.3,,
ESTAT:PRC_HICP_MINR(1.0),02/10/26 11:00:00,Monthly,Monthly rate of change,Total,Netherlands,2017-01,-0.6,,
ESTAT:PRC_HICP_MINR(1.0),02/10/26 11:00:00,Monthly,Monthly rate of change,Total,Netherlands,2017-02,1.0,,
ESTAT:PRC_HICP_MINR(1.0),02/10/26 11:00:00,Monthly,Monthly rate of change,Total,Netherlands,2017-03,0.4,,
ESTAT:PRC_HICP_MINR(1.0),02/10/26 11:00:00,Monthly,Monthly rate of change,Total,Netherlands,2017-04,0.9,,
ESTAT:PRC_HICP_MINR(1.0),02/10/26 11:00:00,Monthly,Monthly rate of change,Total,Netherlands,2017-05,-0.4,,
ESTAT:PRC_HICP_MINR(1.0),02/10/26 11:00:00,Monthly,Monthly rate of change,Total,Netherlands,2017-06,-0.3,,
ESTAT:PRC_HICP_MINR(1.0),02/10/26 11:00:00,Monthly,Monthly rate of change,Total,Netherlands,2017-07,0.8,,
ESTAT:PRC_HICP_MINR(1.0),02/10/26 11:00:00,Monthly,Monthly rate of change,Total,Netherlands,2017-08,0.2,,
ESTAT:PRC_HICP_MINR(1.0),02/10/26 11:00:00,Monthly,Monthly rate of change,Total,Netherlands,2017-09,-0.4,,
ESTAT:PRC_HICP_MINR(1.0),02/10/26 11:00:00,Monthly,Monthly rate of change,Total,Netherlands,2017-10,0.2,,
ESTAT:PRC_HICP_MINR(1.0),02/10/26 11:00:00,Monthly,Monthly rate of change,Total,Netherlands,2017-11,-0.4,,
ESTAT:PRC_HICP_MINR(1.0),02/10/26 11:00:00,Monthly,Monthly rate of change,Total,Netherlands,2017-12,-0.1,,
ESTAT:PRC_HICP_MINR(1.0),02/10/26 11:00:00,Monthly,Monthly rate of change,Total,Netherlands,2018-01,-0.4,,
ESTAT:PRC_HICP_MINR(1.0),02/10/26 11:00:00,Monthly,Monthly rate of change,Total,Netherlands,2018-02,0.7,,
ESTAT:PRC_HICP_MINR(1.0),02/10/26 11:00:00,Monthly,Monthly rate of change,Total,Netherlands,2018-03,0.2,,
ESTAT:PRC_HICP_MINR(1.0),02/10/26 11:00:00,Monthly,Monthly rate of change,Total,Netherlands,2018-04,0.9,,
ESTAT:PRC_HICP_MINR(1.0),02/10/26 11:00:00,Monthly,Monthly rate of change,Total,Netherlands,2018-05,0.4,,
ESTAT:PRC_HICP_MINR(1.0),02/10/26 11:00:00,Monthly,Monthly rate of change,Total,Netherlands,2018-06,-0.5,,
ESTAT:PRC_HICP_MINR(1.0),02/10/26 11:00:00,Monthly,Monthly rate of change,Total,Netherlands,2018-07,1.1,,
ESTAT:PRC_HICP_MINR(1.0),02/10/26 11:00:00,Monthly,Monthly rate of change,Total,Netherlands,2018-08,0.1,,
ESTAT:PRC_HICP_MINR(1.0),02/10/26 11:00:00,Monthly,Monthly rate of change,Total,Netherlands,2018-09,-0.7,,
ESTAT:PRC_HICP_MINR(1.0),02/10/26 11:00:00,Monthly,Monthly rate of change,Total,Netherlands,2018-10,0.5,,
ESTAT:PRC_HICP_MINR(1.0),02/10/26 11:00:00,Monthly,Monthly rate of change,Total,Netherlands,2018-11,-0.5,,
ESTAT:PRC_HICP_MINR(1.0),02/10/26 11:00:00,Monthly,Monthly rate of change,Total,Netherlands,2018-12,0.0,,
ESTAT:PRC_HICP_MINR(1.0),02/10/26 11:00:00,Monthly,Monthly rate of change,Total,Netherlands,2019-01,-0.2,,
ESTAT:PRC_HICP_MINR(1.0),02/10/26 11:00:00,Monthly,Monthly rate of change,Total,Netherlands,2019-02,1.3,,
ESTAT:PRC_HICP_MINR(1.0),02/10/26 11:00:00,Monthly,Monthly rate of change,Total,Netherlands,2019-03,0.5,,
ESTAT:PRC_HICP_MINR(1.0),02/10/26 11:00:00,Monthly,Monthly rate of change,Total,Netherlands,2019-04,1.1,,
ESTAT:PRC_HICP_MINR(1.0),02/10/26 11:00:00,Monthly,Monthly rate of change,Total,Netherlands,2019-05,-0.3,,
ESTAT:PRC_HICP_MINR(1.0),02/10/26 11:00:00,Monthly,Monthly rate of change,Total,Netherlands,2019-06,-0.1,,
ESTAT:PRC_HICP_MINR(1.0),02/10/26 11:00:00,Monthly,Monthly rate of change,Total,Netherlands,2019-07,0.9,,
ESTAT:PRC_HICP_MINR(1.0),02/10/26 11:00:00,Monthly,Monthly rate of change,Total,Netherlands,2019-08,0.6,,
ESTAT:PRC_HICP_MINR(1.0),02/10/26 11:00:00,Monthly,Monthly rate of change,Total,Netherlands,2019-09,-1.1,,
ESTAT:PRC_HICP_MINR(1.0),02/10/26 11:00:00,Monthly,Monthly rate of change,Total,Netherlands,2019-10,0.6,,
ESTAT:PRC_HICP_MINR(1.0),02/10/26 11:00:00,Monthly,Monthly rate of change,Total,Netherlands,2019-11,-0.8,,
ESTAT:PRC_HICP_MINR(1.0),02/10/26 11:00:00,Monthly,Monthly rate of change,Total,Netherlands,2019-12,0.2,,
ESTAT:PRC_HICP_MINR(1.0),02/10/26 11:00:00,Monthly,Monthly rate of change,Total,Netherlands,2020-01,-1.3,,
ESTAT:PRC_HICP_MINR(1.0),02/10/26 11:00:00,Monthly,Monthly rate of change,Total,Netherlands,2020-02,0.9,,
ESTAT:PRC_HICP_MINR(1.0),02/10/26 11:00:00,Monthly,Monthly rate of change,Total,Netherlands,2020-03,0.3,,
ESTAT:PRC_HICP_MINR(1.0),02/10/26 11:00:00,Monthly,Monthly rate of change,Total,Netherlands,2020-04,1.0,,
ESTAT:PRC_HICP_MINR(1.0),02/10/26 11:00:00,Monthly,Monthly rate of change,Total,Netherlands,2020-05,-0.2,,
ESTAT:PRC_HICP_MINR(1.0),02/10/26 11:00:00,Monthly,Monthly rate of change,Total,Netherlands,2020-06,0.5,,
ESTAT:PRC_HICP_MINR(1.0),02/10/26 11:00:00,Monthly,Monthly rate of change,Total,Netherlands,2020-07,0.9,,
ESTAT:PRC_HICP_MINR(1.0),02/10/26 11:00:00,Monthly,Monthly rate of change,Total,Netherlands,2020-08,-0.7,,
ESTAT:PRC_HICP_MINR(1.0),02/10/26 11:00:00,Monthly,Monthly rate of change,Total,Netherlands,2020-09,-0.4,,
ESTAT:PRC_HICP_MINR(1.0),02/10/26 11:00:00,Monthly,Monthly rate of change,Total,Netherlands,2020-10,0.8,,
ESTAT:PRC_HICP_MINR(1.0),02/10/26 11:00:00,Monthly,Monthly rate of change,Total,Netherlands,2020-11,-1.2,,
ESTAT:PRC_HICP_MINR(1.0),02/10/26 11:00:00,Monthly,Monthly rate of change,Total,Netherlands,2020-12,0.5,,
ESTAT:PRC_HICP_MINR(1.0),02/10/26 11:00:00,Monthly,Monthly rate of change,Total,Netherlands,2021-01,-0.7,,
ESTAT:PRC_HICP_MINR(1.0),02/10/26 11:00:00,Monthly,Monthly rate of change,Total,Netherlands,2021-02,1.2,,
ESTAT:PRC_HICP_MINR(1.0),02/10/26 11:00:00,Monthly,Monthly rate of change,Total,Netherlands,2021-03,0.3,,
ESTAT:PRC_HICP_MINR(1.0),02/10/26 11:00:00,Monthly,Monthly rate of change,Total,Netherlands,2021-04,0.8,,
ESTAT:PRC_HICP_MINR(1.0),02/10/26 11:00:00,Monthly,Monthly rate of change,Total,Netherlands,2021-05,0.1,,
ESTAT:PRC_HICP_MINR(1.0),02/10/26 11:00:00,Monthly,Monthly rate of change,Total,Netherlands,2021-06,0.1,,
ESTAT:PRC_HICP_MINR(1.0),02/10/26 11:00:00,Monthly,Monthly rate of change,Total,Netherlands,2021-07,0.6,,
ESTAT:PRC_HICP_MINR(1.0),02/10/26 11:00:00,Monthly,Monthly rate of change,Total,Netherlands,2021-08,0.5,,
ESTAT:PRC_HICP_MINR(1.0),02/10/26 11:00:00,Monthly,Monthly rate of change,Total,Netherlands,2021-09,-0.1,,
ESTAT:PRC_HICP_MINR(1.0),02/10/26 11:00:00,Monthly,Monthly rate of change,Total,Netherlands,2021-10,1.6,,
ESTAT:PRC_HICP_MINR(1.0),02/10/26 11:00:00,Monthly,Monthly rate of change,Total,Netherlands,2021-11,0.8,,
ESTAT:PRC_HICP_MINR(1.0),02/10/26 11:00:00,Monthly,Monthly rate of change,Total,Netherlands,2021-12,0.9,,
ESTAT:PRC_HICP_MINR(1.0),02/10/26 11:00:00,Monthly,Monthly rate of change,Total,Netherlands,2022-01,0.5,,
ESTAT:PRC_HICP_MINR(1.0),02/10/26 11:00:00,Monthly,Monthly rate of change,Total,Netherlands,2022-02,0.8,,
ESTAT:PRC_HICP_MINR(1.0),02/10/26 11:00:00,Monthly,Monthly rate of change,Total,Netherlands,2022-03,4.4,,
ESTAT:PRC_HICP_MINR(1.0),02/10/26 11:00:00,Monthly,Monthly rate of change,Total,Netherlands,2022-04,0.4,,
ESTAT:PRC_HICP_MINR(1.0),02/10/26 11:00:00,Monthly,Monthly rate of change,Total,Netherlands,2022-05,-0.8,,
ESTAT:PRC_HICP_MINR(1.0),02/10/26 11:00:00,Monthly,Monthly rate of change,Total,Netherlands,2022-06,-0.1,,
ESTAT:PRC_HICP_MINR(1.0),02/10/26 11:00:00,Monthly,Monthly rate of change,Total,Netherlands,2022-07,2.2,,
ESTAT:PRC_HICP_MINR(1.0),02/10/26 11:00:00,Monthly,Monthly rate of change,Total,Netherlands,2022-08,2.3,,
ESTAT:PRC_HICP_MINR(1.0),02/10/26 11:00:00,Monthly,Monthly rate of change,Total,Netherlands,2022-09,2.8,,
ESTAT:PRC_HICP_MINR(1.0),02/10/26 11:00:00,Monthly,Monthly rate of change,Total,Netherlands,2022-10,1.3,,
ESTAT:PRC_HICP_MINR(1.0),02/10/26 11:00:00,Monthly,Monthly rate of change,Total,Netherlands,2022-11,-3.9,,
ESTAT:PRC_HICP_MINR(1.0),02/10/26 11:00:00,Monthly,Monthly rate of change,Total,Netherlands,2022-12,0.7,,
ESTAT:PRC_HICP_MINR(1.0),02/10/26 11:00:00,Monthly,Monthly rate of change,Total,Netherlands,2023-01,-1.9,,
ESTAT:PRC_HICP_MINR(1.0),02/10/26 11:00:00,Monthly,Monthly rate of change,Total,Netherlands,2023-02,1.3,,
ESTAT:PRC_HICP_MINR(1.0),02/10/26 11:00:00,Monthly,Monthly rate of change,Total,Netherlands,2023-03,0.2,,
ESTAT:PRC_HICP_MINR(1.0),02/10/26 11:00:00,Monthly,Monthly rate of change,Total,Netherlands,2023-04,1.6,,
ESTAT:PRC_HICP_MINR(1.0),02/10/26 11:00:00,Monthly,Monthly rate of change,Total,Netherlands,2023-05,0.2,,
ESTAT:PRC_HICP_MINR(1.0),02/10/26 11:00:00,Monthly,Monthly rate of change,Total,Netherlands,2023-06,-0.5,,
ESTAT:PRC_HICP_MINR(1.0),02/10/26 11:00:00,Monthly,Monthly rate of change,Total,Netherlands,2023-07,1.1,,
ESTAT:PRC_HICP_MINR(1.0),02/10/26 11:00:00,Monthly,Monthly rate of change,Total,Netherlands,2023-08,0.5,,
ESTAT:PRC_HICP_MINR(1.0),02/10/26 11:00:00,Monthly,Monthly rate of change,Total,Netherlands,2023-09,-0.8,,
ESTAT:PRC_HICP_MINR(1.0),02/10/26 11:00:00,Monthly,Monthly rate of change,Total,Netherlands,2023-10,0.6,,
ESTAT:PRC_HICP_MINR(1.0),02/10/26 11:00:00,Monthly,Monthly rate of change,Total,Netherlands,2023-11,-1.5,,
ESTAT:PRC_HICP_MINR(1.0),02/10/26 11:00:00,Monthly,Monthly rate of change,Total,Netherlands,2023-12,0.2,,
ESTAT:PRC_HICP_MINR(1.0),02/10/26 11:00:00,Monthly,Monthly rate of change,Total,Netherlands,2024-01,0.2,,
ESTAT:PRC_HICP_MINR(1.0),02/10/26 11:00:00,Monthly,Monthly rate of change,Total,Netherlands,2024-02,0.9,,
ESTAT:PRC_HICP_MINR(1.0),02/10/26 11:00:00,Monthly,Monthly rate of change,Total,Netherlands,2024-03,0.6,,
ESTAT:PRC_HICP_MINR(1.0),02/10/26 11:00:00,Monthly,Monthly rate of change,Total,Netherlands,2024-04,1.1,,
ESTAT:PRC_HICP_MINR(1.0),02/10/26 11:00:00,Monthly,Monthly rate of change,Total,Netherlands,2024-05,0.3,,
ESTAT:PRC_HICP_MINR(1.0),02/10/26 11:00:00,Monthly,Monthly rate of change,Total,Netherlands,2024-06,0.2,,
ESTAT:PRC_HICP_MINR(1.0),02/10/26 11:00:00,Monthly,Monthly rate of change,Total,Netherlands,2024-07,1.3,,
ESTAT:PRC_HICP_MINR(1.0),02/10/26 11:00:00,Monthly,Monthly rate of change,Total,Netherlands,2024-08,0.4,,
ESTAT:PRC_HICP_MINR(1.0),02/10/26 11:00:00,Monthly,Monthly rate of change,Total,Netherlands,2024-09,-0.9,,
ESTAT:PRC_HICP_MINR(1.0),02/10/26 11:00:00,Monthly,Monthly rate of change,Total,Netherlands,2024-10,0.6,,
ESTAT:PRC_HICP_MINR(1.0),02/10/26 11:00:00,Monthly,Monthly rate of change,Total,Netherlands,2024-11,-1.0,,
ESTAT:PRC_HICP_MINR(1.0),02/10/26 11:00:00,Monthly,Monthly rate of change,Total,Netherlands,2024-12,0.3,,
ESTAT:PRC_HICP_MINR(1.0),02/10/26 11:00:00,Monthly,Monthly rate of change,Total,Netherlands,2025-01,-0.8,,
ESTAT:PRC_HICP_MINR(1.0),02/10/26 11:00:00,Monthly,Monthly rate of change,Total,Netherlands,2025-02,1.4,,
ESTAT:PRC_HICP_MINR(1.0),02/10/26 11:00:00,Monthly,Monthly rate of change,Total,Netherlands,2025-03,0.5,,
ESTAT:PRC_HICP_MINR(1.0),02/10/26 11:00:00,Monthly,Monthly rate of change,Total,Netherlands,2025-04,1.8,,
ESTAT:PRC_HICP_MINR(1.0),02/10/26 11:00:00,Monthly,Monthly rate of change,Total,Netherlands,2025-05,-0.9,,
ESTAT:PRC_HICP_MINR(1.0),02/10/26 11:00:00,Monthly,Monthly rate of change,Total,Netherlands,2025-06,0.0,,
ESTAT:PRC_HICP_MINR(1.0),02/10/26 11:00:00,Monthly,Monthly rate of change,Total,Netherlands,2025-07,1.1,,
ESTAT:PRC_HICP_MINR(1.0),02/10/26 11:00:00,Monthly,Monthly rate of change,Total,Netherlands,2025-08,0.2,,
ESTAT:PRC_HICP_MINR(1.0),02/10/26 11:00:00,Monthly,Monthly rate of change,Total,Netherlands,2025-09,-0.4,,
ESTAT:PRC_HICP_MINR(1.0),02/10/26 11:00:00,Monthly,Monthly rate of change,Total,Netherlands,2025-10,0.7,,
ESTAT:PRC_HICP_MINR(1.0),02/10/26 11:00:00,Monthly,Monthly rate of change,Total,Netherlands,2025-11,-1.4,,
ESTAT:PRC_HICP_MINR(1.0),02/10/26 11:00:00,Monthly,Monthly rate of change,Total,Netherlands,2025-12,0.5,,
ESTAT:PRC_HICP_MINR(1.0),02/10/26 11:00:00,Monthly,Monthly rate of change,Total,Poland,2006-01,0.1,,
ESTAT:PRC_HICP_MINR(1.0),02/10/26 11:00:00,Monthly,Monthly rate of change,Total,Poland,2006-02,0.0,,
ESTAT:PRC_HICP_MINR(1.0),02/10/26 11:00:00,Monthly,Monthly rate of change,Total,Poland,2006-03,0.1,,
ESTAT:PRC_HICP_MINR(1.0),02/10/26 11:00:00,Monthly,Monthly rate of change,Total,Poland,2006-04,0.7,,
ESTAT:PRC_HICP_MINR(1.0),02/10/26 11:00:00,Monthly,Monthly rate of change,Total,Poland,2006-05,0.5,,
ESTAT:PRC_HICP_MINR(1.0),02/10/26 11:00:00,Monthly,Monthly rate of change,Total,Poland,2006-06,-0.2,,
ESTAT:PRC_HICP_MINR(1.0),02/10/26 11:00:00,Monthly,Monthly rate of change,Total,Poland,2006-07,0.0,,
ESTAT:PRC_HICP_MINR(1.0),02/10/26 11:00:00,Monthly,Monthly rate of change,Total,Poland,2006-08,0.3,,
ESTAT:PRC_HICP_MINR(1.0),02/10/26 11:00:00,Monthly,Monthly rate of change,Total,Poland,2006-09,0.1,,
ESTAT:PRC_HICP_MINR(1.0),02/10/26 11:00:00,Monthly,Monthly rate of change,Total,Poland,2006-10,-0.1,,
ESTAT:PRC_HICP_MINR(1.0),02/10/26 11:00:00,Monthly,Monthly rate of change,Total,Poland,2006-11,0.0,,
ESTAT:PRC_HICP_MINR(1.0),02/10/26 11:00:00,Monthly,Monthly rate of change,Total,Poland,2006-12,-0.2,,
ESTAT:PRC_HICP_MINR(1.0),02/10/26 11:00:00,Monthly,Monthly rate of change,Total,Poland,2007-01,0.4,,
ESTAT:PRC_HICP_MINR(1.0),02/10/26 11:00:00,Monthly,Monthly rate of change,Total,Poland,2007-02,0.3,,
ESTAT:PRC_HICP_MINR(1.0),02/10/26 11:00:00,Monthly,Monthly rate of change,Total,Poland,2007-03,0.5,,
ESTAT:PRC_HICP_MINR(1.0),02/10/26 11:00:00,Monthly,Monthly rate of change,Total,Poland,2007-04,0.5,,
ESTAT:PRC_HICP_MINR(1.0),02/10/26 11:00:00,Monthly,Monthly rate of change,Total,Poland,2007-05,0.5,,
ESTAT:PRC_HICP_MINR(1.0),02/10/26 11:00:00,Monthly,Monthly rate of change,Total,Poland,2007-06,0.2,,
ESTAT:PRC_HICP_MINR(1.0),02/10/26 11:00:00,Monthly,Monthly rate of change,Total,Poland,2007-07,-0.1,,
ESTAT:PRC_HICP_MINR(1.0),02/10/26 11:00:00,Monthly,Monthly rate of change,Total,Poland,2007-08,-0.2,,
ESTAT:PRC_HICP_MINR(1.0),02/10/26 11:00:00,Monthly,Monthly rate of change,Total,Poland,2007-09,0.7,,
ESTAT:PRC_HICP_MINR(1.0),02/10/26 11:00:00,Monthly,Monthly rate of change,Total,Poland,2007-10,0.5,,
ESTAT:PRC_HICP_MINR(1.0),02/10/26 11:00:00,Monthly,Monthly rate of change,Total,Poland,2007-11,0.6,,
ESTAT:PRC_HICP_MINR(1.0),02/10/26 11:00:00,Monthly,Monthly rate of change,Total,Poland,2007-12,0.2,,
ESTAT:PRC_HICP_MINR(1.0),02/10/26 11:00:00,Monthly,Monthly rate of change,Total,Poland,2008-01,0.5,,
ESTAT:PRC_HICP_MINR(1.0),02/10/26 11:00:00,Monthly,Monthly rate of change,Total,Poland,2008-02,0.5,,
ESTAT:PRC_HICP_MINR(1.0),02/10/26 11:00:00,Monthly,Monthly rate of change,Total,Poland,2008-03,0.4,,
ESTAT:PRC_HICP_MINR(1.0),02/10/26 11:00:00,Monthly,Monthly rate of change,Total,Poland,2008-04,0.3,,
ESTAT:PRC_HICP_MINR(1.0),02/10/26 11:00:00,Monthly,Monthly rate of change,Total,Poland,2008-05,0.7,,
ESTAT:PRC_HICP_MINR(1.0),02/10/26 11:00:00,Monthly,Monthly rate of change,Total,Poland,2008-06,0.2,,
ESTAT:PRC_HICP_MINR(1.0),02/10/26 11:00:00,Monthly,Monthly rate of change,Total,Poland,2008-07,0.0,,
ESTAT:PRC_HICP_MINR(1.0),02/10/26 11:00:00,Monthly,Monthly rate of change,Total,Poland,2008-08,-0.2,,
ESTAT:PRC_HICP_MINR(1.0),02/10/26 11:00:00,Monthly,Monthly rate of change,Total,Poland,2008-09,0.4,,
ESTAT:PRC_HICP_MINR(1.0),02/10/26 11:00:00,Monthly,Monthly rate of change,Total,Poland,2008-10,0.4,,
ESTAT:PRC_HICP_MINR(1.0),02/10/26 11:00:00,Monthly,Monthly rate of change,Total,Poland,2008-11,0.2,,
ESTAT:PRC_HICP_MINR(1.0),02/10/26 11:00:00,Monthly,Monthly rate of change,Total,Poland,2008-12,-0.1,,
ESTAT:PRC_HICP_MINR(1.0),02/10/26 11:00:00,Monthly,Monthly rate of change,Total,Poland,2009-01,0.4,,
ESTAT:PRC_HICP_MINR(1.0),02/10/26 11:00:00,Monthly,Monthly rate of change,Total,Poland,2009-02,0.9,,
ESTAT:PRC_HICP_MINR(1.0),02/10/26 11:00:00,Monthly,Monthly rate of change,Total,Poland,2009-03,0.8,,
ESTAT:PRC_HICP_MINR(1.0),02/10/26 11:00:00,Monthly,Monthly rate of change,Total,Poland,2009-04,0.7,,
ESTAT:PRC_HICP_MINR(1.0),02/10/26 11:00:00,Monthly,Monthly rate of change,Total,Poland,2009-05,0.6,,
ESTAT:PRC_HICP_MINR(1.0),02/10/26 11:00:00,Monthly,Monthly rate of change,Total,Poland,2009-06,0.2,,
ESTAT:PRC_HICP_MINR(1.0),02/10/26 11:00:00,Monthly,Monthly rate of change,Total,Poland,2009-07,0.3,,
ESTAT:PRC_HICP_MINR(1.0),02/10/26 11:00:00,Monthly,Monthly rate of change,Total,Poland,2009-08,-0.3,,
ESTAT:PRC_HICP_MINR(1.0),02/10/26 11:00:00,Monthly,Monthly rate of change,Total,Poland,2009-09,0.0,,
ESTAT:PRC_HICP_MINR(1.0),02/10/26 11:00:00,Monthly,Monthly rate of change,Total,Poland,2009-10,0.1,,
ESTAT:PRC_HICP_MINR(1.0),02/10/26 11:00:00,Monthly,Monthly rate of change,Total,Poland,2009-11,0.3,,
ESTAT:PRC_HICP_MINR(1.0),02/10/26 11:00:00,Monthly,Monthly rate of change,Total,Poland,2009-12,0.0,,
ESTAT:PRC_HICP_MINR(1.0),02/10/26 11:00:00,Monthly,Monthly rate of change,Total,Poland,2010-01,0.5,,
ESTAT:PRC_HICP_MINR(1.0),02/10/26 11:00:00,Monthly,Monthly rate of change,Total,Poland,2010-02,0.3,,
ESTAT:PRC_HICP_MINR(1.0),02/10/26 11:00:00,Monthly,Monthly rate of change,Total,Poland,2010-03,0.3,,
ESTAT:PRC_HICP_MINR(1.0),02/10/26 11:00:00,Monthly,Monthly rate of change,Total,Poland,2010-04,0.4,,
ESTAT:PRC_HICP_MINR(1.0),02/10/26 11:00:00,Monthly,Monthly rate of change,Total,Poland,2010-05,0.3,,
ESTAT:PRC_HICP_MINR(1.0),02/10/26 11:00:00,Monthly,Monthly rate of change,Total,Poland,2010-06,0.3,,
ESTAT:PRC_HICP_MINR(1.0),02/10/26 11:00:00,Monthly,Monthly rate of change,Total,Poland,2010-07,-0.2,,
ESTAT:PRC_HICP_MINR(1.0),02/10/26 11:00:00,Monthly,Monthly rate of change,Total,Poland,2010-08,-0.4,,
ESTAT:PRC_HICP_MINR(1.0),02/10/26 11:00:00,Monthly,Monthly rate of change,Total,Poland,2010-09,0.5,,
ESTAT:PRC_HICP_MINR(1.0),02/10/26 11:00:00,Monthly,Monthly rate of change,Total,Poland,2010-10,0.4,,
ESTAT:PRC_HICP_MINR(1.0),02/10/26 11:00:00,Monthly,Monthly rate of change,Total,Poland,2010-11,0.1,,
ESTAT:PRC_HICP_MINR(1.0),02/10/26 11:00:00,Monthly,Monthly rate of change,Total,Poland,2010-12,0.3,,
ESTAT:PRC_HICP_MINR(1.0),02/10/26 11:00:00,Monthly,Monthly rate of change,Total,Poland,2011-01,1.0,,
ESTAT:PRC_HICP_MINR(1.0),02/10/26 11:00:00,Monthly,Monthly rate of change,Total,Poland,2011-02,0.2,,
ESTAT:PRC_HICP_MINR(1.0),02/10/26 11:00:00,Monthly,Monthly rate of change,Total,Poland,2011-03,0.9,,
ESTAT:PRC_HICP_MINR(1.0),02/10/26 11:00:00,Monthly,Monthly rate of change,Total,Poland,2011-04,0.5,,
ESTAT:PRC_HICP_MINR(1.0),02/10/26 11:00:00,Monthly,Monthly rate of change,Total,Poland,2011-05,0.5,,
ESTAT:PRC_HICP_MINR(1.0),02/10/26 11:00:00,Monthly,Monthly rate of change,Total,Poland,2011-06,-0.3,,
ESTAT:PRC_HICP_MINR(1.0),02/10/26 11:00:00,Monthly,Monthly rate of change,Total,Poland,2011-07,-0.2,,
ESTAT:PRC_HICP_MINR(1.0),02/10/26 11:00:00,Monthly,Monthly rate of change,Total,Poland,2011-08,0.0,,
ESTAT:PRC_HICP_MINR(1.0),02/10/26 11:00:00,Monthly,Monthly rate of change,Total,Poland,2011-09,0.0,,
ESTAT:PRC_HICP_MINR(1.0),02/10/26 11:00:00,Monthly,Monthly rate of change,Total,Poland,2011-10,0.6,,
ESTAT:PRC_HICP_MINR(1.0),02/10/26 11:00:00,Monthly,Monthly rate of change,Total,Poland,2011-11,0.8,,
ESTAT:PRC_HICP_MINR(1.0),02/10/26 11:00:00,Monthly,Monthly rate of change,Total,Poland,2011-12,0.5,,
ESTAT:PRC_HICP_MINR(1.0),02/10/26 11:00:00,Monthly,Monthly rate of change,Total,Poland,2012-01,0.6,,
ESTAT:PRC_HICP_MINR(1.0),02/10/26 11:00:00,Monthly,Monthly rate of change,Total,Poland,2012-02,0.4,,
ESTAT:PRC_HICP_MINR(1.0),02/10/26 11:00:00,Monthly,Monthly rate of change,Total,Poland,2012-03,0.5,,
ESTAT:PRC_HICP_MINR(1.0),02/10/26 11:00:00,Monthly,Monthly rate of change,Total,Poland,2012-04,0.5,,
ESTAT:PRC_HICP_MINR(1.0),02/10/26 11:00:00,Monthly,Monthly rate of change,Total,Poland,2012-05,0.2,,
ESTAT:PRC_HICP_MINR(1.0),02/10/26 11:00:00,Monthly,Monthly rate of change,Total,Poland,2012-06,0.2,,
ESTAT:PRC_HICP_MINR(1.0),02/10/26 11:00:00,Monthly,Monthly rate of change,Total,Poland,2012-07,-0.4,,
ESTAT:PRC_HICP_MINR(1.0),02/10/26 11:00:00,Monthly,Monthly rate of change,Total,Poland,2012-08,-0.2,,
ESTAT:PRC_HICP_MINR(1.0),02/10/26 11:00:00,Monthly,Monthly rate of change,Total,Poland,2012-09,0.0,,
ESTAT:PRC_HICP_MINR(1.0),02/10/26 11:00:00,Monthly,Monthly rate of change,Total,Poland,2012-10,0.3,,
ESTAT:PRC_HICP_MINR(1.0),02/10/26 11:00:00,Monthly,Monthly rate of change,Total,Poland,2012-11,0.0,,
ESTAT:PRC_HICP_MINR(1.0),02/10/26 11:00:00,Monthly,Monthly rate of change,Total,Poland,2012-12,0.0,,
ESTAT:PRC_HICP_MINR(1.0),02/10/26 11:00:00,Monthly,Monthly rate of change,Total,Poland,2013-01,0.0,,
ESTAT:PRC_HICP_MINR(1.0),02/10/26 11:00:00,Monthly,Monthly rate of change,Total,Poland,2013-02,0.1,,
ESTAT:PRC_HICP_MINR(1.0),02/10/26 11:00:00,Monthly,Monthly rate of change,Total,Poland,2013-03,0.3,,
ESTAT:PRC_HICP_MINR(1.0),02/10/26 11:00:00,Monthly,Monthly rate of change,Total,Poland,2013-04,0.3,,
ESTAT:PRC_HICP_MINR(1.0),02/10/26 11:00:00,Monthly,Monthly rate of change,Total,Poland,2013-05,-0.2,,
ESTAT:PRC_HICP_MINR(1.0),02/10/26 11:00:00,Monthly,Monthly rate of change,Total,Poland,2013-06,0.0,,
ESTAT:PRC_HICP_MINR(1.0),02/10/26 11:00:00,Monthly,Monthly rate of change,Total,Poland,2013-07,0.2,,
ESTAT:PRC_HICP_MINR(1.0),02/10/26 11:00:00,Monthly,Monthly rate of change,Total,Poland,2013-08,-0.2,,
ESTAT:PRC_HICP_MINR(1.0),02/10/26 11:00:00,Monthly,Monthly rate of change,Total,Poland,2013-09,0.0,,
ESTAT:PRC_HICP_MINR(1.0),02/10/26 11:00:00,Monthly,Monthly rate of change,Total,Poland,2013-10,0.1,,
ESTAT:PRC_HICP_MINR(1.0),02/10/26 11:00:00,Monthly,Monthly rate of change,Total,Poland,2013-11,-0.2,,
ESTAT:PRC_HICP_MINR(1.0),02/10/26 11:00:00,Monthly,Monthly rate of change,Total,Poland,2013-12,0.1,,
ESTAT:PRC_HICP_MINR(1.0),02/10/26 11:00:00,Monthly,Monthly rate of change,Total,Poland,2014-01,0.1,,
ESTAT:PRC_HICP_MINR(1.0),02/10/26 11:00:00,Monthly,Monthly rate of change,Total,Poland,2014-02,0.1,,
ESTAT:PRC_HICP_MINR(1.0),02/10/26 11:00:00,Monthly,Monthly rate of change,Total,Poland,2014-03,0.2,,
ESTAT:PRC_HICP_MINR(1.0),02/10/26 11:00:00,Monthly,Monthly rate of change,Total,Poland,2014-04,0.0,,
ESTAT:PRC_HICP_MINR(1.0),02/10/26 11:00:00,Monthly,Monthly rate of change,Total,Poland,2014-05,-0.1,,
ESTAT:PRC_HICP_MINR(1.0),02/10/26 11:00:00,Monthly,Monthly rate of change,Total,Poland,2014-06,0.0,,
ESTAT:PRC_HICP_MINR(1.0),02/10/26 11:00:00,Monthly,Monthly rate of change,Total,Poland,2014-07,-0.1,,
ESTAT:PRC_HICP_MINR(1.0),02/10/26 11:00:00,Monthly,Monthly rate of change,Total,Poland,2014-08,-0.4,,
ESTAT:PRC_HICP_MINR(1.0),02/10/26 11:00:00,Monthly,Monthly rate of change,Total,Poland,2014-09,0.0,,
ESTAT:PRC_HICP_MINR(1.0),02/10/26 11:00:00,Monthly,Monthly rate of change,Total,Poland,2014-10,0.0,,
ESTAT:PRC_HICP_MINR(1.0),02/10/26 11:00:00,Monthly,Monthly rate of change,Total,Poland,2014-11,-0.2,,
ESTAT:PRC_HICP_MINR(1.0),02/10/26 11:00:00,Monthly,Monthly rate of change,Total,Poland,2014-12,-0.3,,
ESTAT:PRC_HICP_MINR(1.0),02/10/26 11:00:00,Monthly,Monthly rate of change,Total,Poland,2015-01,-0.3,,
ESTAT:PRC_HICP_MINR(1.0),02/10/26 11:00:00,Monthly,Monthly rate of change,Total,Poland,2015-02,-0.1,,
ESTAT:PRC_HICP_MINR(1.0),02/10/26 11:00:00,Monthly,Monthly rate of change,Total,Poland,2015-03,0.2,,
ESTAT:PRC_HICP_MINR(1.0),02/10/26 11:00:00,Monthly,Monthly rate of change,Total,Poland,2015-04,0.4,,
ESTAT:PRC_HICP_MINR(1.0),02/10/26 11:00:00,Monthly,Monthly rate of change,Total,Poland,2015-05,0.1,,
ESTAT:PRC_HICP_MINR(1.0),02/10/26 11:00:00,Monthly,Monthly rate of change,Total,Poland,2015-06,0.1,,
ESTAT:PRC_HICP_MINR(1.0),02/10/26 11:00:00,Monthly,Monthly rate of change,Total,Poland,2015-07,0.0,,
ESTAT:PRC_HICP_MINR(1.0),02/10/26 11:00:00,Monthly,Monthly rate of change,Total,Poland,2015-08,-0.3,,
ESTAT:PRC_HICP_MINR(1.0),02/10/26 11:00:00,Monthly,Monthly rate of change,Total,Poland,2015-09,-0.2,,
ESTAT:PRC_HICP_MINR(1.0),02/10/26 11:00:00,Monthly,Monthly rate of change,Total,Poland,2015-10,0.1,,
ESTAT:PRC_HICP_MINR(1.0),02/10/26 11:00:00,Monthly,Monthly rate of change,Total,Poland,2015-11,-0.1,,
ESTAT:PRC_HICP_MINR(1.0),02/10/26 11:00:00,Monthly,Monthly rate of change,Total,Poland,2015-12,-0.2,,
ESTAT:PRC_HICP_MINR(1.0),02/10/26 11:00:00,Monthly,Monthly rate of change,Total,Poland,2016-01,-0.2,,
ESTAT:PRC_HICP_MINR(1.0),02/10/26 11:00:00,Monthly,Monthly rate of change,Total,Poland,2016-02,0.0,,
ESTAT:PRC_HICP_MINR(1.0),02/10/26 11:00:00,Monthly,Monthly rate of change,Total,Poland,2016-03,0.1,,
ESTAT:PRC_HICP_MINR(1.0),02/10/26 11:00:00,Monthly,Monthly rate of change,Total,Poland,2016-04,0.3,,
ESTAT:PRC_HICP_MINR(1.0),02/10/26 11:00:00,Monthly,Monthly rate of change,Total,Poland,2016-05,0.2,,
ESTAT:PRC_HICP_MINR(1.0),02/10/26 11:00:00,Monthly,Monthly rate of change,Total,Poland,2016-06,0.2,,
ESTAT:PRC_HICP_MINR(1.0),02/10/26 11:00:00,Monthly,Monthly rate of change,Total,Poland,2016-07,-0.3,,
ESTAT:PRC_HICP_MINR(1.0),02/10/26 11:00:00,Monthly,Monthly rate of change,Total,Poland,2016-08,-0.2,,
ESTAT:PRC_HICP_MINR(1.0),02/10/26 11:00:00,Monthly,Monthly rate of change,Total,Poland,2016-09,0.0,,
ESTAT:PRC_HICP_MINR(1.0),02/10/26 11:00:00,Monthly,Monthly rate of change,Total,Poland,2016-10,0.4,,
ESTAT:PRC_HICP_MINR(1.0),02/10/26 11:00:00,Monthly,Monthly rate of change,Total,Poland,2016-11,0.1,,
ESTAT:PRC_HICP_MINR(1.0),02/10/26 11:00:00,Monthly,Monthly rate of change,Total,Poland,2016-12,0.5,,
ESTAT:PRC_HICP_MINR(1.0),02/10/26 11:00:00,Monthly,Monthly rate of change,Total,Poland,2017-01,0.3,,
ESTAT:PRC_HICP_MINR(1.0),02/10/26 11:00:00,Monthly,Monthly rate of change,Total,Poland,2017-02,0.5,,
ESTAT:PRC_HICP_MINR(1.0),02/10/26 11:00:00,Monthly,Monthly rate of change,Total,Poland,2017-03,0.0,,
ESTAT:PRC_HICP_MINR(1.0),02/10/26 11:00:00,Monthly,Monthly rate of change,Total,Poland,2017-04,0.3,,
ESTAT:PRC_HICP_MINR(1.0),02/10/26 11:00:00,Monthly,Monthly rate of change,Total,Poland,2017-05,-0.1,,
ESTAT:PRC_HICP_MINR(1.0),02/10/26 11:00:00,Monthly,Monthly rate of change,Total,Poland,2017-06,-0.1,,
ESTAT:PRC_HICP_MINR(1.0),02/10/26 11:00:00,Monthly,Monthly rate of change,Total,Poland,2017-07,-0.2,,
ESTAT:PRC_HICP_MINR(1.0),02/10/26 11:00:00,Monthly,Monthly rate of change,Total,Poland,2017-08,-0.2,,
ESTAT:PRC_HICP_MINR(1.0),02/10/26 11:00:00,Monthly,Monthly rate of change,Total,Poland,2017-09,0.2,,
ESTAT:PRC_HICP_MINR(1.0),02/10/26 11:00:00,Monthly,Monthly rate of change,Total,Poland,2017-10,0.4,,
ESTAT:PRC_HICP_MINR(1.0),02/10/26 11:00:00,Monthly,Monthly rate of change,Total,Poland,2017-11,0.4,,
ESTAT:PRC_HICP_MINR(1.0),02/10/26 11:00:00,Monthly,Monthly rate of change,Total,Poland,2017-12,0.2,,
ESTAT:PRC_HICP_MINR(1.0),02/10/26 11:00:00,Monthly,Monthly rate of change,Total,Poland,2018-01,0.2,,
ESTAT:PRC_HICP_MINR(1.0),02/10/26 11:00:00,Monthly,Monthly rate of change,Total,Poland,2018-02,-0.4,,
ESTAT:PRC_HICP_MINR(1.0),02/10/26 11:00:00,Monthly,Monthly rate of change,Total,Poland,2018-03,0.0,,
ESTAT:PRC_HICP_MINR(1.0),02/10/26 11:00:00,Monthly,Monthly rate of change,Total,Poland,2018-04,0.5,,
ESTAT:PRC_HICP_MINR(1.0),02/10/26 11:00:00,Monthly,Monthly rate of change,Total,Poland,2018-05,0.1,,
ESTAT:PRC_HICP_MINR(1.0),02/10/26 11:00:00,Monthly,Monthly rate of change,Total,Poland,2018-06,0.1,,
ESTAT:PRC_HICP_MINR(1.0),02/10/26 11:00:00,Monthly,Monthly rate of change,Total,Poland,2018-07,-0.2,,
ESTAT:PRC_HICP_MINR(1.0),02/10/26 11:00:00,Monthly,Monthly rate of change,Total,Poland,2018-08,-0.1,,
ESTAT:PRC_HICP_MINR(1.0),02/10/26 11:00:00,Monthly,Monthly rate of change,Total,Poland,2018-09,0.2,,
ESTAT:PRC_HICP_MINR(1.0),02/10/26 11:00:00,Monthly,Monthly rate of change,Total,Poland,2018-10,0.4,,
ESTAT:PRC_HICP_MINR(1.0),02/10/26 11:00:00,Monthly,Monthly rate of change,Total,Poland,2018-11,0.0,,
ESTAT:PRC_HICP_MINR(1.0),02/10/26 11:00:00,Monthly,Monthly rate of change,Total,Poland,2018-12,0.0,,
ESTAT:PRC_HICP_MINR(1.0),02/10/26 11:00:00,Monthly,Monthly rate of change,Total,Poland,2019-01,-0.1,,
ESTAT:PRC_HICP_MINR(1.0),02/10/26 11:00:00,Monthly,Monthly rate of change,Total,Poland,2019-02,0.3,,
ESTAT:PRC_HICP_MINR(1.0),02/10/26 11:00:00,Monthly,Monthly rate of change,Total,Poland,2019-03,0.4,,
ESTAT:PRC_HICP_MINR(1.0),02/10/26 11:00:00,Monthly,Monthly rate of change,Total,Poland,2019-04,1.0,,
ESTAT:PRC_HICP_MINR(1.0),02/10/26 11:00:00,Monthly,Monthly rate of change,Total,Poland,2019-05,0.2,,
ESTAT:PRC_HICP_MINR(1.0),02/10/26 11:00:00,Monthly,Monthly rate of change,Total,Poland,2019-06,0.2,,
ESTAT:PRC_HICP_MINR(1.0),02/10/26 11:00:00,Monthly,Monthly rate of change,Total,Poland,2019-07,0.0,,
ESTAT:PRC_HICP_MINR(1.0),02/10/26 11:00:00,Monthly,Monthly rate of change,Total,Poland,2019-08,-0.1,,
ESTAT:PRC_HICP_MINR(1.0),02/10/26 11:00:00,Monthly,Monthly rate of change,Total,Poland,2019-09,0.1,,
ESTAT:PRC_HICP_MINR(1.0),02/10/26 11:00:00,Monthly,Monthly rate of change,Total,Poland,2019-10,0.3,,
ESTAT:PRC_HICP_MINR(1.0),02/10/26 11:00:00,Monthly,Monthly rate of change,Total,Poland,2019-11,0.1,,
ESTAT:PRC_HICP_MINR(1.0),02/10/26 11:00:00,Monthly,Monthly rate of change,Total,Poland,2019-12,0.5,,
ESTAT:PRC_HICP_MINR(1.0),02/10/26 11:00:00,Monthly,Monthly rate of change,Total,Poland,2020-01,0.7,,
ESTAT:PRC_HICP_MINR(1.0),02/10/26 11:00:00,Monthly,Monthly rate of change,Total,Poland,2020-02,0.6,,
ESTAT:PRC_HICP_MINR(1.0),02/10/26 11:00:00,Monthly,Monthly rate of change,Total,Poland,2020-03,0.2,,
ESTAT:PRC_HICP_MINR(1.0),02/10/26 11:00:00,Monthly,Monthly rate of change,Total,Poland,2020-04,0.0,,
ESTAT:PRC_HICP_MINR(1.0),02/10/26 11:00:00,Monthly,Monthly rate of change,Total,Poland,2020-05,0.8,,
ESTAT:PRC_HICP_MINR(1.0),02/10/26 11:00:00,Monthly,Monthly rate of change,Total,Poland,2020-06,0.6,,
ESTAT:PRC_HICP_MINR(1.0),02/10/26 11:00:00,Monthly,Monthly rate of change,Total,Poland,2020-07,-0.1,,
ESTAT:PRC_HICP_MINR(1.0),02/10/26 11:00:00,Monthly,Monthly rate of change,Total,Poland,2020-08,-0.1,,
ESTAT:PRC_HICP_MINR(1.0),02/10/26 11:00:00,Monthly,Monthly rate of change,Total,Poland,2020-09,0.2,,
ESTAT:PRC_HICP_MINR(1.0),02/10/26 11:00:00,Monthly,Monthly rate of change,Total,Poland,2020-10,0.3,,
ESTAT:PRC_HICP_MINR(1.0),02/10/26 11:00:00,Monthly,Monthly rate of change,Total,Poland,2020-11,0.0,,
ESTAT:PRC_HICP_MINR(1.0),02/10/26 11:00:00,Monthly,Monthly rate of change,Total,Poland,2020-12,0.2,,
ESTAT:PRC_HICP_MINR(1.0),02/10/26 11:00:00,Monthly,Monthly rate of change,Total,Poland,2021-01,1.0,,
ESTAT:PRC_HICP_MINR(1.0),02/10/26 11:00:00,Monthly,Monthly rate of change,Total,Poland,2021-02,0.6,,
ESTAT:PRC_HICP_MINR(1.0),02/10/26 11:00:00,Monthly,Monthly rate of change,Total,Poland,2021-03,0.8,,
ESTAT:PRC_HICP_MINR(1.0),02/10/26 11:00:00,Monthly,Monthly rate of change,Total,Poland,2021-04,0.8,,
ESTAT:PRC_HICP_MINR(1.0),02/10/26 11:00:00,Monthly,Monthly rate of change,Total,Poland,2021-05,0.3,,
ESTAT:PRC_HICP_MINR(1.0),02/10/26 11:00:00,Monthly,Monthly rate of change,Total,Poland,2021-06,0.1,,
ESTAT:PRC_HICP_MINR(1.0),02/10/26 11:00:00,Monthly,Monthly rate of change,Total,Poland,2021-07,0.4,,
ESTAT:PRC_HICP_MINR(1.0),02/10/26 11:00:00,Monthly,Monthly rate of change,Total,Poland,2021-08,0.3,,
ESTAT:PRC_HICP_MINR(1.0),02/10/26 11:00:00,Monthly,Monthly rate of change,Total,Poland,2021-09,0.7,,
ESTAT:PRC_HICP_MINR(1.0),02/10/26 11:00:00,Monthly,Monthly rate of change,Total,Poland,2021-10,1.1,,
ESTAT:PRC_HICP_MINR(1.0),02/10/26 11:00:00,Monthly,Monthly rate of change,Total,Poland,2021-11,0.9,,
ESTAT:PRC_HICP_MINR(1.0),02/10/26 11:00:00,Monthly,Monthly rate of change,Total,Poland,2021-12,0.8,,
ESTAT:PRC_HICP_MINR(1.0),02/10/26 11:00:00,Monthly,Monthly rate of change,Total,Poland,2022-01,1.5,,
ESTAT:PRC_HICP_MINR(1.0),02/10/26 11:00:00,Monthly,Monthly rate of change,Total,Poland,2022-02,0.0,,
ESTAT:PRC_HICP_MINR(1.0),02/10/26 11:00:00,Monthly,Monthly rate of change,Total,Poland,2022-03,2.9,,
ESTAT:PRC_HICP_MINR(1.0),02/10/26 11:00:00,Monthly,Monthly rate of change,Total,Poland,2022-04,1.8,,
ESTAT:PRC_HICP_MINR(1.0),02/10/26 11:00:00,Monthly,Monthly rate of change,Total,Poland,2022-05,1.6,,
ESTAT:PRC_HICP_MINR(1.0),02/10/26 11:00:00,Monthly,Monthly rate of change,Total,Poland,2022-06,1.4,,
ESTAT:PRC_HICP_MINR(1.0),02/10/26 11:00:00,Monthly,Monthly rate of change,Total,Poland,2022-07,0.4,,
ESTAT:PRC_HICP_MINR(1.0),02/10/26 11:00:00,Monthly,Monthly rate of change,Total,Poland,2022-08,0.7,,
ESTAT:PRC_HICP_MINR(1.0),02/10/26 11:00:00,Monthly,Monthly rate of change,Total,Poland,2022-09,1.5,,
ESTAT:PRC_HICP_MINR(1.0),02/10/26 11:00:00,Monthly,Monthly rate of change,Total,Poland,2022-10,1.7,,
ESTAT:PRC_HICP_MINR(1.0),02/10/26 11:00:00,Monthly,Monthly rate of change,Total,Poland,2022-11,0.7,,
ESTAT:PRC_HICP_MINR(1.0),02/10/26 11:00:00,Monthly,Monthly rate of change,Total,Poland,2022-12,0.2,,
ESTAT:PRC_HICP_MINR(1.0),02/10/26 11:00:00,Monthly,Monthly rate of change,Total,Poland,2023-01,2.0,,
ESTAT:PRC_HICP_MINR(1.0),02/10/26 11:00:00,Monthly,Monthly rate of change,Total,Poland,2023-02,1.2,,
ESTAT:PRC_HICP_MINR(1.0),02/10/26 11:00:00,Monthly,Monthly rate of change,Total,Poland,2023-03,1.2,,
ESTAT:PRC_HICP_MINR(1.0),02/10/26 11:00:00,Monthly,Monthly rate of change,Total,Poland,2023-04,0.8,,
ESTAT:PRC_HICP_MINR(1.0),02/10/26 11:00:00,Monthly,Monthly rate of change,Total,Poland,2023-05,0.2,,
ESTAT:PRC_HICP_MINR(1.0),02/10/26 11:00:00,Monthly,Monthly rate of change,Total,Poland,2023-06,0.1,,
ESTAT:PRC_HICP_MINR(1.0),02/10/26 11:00:00,Monthly,Monthly rate of change,Total,Poland,2023-07,-0.2,,
ESTAT:PRC_HICP_MINR(1.0),02/10/26 11:00:00,Monthly,Monthly rate of change,Total,Poland,2023-08,0.0,,
ESTAT:PRC_HICP_MINR(1.0),02/10/26 11:00:00,Monthly,Monthly rate of change,Total,Poland,2023-09,-0.2,,
ESTAT:PRC_HICP_MINR(1.0),02/10/26 11:00:00,Monthly,Monthly rate of change,Total,Poland,2023-10,0.4,,
ESTAT:PRC_HICP_MINR(1.0),02/10/26 11:00:00,Monthly,Monthly rate of change,Total,Poland,2023-11,0.6,,
ESTAT:PRC_HICP_MINR(1.0),02/10/26 11:00:00,Monthly,Monthly rate of change,Total,Poland,2023-12,0.1,,
ESTAT:PRC_HICP_MINR(1.0),02/10/26 11:00:00,Monthly,Monthly rate of change,Total,Poland,2024-01,0.4,,
ESTAT:PRC_HICP_MINR(1.0),02/10/26 11:00:00,Monthly,Monthly rate of change,Total,Poland,2024-02,0.3,,
ESTAT:PRC_HICP_MINR(1.0),02/10/26 11:00:00,Monthly,Monthly rate of change,Total,Poland,2024-03,0.2,,
ESTAT:PRC_HICP_MINR(1.0),02/10/26 11:00:00,Monthly,Monthly rate of change,Total,Poland,2024-04,1.0,,
ESTAT:PRC_HICP_MINR(1.0),02/10/26 11:00:00,Monthly,Monthly rate of change,Total,Poland,2024-05,0.1,,
ESTAT:PRC_HICP_MINR(1.0),02/10/26 11:00:00,Monthly,Monthly rate of change,Total,Poland,2024-06,0.2,,
ESTAT:PRC_HICP_MINR(1.0),02/10/26 11:00:00,Monthly,Monthly rate of change,Total,Poland,2024-07,0.8,,
ESTAT:PRC_HICP_MINR(1.0),02/10/26 11:00:00,Monthly,Monthly rate of change,Total,Poland,2024-08,0.1,,
ESTAT:PRC_HICP_MINR(1.0),02/10/26 11:00:00,Monthly,Monthly rate of change,Total,Poland,2024-09,0.0,,
ESTAT:PRC_HICP_MINR(1.0),02/10/26 11:00:00,Monthly,Monthly rate of change,Total,Poland,2024-10,0.4,,
ESTAT:PRC_HICP_MINR(1.0),02/10/26 11:00:00,Monthly,Monthly rate of change,Total,Poland,2024-11,0.3,,
ESTAT:PRC_HICP_MINR(1.0),02/10/26 11:00:00,Monthly,Monthly rate of change,Total,Poland,2024-12,0.0,,
ESTAT:PRC_HICP_MINR(1.0),02/10/26 11:00:00,Monthly,Monthly rate of change,Total,Poland,2025-01,0.8,,
ESTAT:PRC_HICP_MINR(1.0),02/10/26 11:00:00,Monthly,Monthly rate of change,Total,Poland,2025-02,0.3,,
ESTAT:PRC_HICP_MINR(1.0),02/10/26 11:00:00,Monthly,Monthly rate of change,Total,Poland,2025-03,0.3,,
ESTAT:PRC_HICP_MINR(1.0),02/10/26 11:00:00,Monthly,Monthly rate of change,Total,Poland,2025-04,0.4,,
ESTAT:PRC_HICP_MINR(1.0),02/10/26 11:00:00,Monthly,Monthly rate of change,Total,Poland,2025-05,-0.1,,
ESTAT:PRC_HICP_MINR(1.0),02/10/26 11:00:00,Monthly,Monthly rate of change,Total,Poland,2025-06,0.1,,
ESTAT:PRC_HICP_MINR(1.0),02/10/26 11:00:00,Monthly,Monthly rate of change,Total,Poland,2025-07,0.3,,
ESTAT:PRC_HICP_MINR(1.0),02/10/26 11:00:00,Monthly,Monthly rate of change,Total,Poland,2025-08,-0.1,,
ESTAT:PRC_HICP_MINR(1.0),02/10/26 11:00:00,Monthly,Monthly rate of change,Total,Poland,2025-09,0.2,,
ESTAT:PRC_HICP_MINR(1.0),02/10/26 11:00:00,Monthly,Monthly rate of change,Total,Poland,2025-10,0.3,,
ESTAT:PRC_HICP_MINR(1.0),02/10/26 11:00:00,Monthly,Monthly rate of change,Total,Poland,2025-11,0.1,,
ESTAT:PRC_HICP_MINR(1.0),02/10/26 11:00:00,Monthly,Monthly rate of change,Total,Poland,2025-12,0.0,,
ESTAT:PRC_HICP_MINR(1.0),02/10/26 11:00:00,Monthly,Monthly rate of change,Total,Portugal,2006-01,-0.3,,
ESTAT:PRC_HICP_MINR(1.0),02/10/26 11:00:00,Monthly,Monthly rate of change,Total,Portugal,2006-02,0.2,,
ESTAT:PRC_HICP_MINR(1.0),02/10/26 11:00:00,Monthly,Monthly rate of change,Total,Portugal,2006-03,1.2,,
ESTAT:PRC_HICP_MINR(1.0),02/10/26 11:00:00,Monthly,Monthly rate of change,Total,Portugal,2006-04,0.6,,
ESTAT:PRC_HICP_MINR(1.0),02/10/26 11:00:00,Monthly,Monthly rate of change,Total,Portugal,2006-05,0.5,,
ESTAT:PRC_HICP_MINR(1.0),02/10/26 11:00:00,Monthly,Monthly rate of change,Total,Portugal,2006-06,0.0,,
ESTAT:PRC_HICP_MINR(1.0),02/10/26 11:00:00,Monthly,Monthly rate of change,Total,Portugal,2006-07,-0.1,,
ESTAT:PRC_HICP_MINR(1.0),02/10/26 11:00:00,Monthly,Monthly rate of change,Total,Portugal,2006-08,-0.1,,
ESTAT:PRC_HICP_MINR(1.0),02/10/26 11:00:00,Monthly,Monthly rate of change,Total,Portugal,2006-09,0.4,,
ESTAT:PRC_HICP_MINR(1.0),02/10/26 11:00:00,Monthly,Monthly rate of change,Total,Portugal,2006-10,0.0,,
ESTAT:PRC_HICP_MINR(1.0),02/10/26 11:00:00,Monthly,Monthly rate of change,Total,Portugal,2006-11,0.0,,
ESTAT:PRC_HICP_MINR(1.0),02/10/26 11:00:00,Monthly,Monthly rate of change,Total,Portugal,2006-12,0.2,,
ESTAT:PRC_HICP_MINR(1.0),02/10/26 11:00:00,Monthly,Monthly rate of change,Total,Portugal,2007-01,-0.3,,
ESTAT:PRC_HICP_MINR(1.0),02/10/26 11:00:00,Monthly,Monthly rate of change,Total,Portugal,2007-02,0.0,,
ESTAT:PRC_HICP_MINR(1.0),02/10/26 11:00:00,Monthly,Monthly rate of change,Total,Portugal,2007-03,1.3,,
ESTAT:PRC_HICP_MINR(1.0),02/10/26 11:00:00,Monthly,Monthly rate of change,Total,Portugal,2007-04,0.9,,
ESTAT:PRC_HICP_MINR(1.0),02/10/26 11:00:00,Monthly,Monthly rate of change,Total,Portugal,2007-05,0.2,,
ESTAT:PRC_HICP_MINR(1.0),02/10/26 11:00:00,Monthly,Monthly rate of change,Total,Portugal,2007-06,0.0,,
ESTAT:PRC_HICP_MINR(1.0),02/10/26 11:00:00,Monthly,Monthly rate of change,Total,Portugal,2007-07,-0.2,,
ESTAT:PRC_HICP_MINR(1.0),02/10/26 11:00:00,Monthly,Monthly rate of change,Total,Portugal,2007-08,-0.4,,
ESTAT:PRC_HICP_MINR(1.0),02/10/26 11:00:00,Monthly,Monthly rate of change,Total,Portugal,2007-09,0.4,,
ESTAT:PRC_HICP_MINR(1.0),02/10/26 11:00:00,Monthly,Monthly rate of change,Total,Portugal,2007-10,0.5,,
ESTAT:PRC_HICP_MINR(1.0),02/10/26 11:00:00,Monthly,Monthly rate of change,Total,Portugal,2007-11,0.3,,
ESTAT:PRC_HICP_MINR(1.0),02/10/26 11:00:00,Monthly,Monthly rate of change,Total,Portugal,2007-12,0.1,,
ESTAT:PRC_HICP_MINR(1.0),02/10/26 11:00:00,Monthly,Monthly rate of change,Total,Portugal,2008-01,-0.2,,
ESTAT:PRC_HICP_MINR(1.0),02/10/26 11:00:00,Monthly,Monthly rate of change,Total,Portugal,2008-02,0.0,,
ESTAT:PRC_HICP_MINR(1.0),02/10/26 11:00:00,Monthly,Monthly rate of change,Total,Portugal,2008-03,1.5,,
ESTAT:PRC_HICP_MINR(1.0),02/10/26 11:00:00,Monthly,Monthly rate of change,Total,Portugal,2008-04,0.3,,
ESTAT:PRC_HICP_MINR(1.0),02/10/26 11:00:00,Monthly,Monthly rate of change,Total,Portugal,2008-05,0.5,,
ESTAT:PRC_HICP_MINR(1.0),02/10/26 11:00:00,Monthly,Monthly rate of change,Total,Portugal,2008-06,0.5,,
ESTAT:PRC_HICP_MINR(1.0),02/10/26 11:00:00,Monthly,Monthly rate of change,Total,Portugal,2008-07,-0.5,,
ESTAT:PRC_HICP_MINR(1.0),02/10/26 11:00:00,Monthly,Monthly rate of change,Total,Portugal,2008-08,-0.5,,
ESTAT:PRC_HICP_MINR(1.0),02/10/26 11:00:00,Monthly,Monthly rate of change,Total,Portugal,2008-09,0.5,,
ESTAT:PRC_HICP_MINR(1.0),02/10/26 11:00:00,Monthly,Monthly rate of change,Total,Portugal,2008-10,-0.2,,
ESTAT:PRC_HICP_MINR(1.0),02/10/26 11:00:00,Monthly,Monthly rate of change,Total,Portugal,2008-11,-0.7,,
ESTAT:PRC_HICP_MINR(1.0),02/10/26 11:00:00,Monthly,Monthly rate of change,Total,Portugal,2008-12,-0.5,,
ESTAT:PRC_HICP_MINR(1.0),02/10/26 11:00:00,Monthly,Monthly rate of change,Total,Portugal,2009-01,-0.9,,
ESTAT:PRC_HICP_MINR(1.0),02/10/26 11:00:00,Monthly,Monthly rate of change,Total,Portugal,2009-02,0.0,,
ESTAT:PRC_HICP_MINR(1.0),02/10/26 11:00:00,Monthly,Monthly rate of change,Total,Portugal,2009-03,0.8,,
ESTAT:PRC_HICP_MINR(1.0),02/10/26 11:00:00,Monthly,Monthly rate of change,Total,Portugal,2009-04,0.4,,
ESTAT:PRC_HICP_MINR(1.0),02/10/26 11:00:00,Monthly,Monthly rate of change,Total,Portugal,2009-05,-0.2,,
ESTAT:PRC_HICP_MINR(1.0),02/10/26 11:00:00,Monthly,Monthly rate of change,Total,Portugal,2009-06,0.2,,
ESTAT:PRC_HICP_MINR(1.0),02/10/26 11:00:00,Monthly,Monthly rate of change,Total,Portugal,2009-07,-0.4,,
ESTAT:PRC_HICP_MINR(1.0),02/10/26 11:00:00,Monthly,Monthly rate of change,Total,Portugal,2009-08,-0.2,,
ESTAT:PRC_HICP_MINR(1.0),02/10/26 11:00:00,Monthly,Monthly rate of change,Total,Portugal,2009-09,-0.1,,
ESTAT:PRC_HICP_MINR(1.0),02/10/26 11:00:00,Monthly,Monthly rate of change,Total,Portugal,2009-10,0.0,,
ESTAT:PRC_HICP_MINR(1.0),02/10/26 11:00:00,Monthly,Monthly rate of change,Total,Portugal,2009-11,0.1,,
ESTAT:PRC_HICP_MINR(1.0),02/10/26 11:00:00,Monthly,Monthly rate of change,Total,Portugal,2009-12,0.2,,
ESTAT:PRC_HICP_MINR(1.0),02/10/26 11:00:00,Monthly,Monthly rate of change,Total,Portugal,2010-01,-0.6,,
ESTAT:PRC_HICP_MINR(1.0),02/10/26 11:00:00,Monthly,Monthly rate of change,Total,Portugal,2010-02,0.1,,
ESTAT:PRC_HICP_MINR(1.0),02/10/26 11:00:00,Monthly,Monthly rate of change,Total,Portugal,2010-03,1.2,,
ESTAT:PRC_HICP_MINR(1.0),02/10/26 11:00:00,Monthly,Monthly rate of change,Total,Portugal,2010-04,0.4,,
ESTAT:PRC_HICP_MINR(1.0),02/10/26 11:00:00,Monthly,Monthly rate of change,Total,Portugal,2010-05,0.2,,
ESTAT:PRC_HICP_MINR(1.0),02/10/26 11:00:00,Monthly,Monthly rate of change,Total,Portugal,2010-06,0.2,,
ESTAT:PRC_HICP_MINR(1.0),02/10/26 11:00:00,Monthly,Monthly rate of change,Total,Portugal,2010-07,0.4,,
ESTAT:PRC_HICP_MINR(1.0),02/10/26 11:00:00,Monthly,Monthly rate of change,Total,Portugal,2010-08,-0.1,,
ESTAT:PRC_HICP_MINR(1.0),02/10/26 11:00:00,Monthly,Monthly rate of change,Total,Portugal,2010-09,-0.1,,
ESTAT:PRC_HICP_MINR(1.0),02/10/26 11:00:00,Monthly,Monthly rate of change,Total,Portugal,2010-10,0.4,,
ESTAT:PRC_HICP_MINR(1.0),02/10/26 11:00:00,Monthly,Monthly rate of change,Total,Portugal,2010-11,0.1,,
ESTAT:PRC_HICP_MINR(1.0),02/10/26 11:00:00,Monthly,Monthly rate of change,Total,Portugal,2010-12,0.4,,
ESTAT:PRC_HICP_MINR(1.0),02/10/26 11:00:00,Monthly,Monthly rate of change,Total,Portugal,2011-01,0.5,,
ESTAT:PRC_HICP_MINR(1.0),02/10/26 11:00:00,Monthly,Monthly rate of change,Total,Portugal,2011-02,-0.1,,
ESTAT:PRC_HICP_MINR(1.0),02/10/26 11:00:00,Monthly,Monthly rate of change,Total,Portugal,2011-03,1.6,,
ESTAT:PRC_HICP_MINR(1.0),02/10/26 11:00:00,Monthly,Monthly rate of change,Total,Portugal,2011-04,0.5,,
ESTAT:PRC_HICP_MINR(1.0),02/10/26 11:00:00,Monthly,Monthly rate of change,Total,Portugal,2011-05,-0.1,,
ESTAT:PRC_HICP_MINR(1.0),02/10/26 11:00:00,Monthly,Monthly rate of change,Total,Portugal,2011-06,-0.2,,
ESTAT:PRC_HICP_MINR(1.0),02/10/26 11:00:00,Monthly,Monthly rate of change,Total,Portugal,2011-07,0.1,,
ESTAT:PRC_HICP_MINR(1.0),02/10/26 11:00:00,Monthly,Monthly rate of change,Total,Portugal,2011-08,-0.4,,
ESTAT:PRC_HICP_MINR(1.0),02/10/26 11:00:00,Monthly,Monthly rate of change,Total,Portugal,2011-09,0.6,,
ESTAT:PRC_HICP_MINR(1.0),02/10/26 11:00:00,Monthly,Monthly rate of change,Total,Portugal,2011-10,0.9,,
ESTAT:PRC_HICP_MINR(1.0),02/10/26 11:00:00,Monthly,Monthly rate of change,Total,Portugal,2011-11,-0.1,,
ESTAT:PRC_HICP_MINR(1.0),02/10/26 11:00:00,Monthly,Monthly rate of change,Total,Portugal,2011-12,0.1,,
ESTAT:PRC_HICP_MINR(1.0),02/10/26 11:00:00,Monthly,Monthly rate of change,Total,Portugal,2012-01,0.3,,
ESTAT:PRC_HICP_MINR(1.0),02/10/26 11:00:00,Monthly,Monthly rate of change,Total,Portugal,2012-02,0.1,,
ESTAT:PRC_HICP_MINR(1.0),02/10/26 11:00:00,Monthly,Monthly rate of change,Total,Portugal,2012-03,1.2,,
ESTAT:PRC_HICP_MINR(1.0),02/10/26 11:00:00,Monthly,Monthly rate of change,Total,Portugal,2012-04,0.3,,
ESTAT:PRC_HICP_MINR(1.0),02/10/26 11:00:00,Monthly,Monthly rate of change,Total,Portugal,2012-05,-0.3,,
ESTAT:PRC_HICP_MINR(1.0),02/10/26 11:00:00,Monthly,Monthly rate of change,Total,Portugal,2012-06,-0.2,,
ESTAT:PRC_HICP_MINR(1.0),02/10/26 11:00:00,Monthly,Monthly rate of change,Total,Portugal,2012-07,0.2,,
ESTAT:PRC_HICP_MINR(1.0),02/10/26 11:00:00,Monthly,Monthly rate of change,Total,Portugal,2012-08,-0.1,,
ESTAT:PRC_HICP_MINR(1.0),02/10/26 11:00:00,Monthly,Monthly rate of change,Total,Portugal,2012-09,0.4,,
ESTAT:PRC_HICP_MINR(1.0),02/10/26 11:00:00,Monthly,Monthly rate of change,Total,Portugal,2012-10,0.1,,
ESTAT:PRC_HICP_MINR(1.0),02/10/26 11:00:00,Monthly,Monthly rate of change,Total,Portugal,2012-11,-0.4,,
ESTAT:PRC_HICP_MINR(1.0),02/10/26 11:00:00,Monthly,Monthly rate of change,Total,Portugal,2012-12,0.2,,
ESTAT:PRC_HICP_MINR(1.0),02/10/26 11:00:00,Monthly,Monthly rate of change,Total,Portugal,2013-01,-1.3,,
ESTAT:PRC_HICP_MINR(1.0),02/10/26 11:00:00,Monthly,Monthly rate of change,Total,Portugal,2013-02,-0.1,,
ESTAT:PRC_HICP_MINR(1.0),02/10/26 11:00:00,Monthly,Monthly rate of change,Total,Portugal,2013-03,1.7,,
ESTAT:PRC_HICP_MINR(1.0),02/10/26 11:00:00,Monthly,Monthly rate of change,Total,Portugal,2013-04,0.1,,
ESTAT:PRC_HICP_MINR(1.0),02/10/26 11:00:00,Monthly,Monthly rate of change,Total,Portugal,2013-05,0.2,,
ESTAT:PRC_HICP_MINR(1.0),02/10/26 11:00:00,Monthly,Monthly rate of change,Total,Portugal,2013-06,0.0,,
ESTAT:PRC_HICP_MINR(1.0),02/10/26 11:00:00,Monthly,Monthly rate of change,Total,Portugal,2013-07,-0.2,,
ESTAT:PRC_HICP_MINR(1.0),02/10/26 11:00:00,Monthly,Monthly rate of change,Total,Portugal,2013-08,-0.7,,
ESTAT:PRC_HICP_MINR(1.0),02/10/26 11:00:00,Monthly,Monthly rate of change,Total,Portugal,2013-09,0.5,,
ESTAT:PRC_HICP_MINR(1.0),02/10/26 11:00:00,Monthly,Monthly rate of change,Total,Portugal,2013-10,-0.1,,
ESTAT:PRC_HICP_MINR(1.0),02/10/26 11:00:00,Monthly,Monthly rate of change,Total,Portugal,2013-11,-0.3,,
ESTAT:PRC_HICP_MINR(1.0),02/10/26 11:00:00,Monthly,Monthly rate of change,Total,Portugal,2013-12,0.4,,
ESTAT:PRC_HICP_MINR(1.0),02/10/26 11:00:00,Monthly,Monthly rate of change,Total,Portugal,2014-01,-1.4,,
ESTAT:PRC_HICP_MINR(1.0),02/10/26 11:00:00,Monthly,Monthly rate of change,Total,Portugal,2014-02,-0.3,,
ESTAT:PRC_HICP_MINR(1.0),02/10/26 11:00:00,Monthly,Monthly rate of change,Total,Portugal,2014-03,1.4,,
ESTAT:PRC_HICP_MINR(1.0),02/10/26 11:00:00,Monthly,Monthly rate of change,Total,Portugal,2014-04,0.3,,
ESTAT:PRC_HICP_MINR(1.0),02/10/26 11:00:00,Monthly,Monthly rate of change,Total,Portugal,2014-05,0.1,,
ESTAT:PRC_HICP_MINR(1.0),02/10/26 11:00:00,Monthly,Monthly rate of change,Total,Portugal,2014-06,0.1,,
ESTAT:PRC_HICP_MINR(1.0),02/10/26 11:00:00,Monthly,Monthly rate of change,Total,Portugal,2014-07,-0.6,,
ESTAT:PRC_HICP_MINR(1.0),02/10/26 11:00:00,Monthly,Monthly rate of change,Total,Portugal,2014-08,-0.1,,
ESTAT:PRC_HICP_MINR(1.0),02/10/26 11:00:00,Monthly,Monthly rate of change,Total,Portugal,2014-09,0.5,,
ESTAT:PRC_HICP_MINR(1.0),02/10/26 11:00:00,Monthly,Monthly rate of change,Total,Portugal,2014-10,0.0,,
ESTAT:PRC_HICP_MINR(1.0),02/10/26 11:00:00,Monthly,Monthly rate of change,Total,Portugal,2014-11,-0.4,,
ESTAT:PRC_HICP_MINR(1.0),02/10/26 11:00:00,Monthly,Monthly rate of change,Total,Portugal,2014-12,0.0,,
ESTAT:PRC_HICP_MINR(1.0),02/10/26 11:00:00,Monthly,Monthly rate of change,Total,Portugal,2015-01,-1.5,,
ESTAT:PRC_HICP_MINR(1.0),02/10/26 11:00:00,Monthly,Monthly rate of change,Total,Portugal,2015-02,0.0,,
ESTAT:PRC_HICP_MINR(1.0),02/10/26 11:00:00,Monthly,Monthly rate of change,Total,Portugal,2015-03,1.9,,
ESTAT:PRC_HICP_MINR(1.0),02/10/26 11:00:00,Monthly,Monthly rate of change,Total,Portugal,2015-04,0.4,,
ESTAT:PRC_HICP_MINR(1.0),02/10/26 11:00:00,Monthly,Monthly rate of change,Total,Portugal,2015-05,0.5,,
ESTAT:PRC_HICP_MINR(1.0),02/10/26 11:00:00,Monthly,Monthly rate of change,Total,Portugal,2015-06,-0.1,,
ESTAT:PRC_HICP_MINR(1.0),02/10/26 11:00:00,Monthly,Monthly rate of change,Total,Portugal,2015-07,-0.7,,
ESTAT:PRC_HICP_MINR(1.0),02/10/26 11:00:00,Monthly,Monthly rate of change,Total,Portugal,2015-08,-0.1,,
ESTAT:PRC_HICP_MINR(1.0),02/10/26 11:00:00,Monthly,Monthly rate of change,Total,Portugal,2015-09,0.7,,
ESTAT:PRC_HICP_MINR(1.0),02/10/26 11:00:00,Monthly,Monthly rate of change,Total,Portugal,2015-10,-0.1,,
ESTAT:PRC_HICP_MINR(1.0),02/10/26 11:00:00,Monthly,Monthly rate of change,Total,Portugal,2015-11,-0.4,,
ESTAT:PRC_HICP_MINR(1.0),02/10/26 11:00:00,Monthly,Monthly rate of change,Total,Portugal,2015-12,-0.3,,
ESTAT:PRC_HICP_MINR(1.0),02/10/26 11:00:00,Monthly,Monthly rate of change,Total,Portugal,2016-01,-1.1,,
ESTAT:PRC_HICP_MINR(1.0),02/10/26 11:00:00,Monthly,Monthly rate of change,Total,Portugal,2016-02,-0.5,,
ESTAT:PRC_HICP_MINR(1.0),02/10/26 11:00:00,Monthly,Monthly rate of change,Total,Portugal,2016-03,2.2,,
ESTAT:PRC_HICP_MINR(1.0),02/10/26 11:00:00,Monthly,Monthly rate of change,Total,Portugal,2016-04,0.4,,
ESTAT:PRC_HICP_MINR(1.0),02/10/26 11:00:00,Monthly,Monthly rate of change,Total,Portugal,2016-05,0.4,,
ESTAT:PRC_HICP_MINR(1.0),02/10/26 11:00:00,Monthly,Monthly rate of change,Total,Portugal,2016-06,0.2,,
ESTAT:PRC_HICP_MINR(1.0),02/10/26 11:00:00,Monthly,Monthly rate of change,Total,Portugal,2016-07,-0.6,,
ESTAT:PRC_HICP_MINR(1.0),02/10/26 11:00:00,Monthly,Monthly rate of change,Total,Portugal,2016-08,0.0,,
ESTAT:PRC_HICP_MINR(1.0),02/10/26 11:00:00,Monthly,Monthly rate of change,Total,Portugal,2016-09,0.7,,
ESTAT:PRC_HICP_MINR(1.0),02/10/26 11:00:00,Monthly,Monthly rate of change,Total,Portugal,2016-10,0.2,,
ESTAT:PRC_HICP_MINR(1.0),02/10/26 11:00:00,Monthly,Monthly rate of change,Total,Portugal,2016-11,-1.0,,
ESTAT:PRC_HICP_MINR(1.0),02/10/26 11:00:00,Monthly,Monthly rate of change,Total,Portugal,2016-12,0.0,,
ESTAT:PRC_HICP_MINR(1.0),02/10/26 11:00:00,Monthly,Monthly rate of change,Total,Portugal,2017-01,-0.7,,
ESTAT:PRC_HICP_MINR(1.0),02/10/26 11:00:00,Monthly,Monthly rate of change,Total,Portugal,2017-02,-0.2,,
ESTAT:PRC_HICP_MINR(1.0),02/10/26 11:00:00,Monthly,Monthly rate of change,Total,Portugal,2017-03,2.0,,
ESTAT:PRC_HICP_MINR(1.0),02/10/26 11:00:00,Monthly,Monthly rate of change,Total,Portugal,2017-04,1.5,,
ESTAT:PRC_HICP_MINR(1.0),02/10/26 11:00:00,Monthly,Monthly rate of change,Total,Portugal,2017-05,-0.3,,
ESTAT:PRC_HICP_MINR(1.0),02/10/26 11:00:00,Monthly,Monthly rate of change,Total,Portugal,2017-06,-0.5,,
ESTAT:PRC_HICP_MINR(1.0),02/10/26 11:00:00,Monthly,Monthly rate of change,Total,Portugal,2017-07,-0.6,,
ESTAT:PRC_HICP_MINR(1.0),02/10/26 11:00:00,Monthly,Monthly rate of change,Total,Portugal,2017-08,0.2,,
ESTAT:PRC_HICP_MINR(1.0),02/10/26 11:00:00,Monthly,Monthly rate of change,Total,Portugal,2017-09,1.0,,
ESTAT:PRC_HICP_MINR(1.0),02/10/26 11:00:00,Monthly,Monthly rate of change,Total,Portugal,2017-10,0.5,,
ESTAT:PRC_HICP_MINR(1.0),02/10/26 11:00:00,Monthly,Monthly rate of change,Total,Portugal,2017-11,-1.1,,
ESTAT:PRC_HICP_MINR(1.0),02/10/26 11:00:00,Monthly,Monthly rate of change,Total,Portugal,2017-12,-0.2,,
ESTAT:PRC_HICP_MINR(1.0),02/10/26 11:00:00,Monthly,Monthly rate of change,Total,Portugal,2018-01,-1.2,,
ESTAT:PRC_HICP_MINR(1.0),02/10/26 11:00:00,Monthly,Monthly rate of change,Total,Portugal,2018-02,-0.6,,
ESTAT:PRC_HICP_MINR(1.0),02/10/26 11:00:00,Monthly,Monthly rate of change,Total,Portugal,2018-03,2.2,,
ESTAT:PRC_HICP_MINR(1.0),02/10/26 11:00:00,Monthly,Monthly rate of change,Total,Portugal,2018-04,1.0,,
ESTAT:PRC_HICP_MINR(1.0),02/10/26 11:00:00,Monthly,Monthly rate of change,Total,Portugal,2018-05,0.8,,
ESTAT:PRC_HICP_MINR(1.0),02/10/26 11:00:00,Monthly,Monthly rate of change,Total,Portugal,2018-06,0.0,,
ESTAT:PRC_HICP_MINR(1.0),02/10/26 11:00:00,Monthly,Monthly rate of change,Total,Portugal,2018-07,-0.4,,
ESTAT:PRC_HICP_MINR(1.0),02/10/26 11:00:00,Monthly,Monthly rate of change,Total,Portugal,2018-08,-0.7,,
ESTAT:PRC_HICP_MINR(1.0),02/10/26 11:00:00,Monthly,Monthly rate of change,Total,Portugal,2018-09,1.5,,
ESTAT:PRC_HICP_MINR(1.0),02/10/26 11:00:00,Monthly,Monthly rate of change,Total,Portugal,2018-10,-0.5,,
ESTAT:PRC_HICP_MINR(1.0),02/10/26 11:00:00,Monthly,Monthly rate of change,Total,Portugal,2018-11,-1.0,,
ESTAT:PRC_HICP_MINR(1.0),02/10/26 11:00:00,Monthly,Monthly rate of change,Total,Portugal,2018-12,-0.4,,
ESTAT:PRC_HICP_MINR(1.0),02/10/26 11:00:00,Monthly,Monthly rate of change,Total,Portugal,2019-01,-1.2,,
ESTAT:PRC_HICP_MINR(1.0),02/10/26 11:00:00,Monthly,Monthly rate of change,Total,Portugal,2019-02,-0.3,,
ESTAT:PRC_HICP_MINR(1.0),02/10/26 11:00:00,Monthly,Monthly rate of change,Total,Portugal,2019-03,2.0,,
ESTAT:PRC_HICP_MINR(1.0),02/10/26 11:00:00,Monthly,Monthly rate of change,Total,Portugal,2019-04,1.0,,
ESTAT:PRC_HICP_MINR(1.0),02/10/26 11:00:00,Monthly,Monthly rate of change,Total,Portugal,2019-05,0.3,,
ESTAT:PRC_HICP_MINR(1.0),02/10/26 11:00:00,Monthly,Monthly rate of change,Total,Portugal,2019-06,0.4,,
ESTAT:PRC_HICP_MINR(1.0),02/10/26 11:00:00,Monthly,Monthly rate of change,Total,Portugal,2019-07,-1.7,,
ESTAT:PRC_HICP_MINR(1.0),02/10/26 11:00:00,Monthly,Monthly rate of change,Total,Portugal,2019-08,-0.1,,
ESTAT:PRC_HICP_MINR(1.0),02/10/26 11:00:00,Monthly,Monthly rate of change,Total,Portugal,2019-09,1.4,,
ESTAT:PRC_HICP_MINR(1.0),02/10/26 11:00:00,Monthly,Monthly rate of change,Total,Portugal,2019-10,-0.4,,
ESTAT:PRC_HICP_MINR(1.0),02/10/26 11:00:00,Monthly,Monthly rate of change,Total,Portugal,2019-11,-0.7,,
ESTAT:PRC_HICP_MINR(1.0),02/10/26 11:00:00,Monthly,Monthly rate of change,Total,Portugal,2019-12,-0.3,,
ESTAT:PRC_HICP_MINR(1.0),02/10/26 11:00:00,Monthly,Monthly rate of change,Total,Portugal,2020-01,-0.8,,
ESTAT:PRC_HICP_MINR(1.0),02/10/26 11:00:00,Monthly,Monthly rate of change,Total,Portugal,2020-02,-0.6,,
ESTAT:PRC_HICP_MINR(1.0),02/10/26 11:00:00,Monthly,Monthly rate of change,Total,Portugal,2020-03,1.7,,
ESTAT:PRC_HICP_MINR(1.0),02/10/26 11:00:00,Monthly,Monthly rate of change,Total,Portugal,2020-04,0.8,,
ESTAT:PRC_HICP_MINR(1.0),02/10/26 11:00:00,Monthly,Monthly rate of change,Total,Portugal,2020-05,-0.3,,
ESTAT:PRC_HICP_MINR(1.0),02/10/26 11:00:00,Monthly,Monthly rate of change,Total,Portugal,2020-06,1.2,,
ESTAT:PRC_HICP_MINR(1.0),02/10/26 11:00:00,Monthly,Monthly rate of change,Total,Portugal,2020-07,-2.0,,
ESTAT:PRC_HICP_MINR(1.0),02/10/26 11:00:00,Monthly,Monthly rate of change,Total,Portugal,2020-08,-0.2,,
ESTAT:PRC_HICP_MINR(1.0),02/10/26 11:00:00,Monthly,Monthly rate of change,Total,Portugal,2020-09,0.8,,
ESTAT:PRC_HICP_MINR(1.0),02/10/26 11:00:00,Monthly,Monthly rate of change,Total,Portugal,2020-10,-0.1,,
ESTAT:PRC_HICP_MINR(1.0),02/10/26 11:00:00,Monthly,Monthly rate of change,Total,Portugal,2020-11,-0.5,,
ESTAT:PRC_HICP_MINR(1.0),02/10/26 11:00:00,Monthly,Monthly rate of change,Total,Portugal,2020-12,-0.1,,
ESTAT:PRC_HICP_MINR(1.0),02/10/26 11:00:00,Monthly,Monthly rate of change,Total,Portugal,2021-01,-0.3,,
ESTAT:PRC_HICP_MINR(1.0),02/10/26 11:00:00,Monthly,Monthly rate of change,Total,Portugal,2021-02,-0.5,,
ESTAT:PRC_HICP_MINR(1.0),02/10/26 11:00:00,Monthly,Monthly rate of change,Total,Portugal,2021-03,1.5,,
ESTAT:PRC_HICP_MINR(1.0),02/10/26 11:00:00,Monthly,Monthly rate of change,Total,Portugal,2021-04,0.5,,
ESTAT:PRC_HICP_MINR(1.0),02/10/26 11:00:00,Monthly,Monthly rate of change,Total,Portugal,2021-05,0.3,,
ESTAT:PRC_HICP_MINR(1.0),02/10/26 11:00:00,Monthly,Monthly rate of change,Total,Portugal,2021-06,0.2,,
ESTAT:PRC_HICP_MINR(1.0),02/10/26 11:00:00,Monthly,Monthly rate of change,Total,Portugal,2021-07,-0.4,,
ESTAT:PRC_HICP_MINR(1.0),02/10/26 11:00:00,Monthly,Monthly rate of change,Total,Portugal,2021-08,-0.1,,
ESTAT:PRC_HICP_MINR(1.0),02/10/26 11:00:00,Monthly,Monthly rate of change,Total,Portugal,2021-09,0.8,,
ESTAT:PRC_HICP_MINR(1.0),02/10/26 11:00:00,Monthly,Monthly rate of change,Total,Portugal,2021-10,0.4,,
ESTAT:PRC_HICP_MINR(1.0),02/10/26 11:00:00,Monthly,Monthly rate of change,Total,Portugal,2021-11,0.2,,
ESTAT:PRC_HICP_MINR(1.0),02/10/26 11:00:00,Monthly,Monthly rate of change,Total,Portugal,2021-12,0.0,,
ESTAT:PRC_HICP_MINR(1.0),02/10/26 11:00:00,Monthly,Monthly rate of change,Total,Portugal,2022-01,0.3,,
ESTAT:PRC_HICP_MINR(1.0),02/10/26 11:00:00,Monthly,Monthly rate of change,Total,Portugal,2022-02,0.5,,
ESTAT:PRC_HICP_MINR(1.0),02/10/26 11:00:00,Monthly,Monthly rate of change,Total,Portugal,2022-03,2.6,,
ESTAT:PRC_HICP_MINR(1.0),02/10/26 11:00:00,Monthly,Monthly rate of change,Total,Portugal,2022-04,2.4,,
ESTAT:PRC_HICP_MINR(1.0),02/10/26 11:00:00,Monthly,Monthly rate of change,Total,Portugal,2022-05,1.0,,
ESTAT:PRC_HICP_MINR(1.0),02/10/26 11:00:00,Monthly,Monthly rate of change,Total,Portugal,2022-06,1.1,,
ESTAT:PRC_HICP_MINR(1.0),02/10/26 11:00:00,Monthly,Monthly rate of change,Total,Portugal,2022-07,0.0,,
ESTAT:PRC_HICP_MINR(1.0),02/10/26 11:00:00,Monthly,Monthly rate of change,Total,Portugal,2022-08,-0.2,,
ESTAT:PRC_HICP_MINR(1.0),02/10/26 11:00:00,Monthly,Monthly rate of change,Total,Portugal,2022-09,1.3,,
ESTAT:PRC_HICP_MINR(1.0),02/10/26 11:00:00,Monthly,Monthly rate of change,Total,Portugal,2022-10,1.1,,
ESTAT:PRC_HICP_MINR(1.0),02/10/26 11:00:00,Monthly,Monthly rate of change,Total,Portugal,2022-11,0.0,,
ESTAT:PRC_HICP_MINR(1.0),02/10/26 11:00:00,Monthly,Monthly rate of change,Total,Portugal,2022-12,-0.4,,
ESTAT:PRC_HICP_MINR(1.0),02/10/26 11:00:00,Monthly,Monthly rate of change,Total,Portugal,2023-01,-0.8,,
ESTAT:PRC_HICP_MINR(1.0),02/10/26 11:00:00,Monthly,Monthly rate of change,Total,Portugal,2023-02,0.4,,
ESTAT:PRC_HICP_MINR(1.0),02/10/26 11:00:00,Monthly,Monthly rate of change,Total,Portugal,2023-03,2.0,,
ESTAT:PRC_HICP_MINR(1.0),02/10/26 11:00:00,Monthly,Monthly rate of change,Total,Portugal,2023-04,1.3,,
ESTAT:PRC_HICP_MINR(1.0),02/10/26 11:00:00,Monthly,Monthly rate of change,Total,Portugal,2023-05,-0.4,,
ESTAT:PRC_HICP_MINR(1.0),02/10/26 11:00:00,Monthly,Monthly rate of change,Total,Portugal,2023-06,0.4,,
ESTAT:PRC_HICP_MINR(1.0),02/10/26 11:00:00,Monthly,Monthly rate of change,Total,Portugal,2023-07,-0.4,,
ESTAT:PRC_HICP_MINR(1.0),02/10/26 11:00:00,Monthly,Monthly rate of change,Total,Portugal,2023-08,0.8,,
ESTAT:PRC_HICP_MINR(1.0),02/10/26 11:00:00,Monthly,Monthly rate of change,Total,Portugal,2023-09,0.8,,
ESTAT:PRC_HICP_MINR(1.0),02/10/26 11:00:00,Monthly,Monthly rate of change,Total,Portugal,2023-10,-0.4,,
ESTAT:PRC_HICP_MINR(1.0),02/10/26 11:00:00,Monthly,Monthly rate of change,Total,Portugal,2023-11,-1.0,,
ESTAT:PRC_HICP_MINR(1.0),02/10/26 11:00:00,Monthly,Monthly rate of change,Total,Portugal,2023-12,-0.7,,
ESTAT:PRC_HICP_MINR(1.0),02/10/26 11:00:00,Monthly,Monthly rate of change,Total,Portugal,2024-01,-0.2,,
ESTAT:PRC_HICP_MINR(1.0),02/10/26 11:00:00,Monthly,Monthly rate of change,Total,Portugal,2024-02,0.2,,
ESTAT:PRC_HICP_MINR(1.0),02/10/26 11:00:00,Monthly,Monthly rate of change,Total,Portugal,2024-03,2.3,,
ESTAT:PRC_HICP_MINR(1.0),02/10/26 11:00:00,Monthly,Monthly rate of change,Total,Portugal,2024-04,1.1,,
ESTAT:PRC_HICP_MINR(1.0),02/10/26 11:00:00,Monthly,Monthly rate of change,Total,Portugal,2024-05,1.0,,
ESTAT:PRC_HICP_MINR(1.0),02/10/26 11:00:00,Monthly,Monthly rate of change,Total,Portugal,2024-06,-0.3,,
ESTAT:PRC_HICP_MINR(1.0),02/10/26 11:00:00,Monthly,Monthly rate of change,Total,Portugal,2024-07,-0.8,,
ESTAT:PRC_HICP_MINR(1.0),02/10/26 11:00:00,Monthly,Monthly rate of change,Total,Portugal,2024-08,-0.1,,
ESTAT:PRC_HICP_MINR(1.0),02/10/26 11:00:00,Monthly,Monthly rate of change,Total,Portugal,2024-09,1.6,,
ESTAT:PRC_HICP_MINR(1.0),02/10/26 11:00:00,Monthly,Monthly rate of change,Total,Portugal,2024-10,-0.4,,
ESTAT:PRC_HICP_MINR(1.0),02/10/26 11:00:00,Monthly,Monthly rate of change,Total,Portugal,2024-11,-1.0,,
ESTAT:PRC_HICP_MINR(1.0),02/10/26 11:00:00,Monthly,Monthly rate of change,Total,Portugal,2024-12,-0.3,,
ESTAT:PRC_HICP_MINR(1.0),02/10/26 11:00:00,Monthly,Monthly rate of change,Total,Portugal,2025-01,-0.6,,
ESTAT:PRC_HICP_MINR(1.0),02/10/26 11:00:00,Monthly,Monthly rate of change,Total,Portugal,2025-02,-0.1,,
ESTAT:PRC_HICP_MINR(1.0),02/10/26 11:00:00,Monthly,Monthly rate of change,Total,Portugal,2025-03,1.7,,
ESTAT:PRC_HICP_MINR(1.0),02/10/26 11:00:00,Monthly,Monthly rate of change,Total,Portugal,2025-04,1.3,,
ESTAT:PRC_HICP_MINR(1.0),02/10/26 11:00:00,Monthly,Monthly rate of change,Total,Portugal,2025-05,0.6,,
ESTAT:PRC_HICP_MINR(1.0),02/10/26 11:00:00,Monthly,Monthly rate of change,Total,Portugal,2025-06,0.1,,
ESTAT:PRC_HICP_MINR(1.0),02/10/26 11:00:00,Monthly,Monthly rate of change,Total,Portugal,2025-07,-0.3,,
ESTAT:PRC_HICP_MINR(1.0),02/10/26 11:00:00,Monthly,Monthly rate of change,Total,Portugal,2025-08,-0.1,,
ESTAT:PRC_HICP_MINR(1.0),02/10/26 11:00:00,Monthly,Monthly rate of change,Total,Portugal,2025-09,1.0,,
ESTAT:PRC_HICP_MINR(1.0),02/10/26 11:00:00,Monthly,Monthly rate of change,Total,Portugal,2025-10,-0.3,,
ESTAT:PRC_HICP_MINR(1.0),02/10/26 11:00:00,Monthly,Monthly rate of change,Total,Portugal,2025-11,-0.9,,
ESTAT:PRC_HICP_MINR(1.0),02/10/26 11:00:00,Monthly,Monthly rate of change,Total,Portugal,2025-12,0.0,,
ESTAT:PRC_HICP_MINR(1.0),02/10/26 11:00:00,Monthly,Monthly rate of change,Total,Romania,2006-01,1.0,,
ESTAT:PRC_HICP_MINR(1.0),02/10/26 11:00:00,Monthly,Monthly rate of change,Total,Romania,2006-02,0.2,,
ESTAT:PRC_HICP_MINR(1.0),02/10/26 11:00:00,Monthly,Monthly rate of change,Total,Romania,2006-03,0.2,,
ESTAT:PRC_HICP_MINR(1.0),02/10/26 11:00:00,Monthly,Monthly rate of change,Total,Romania,2006-04,0.4,,
ESTAT:PRC_HICP_MINR(1.0),02/10/26 11:00:00,Monthly,Monthly rate of change,Total,Romania,2006-05,0.6,,
ESTAT:PRC_HICP_MINR(1.0),02/10/26 11:00:00,Monthly,Monthly rate of change,Total,Romania,2006-06,0.2,,
ESTAT:PRC_HICP_MINR(1.0),02/10/26 11:00:00,Monthly,Monthly rate of change,Total,Romania,2006-07,0.1,,
ESTAT:PRC_HICP_MINR(1.0),02/10/26 11:00:00,Monthly,Monthly rate of change,Total,Romania,2006-08,-0.1,,
ESTAT:PRC_HICP_MINR(1.0),02/10/26 11:00:00,Monthly,Monthly rate of change,Total,Romania,2006-09,0.1,,
ESTAT:PRC_HICP_MINR(1.0),02/10/26 11:00:00,Monthly,Monthly rate of change,Total,Romania,2006-10,0.2,,
ESTAT:PRC_HICP_MINR(1.0),02/10/26 11:00:00,Monthly,Monthly rate of change,Total,Romania,2006-11,1.1,,
ESTAT:PRC_HICP_MINR(1.0),02/10/26 11:00:00,Monthly,Monthly rate of change,Total,Romania,2006-12,0.8,,
ESTAT:PRC_HICP_MINR(1.0),02/10/26 11:00:00,Monthly,Monthly rate of change,Total,Romania,2007-01,0.2,,
ESTAT:PRC_HICP_MINR(1.0),02/10/26 11:00:00,Monthly,Monthly rate of change,Total,Romania,2007-02,0.0,,
ESTAT:PRC_HICP_MINR(1.0),02/10/26 11:00:00,Monthly,Monthly rate of change,Total,Romania,2007-03,0.1,,
ESTAT:PRC_HICP_MINR(1.0),02/10/26 11:00:00,Monthly,Monthly rate of change,Total,Romania,2007-04,0.5,,
ESTAT:PRC_HICP_MINR(1.0),02/10/26 11:00:00,Monthly,Monthly rate of change,Total,Romania,2007-05,0.7,,
ESTAT:PRC_HICP_MINR(1.0),02/10/26 11:00:00,Monthly,Monthly rate of change,Total,Romania,2007-06,0.2,,
ESTAT:PRC_HICP_MINR(1.0),02/10/26 11:00:00,Monthly,Monthly rate of change,Total,Romania,2007-07,0.3,,
ESTAT:PRC_HICP_MINR(1.0),02/10/26 11:00:00,Monthly,Monthly rate of change,Total,Romania,2007-08,0.9,,
ESTAT:PRC_HICP_MINR(1.0),02/10/26 11:00:00,Monthly,Monthly rate of change,Total,Romania,2007-09,1.1,,
ESTAT:PRC_HICP_MINR(1.0),02/10/26 11:00:00,Monthly,Monthly rate of change,Total,Romania,2007-10,1.0,,
ESTAT:PRC_HICP_MINR(1.0),02/10/26 11:00:00,Monthly,Monthly rate of change,Total,Romania,2007-11,0.9,,
ESTAT:PRC_HICP_MINR(1.0),02/10/26 11:00:00,Monthly,Monthly rate of change,Total,Romania,2007-12,0.6,,
ESTAT:PRC_HICP_MINR(1.0),02/10/26 11:00:00,Monthly,Monthly rate of change,Total,Romania,2008-01,0.8,,
ESTAT:PRC_HICP_MINR(1.0),02/10/26 11:00:00,Monthly,Monthly rate of change,Total,Romania,2008-02,0.7,,
ESTAT:PRC_HICP_MINR(1.0),02/10/26 11:00:00,Monthly,Monthly rate of change,Total,Romania,2008-03,0.7,,
ESTAT:PRC_HICP_MINR(1.0),02/10/26 11:00:00,Monthly,Monthly rate of change,Total,Romania,2008-04,0.5,,
ESTAT:PRC_HICP_MINR(1.0),02/10/26 11:00:00,Monthly,Monthly rate of change,Total,Romania,2008-05,0.5,,
ESTAT:PRC_HICP_MINR(1.0),02/10/26 11:00:00,Monthly,Monthly rate of change,Total,Romania,2008-06,0.3,,
ESTAT:PRC_HICP_MINR(1.0),02/10/26 11:00:00,Monthly,Monthly rate of change,Total,Romania,2008-07,0.7,,
ESTAT:PRC_HICP_MINR(1.0),02/10/26 11:00:00,Monthly,Monthly rate of change,Total,Romania,2008-08,-0.1,,
ESTAT:PRC_HICP_MINR(1.0),02/10/26 11:00:00,Monthly,Monthly rate of change,Total,Romania,2008-09,0.4,,
ESTAT:PRC_HICP_MINR(1.0),02/10/26 11:00:00,Monthly,Monthly rate of change,Total,Romania,2008-10,1.1,,
ESTAT:PRC_HICP_MINR(1.0),02/10/26 11:00:00,Monthly,Monthly rate of change,Total,Romania,2008-11,0.3,,
ESTAT:PRC_HICP_MINR(1.0),02/10/26 11:00:00,Monthly,Monthly rate of change,Total,Romania,2008-12,0.2,,
ESTAT:PRC_HICP_MINR(1.0),02/10/26 11:00:00,Monthly,Monthly rate of change,Total,Romania,2009-01,1.3,,
ESTAT:PRC_HICP_MINR(1.0),02/10/26 11:00:00,Monthly,Monthly rate of change,Total,Romania,2009-02,0.8,,
ESTAT:PRC_HICP_MINR(1.0),02/10/26 11:00:00,Monthly,Monthly rate of change,Total,Romania,2009-03,0.5,,
ESTAT:PRC_HICP_MINR(1.0),02/10/26 11:00:00,Monthly,Monthly rate of change,Total,Romania,2009-04,0.3,,
ESTAT:PRC_HICP_MINR(1.0),02/10/26 11:00:00,Monthly,Monthly rate of change,Total,Romania,2009-05,0.0,,
ESTAT:PRC_HICP_MINR(1.0),02/10/26 11:00:00,Monthly,Monthly rate of change,Total,Romania,2009-06,0.2,,
ESTAT:PRC_HICP_MINR(1.0),02/10/26 11:00:00,Monthly,Monthly rate of change,Total,Romania,2009-07,-0.1,,
ESTAT:PRC_HICP_MINR(1.0),02/10/26 11:00:00,Monthly,Monthly rate of change,Total,Romania,2009-08,-0.2,,
ESTAT:PRC_HICP_MINR(1.0),02/10/26 11:00:00,Monthly,Monthly rate of change,Total,Romania,2009-09,0.4,,
ESTAT:PRC_HICP_MINR(1.0),02/10/26 11:00:00,Monthly,Monthly rate of change,Total,Romania,2009-10,0.4,,
ESTAT:PRC_HICP_MINR(1.0),02/10/26 11:00:00,Monthly,Monthly rate of change,Total,Romania,2009-11,0.7,,
ESTAT:PRC_HICP_MINR(1.0),02/10/26 11:00:00,Monthly,Monthly rate of change,Total,Romania,2009-12,0.3,,
ESTAT:PRC_HICP_MINR(1.0),02/10/26 11:00:00,Monthly,Monthly rate of change,Total,Romania,2010-01,1.7,,
ESTAT:PRC_HICP_MINR(1.0),02/10/26 11:00:00,Monthly,Monthly rate of change,Total,Romania,2010-02,0.2,,
ESTAT:PRC_HICP_MINR(1.0),02/10/26 11:00:00,Monthly,Monthly rate of change,Total,Romania,2010-03,0.2,,
ESTAT:PRC_HICP_MINR(1.0),02/10/26 11:00:00,Monthly,Monthly rate of change,Total,Romania,2010-04,0.3,,
ESTAT:PRC_HICP_MINR(1.0),02/10/26 11:00:00,Monthly,Monthly rate of change,Total,Romania,2010-05,0.1,,
ESTAT:PRC_HICP_MINR(1.0),02/10/26 11:00:00,Monthly,Monthly rate of change,Total,Romania,2010-06,0.1,,
ESTAT:PRC_HICP_MINR(1.0),02/10/26 11:00:00,Monthly,Monthly rate of change,Total,Romania,2010-07,2.6,,
ESTAT:PRC_HICP_MINR(1.0),02/10/26 11:00:00,Monthly,Monthly rate of change,Total,Romania,2010-08,0.2,,
ESTAT:PRC_HICP_MINR(1.0),02/10/26 11:00:00,Monthly,Monthly rate of change,Total,Romania,2010-09,0.6,,
ESTAT:PRC_HICP_MINR(1.0),02/10/26 11:00:00,Monthly,Monthly rate of change,Total,Romania,2010-10,0.6,,
ESTAT:PRC_HICP_MINR(1.0),02/10/26 11:00:00,Monthly,Monthly rate of change,Total,Romania,2010-11,0.5,,
ESTAT:PRC_HICP_MINR(1.0),02/10/26 11:00:00,Monthly,Monthly rate of change,Total,Romania,2010-12,0.5,,
ESTAT:PRC_HICP_MINR(1.0),02/10/26 11:00:00,Monthly,Monthly rate of change,Total,Romania,2011-01,0.8,,
ESTAT:PRC_HICP_MINR(1.0),02/10/26 11:00:00,Monthly,Monthly rate of change,Total,Romania,2011-02,0.8,,
ESTAT:PRC_HICP_MINR(1.0),02/10/26 11:00:00,Monthly,Monthly rate of change,Total,Romania,2011-03,0.6,,
ESTAT:PRC_HICP_MINR(1.0),02/10/26 11:00:00,Monthly,Monthly rate of change,Total,Romania,2011-04,0.7,,
ESTAT:PRC_HICP_MINR(1.0),02/10/26 11:00:00,Monthly,Monthly rate of change,Total,Romania,2011-05,0.2,,
ESTAT:PRC_HICP_MINR(1.0),02/10/26 11:00:00,Monthly,Monthly rate of change,Total,Romania,2011-06,-0.3,,
ESTAT:PRC_HICP_MINR(1.0),02/10/26 11:00:00,Monthly,Monthly rate of change,Total,Romania,2011-07,-0.4,,
ESTAT:PRC_HICP_MINR(1.0),02/10/26 11:00:00,Monthly,Monthly rate of change,Total,Romania,2011-08,-0.3,,
ESTAT:PRC_HICP_MINR(1.0),02/10/26 11:00:00,Monthly,Monthly rate of change,Total,Romania,2011-09,-0.2,,
ESTAT:PRC_HICP_MINR(1.0),02/10/26 11:00:00,Monthly,Monthly rate of change,Total,Romania,2011-10,0.6,,
ESTAT:PRC_HICP_MINR(1.0),02/10/26 11:00:00,Monthly,Monthly rate of change,Total,Romania,2011-11,0.4,,
ESTAT:PRC_HICP_MINR(1.0),02/10/26 11:00:00,Monthly,Monthly rate of change,Total,Romania,2011-12,0.2,,
ESTAT:PRC_HICP_MINR(1.0),02/10/26 11:00:00,Monthly,Monthly rate of change,Total,Romania,2012-01,0.4,,
ESTAT:PRC_HICP_MINR(1.0),02/10/26 11:00:00,Monthly,Monthly rate of change,Total,Romania,2012-02,0.7,,
ESTAT:PRC_HICP_MINR(1.0),02/10/26 11:00:00,Monthly,Monthly rate of change,Total,Romania,2012-03,0.4,,
ESTAT:PRC_HICP_MINR(1.0),02/10/26 11:00:00,Monthly,Monthly rate of change,Total,Romania,2012-04,0.1,,
ESTAT:PRC_HICP_MINR(1.0),02/10/26 11:00:00,Monthly,Monthly rate of change,Total,Romania,2012-05,0.3,,
ESTAT:PRC_HICP_MINR(1.0),02/10/26 11:00:00,Monthly,Monthly rate of change,Total,Romania,2012-06,-0.1,,
ESTAT:PRC_HICP_MINR(1.0),02/10/26 11:00:00,Monthly,Monthly rate of change,Total,Romania,2012-07,0.5,,
ESTAT:PRC_HICP_MINR(1.0),02/10/26 11:00:00,Monthly,Monthly rate of change,Total,Romania,2012-08,0.5,,
ESTAT:PRC_HICP_MINR(1.0),02/10/26 11:00:00,Monthly,Monthly rate of change,Total,Romania,2012-09,1.1,,
ESTAT:PRC_HICP_MINR(1.0),02/10/26 11:00:00,Monthly,Monthly rate of change,Total,Romania,2012-10,0.2,,
ESTAT:PRC_HICP_MINR(1.0),02/10/26 11:00:00,Monthly,Monthly rate of change,Total,Romania,2012-11,-0.1,,
ESTAT:PRC_HICP_MINR(1.0),02/10/26 11:00:00,Monthly,Monthly rate of change,Total,Romania,2012-12,0.3,,
ESTAT:PRC_HICP_MINR(1.0),02/10/26 11:00:00,Monthly,Monthly rate of change,Total,Romania,2013-01,0.9,,
ESTAT:PRC_HICP_MINR(1.0),02/10/26 11:00:00,Monthly,Monthly rate of change,Total,Romania,2013-02,0.4,,
ESTAT:PRC_HICP_MINR(1.0),02/10/26 11:00:00,Monthly,Monthly rate of change,Total,Romania,2013-03,0.1,,
ESTAT:PRC_HICP_MINR(1.0),02/10/26 11:00:00,Monthly,Monthly rate of change,Total,Romania,2013-04,0.0,,
ESTAT:PRC_HICP_MINR(1.0),02/10/26 11:00:00,Monthly,Monthly rate of change,Total,Romania,2013-05,0.3,,
ESTAT:PRC_HICP_MINR(1.0),02/10/26 11:00:00,Monthly,Monthly rate of change,Total,Romania,2013-06,0.0,,
ESTAT:PRC_HICP_MINR(1.0),02/10/26 11:00:00,Monthly,Monthly rate of change,Total,Romania,2013-07,-0.5,,
ESTAT:PRC_HICP_MINR(1.0),02/10/26 11:00:00,Monthly,Monthly rate of change,Total,Romania,2013-08,-0.2,,
ESTAT:PRC_HICP_MINR(1.0),02/10/26 11:00:00,Monthly,Monthly rate of change,Total,Romania,2013-09,-0.4,,
ESTAT:PRC_HICP_MINR(1.0),02/10/26 11:00:00,Monthly,Monthly rate of change,Total,Romania,2013-10,0.3,,
ESTAT:PRC_HICP_MINR(1.0),02/10/26 11:00:00,Monthly,Monthly rate of change,Total,Romania,2013-11,0.0,,
ESTAT:PRC_HICP_MINR(1.0),02/10/26 11:00:00,Monthly,Monthly rate of change,Total,Romania,2013-12,0.4,,
ESTAT:PRC_HICP_MINR(1.0),02/10/26 11:00:00,Monthly,Monthly rate of change,Total,Romania,2014-01,0.8,,
ESTAT:PRC_HICP_MINR(1.0),02/10/26 11:00:00,Monthly,Monthly rate of change,Total,Romania,2014-02,0.5,,
ESTAT:PRC_HICP_MINR(1.0),02/10/26 11:00:00,Monthly,Monthly rate of change,Total,Romania,2014-03,0.1,,
ESTAT:PRC_HICP_MINR(1.0),02/10/26 11:00:00,Monthly,Monthly rate of change,Total,Romania,2014-04,0.3,,
ESTAT:PRC_HICP_MINR(1.0),02/10/26 11:00:00,Monthly,Monthly rate of change,Total,Romania,2014-05,0.0,,
ESTAT:PRC_HICP_MINR(1.0),02/10/26 11:00:00,Monthly,Monthly rate of change,Total,Romania,2014-06,-0.3,,
ESTAT:PRC_HICP_MINR(1.0),02/10/26 11:00:00,Monthly,Monthly rate of change,Total,Romania,2014-07,0.0,,
ESTAT:PRC_HICP_MINR(1.0),02/10/26 11:00:00,Monthly,Monthly rate of change,Total,Romania,2014-08,-0.4,,
ESTAT:PRC_HICP_MINR(1.0),02/10/26 11:00:00,Monthly,Monthly rate of change,Total,Romania,2014-09,0.1,,
ESTAT:PRC_HICP_MINR(1.0),02/10/26 11:00:00,Monthly,Monthly rate of change,Total,Romania,2014-10,0.2,,
ESTAT:PRC_HICP_MINR(1.0),02/10/26 11:00:00,Monthly,Monthly rate of change,Total,Romania,2014-11,-0.2,,
ESTAT:PRC_HICP_MINR(1.0),02/10/26 11:00:00,Monthly,Monthly rate of change,Total,Romania,2014-12,-0.1,,
ESTAT:PRC_HICP_MINR(1.0),02/10/26 11:00:00,Monthly,Monthly rate of change,Total,Romania,2015-01,0.3,,
ESTAT:PRC_HICP_MINR(1.0),02/10/26 11:00:00,Monthly,Monthly rate of change,Total,Romania,2015-02,0.4,,
ESTAT:PRC_HICP_MINR(1.0),02/10/26 11:00:00,Monthly,Monthly rate of change,Total,Romania,2015-03,0.5,,
ESTAT:PRC_HICP_MINR(1.0),02/10/26 11:00:00,Monthly,Monthly rate of change,Total,Romania,2015-04,0.2,,
ESTAT:PRC_HICP_MINR(1.0),02/10/26 11:00:00,Monthly,Monthly rate of change,Total,Romania,2015-05,0.6,,
ESTAT:PRC_HICP_MINR(1.0),02/10/26 11:00:00,Monthly,Monthly rate of change,Total,Romania,2015-06,-2.5,,
ESTAT:PRC_HICP_MINR(1.0),02/10/26 11:00:00,Monthly,Monthly rate of change,Total,Romania,2015-07,-0.5,,
ESTAT:PRC_HICP_MINR(1.0),02/10/26 11:00:00,Monthly,Monthly rate of change,Total,Romania,2015-08,-0.6,,
ESTAT:PRC_HICP_MINR(1.0),02/10/26 11:00:00,Monthly,Monthly rate of change,Total,Romania,2015-09,0.3,,
ESTAT:PRC_HICP_MINR(1.0),02/10/26 11:00:00,Monthly,Monthly rate of change,Total,Romania,2015-10,0.3,,
ESTAT:PRC_HICP_MINR(1.0),02/10/26 11:00:00,Monthly,Monthly rate of change,Total,Romania,2015-11,0.3,,
ESTAT:PRC_HICP_MINR(1.0),02/10/26 11:00:00,Monthly,Monthly rate of change,Total,Romania,2015-12,0.1,,
ESTAT:PRC_HICP_MINR(1.0),02/10/26 11:00:00,Monthly,Monthly rate of change,Total,Romania,2016-01,-0.5,,
ESTAT:PRC_HICP_MINR(1.0),02/10/26 11:00:00,Monthly,Monthly rate of change,Total,Romania,2016-02,-0.3,,
ESTAT:PRC_HICP_MINR(1.0),02/10/26 11:00:00,Monthly,Monthly rate of change,Total,Romania,2016-03,0.2,,
ESTAT:PRC_HICP_MINR(1.0),02/10/26 11:00:00,Monthly,Monthly rate of change,Total,Romania,2016-04,0.0,,
ESTAT:PRC_HICP_MINR(1.0),02/10/26 11:00:00,Monthly,Monthly rate of change,Total,Romania,2016-05,0.3,,
ESTAT:PRC_HICP_MINR(1.0),02/10/26 11:00:00,Monthly,Monthly rate of change,Total,Romania,2016-06,-0.2,,
ESTAT:PRC_HICP_MINR(1.0),02/10/26 11:00:00,Monthly,Monthly rate of change,Total,Romania,2016-07,-0.2,,
ESTAT:PRC_HICP_MINR(1.0),02/10/26 11:00:00,Monthly,Monthly rate of change,Total,Romania,2016-08,0.0,,
ESTAT:PRC_HICP_MINR(1.0),02/10/26 11:00:00,Monthly,Monthly rate of change,Total,Romania,2016-09,-0.2,,
ESTAT:PRC_HICP_MINR(1.0),02/10/26 11:00:00,Monthly,Monthly rate of change,Total,Romania,2016-10,0.5,,
ESTAT:PRC_HICP_MINR(1.0),02/10/26 11:00:00,Monthly,Monthly rate of change,Total,Romania,2016-11,0.0,,
ESTAT:PRC_HICP_MINR(1.0),02/10/26 11:00:00,Monthly,Monthly rate of change,Total,Romania,2016-12,0.3,,
ESTAT:PRC_HICP_MINR(1.0),02/10/26 11:00:00,Monthly,Monthly rate of change,Total,Romania,2017-01,-0.1,,
ESTAT:PRC_HICP_MINR(1.0),02/10/26 11:00:00,Monthly,Monthly rate of change,Total,Romania,2017-02,-0.1,,
ESTAT:PRC_HICP_MINR(1.0),02/10/26 11:00:00,Monthly,Monthly rate of change,Total,Romania,2017-03,0.1,,
ESTAT:PRC_HICP_MINR(1.0),02/10/26 11:00:00,Monthly,Monthly rate of change,Total,Romania,2017-04,0.2,,
ESTAT:PRC_HICP_MINR(1.0),02/10/26 11:00:00,Monthly,Monthly rate of change,Total,Romania,2017-05,0.2,,
ESTAT:PRC_HICP_MINR(1.0),02/10/26 11:00:00,Monthly,Monthly rate of change,Total,Romania,2017-06,-0.1,,
ESTAT:PRC_HICP_MINR(1.0),02/10/26 11:00:00,Monthly,Monthly rate of change,Total,Romania,2017-07,0.0,,
ESTAT:PRC_HICP_MINR(1.0),02/10/26 11:00:00,Monthly,Monthly rate of change,Total,Romania,2017-08,-0.2,,
ESTAT:PRC_HICP_MINR(1.0),02/10/26 11:00:00,Monthly,Monthly rate of change,Total,Romania,2017-09,0.6,,
ESTAT:PRC_HICP_MINR(1.0),02/10/26 11:00:00,Monthly,Monthly rate of change,Total,Romania,2017-10,1.1,,
ESTAT:PRC_HICP_MINR(1.0),02/10/26 11:00:00,Monthly,Monthly rate of change,Total,Romania,2017-11,0.6,,
ESTAT:PRC_HICP_MINR(1.0),02/10/26 11:00:00,Monthly,Monthly rate of change,Total,Romania,2017-12,0.3,,
ESTAT:PRC_HICP_MINR(1.0),02/10/26 11:00:00,Monthly,Monthly rate of change,Total,Romania,2018-01,0.7,,
ESTAT:PRC_HICP_MINR(1.0),02/10/26 11:00:00,Monthly,Monthly rate of change,Total,Romania,2018-02,0.2,,
ESTAT:PRC_HICP_MINR(1.0),02/10/26 11:00:00,Monthly,Monthly rate of change,Total,Romania,2018-03,0.3,,
ESTAT:PRC_HICP_MINR(1.0),02/10/26 11:00:00,Monthly,Monthly rate of change,Total,Romania,2018-04,0.4,,
ESTAT:PRC_HICP_MINR(1.0),02/10/26 11:00:00,Monthly,Monthly rate of change,Total,Romania,2018-05,0.6,,
ESTAT:PRC_HICP_MINR(1.0),02/10/26 11:00:00,Monthly,Monthly rate of change,Total,Romania,2018-06,0.0,,
ESTAT:PRC_HICP_MINR(1.0),02/10/26 11:00:00,Monthly,Monthly rate of change,Total,Romania,2018-07,-0.4,,
ESTAT:PRC_HICP_MINR(1.0),02/10/26 11:00:00,Monthly,Monthly rate of change,Total,Romania,2018-08,0.1,,
ESTAT:PRC_HICP_MINR(1.0),02/10/26 11:00:00,Monthly,Monthly rate of change,Total,Romania,2018-09,0.6,,
ESTAT:PRC_HICP_MINR(1.0),02/10/26 11:00:00,Monthly,Monthly rate of change,Total,Romania,2018-10,0.6,,
ESTAT:PRC_HICP_MINR(1.0),02/10/26 11:00:00,Monthly,Monthly rate of change,Total,Romania,2018-11,-0.3,,
ESTAT:PRC_HICP_MINR(1.0),02/10/26 11:00:00,Monthly,Monthly rate of change,Total,Romania,2018-12,0.1,,
ESTAT:PRC_HICP_MINR(1.0),02/10/26 11:00:00,Monthly,Monthly rate of change,Total,Romania,2019-01,0.9,,
ESTAT:PRC_HICP_MINR(1.0),02/10/26 11:00:00,Monthly,Monthly rate of change,Total,Romania,2019-02,1.0,,
ESTAT:PRC_HICP_MINR(1.0),02/10/26 11:00:00,Monthly,Monthly rate of change,Total,Romania,2019-03,0.5,,
ESTAT:PRC_HICP_MINR(1.0),02/10/26 11:00:00,Monthly,Monthly rate of change,Total,Romania,2019-04,0.7,,
ESTAT:PRC_HICP_MINR(1.0),02/10/26 11:00:00,Monthly,Monthly rate of change,Total,Romania,2019-05,0.5,,
ESTAT:PRC_HICP_MINR(1.0),02/10/26 11:00:00,Monthly,Monthly rate of change,Total,Romania,2019-06,-0.4,,
ESTAT:PRC_HICP_MINR(1.0),02/10/26 11:00:00,Monthly,Monthly rate of change,Total,Romania,2019-07,-0.2,,
ESTAT:PRC_HICP_MINR(1.0),02/10/26 11:00:00,Monthly,Monthly rate of change,Total,Romania,2019-08,0.0,,
ESTAT:PRC_HICP_MINR(1.0),02/10/26 11:00:00,Monthly,Monthly rate of change,Total,Romania,2019-09,0.1,,
ESTAT:PRC_HICP_MINR(1.0),02/10/26 11:00:00,Monthly,Monthly rate of change,Total,Romania,2019-10,0.4,,
ESTAT:PRC_HICP_MINR(1.0),02/10/26 11:00:00,Monthly,Monthly rate of change,Total,Romania,2019-11,0.2,,
ESTAT:PRC_HICP_MINR(1.0),02/10/26 11:00:00,Monthly,Monthly rate of change,Total,Romania,2019-12,0.4,,
ESTAT:PRC_HICP_MINR(1.0),02/10/26 11:00:00,Monthly,Monthly rate of change,Total,Romania,2020-01,0.7,,
ESTAT:PRC_HICP_MINR(1.0),02/10/26 11:00:00,Monthly,Monthly rate of change,Total,Romania,2020-02,0.0,,
ESTAT:PRC_HICP_MINR(1.0),02/10/26 11:00:00,Monthly,Monthly rate of change,Total,Romania,2020-03,0.4,,
ESTAT:PRC_HICP_MINR(1.0),02/10/26 11:00:00,Monthly,Monthly rate of change,Total,Romania,2020-04,0.3,,
ESTAT:PRC_HICP_MINR(1.0),02/10/26 11:00:00,Monthly,Monthly rate of change,Total,Romania,2020-05,0.0,,
ESTAT:PRC_HICP_MINR(1.0),02/10/26 11:00:00,Monthly,Monthly rate of change,Total,Romania,2020-06,0.0,,
ESTAT:PRC_HICP_MINR(1.0),02/10/26 11:00:00,Monthly,Monthly rate of change,Total,Romania,2020-07,0.2,,
ESTAT:PRC_HICP_MINR(1.0),02/10/26 11:00:00,Monthly,Monthly rate of change,Total,Romania,2020-08,0.0,,
ESTAT:PRC_HICP_MINR(1.0),02/10/26 11:00:00,Monthly,Monthly rate of change,Total,Romania,2020-09,-0.3,,
ESTAT:PRC_HICP_MINR(1.0),02/10/26 11:00:00,Monthly,Monthly rate of change,Total,Romania,2020-10,0.1,,
ESTAT:PRC_HICP_MINR(1.0),02/10/26 11:00:00,Monthly,Monthly rate of change,Total,Romania,2020-11,0.0,,
ESTAT:PRC_HICP_MINR(1.0),02/10/26 11:00:00,Monthly,Monthly rate of change,Total,Romania,2020-12,0.6,,
ESTAT:PRC_HICP_MINR(1.0),02/10/26 11:00:00,Monthly,Monthly rate of change,Total,Romania,2021-01,0.9,,
ESTAT:PRC_HICP_MINR(1.0),02/10/26 11:00:00,Monthly,Monthly rate of change,Total,Romania,2021-02,0.4,,
ESTAT:PRC_HICP_MINR(1.0),02/10/26 11:00:00,Monthly,Monthly rate of change,Total,Romania,2021-03,0.4,,
ESTAT:PRC_HICP_MINR(1.0),02/10/26 11:00:00,Monthly,Monthly rate of change,Total,Romania,2021-04,0.4,,
ESTAT:PRC_HICP_MINR(1.0),02/10/26 11:00:00,Monthly,Monthly rate of change,Total,Romania,2021-05,0.6,,
ESTAT:PRC_HICP_MINR(1.0),02/10/26 11:00:00,Monthly,Monthly rate of change,Total,Romania,2021-06,0.2,,
ESTAT:PRC_HICP_MINR(1.0),02/10/26 11:00:00,Monthly,Monthly rate of change,Total,Romania,2021-07,0.5,,
ESTAT:PRC_HICP_MINR(1.0),02/10/26 11:00:00,Monthly,Monthly rate of change,Total,Romania,2021-08,0.2,,
ESTAT:PRC_HICP_MINR(1.0),02/10/26 11:00:00,Monthly,Monthly rate of change,Total,Romania,2021-09,0.8,,
ESTAT:PRC_HICP_MINR(1.0),02/10/26 11:00:00,Monthly,Monthly rate of change,Total,Romania,2021-10,1.3,,
ESTAT:PRC_HICP_MINR(1.0),02/10/26 11:00:00,Monthly,Monthly rate of change,Total,Romania,2021-11,0.3,,
ESTAT:PRC_HICP_MINR(1.0),02/10/26 11:00:00,Monthly,Monthly rate of change,Total,Romania,2021-12,0.5,,
ESTAT:PRC_HICP_MINR(1.0),02/10/26 11:00:00,Monthly,Monthly rate of change,Total,Romania,2022-01,1.4,,
ESTAT:PRC_HICP_MINR(1.0),02/10/26 11:00:00,Monthly,Monthly rate of change,Total,Romania,2022-02,1.0,,
ESTAT:PRC_HICP_MINR(1.0),02/10/26 11:00:00,Monthly,Monthly rate of change,Total,Romania,2022-03,2.0,,
ESTAT:PRC_HICP_MINR(1.0),02/10/26 11:00:00,Monthly,Monthly rate of change,Total,Romania,2022-04,2.4,,
ESTAT:PRC_HICP_MINR(1.0),02/10/26 11:00:00,Monthly,Monthly rate of change,Total,Romania,2022-05,1.2,,
ESTAT:PRC_HICP_MINR(1.0),02/10/26 11:00:00,Monthly,Monthly rate of change,Total,Romania,2022-06,0.8,,
ESTAT:PRC_HICP_MINR(1.0),02/10/26 11:00:00,Monthly,Monthly rate of change,Total,Romania,2022-07,0.5,,
ESTAT:PRC_HICP_MINR(1.0),02/10/26 11:00:00,Monthly,Monthly rate of change,Total,Romania,2022-08,0.4,,
ESTAT:PRC_HICP_MINR(1.0),02/10/26 11:00:00,Monthly,Monthly rate of change,Total,Romania,2022-09,0.9,,
ESTAT:PRC_HICP_MINR(1.0),02/10/26 11:00:00,Monthly,Monthly rate of change,Total,Romania,2022-10,1.4,,
ESTAT:PRC_HICP_MINR(1.0),02/10/26 11:00:00,Monthly,Monthly rate of change,Total,Romania,2022-11,1.2,,
ESTAT:PRC_HICP_MINR(1.0),02/10/26 11:00:00,Monthly,Monthly rate of change,Total,Romania,2022-12,0.1,,
ESTAT:PRC_HICP_MINR(1.0),02/10/26 11:00:00,Monthly,Monthly rate of change,Total,Romania,2023-01,0.8,,
ESTAT:PRC_HICP_MINR(1.0),02/10/26 11:00:00,Monthly,Monthly rate of change,Total,Romania,2023-02,1.0,,
ESTAT:PRC_HICP_MINR(1.0),02/10/26 11:00:00,Monthly,Monthly rate of change,Total,Romania,2023-03,0.8,,
ESTAT:PRC_HICP_MINR(1.0),02/10/26 11:00:00,Monthly,Monthly rate of change,Total,Romania,2023-04,0.8,,
ESTAT:PRC_HICP_MINR(1.0),02/10/26 11:00:00,Monthly,Monthly rate of change,Total,Romania,2023-05,0.5,,
ESTAT:PRC_HICP_MINR(1.0),02/10/26 11:00:00,Monthly,Monthly rate of change,Total,Romania,2023-06,0.5,,
ESTAT:PRC_HICP_MINR(1.0),02/10/26 11:00:00,Monthly,Monthly rate of change,Total,Romania,2023-07,0.2,,
ESTAT:PRC_HICP_MINR(1.0),02/10/26 11:00:00,Monthly,Monthly rate of change,Total,Romania,2023-08,0.8,,
ESTAT:PRC_HICP_MINR(1.0),02/10/26 11:00:00,Monthly,Monthly rate of change,Total,Romania,2023-09,0.8,,
ESTAT:PRC_HICP_MINR(1.0),02/10/26 11:00:00,Monthly,Monthly rate of change,Total,Romania,2023-10,0.6,,
ESTAT:PRC_HICP_MINR(1.0),02/10/26 11:00:00,Monthly,Monthly rate of change,Total,Romania,2023-11,-0.1,,
ESTAT:PRC_HICP_MINR(1.0),02/10/26 11:00:00,Monthly,Monthly rate of change,Total,Romania,2023-12,0.2,,
ESTAT:PRC_HICP_MINR(1.0),02/10/26 11:00:00,Monthly,Monthly rate of change,Total,Romania,2024-01,1.1,,
ESTAT:PRC_HICP_MINR(1.0),02/10/26 11:00:00,Monthly,Monthly rate of change,Total,Romania,2024-02,0.8,,
ESTAT:PRC_HICP_MINR(1.0),02/10/26 11:00:00,Monthly,Monthly rate of change,Total,Romania,2024-03,0.4,,
ESTAT:PRC_HICP_MINR(1.0),02/10/26 11:00:00,Monthly,Monthly rate of change,Total,Romania,2024-04,0.4,,
ESTAT:PRC_HICP_MINR(1.0),02/10/26 11:00:00,Monthly,Monthly rate of change,Total,Romania,2024-05,0.0,,
ESTAT:PRC_HICP_MINR(1.0),02/10/26 11:00:00,Monthly,Monthly rate of change,Total,Romania,2024-06,0.1,,
ESTAT:PRC_HICP_MINR(1.0),02/10/26 11:00:00,Monthly,Monthly rate of change,Total,Romania,2024-07,0.6,,
ESTAT:PRC_HICP_MINR(1.0),02/10/26 11:00:00,Monthly,Monthly rate of change,Total,Romania,2024-08,0.3,,
ESTAT:PRC_HICP_MINR(1.0),02/10/26 11:00:00,Monthly,Monthly rate of change,Total,Romania,2024-09,0.4,,
ESTAT:PRC_HICP_MINR(1.0),02/10/26 11:00:00,Monthly,Monthly rate of change,Total,Romania,2024-10,0.7,,
ESTAT:PRC_HICP_MINR(1.0),02/10/26 11:00:00,Monthly,Monthly rate of change,Total,Romania,2024-11,0.3,,
ESTAT:PRC_HICP_MINR(1.0),02/10/26 11:00:00,Monthly,Monthly rate of change,Total,Romania,2024-12,0.3,,
ESTAT:PRC_HICP_MINR(1.0),02/10/26 11:00:00,Monthly,Monthly rate of change,Total,Romania,2025-01,0.9,,
ESTAT:PRC_HICP_MINR(1.0),02/10/26 11:00:00,Monthly,Monthly rate of change,Total,Romania,2025-02,0.7,,
ESTAT:PRC_HICP_MINR(1.0),02/10/26 11:00:00,Monthly,Monthly rate of change,Total,Romania,2025-03,0.4,,
ESTAT:PRC_HICP_MINR(1.0),02/10/26 11:00:00,Monthly,Monthly rate of change,Total,Romania,2025-04,0.2,,
ESTAT:PRC_HICP_MINR(1.0),02/10/26 11:00:00,Monthly,Monthly rate of change,Total,Romania,2025-05,0.5,,
ESTAT:PRC_HICP_MINR(1.0),02/10/26 11:00:00,Monthly,Monthly rate of change,Total,Romania,2025-06,0.4,,
ESTAT:PRC_HICP_MINR(1.0),02/10/26 11:00:00,Monthly,Monthly rate of change,Total,Romania,2025-07,1.3,,
ESTAT:PRC_HICP_MINR(1.0),02/10/26 11:00:00,Monthly,Monthly rate of change,Total,Romania,2025-08,2.1,,
ESTAT:PRC_HICP_MINR(1.0),02/10/26 11:00:00,Monthly,Monthly rate of change,Total,Romania,2025-09,0.5,,
ESTAT:PRC_HICP_MINR(1.0),02/10/26 11:00:00,Monthly,Monthly rate of change,Total,Romania,2025-10,0.5,,
ESTAT:PRC_HICP_MINR(1.0),02/10/26 11:00:00,Monthly,Monthly rate of change,Total,Romania,2025-11,0.5,,
ESTAT:PRC_HICP_MINR(1.0),02/10/26 11:00:00,Monthly,Monthly rate of change,Total,Romania,2025-12,0.2,,
ESTAT:PRC_HICP_MINR(1.0),02/10/26 11:00:00,Monthly,Monthly rate of change,Total,Sweden,2006-01,-0.7,,
ESTAT:PRC_HICP_MINR(1.0),02/10/26 11:00:00,Monthly,Monthly rate of change,Total,Sweden,2006-02,0.3,,
ESTAT:PRC_HICP_MINR(1.0),02/10/26 11:00:00,Monthly,Monthly rate of change,Total,Sweden,2006-03,0.7,,
ESTAT:PRC_HICP_MINR(1.0),02/10/26 11:00:00,Monthly,Monthly rate of change,Total,Sweden,2006-04,0.5,,
ESTAT:PRC_HICP_MINR(1.0),02/10/26 11:00:00,Monthly,Monthly rate of change,Total,Sweden,2006-05,0.2,,
ESTAT:PRC_HICP_MINR(1.0),02/10/26 11:00:00,Monthly,Monthly rate of change,Total,Sweden,2006-06,0.0,,
ESTAT:PRC_HICP_MINR(1.0),02/10/26 11:00:00,Monthly,Monthly rate of change,Total,Sweden,2006-07,-0.3,,
ESTAT:PRC_HICP_MINR(1.0),02/10/26 11:00:00,Monthly,Monthly rate of change,Total,Sweden,2006-08,0.0,,
ESTAT:PRC_HICP_MINR(1.0),02/10/26 11:00:00,Monthly,Monthly rate of change,Total,Sweden,2006-09,0.5,,
ESTAT:PRC_HICP_MINR(1.0),02/10/26 11:00:00,Monthly,Monthly rate of change,Total,Sweden,2006-10,0.2,,
ESTAT:PRC_HICP_MINR(1.0),02/10/26 11:00:00,Monthly,Monthly rate of change,Total,Sweden,2006-11,0.0,,
ESTAT:PRC_HICP_MINR(1.0),02/10/26 11:00:00,Monthly,Monthly rate of change,Total,Sweden,2006-12,0.0,,
ESTAT:PRC_HICP_MINR(1.0),02/10/26 11:00:00,Monthly,Monthly rate of change,Total,Sweden,2007-01,-0.5,,
ESTAT:PRC_HICP_MINR(1.0),02/10/26 11:00:00,Monthly,Monthly rate of change,Total,Sweden,2007-02,0.5,,
ESTAT:PRC_HICP_MINR(1.0),02/10/26 11:00:00,Monthly,Monthly rate of change,Total,Sweden,2007-03,0.6,,
ESTAT:PRC_HICP_MINR(1.0),02/10/26 11:00:00,Monthly,Monthly rate of change,Total,Sweden,2007-04,0.5,,
ESTAT:PRC_HICP_MINR(1.0),02/10/26 11:00:00,Monthly,Monthly rate of change,Total,Sweden,2007-05,-0.1,,
ESTAT:PRC_HICP_MINR(1.0),02/10/26 11:00:00,Monthly,Monthly rate of change,Total,Sweden,2007-06,0.1,,
ESTAT:PRC_HICP_MINR(1.0),02/10/26 11:00:00,Monthly,Monthly rate of change,Total,Sweden,2007-07,-0.3,,
ESTAT:PRC_HICP_MINR(1.0),02/10/26 11:00:00,Monthly,Monthly rate of change,Total,Sweden,2007-08,-0.1,,
ESTAT:PRC_HICP_MINR(1.0),02/10/26 11:00:00,Monthly,Monthly rate of change,Total,Sweden,2007-09,0.8,,
ESTAT:PRC_HICP_MINR(1.0),02/10/26 11:00:00,Monthly,Monthly rate of change,Total,Sweden,2007-10,0.5,,
ESTAT:PRC_HICP_MINR(1.0),02/10/26 11:00:00,Monthly,Monthly rate of change,Total,Sweden,2007-11,0.6,,
ESTAT:PRC_HICP_MINR(1.0),02/10/26 11:00:00,Monthly,Monthly rate of change,Total,Sweden,2007-12,0.1,,
ESTAT:PRC_HICP_MINR(1.0),02/10/26 11:00:00,Monthly,Monthly rate of change,Total,Sweden,2008-01,0.0,,
ESTAT:PRC_HICP_MINR(1.0),02/10/26 11:00:00,Monthly,Monthly rate of change,Total,Sweden,2008-02,0.4,,
ESTAT:PRC_HICP_MINR(1.0),02/10/26 11:00:00,Monthly,Monthly rate of change,Total,Sweden,2008-03,0.9,,
ESTAT:PRC_HICP_MINR(1.0),02/10/26 11:00:00,Monthly,Monthly rate of change,Total,Sweden,2008-04,0.4,,
ESTAT:PRC_HICP_MINR(1.0),02/10/26 11:00:00,Monthly,Monthly rate of change,Total,Sweden,2008-05,0.4,,
ESTAT:PRC_HICP_MINR(1.0),02/10/26 11:00:00,Monthly,Monthly rate of change,Total,Sweden,2008-06,0.4,,
ESTAT:PRC_HICP_MINR(1.0),02/10/26 11:00:00,Monthly,Monthly rate of change,Total,Sweden,2008-07,-0.5,,
ESTAT:PRC_HICP_MINR(1.0),02/10/26 11:00:00,Monthly,Monthly rate of change,Total,Sweden,2008-08,0.1,,
ESTAT:PRC_HICP_MINR(1.0),02/10/26 11:00:00,Monthly,Monthly rate of change,Total,Sweden,2008-09,1.0,,
ESTAT:PRC_HICP_MINR(1.0),02/10/26 11:00:00,Monthly,Monthly rate of change,Total,Sweden,2008-10,-0.2,,
ESTAT:PRC_HICP_MINR(1.0),02/10/26 11:00:00,Monthly,Monthly rate of change,Total,Sweden,2008-11,-0.5,,
ESTAT:PRC_HICP_MINR(1.0),02/10/26 11:00:00,Monthly,Monthly rate of change,Total,Sweden,2008-12,-0.2,,
ESTAT:PRC_HICP_MINR(1.0),02/10/26 11:00:00,Monthly,Monthly rate of change,Total,Sweden,2009-01,-0.1,,
ESTAT:PRC_HICP_MINR(1.0),02/10/26 11:00:00,Monthly,Monthly rate of change,Total,Sweden,2009-02,0.6,,
ESTAT:PRC_HICP_MINR(1.0),02/10/26 11:00:00,Monthly,Monthly rate of change,Total,Sweden,2009-03,0.5,,
ESTAT:PRC_HICP_MINR(1.0),02/10/26 11:00:00,Monthly,Monthly rate of change,Total,Sweden,2009-04,0.3,,
ESTAT:PRC_HICP_MINR(1.0),02/10/26 11:00:00,Monthly,Monthly rate of change,Total,Sweden,2009-05,0.4,,
ESTAT:PRC_HICP_MINR(1.0),02/10/26 11:00:00,Monthly,Monthly rate of change,Total,Sweden,2009-06,0.2,,
ESTAT:PRC_HICP_MINR(1.0),02/10/26 11:00:00,Monthly,Monthly rate of change,Total,Sweden,2009-07,-0.2,,
ESTAT:PRC_HICP_MINR(1.0),02/10/26 11:00:00,Monthly,Monthly rate of change,Total,Sweden,2009-08,0.2,,
ESTAT:PRC_HICP_MINR(1.0),02/10/26 11:00:00,Monthly,Monthly rate of change,Total,Sweden,2009-09,0.4,,
ESTAT:PRC_HICP_MINR(1.0),02/10/26 11:00:00,Monthly,Monthly rate of change,Total,Sweden,2009-10,0.3,,
ESTAT:PRC_HICP_MINR(1.0),02/10/26 11:00:00,Monthly,Monthly rate of change,Total,Sweden,2009-11,0.0,,
ESTAT:PRC_HICP_MINR(1.0),02/10/26 11:00:00,Monthly,Monthly rate of change,Total,Sweden,2009-12,0.2,,
ESTAT:PRC_HICP_MINR(1.0),02/10/26 11:00:00,Monthly,Monthly rate of change,Total,Sweden,2010-01,-0.2,,
ESTAT:PRC_HICP_MINR(1.0),02/10/26 11:00:00,Monthly,Monthly rate of change,Total,Sweden,2010-02,0.6,,
ESTAT:PRC_HICP_MINR(1.0),02/10/26 11:00:00,Monthly,Monthly rate of change,Total,Sweden,2010-03,0.2,,
ESTAT:PRC_HICP_MINR(1.0),02/10/26 11:00:00,Monthly,Monthly rate of change,Total,Sweden,2010-04,-0.1,,
ESTAT:PRC_HICP_MINR(1.0),02/10/26 11:00:00,Monthly,Monthly rate of change,Total,Sweden,2010-05,0.1,,
ESTAT:PRC_HICP_MINR(1.0),02/10/26 11:00:00,Monthly,Monthly rate of change,Total,Sweden,2010-06,-0.1,,
ESTAT:PRC_HICP_MINR(1.0),02/10/26 11:00:00,Monthly,Monthly rate of change,Total,Sweden,2010-07,-0.4,,
ESTAT:PRC_HICP_MINR(1.0),02/10/26 11:00:00,Monthly,Monthly rate of change,Total,Sweden,2010-08,-0.1,,
ESTAT:PRC_HICP_MINR(1.0),02/10/26 11:00:00,Monthly,Monthly rate of change,Total,Sweden,2010-09,0.8,,
ESTAT:PRC_HICP_MINR(1.0),02/10/26 11:00:00,Monthly,Monthly rate of change,Total,Sweden,2010-10,0.3,,
ESTAT:PRC_HICP_MINR(1.0),02/10/26 11:00:00,Monthly,Monthly rate of change,Total,Sweden,2010-11,0.2,,
ESTAT:PRC_HICP_MINR(1.0),02/10/26 11:00:00,Monthly,Monthly rate of change,Total,Sweden,2010-12,0.6,,
ESTAT:PRC_HICP_MINR(1.0),02/10/26 11:00:00,Monthly,Monthly rate of change,Total,Sweden,2011-01,-0.9,,
ESTAT:PRC_HICP_MINR(1.0),02/10/26 11:00:00,Monthly,Monthly rate of change,Total,Sweden,2011-02,0.5,,
ESTAT:PRC_HICP_MINR(1.0),02/10/26 11:00:00,Monthly,Monthly rate of change,Total,Sweden,2011-03,0.4,,
ESTAT:PRC_HICP_MINR(1.0),02/10/26 11:00:00,Monthly,Monthly rate of change,Total,Sweden,2011-04,0.3,,
ESTAT:PRC_HICP_MINR(1.0),02/10/26 11:00:00,Monthly,Monthly rate of change,Total,Sweden,2011-05,0.0,,
ESTAT:PRC_HICP_MINR(1.0),02/10/26 11:00:00,Monthly,Monthly rate of change,Total,Sweden,2011-06,-0.3,,
ESTAT:PRC_HICP_MINR(1.0),02/10/26 11:00:00,Monthly,Monthly rate of change,Total,Sweden,2011-07,-0.3,,
ESTAT:PRC_HICP_MINR(1.0),02/10/26 11:00:00,Monthly,Monthly rate of change,Total,Sweden,2011-08,-0.1,,
ESTAT:PRC_HICP_MINR(1.0),02/10/26 11:00:00,Monthly,Monthly rate of change,Total,Sweden,2011-09,0.7,,
ESTAT:PRC_HICP_MINR(1.0),02/10/26 11:00:00,Monthly,Monthly rate of change,Total,Sweden,2011-10,-0.1,,
ESTAT:PRC_HICP_MINR(1.0),02/10/26 11:00:00,Monthly,Monthly rate of change,Total,Sweden,2011-11,0.2,,
ESTAT:PRC_HICP_MINR(1.0),02/10/26 11:00:00,Monthly,Monthly rate of change,Total,Sweden,2011-12,0.0,,
ESTAT:PRC_HICP_MINR(1.0),02/10/26 11:00:00,Monthly,Monthly rate of change,Total,Sweden,2012-01,-0.6,,
ESTAT:PRC_HICP_MINR(1.0),02/10/26 11:00:00,Monthly,Monthly rate of change,Total,Sweden,2012-02,0.7,,
ESTAT:PRC_HICP_MINR(1.0),02/10/26 11:00:00,Monthly,Monthly rate of change,Total,Sweden,2012-03,0.4,,
ESTAT:PRC_HICP_MINR(1.0),02/10/26 11:00:00,Monthly,Monthly rate of change,Total,Sweden,2012-04,0.3,,
ESTAT:PRC_HICP_MINR(1.0),02/10/26 11:00:00,Monthly,Monthly rate of change,Total,Sweden,2012-05,0.0,,
ESTAT:PRC_HICP_MINR(1.0),02/10/26 11:00:00,Monthly,Monthly rate of change,Total,Sweden,2012-06,-0.3,,
ESTAT:PRC_HICP_MINR(1.0),02/10/26 11:00:00,Monthly,Monthly rate of change,Total,Sweden,2012-07,-0.5,,
ESTAT:PRC_HICP_MINR(1.0),02/10/26 11:00:00,Monthly,Monthly rate of change,Total,Sweden,2012-08,0.1,,
ESTAT:PRC_HICP_MINR(1.0),02/10/26 11:00:00,Monthly,Monthly rate of change,Total,Sweden,2012-09,0.7,,
ESTAT:PRC_HICP_MINR(1.0),02/10/26 11:00:00,Monthly,Monthly rate of change,Total,Sweden,2012-10,0.1,,
ESTAT:PRC_HICP_MINR(1.0),02/10/26 11:00:00,Monthly,Monthly rate of change,Total,Sweden,2012-11,-0.2,,
ESTAT:PRC_HICP_MINR(1.0),02/10/26 11:00:00,Monthly,Monthly rate of change,Total,Sweden,2012-12,0.2,,
ESTAT:PRC_HICP_MINR(1.0),02/10/26 11:00:00,Monthly,Monthly rate of change,Total,Sweden,2013-01,-1.0,,
ESTAT:PRC_HICP_MINR(1.0),02/10/26 11:00:00,Monthly,Monthly rate of change,Total,Sweden,2013-02,0.6,,
ESTAT:PRC_HICP_MINR(1.0),02/10/26 11:00:00,Monthly,Monthly rate of change,Total,Sweden,2013-03,0.5,,
ESTAT:PRC_HICP_MINR(1.0),02/10/26 11:00:00,Monthly,Monthly rate of change,Total,Sweden,2013-04,-0.2,,
ESTAT:PRC_HICP_MINR(1.0),02/10/26 11:00:00,Monthly,Monthly rate of change,Total,Sweden,2013-05,0.2,,
ESTAT:PRC_HICP_MINR(1.0),02/10/26 11:00:00,Monthly,Monthly rate of change,Total,Sweden,2013-06,-0.1,,
ESTAT:PRC_HICP_MINR(1.0),02/10/26 11:00:00,Monthly,Monthly rate of change,Total,Sweden,2013-07,-0.1,,
ESTAT:PRC_HICP_MINR(1.0),02/10/26 11:00:00,Monthly,Monthly rate of change,Total,Sweden,2013-08,0.1,,
ESTAT:PRC_HICP_MINR(1.0),02/10/26 11:00:00,Monthly,Monthly rate of change,Total,Sweden,2013-09,0.4,,
ESTAT:PRC_HICP_MINR(1.0),02/10/26 11:00:00,Monthly,Monthly rate of change,Total,Sweden,2013-10,-0.2,,
ESTAT:PRC_HICP_MINR(1.0),02/10/26 11:00:00,Monthly,Monthly rate of change,Total,Sweden,2013-11,-0.1,,
ESTAT:PRC_HICP_MINR(1.0),02/10/26 11:00:00,Monthly,Monthly rate of change,Total,Sweden,2013-12,0.3,,
ESTAT:PRC_HICP_MINR(1.0),02/10/26 11:00:00,Monthly,Monthly rate of change,Total,Sweden,2014-01,-1.2,,
ESTAT:PRC_HICP_MINR(1.0),02/10/26 11:00:00,Monthly,Monthly rate of change,Total,Sweden,2014-02,0.5,,
ESTAT:PRC_HICP_MINR(1.0),02/10/26 11:00:00,Monthly,Monthly rate of change,Total,Sweden,2014-03,0.0,,
ESTAT:PRC_HICP_MINR(1.0),02/10/26 11:00:00,Monthly,Monthly rate of change,Total,Sweden,2014-04,0.4,,
ESTAT:PRC_HICP_MINR(1.0),02/10/26 11:00:00,Monthly,Monthly rate of change,Total,Sweden,2014-05,0.1,,
ESTAT:PRC_HICP_MINR(1.0),02/10/26 11:00:00,Monthly,Monthly rate of change,Total,Sweden,2014-06,0.2,,
ESTAT:PRC_HICP_MINR(1.0),02/10/26 11:00:00,Monthly,Monthly rate of change,Total,Sweden,2014-07,-0.3,,
ESTAT:PRC_HICP_MINR(1.0),02/10/26 11:00:00,Monthly,Monthly rate of change,Total,Sweden,2014-08,0.0,,
ESTAT:PRC_HICP_MINR(1.0),02/10/26 11:00:00,Monthly,Monthly rate of change,Total,Sweden,2014-09,0.2,,
ESTAT:PRC_HICP_MINR(1.0),02/10/26 11:00:00,Monthly,Monthly rate of change,Total,Sweden,2014-10,0.1,,
ESTAT:PRC_HICP_MINR(1.0),02/10/26 11:00:00,Monthly,Monthly rate of change,Total,Sweden,2014-11,-0.1,,
ESTAT:PRC_HICP_MINR(1.0),02/10/26 11:00:00,Monthly,Monthly rate of change,Total,Sweden,2014-12,0.3,,
ESTAT:PRC_HICP_MINR(1.0),02/10/26 11:00:00,Monthly,Monthly rate of change,Total,Sweden,2015-01,-1.1,,
ESTAT:PRC_HICP_MINR(1.0),02/10/26 11:00:00,Monthly,Monthly rate of change,Total,Sweden,2015-02,0.8,,
ESTAT:PRC_HICP_MINR(1.0),02/10/26 11:00:00,Monthly,Monthly rate of change,Total,Sweden,2015-03,0.1,,
ESTAT:PRC_HICP_MINR(1.0),02/10/26 11:00:00,Monthly,Monthly rate of change,Total,Sweden,2015-04,0.2,,
ESTAT:PRC_HICP_MINR(1.0),02/10/26 11:00:00,Monthly,Monthly rate of change,Total,Sweden,2015-05,0.4,,
ESTAT:PRC_HICP_MINR(1.0),02/10/26 11:00:00,Monthly,Monthly rate of change,Total,Sweden,2015-06,-0.3,,
ESTAT:PRC_HICP_MINR(1.0),02/10/26 11:00:00,Monthly,Monthly rate of change,Total,Sweden,2015-07,0.1,,
ESTAT:PRC_HICP_MINR(1.0),02/10/26 11:00:00,Monthly,Monthly rate of change,Total,Sweden,2015-08,-0.2,,
ESTAT:PRC_HICP_MINR(1.0),02/10/26 11:00:00,Monthly,Monthly rate of change,Total,Sweden,2015-09,0.5,,
ESTAT:PRC_HICP_MINR(1.0),02/10/26 11:00:00,Monthly,Monthly rate of change,Total,Sweden,2015-10,0.1,,
ESTAT:PRC_HICP_MINR(1.0),02/10/26 11:00:00,Monthly,Monthly rate of change,Total,Sweden,2015-11,-0.2,,
ESTAT:PRC_HICP_MINR(1.0),02/10/26 11:00:00,Monthly,Monthly rate of change,Total,Sweden,2015-12,0.2,,
ESTAT:PRC_HICP_MINR(1.0),02/10/26 11:00:00,Monthly,Monthly rate of change,Total,Sweden,2016-01,-0.6,,
ESTAT:PRC_HICP_MINR(1.0),02/10/26 11:00:00,Monthly,Monthly rate of change,Total,Sweden,2016-02,0.3,,
ESTAT:PRC_HICP_MINR(1.0),02/10/26 11:00:00,Monthly,Monthly rate of change,Total,Sweden,2016-03,0.5,,
ESTAT:PRC_HICP_MINR(1.0),02/10/26 11:00:00,Monthly,Monthly rate of change,Total,Sweden,2016-04,0.0,,
ESTAT:PRC_HICP_MINR(1.0),02/10/26 11:00:00,Monthly,Monthly rate of change,Total,Sweden,2016-05,0.2,,
ESTAT:PRC_HICP_MINR(1.0),02/10/26 11:00:00,Monthly,Monthly rate of change,Total,Sweden,2016-06,0.1,,
ESTAT:PRC_HICP_MINR(1.0),02/10/26 11:00:00,Monthly,Monthly rate of change,Total,Sweden,2016-07,0.1,,
ESTAT:PRC_HICP_MINR(1.0),02/10/26 11:00:00,Monthly,Monthly rate of change,Total,Sweden,2016-08,-0.1,,
ESTAT:PRC_HICP_MINR(1.0),02/10/26 11:00:00,Monthly,Monthly rate of change,Total,Sweden,2016-09,0.2,,
ESTAT:PRC_HICP_MINR(1.0),02/10/26 11:00:00,Monthly,Monthly rate of change,Total,Sweden,2016-10,0.4,,
ESTAT:PRC_HICP_MINR(1.0),02/10/26 11:00:00,Monthly,Monthly rate of change,Total,Sweden,2016-11,0.0,,
ESTAT:PRC_HICP_MINR(1.0),02/10/26 11:00:00,Monthly,Monthly rate of change,Total,Sweden,2016-12,0.5,,
ESTAT:PRC_HICP_MINR(1.0),02/10/26 11:00:00,Monthly,Monthly rate of change,Total,Sweden,2017-01,-0.8,,
ESTAT:PRC_HICP_MINR(1.0),02/10/26 11:00:00,Monthly,Monthly rate of change,Total,Sweden,2017-02,0.7,,
ESTAT:PRC_HICP_MINR(1.0),02/10/26 11:00:00,Monthly,Monthly rate of change,Total,Sweden,2017-03,0.0,,
ESTAT:PRC_HICP_MINR(1.0),02/10/26 11:00:00,Monthly,Monthly rate of change,Total,Sweden,2017-04,0.6,,
ESTAT:PRC_HICP_MINR(1.0),02/10/26 11:00:00,Monthly,Monthly rate of change,Total,Sweden,2017-05,0.1,,
ESTAT:PRC_HICP_MINR(1.0),02/10/26 11:00:00,Monthly,Monthly rate of change,Total,Sweden,2017-06,0.1,,
ESTAT:PRC_HICP_MINR(1.0),02/10/26 11:00:00,Monthly,Monthly rate of change,Total,Sweden,2017-07,0.6,,
ESTAT:PRC_HICP_MINR(1.0),02/10/26 11:00:00,Monthly,Monthly rate of change,Total,Sweden,2017-08,-0.2,,
ESTAT:PRC_HICP_MINR(1.0),02/10/26 11:00:00,Monthly,Monthly rate of change,Total,Sweden,2017-09,0.1,,
ESTAT:PRC_HICP_MINR(1.0),02/10/26 11:00:00,Monthly,Monthly rate of change,Total,Sweden,2017-10,-0.1,,
ESTAT:PRC_HICP_MINR(1.0),02/10/26 11:00:00,Monthly,Monthly rate of change,Total,Sweden,2017-11,0.2,,
ESTAT:PRC_HICP_MINR(1.0),02/10/26 11:00:00,Monthly,Monthly rate of change,Total,Sweden,2017-12,0.4,,
ESTAT:PRC_HICP_MINR(1.0),02/10/26 11:00:00,Monthly,Monthly rate of change,Total,Sweden,2018-01,-0.9,,
ESTAT:PRC_HICP_MINR(1.0),02/10/26 11:00:00,Monthly,Monthly rate of change,Total,Sweden,2018-02,0.8,,
ESTAT:PRC_HICP_MINR(1.0),02/10/26 11:00:00,Monthly,Monthly rate of change,Total,Sweden,2018-03,0.3,,
ESTAT:PRC_HICP_MINR(1.0),02/10/26 11:00:00,Monthly,Monthly rate of change,Total,Sweden,2018-04,0.4,,
ESTAT:PRC_HICP_MINR(1.0),02/10/26 11:00:00,Monthly,Monthly rate of change,Total,Sweden,2018-05,0.3,,
ESTAT:PRC_HICP_MINR(1.0),02/10/26 11:00:00,Monthly,Monthly rate of change,Total,Sweden,2018-06,0.3,,
ESTAT:PRC_HICP_MINR(1.0),02/10/26 11:00:00,Monthly,Monthly rate of change,Total,Sweden,2018-07,0.6,,
ESTAT:PRC_HICP_MINR(1.0),02/10/26 11:00:00,Monthly,Monthly rate of change,Total,Sweden,2018-08,-0.3,,
ESTAT:PRC_HICP_MINR(1.0),02/10/26 11:00:00,Monthly,Monthly rate of change,Total,Sweden,2018-09,0.5,,
ESTAT:PRC_HICP_MINR(1.0),02/10/26 11:00:00,Monthly,Monthly rate of change,Total,Sweden,2018-10,-0.1,,
ESTAT:PRC_HICP_MINR(1.0),02/10/26 11:00:00,Monthly,Monthly rate of change,Total,Sweden,2018-11,-0.1,,
ESTAT:PRC_HICP_MINR(1.0),02/10/26 11:00:00,Monthly,Monthly rate of change,Total,Sweden,2018-12,0.5,,
ESTAT:PRC_HICP_MINR(1.0),02/10/26 11:00:00,Monthly,Monthly rate of change,Total,Sweden,2019-01,-1.1,,
ESTAT:PRC_HICP_MINR(1.0),02/10/26 11:00:00,Monthly,Monthly rate of change,Total,Sweden,2019-02,0.7,,
ESTAT:PRC_HICP_MINR(1.0),02/10/26 11:00:00,Monthly,Monthly rate of change,Total,Sweden,2019-03,0.2,,
ESTAT:PRC_HICP_MINR(1.0),02/10/26 11:00:00,Monthly,Monthly rate of change,Total,Sweden,2019-04,0.7,,
ESTAT:PRC_HICP_MINR(1.0),02/10/26 11:00:00,Monthly,Monthly rate of change,Total,Sweden,2019-05,0.3,,
ESTAT:PRC_HICP_MINR(1.0),02/10/26 11:00:00,Monthly,Monthly rate of change,Total,Sweden,2019-06,-0.2,,
ESTAT:PRC_HICP_MINR(1.0),02/10/26 11:00:00,Monthly,Monthly rate of change,Total,Sweden,2019-07,0.5,,
ESTAT:PRC_HICP_MINR(1.0),02/10/26 11:00:00,Monthly,Monthly rate of change,Total,Sweden,2019-08,-0.5,,
ESTAT:PRC_HICP_MINR(1.0),02/10/26 11:00:00,Monthly,Monthly rate of change,Total,Sweden,2019-09,0.5,,
ESTAT:PRC_HICP_MINR(1.0),02/10/26 11:00:00,Monthly,Monthly rate of change,Total,Sweden,2019-10,0.1,,
ESTAT:PRC_HICP_MINR(1.0),02/10/26 11:00:00,Monthly,Monthly rate of change,Total,Sweden,2019-11,0.1,,
ESTAT:PRC_HICP_MINR(1.0),02/10/26 11:00:00,Monthly,Monthly rate of change,Total,Sweden,2019-12,0.4,,
ESTAT:PRC_HICP_MINR(1.0),02/10/26 11:00:00,Monthly,Monthly rate of change,Total,Sweden,2020-01,-1.3,,
ESTAT:PRC_HICP_MINR(1.0),02/10/26 11:00:00,Monthly,Monthly rate of change,Total,Sweden,2020-02,0.4,,
ESTAT:PRC_HICP_MINR(1.0),02/10/26 11:00:00,Monthly,Monthly rate of change,Total,Sweden,2020-03,-0.2,,
ESTAT:PRC_HICP_MINR(1.0),02/10/26 11:00:00,Monthly,Monthly rate of change,Total,Sweden,2020-04,-0.4,,
ESTAT:PRC_HICP_MINR(1.0),02/10/26 11:00:00,Monthly,Monthly rate of change,Total,Sweden,2020-05,0.6,,
ESTAT:PRC_HICP_MINR(1.0),02/10/26 11:00:00,Monthly,Monthly rate of change,Total,Sweden,2020-06,0.6,,
ESTAT:PRC_HICP_MINR(1.0),02/10/26 11:00:00,Monthly,Monthly rate of change,Total,Sweden,2020-07,0.2,,
ESTAT:PRC_HICP_MINR(1.0),02/10/26 11:00:00,Monthly,Monthly rate of change,Total,Sweden,2020-08,-0.2,,
ESTAT:PRC_HICP_MINR(1.0),02/10/26 11:00:00,Monthly,Monthly rate of change,Total,Sweden,2020-09,0.1,,
ESTAT:PRC_HICP_MINR(1.0),02/10/26 11:00:00,Monthly,Monthly rate of change,Total,Sweden,2020-10,-0.1,,
ESTAT:PRC_HICP_MINR(1.0),02/10/26 11:00:00,Monthly,Monthly rate of change,Total,Sweden,2020-11,-0.1,,
ESTAT:PRC_HICP_MINR(1.0),02/10/26 11:00:00,Monthly,Monthly rate of change,Total,Sweden,2020-12,0.8,,
ESTAT:PRC_HICP_MINR(1.0),02/10/26 11:00:00,Monthly,Monthly rate of change,Total,Sweden,2021-01,0.0,,
ESTAT:PRC_HICP_MINR(1.0),02/10/26 11:00:00,Monthly,Monthly rate of change,Total,Sweden,2021-02,0.3,,
ESTAT:PRC_HICP_MINR(1.0),02/10/26 11:00:00,Monthly,Monthly rate of change,Total,Sweden,2021-03,0.1,,
ESTAT:PRC_HICP_MINR(1.0),02/10/26 11:00:00,Monthly,Monthly rate of change,Total,Sweden,2021-04,0.3,,
ESTAT:PRC_HICP_MINR(1.0),02/10/26 11:00:00,Monthly,Monthly rate of change,Total,Sweden,2021-05,0.2,,
ESTAT:PRC_HICP_MINR(1.0),02/10/26 11:00:00,Monthly,Monthly rate of change,Total,Sweden,2021-06,0.1,,
ESTAT:PRC_HICP_MINR(1.0),02/10/26 11:00:00,Monthly,Monthly rate of change,Total,Sweden,2021-07,0.3,,
ESTAT:PRC_HICP_MINR(1.0),02/10/26 11:00:00,Monthly,Monthly rate of change,Total,Sweden,2021-08,0.5,,
ESTAT:PRC_HICP_MINR(1.0),02/10/26 11:00:00,Monthly,Monthly rate of change,Total,Sweden,2021-09,0.5,,
ESTAT:PRC_HICP_MINR(1.0),02/10/26 11:00:00,Monthly,Monthly rate of change,Total,Sweden,2021-10,0.2,,
ESTAT:PRC_HICP_MINR(1.0),02/10/26 11:00:00,Monthly,Monthly rate of change,Total,Sweden,2021-11,0.5,,
ESTAT:PRC_HICP_MINR(1.0),02/10/26 11:00:00,Monthly,Monthly rate of change,Total,Sweden,2021-12,1.4,,
ESTAT:PRC_HICP_MINR(1.0),02/10/26 11:00:00,Monthly,Monthly rate of change,Total,Sweden,2022-01,-0.7,,
ESTAT:PRC_HICP_MINR(1.0),02/10/26 11:00:00,Monthly,Monthly rate of change,Total,Sweden,2022-02,0.9,,
ESTAT:PRC_HICP_MINR(1.0),02/10/26 11:00:00,Monthly,Monthly rate of change,Total,Sweden,2022-03,1.9,,
ESTAT:PRC_HICP_MINR(1.0),02/10/26 11:00:00,Monthly,Monthly rate of change,Total,Sweden,2022-04,0.6,,
ESTAT:PRC_HICP_MINR(1.0),02/10/26 11:00:00,Monthly,Monthly rate of change,Total,Sweden,2022-05,1.1,,
ESTAT:PRC_HICP_MINR(1.0),02/10/26 11:00:00,Monthly,Monthly rate of change,Total,Sweden,2022-06,1.3,,
ESTAT:PRC_HICP_MINR(1.0),02/10/26 11:00:00,Monthly,Monthly rate of change,Total,Sweden,2022-07,-0.2,,
ESTAT:PRC_HICP_MINR(1.0),02/10/26 11:00:00,Monthly,Monthly rate of change,Total,Sweden,2022-08,1.6,,
ESTAT:PRC_HICP_MINR(1.0),02/10/26 11:00:00,Monthly,Monthly rate of change,Total,Sweden,2022-09,1.2,,
ESTAT:PRC_HICP_MINR(1.0),02/10/26 11:00:00,Monthly,Monthly rate of change,Total,Sweden,2022-10,-0.2,,
ESTAT:PRC_HICP_MINR(1.0),02/10/26 11:00:00,Monthly,Monthly rate of change,Total,Sweden,2022-11,0.8,,
ESTAT:PRC_HICP_MINR(1.0),02/10/26 11:00:00,Monthly,Monthly rate of change,Total,Sweden,2022-12,2.1,,
ESTAT:PRC_HICP_MINR(1.0),02/10/26 11:00:00,Monthly,Monthly rate of change,Total,Sweden,2023-01,-1.8,,
ESTAT:PRC_HICP_MINR(1.0),02/10/26 11:00:00,Monthly,Monthly rate of change,Total,Sweden,2023-02,1.0,,
ESTAT:PRC_HICP_MINR(1.0),02/10/26 11:00:00,Monthly,Monthly rate of change,Total,Sweden,2023-03,0.4,,
ESTAT:PRC_HICP_MINR(1.0),02/10/26 11:00:00,Monthly,Monthly rate of change,Total,Sweden,2023-04,0.2,,
ESTAT:PRC_HICP_MINR(1.0),02/10/26 11:00:00,Monthly,Monthly rate of change,Total,Sweden,2023-05,0.1,,
ESTAT:PRC_HICP_MINR(1.0),02/10/26 11:00:00,Monthly,Monthly rate of change,Total,Sweden,2023-06,1.0,,
ESTAT:PRC_HICP_MINR(1.0),02/10/26 11:00:00,Monthly,Monthly rate of change,Total,Sweden,2023-07,-0.2,,
ESTAT:PRC_HICP_MINR(1.0),02/10/26 11:00:00,Monthly,Monthly rate of change,Total,Sweden,2023-08,-0.2,,
ESTAT:PRC_HICP_MINR(1.0),02/10/26 11:00:00,Monthly,Monthly rate of change,Total,Sweden,2023-09,0.4,,
ESTAT:PRC_HICP_MINR(1.0),02/10/26 11:00:00,Monthly,Monthly rate of change,Total,Sweden,2023-10,0.1,,
ESTAT:PRC_HICP_MINR(1.0),02/10/26 11:00:00,Monthly,Monthly rate of change,Total,Sweden,2023-11,0.2,,
ESTAT:PRC_HICP_MINR(1.0),02/10/26 11:00:00,Monthly,Monthly rate of change,Total,Sweden,2023-12,0.7,,
ESTAT:PRC_HICP_MINR(1.0),02/10/26 11:00:00,Monthly,Monthly rate of change,Total,Sweden,2024-01,-0.3,,
ESTAT:PRC_HICP_MINR(1.0),02/10/26 11:00:00,Monthly,Monthly rate of change,Total,Sweden,2024-02,0.2,,
ESTAT:PRC_HICP_MINR(1.0),02/10/26 11:00:00,Monthly,Monthly rate of change,Total,Sweden,2024-03,0.1,,
ESTAT:PRC_HICP_MINR(1.0),02/10/26 11:00:00,Monthly,Monthly rate of change,Total,Sweden,2024-04,0.3,,
ESTAT:PRC_HICP_MINR(1.0),02/10/26 11:00:00,Monthly,Monthly rate of change,Total,Sweden,2024-05,0.2,,
ESTAT:PRC_HICP_MINR(1.0),02/10/26 11:00:00,Monthly,Monthly rate of change,Total,Sweden,2024-06,-0.1,,
ESTAT:PRC_HICP_MINR(1.0),02/10/26 11:00:00,Monthly,Monthly rate of change,Total,Sweden,2024-07,0.2,,
ESTAT:PRC_HICP_MINR(1.0),02/10/26 11:00:00,Monthly,Monthly rate of change,Total,Sweden,2024-08,-0.6,,
ESTAT:PRC_HICP_MINR(1.0),02/10/26 11:00:00,Monthly,Monthly rate of change,Total,Sweden,2024-09,0.3,,
ESTAT:PRC_HICP_MINR(1.0),02/10/26 11:00:00,Monthly,Monthly rate of change,Total,Sweden,2024-10,0.5,,
ESTAT:PRC_HICP_MINR(1.0),02/10/26 11:00:00,Monthly,Monthly rate of change,Total,Sweden,2024-11,0.6,,
ESTAT:PRC_HICP_MINR(1.0),02/10/26 11:00:00,Monthly,Monthly rate of change,Total,Sweden,2024-12,0.3,,
ESTAT:PRC_HICP_MINR(1.0),02/10/26 11:00:00,Monthly,Monthly rate of change,Total,Sweden,2025-01,0.1,,
ESTAT:PRC_HICP_MINR(1.0),02/10/26 11:00:00,Monthly,Monthly rate of change,Total,Sweden,2025-02,1.0,,
ESTAT:PRC_HICP_MINR(1.0),02/10/26 11:00:00,Monthly,Monthly rate of change,Total,Sweden,2025-03,-0.6,,
ESTAT:PRC_HICP_MINR(1.0),02/10/26 11:00:00,Monthly,Monthly rate of change,Total,Sweden,2025-04,0.2,,
ESTAT:PRC_HICP_MINR(1.0),02/10/26 11:00:00,Monthly,Monthly rate of change,Total,Sweden,2025-05,0.4,,
ESTAT:PRC_HICP_MINR(1.0),02/10/26 11:00:00,Monthly,Monthly rate of change,Total,Sweden,2025-06,0.6,,
ESTAT:PRC_HICP_MINR(1.0),02/10/26 11:00:00,Monthly,Monthly rate of change,Total,Sweden,2025-07,0.3,,
ESTAT:PRC_HICP_MINR(1.0),02/10/26 11:00:00,Monthly,Monthly rate of change,Total,Sweden,2025-08,-0.3,,
ESTAT:PRC_HICP_MINR(1.0),02/10/26 11:00:00,Monthly,Monthly rate of change,Total,Sweden,2025-09,0.2,,
ESTAT:PRC_HICP_MINR(1.0),02/10/26 11:00:00,Monthly,Monthly rate of change,Total,Sweden,2025-10,0.4,,
ESTAT:PRC_HICP_MINR(1.0),02/10/26 11:00:00,Monthly,Monthly rate of change,Total,Sweden,2025-11,-0.3,,
ESTAT:PRC_HICP_MINR(1.0),02/10/26 11:00:00,Monthly,Monthly rate of change,Total,Sweden,2025-12,0.1,,
ESTAT:PRC_HICP_MINR(1.0),02/10/26 11:00:00,Monthly,Monthly rate of change,Total,Slovenia,2006-01,-0.4,,
ESTAT:PRC_HICP_MINR(1.0),02/10/26 11:00:00,Monthly,Monthly rate of change,Total,Slovenia,2006-02,0.4,,
ESTAT:PRC_HICP_MINR(1.0),02/10/26 11:00:00,Monthly,Monthly rate of change,Total,Slovenia,2006-03,0.7,,
ESTAT:PRC_HICP_MINR(1.0),02/10/26 11:00:00,Monthly,Monthly rate of change,Total,Slovenia,2006-04,0.9,,
ESTAT:PRC_HICP_MINR(1.0),02/10/26 11:00:00,Monthly,Monthly rate of change,Total,Slovenia,2006-05,0.9,,
ESTAT:PRC_HICP_MINR(1.0),02/10/26 11:00:00,Monthly,Monthly rate of change,Total,Slovenia,2006-06,-0.3,,
ESTAT:PRC_HICP_MINR(1.0),02/10/26 11:00:00,Monthly,Monthly rate of change,Total,Slovenia,2006-07,-0.3,,
ESTAT:PRC_HICP_MINR(1.0),02/10/26 11:00:00,Monthly,Monthly rate of change,Total,Slovenia,2006-08,0.7,,
ESTAT:PRC_HICP_MINR(1.0),02/10/26 11:00:00,Monthly,Monthly rate of change,Total,Slovenia,2006-09,0.3,,
ESTAT:PRC_HICP_MINR(1.0),02/10/26 11:00:00,Monthly,Monthly rate of change,Total,Slovenia,2006-10,-0.7,,
ESTAT:PRC_HICP_MINR(1.0),02/10/26 11:00:00,Monthly,Monthly rate of change,Total,Slovenia,2006-11,0.3,,
ESTAT:PRC_HICP_MINR(1.0),02/10/26 11:00:00,Monthly,Monthly rate of change,Total,Slovenia,2006-12,0.4,,
ESTAT:PRC_HICP_MINR(1.0),02/10/26 11:00:00,Monthly,Monthly rate of change,Total,Slovenia,2007-01,-0.5,,
ESTAT:PRC_HICP_MINR(1.0),02/10/26 11:00:00,Monthly,Monthly rate of change,Total,Slovenia,2007-02,-0.1,,
ESTAT:PRC_HICP_MINR(1.0),02/10/26 11:00:00,Monthly,Monthly rate of change,Total,Slovenia,2007-03,1.1,,
ESTAT:PRC_HICP_MINR(1.0),02/10/26 11:00:00,Monthly,Monthly rate of change,Total,Slovenia,2007-04,1.1,,
ESTAT:PRC_HICP_MINR(1.0),02/10/26 11:00:00,Monthly,Monthly rate of change,Total,Slovenia,2007-05,1.1,,
ESTAT:PRC_HICP_MINR(1.0),02/10/26 11:00:00,Monthly,Monthly rate of change,Total,Slovenia,2007-06,0.3,,
ESTAT:PRC_HICP_MINR(1.0),02/10/26 11:00:00,Monthly,Monthly rate of change,Total,Slovenia,2007-07,-0.1,,
ESTAT:PRC_HICP_MINR(1.0),02/10/26 11:00:00,Monthly,Monthly rate of change,Total,Slovenia,2007-08,0.2,,
ESTAT:PRC_HICP_MINR(1.0),02/10/26 11:00:00,Monthly,Monthly rate of change,Total,Slovenia,2007-09,0.5,,
ESTAT:PRC_HICP_MINR(1.0),02/10/26 11:00:00,Monthly,Monthly rate of change,Total,Slovenia,2007-10,0.7,,
ESTAT:PRC_HICP_MINR(1.0),02/10/26 11:00:00,Monthly,Monthly rate of change,Total,Slovenia,2007-11,0.9,,
ESTAT:PRC_HICP_MINR(1.0),02/10/26 11:00:00,Monthly,Monthly rate of change,Total,Slovenia,2007-12,0.4,,
ESTAT:PRC_HICP_MINR(1.0),02/10/26 11:00:00,Monthly,Monthly rate of change,Total,Slovenia,2008-01,0.1,,
ESTAT:PRC_HICP_MINR(1.0),02/10/26 11:00:00,Monthly,Monthly rate of change,Total,Slovenia,2008-02,-0.1,,
ESTAT:PRC_HICP_MINR(1.0),02/10/26 11:00:00,Monthly,Monthly rate of change,Total,Slovenia,2008-03,1.3,,
ESTAT:PRC_HICP_MINR(1.0),02/10/26 11:00:00,Monthly,Monthly rate of change,Total,Slovenia,2008-04,0.7,,
ESTAT:PRC_HICP_MINR(1.0),02/10/26 11:00:00,Monthly,Monthly rate of change,Total,Slovenia,2008-05,1.2,,
ESTAT:PRC_HICP_MINR(1.0),02/10/26 11:00:00,Monthly,Monthly rate of change,Total,Slovenia,2008-06,0.9,,
ESTAT:PRC_HICP_MINR(1.0),02/10/26 11:00:00,Monthly,Monthly rate of change,Total,Slovenia,2008-07,0.0,,
ESTAT:PRC_HICP_MINR(1.0),02/10/26 11:00:00,Monthly,Monthly rate of change,Total,Slovenia,2008-08,-0.7,,
ESTAT:PRC_HICP_MINR(1.0),02/10/26 11:00:00,Monthly,Monthly rate of change,Total,Slovenia,2008-09,0.0,,
ESTAT:PRC_HICP_MINR(1.0),02/10/26 11:00:00,Monthly,Monthly rate of change,Total,Slovenia,2008-10,0.0,,
ESTAT:PRC_HICP_MINR(1.0),02/10/26 11:00:00,Monthly,Monthly rate of change,Total,Slovenia,2008-11,-0.9,,
ESTAT:PRC_HICP_MINR(1.0),02/10/26 11:00:00,Monthly,Monthly rate of change,Total,Slovenia,2008-12,-0.7,,
ESTAT:PRC_HICP_MINR(1.0),02/10/26 11:00:00,Monthly,Monthly rate of change,Total,Slovenia,2009-01,-0.3,,
ESTAT:PRC_HICP_MINR(1.0),02/10/26 11:00:00,Monthly,Monthly rate of change,Total,Slovenia,2009-02,0.6,,
ESTAT:PRC_HICP_MINR(1.0),02/10/26 11:00:00,Monthly,Monthly rate of change,Total,Slovenia,2009-03,0.8,,
ESTAT:PRC_HICP_MINR(1.0),02/10/26 11:00:00,Monthly,Monthly rate of change,Total,Slovenia,2009-04,0.2,,
ESTAT:PRC_HICP_MINR(1.0),02/10/26 11:00:00,Monthly,Monthly rate of change,Total,Slovenia,2009-05,0.6,,
ESTAT:PRC_HICP_MINR(1.0),02/10/26 11:00:00,Monthly,Monthly rate of change,Total,Slovenia,2009-06,0.5,,
ESTAT:PRC_HICP_MINR(1.0),02/10/26 11:00:00,Monthly,Monthly rate of change,Total,Slovenia,2009-07,-0.8,,
ESTAT:PRC_HICP_MINR(1.0),02/10/26 11:00:00,Monthly,Monthly rate of change,Total,Slovenia,2009-08,0.1,,
ESTAT:PRC_HICP_MINR(1.0),02/10/26 11:00:00,Monthly,Monthly rate of change,Total,Slovenia,2009-09,-0.1,,
ESTAT:PRC_HICP_MINR(1.0),02/10/26 11:00:00,Monthly,Monthly rate of change,Total,Slovenia,2009-10,0.1,,
ESTAT:PRC_HICP_MINR(1.0),02/10/26 11:00:00,Monthly,Monthly rate of change,Total,Slovenia,2009-11,0.8,,
ESTAT:PRC_HICP_MINR(1.0),02/10/26 11:00:00,Monthly,Monthly rate of change,Total,Slovenia,2009-12,-0.4,,
ESTAT:PRC_HICP_MINR(1.0),02/10/26 11:00:00,Monthly,Monthly rate of change,Total,Slovenia,2010-01,-0.6,,
ESTAT:PRC_HICP_MINR(1.0),02/10/26 11:00:00,Monthly,Monthly rate of change,Total,Slovenia,2010-02,0.3,,
ESTAT:PRC_HICP_MINR(1.0),02/10/26 11:00:00,Monthly,Monthly rate of change,Total,Slovenia,2010-03,1.0,,
ESTAT:PRC_HICP_MINR(1.0),02/10/26 11:00:00,Monthly,Monthly rate of change,Total,Slovenia,2010-04,1.1,,
ESTAT:PRC_HICP_MINR(1.0),02/10/26 11:00:00,Monthly,Monthly rate of change,Total,Slovenia,2010-05,0.4,,
ESTAT:PRC_HICP_MINR(1.0),02/10/26 11:00:00,Monthly,Monthly rate of change,Total,Slovenia,2010-06,0.2,,
ESTAT:PRC_HICP_MINR(1.0),02/10/26 11:00:00,Monthly,Monthly rate of change,Total,Slovenia,2010-07,-0.6,,
ESTAT:PRC_HICP_MINR(1.0),02/10/26 11:00:00,Monthly,Monthly rate of change,Total,Slovenia,2010-08,0.1,,
ESTAT:PRC_HICP_MINR(1.0),02/10/26 11:00:00,Monthly,Monthly rate of change,Total,Slovenia,2010-09,-0.4,,
ESTAT:PRC_HICP_MINR(1.0),02/10/26 11:00:00,Monthly,Monthly rate of change,Total,Slovenia,2010-10,0.1,,
ESTAT:PRC_HICP_MINR(1.0),02/10/26 11:00:00,Monthly,Monthly rate of change,Total,Slovenia,2010-11,0.3,,
ESTAT:PRC_HICP_MINR(1.0),02/10/26 11:00:00,Monthly,Monthly rate of change,Total,Slovenia,2010-12,0.2,,
ESTAT:PRC_HICP_MINR(1.0),02/10/26 11:00:00,Monthly,Monthly rate of change,Total,Slovenia,2011-01,-0.4,,
ESTAT:PRC_HICP_MINR(1.0),02/10/26 11:00:00,Monthly,Monthly rate of change,Total,Slovenia,2011-02,0.0,,
ESTAT:PRC_HICP_MINR(1.0),02/10/26 11:00:00,Monthly,Monthly rate of change,Total,Slovenia,2011-03,1.4,,
ESTAT:PRC_HICP_MINR(1.0),02/10/26 11:00:00,Monthly,Monthly rate of change,Total,Slovenia,2011-04,0.7,,
ESTAT:PRC_HICP_MINR(1.0),02/10/26 11:00:00,Monthly,Monthly rate of change,Total,Slovenia,2011-05,0.8,,
ESTAT:PRC_HICP_MINR(1.0),02/10/26 11:00:00,Monthly,Monthly rate of change,Total,Slovenia,2011-06,-0.6,,
ESTAT:PRC_HICP_MINR(1.0),02/10/26 11:00:00,Monthly,Monthly rate of change,Total,Slovenia,2011-07,-1.1,,
ESTAT:PRC_HICP_MINR(1.0),02/10/26 11:00:00,Monthly,Monthly rate of change,Total,Slovenia,2011-08,0.3,,
ESTAT:PRC_HICP_MINR(1.0),02/10/26 11:00:00,Monthly,Monthly rate of change,Total,Slovenia,2011-09,0.6,,
ESTAT:PRC_HICP_MINR(1.0),02/10/26 11:00:00,Monthly,Monthly rate of change,Total,Slovenia,2011-10,0.8,,
ESTAT:PRC_HICP_MINR(1.0),02/10/26 11:00:00,Monthly,Monthly rate of change,Total,Slovenia,2011-11,0.2,,
ESTAT:PRC_HICP_MINR(1.0),02/10/26 11:00:00,Monthly,Monthly rate of change,Total,Slovenia,2011-12,-0.5,,
ESTAT:PRC_HICP_MINR(1.0),02/10/26 11:00:00,Monthly,Monthly rate of change,Total,Slovenia,2012-01,-0.3,,
ESTAT:PRC_HICP_MINR(1.0),02/10/26 11:00:00,Monthly,Monthly rate of change,Total,Slovenia,2012-02,0.6,,
ESTAT:PRC_HICP_MINR(1.0),02/10/26 11:00:00,Monthly,Monthly rate of change,Total,Slovenia,2012-03,1.0,,
ESTAT:PRC_HICP_MINR(1.0),02/10/26 11:00:00,Monthly,Monthly rate of change,Total,Slovenia,2012-04,1.2,,
ESTAT:PRC_HICP_MINR(1.0),02/10/26 11:00:00,Monthly,Monthly rate of change,Total,Slovenia,2012-05,0.3,,
ESTAT:PRC_HICP_MINR(1.0),02/10/26 11:00:00,Monthly,Monthly rate of change,Total,Slovenia,2012-06,-0.6,,
ESTAT:PRC_HICP_MINR(1.0),02/10/26 11:00:00,Monthly,Monthly rate of change,Total,Slovenia,2012-07,-0.9,,
ESTAT:PRC_HICP_MINR(1.0),02/10/26 11:00:00,Monthly,Monthly rate of change,Total,Slovenia,2012-08,0.8,,
ESTAT:PRC_HICP_MINR(1.0),02/10/26 11:00:00,Monthly,Monthly rate of change,Total,Slovenia,2012-09,1.2,,
ESTAT:PRC_HICP_MINR(1.0),02/10/26 11:00:00,Monthly,Monthly rate of change,Total,Slovenia,2012-10,0.3,,
ESTAT:PRC_HICP_MINR(1.0),02/10/26 11:00:00,Monthly,Monthly rate of change,Total,Slovenia,2012-11,-0.2,,
ESTAT:PRC_HICP_MINR(1.0),02/10/26 11:00:00,Monthly,Monthly rate of change,Total,Slovenia,2012-12,-0.2,,
ESTAT:PRC_HICP_MINR(1.0),02/10/26 11:00:00,Monthly,Monthly rate of change,Total,Slovenia,2013-01,-0.6,,
ESTAT:PRC_HICP_MINR(1.0),02/10/26 11:00:00,Monthly,Monthly rate of change,Total,Slovenia,2013-02,0.7,,
ESTAT:PRC_HICP_MINR(1.0),02/10/26 11:00:00,Monthly,Monthly rate of change,Total,Slovenia,2013-03,0.3,,
ESTAT:PRC_HICP_MINR(1.0),02/10/26 11:00:00,Monthly,Monthly rate of change,Total,Slovenia,2013-04,0.6,,
ESTAT:PRC_HICP_MINR(1.0),02/10/26 11:00:00,Monthly,Monthly rate of change,Total,Slovenia,2013-05,0.3,,
ESTAT:PRC_HICP_MINR(1.0),02/10/26 11:00:00,Monthly,Monthly rate of change,Total,Slovenia,2013-06,0.0,,
ESTAT:PRC_HICP_MINR(1.0),02/10/26 11:00:00,Monthly,Monthly rate of change,Total,Slovenia,2013-07,-0.3,,
ESTAT:PRC_HICP_MINR(1.0),02/10/26 11:00:00,Monthly,Monthly rate of change,Total,Slovenia,2013-08,0.3,,
ESTAT:PRC_HICP_MINR(1.0),02/10/26 11:00:00,Monthly,Monthly rate of change,Total,Slovenia,2013-09,0.4,,
ESTAT:PRC_HICP_MINR(1.0),02/10/26 11:00:00,Monthly,Monthly rate of change,Total,Slovenia,2013-10,-0.1,,
ESTAT:PRC_HICP_MINR(1.0),02/10/26 11:00:00,Monthly,Monthly rate of change,Total,Slovenia,2013-11,-0.1,,
ESTAT:PRC_HICP_MINR(1.0),02/10/26 11:00:00,Monthly,Monthly rate of change,Total,Slovenia,2013-12,-0.5,,
ESTAT:PRC_HICP_MINR(1.0),02/10/26 11:00:00,Monthly,Monthly rate of change,Total,Slovenia,2014-01,-0.6,,
ESTAT:PRC_HICP_MINR(1.0),02/10/26 11:00:00,Monthly,Monthly rate of change,Total,Slovenia,2014-02,0.0,,
ESTAT:PRC_HICP_MINR(1.0),02/10/26 11:00:00,Monthly,Monthly rate of change,Total,Slovenia,2014-03,0.7,,
ESTAT:PRC_HICP_MINR(1.0),02/10/26 11:00:00,Monthly,Monthly rate of change,Total,Slovenia,2014-04,0.5,,
ESTAT:PRC_HICP_MINR(1.0),02/10/26 11:00:00,Monthly,Monthly rate of change,Total,Slovenia,2014-05,0.7,,
ESTAT:PRC_HICP_MINR(1.0),02/10/26 11:00:00,Monthly,Monthly rate of change,Total,Slovenia,2014-06,0.1,,
ESTAT:PRC_HICP_MINR(1.0),02/10/26 11:00:00,Monthly,Monthly rate of change,Total,Slovenia,2014-07,-1.0,,
ESTAT:PRC_HICP_MINR(1.0),02/10/26 11:00:00,Monthly,Monthly rate of change,Total,Slovenia,2014-08,-0.1,,
ESTAT:PRC_HICP_MINR(1.0),02/10/26 11:00:00,Monthly,Monthly rate of change,Total,Slovenia,2014-09,0.3,,
ESTAT:PRC_HICP_MINR(1.0),02/10/26 11:00:00,Monthly,Monthly rate of change,Total,Slovenia,2014-10,0.1,,
ESTAT:PRC_HICP_MINR(1.0),02/10/26 11:00:00,Monthly,Monthly rate of change,Total,Slovenia,2014-11,-0.1,,
ESTAT:PRC_HICP_MINR(1.0),02/10/26 11:00:00,Monthly,Monthly rate of change,Total,Slovenia,2014-12,-0.7,,
ESTAT:PRC_HICP_MINR(1.0),02/10/26 11:00:00,Monthly,Monthly rate of change,Total,Slovenia,2015-01,-1.2,,
ESTAT:PRC_HICP_MINR(1.0),02/10/26 11:00:00,Monthly,Monthly rate of change,Total,Slovenia,2015-02,0.2,,
ESTAT:PRC_HICP_MINR(1.0),02/10/26 11:00:00,Monthly,Monthly rate of change,Total,Slovenia,2015-03,0.9,,
ESTAT:PRC_HICP_MINR(1.0),02/10/26 11:00:00,Monthly,Monthly rate of change,Total,Slovenia,2015-04,0.1,,
ESTAT:PRC_HICP_MINR(1.0),02/10/26 11:00:00,Monthly,Monthly rate of change,Total,Slovenia,2015-05,0.7,,
ESTAT:PRC_HICP_MINR(1.0),02/10/26 11:00:00,Monthly,Monthly rate of change,Total,Slovenia,2015-06,-0.1,,
ESTAT:PRC_HICP_MINR(1.0),02/10/26 11:00:00,Monthly,Monthly rate of change,Total,Slovenia,2015-07,-0.7,,
ESTAT:PRC_HICP_MINR(1.0),02/10/26 11:00:00,Monthly,Monthly rate of change,Total,Slovenia,2015-08,0.0,,
ESTAT:PRC_HICP_MINR(1.0),02/10/26 11:00:00,Monthly,Monthly rate of change,Total,Slovenia,2015-09,-0.1,,
ESTAT:PRC_HICP_MINR(1.0),02/10/26 11:00:00,Monthly,Monthly rate of change,Total,Slovenia,2015-10,0.0,,
ESTAT:PRC_HICP_MINR(1.0),02/10/26 11:00:00,Monthly,Monthly rate of change,Total,Slovenia,2015-11,0.1,,
ESTAT:PRC_HICP_MINR(1.0),02/10/26 11:00:00,Monthly,Monthly rate of change,Total,Slovenia,2015-12,-0.4,,
ESTAT:PRC_HICP_MINR(1.0),02/10/26 11:00:00,Monthly,Monthly rate of change,Total,Slovenia,2016-01,-1.4,,
ESTAT:PRC_HICP_MINR(1.0),02/10/26 11:00:00,Monthly,Monthly rate of change,Total,Slovenia,2016-02,0.0,,
ESTAT:PRC_HICP_MINR(1.0),02/10/26 11:00:00,Monthly,Monthly rate of change,Total,Slovenia,2016-03,0.8,,
ESTAT:PRC_HICP_MINR(1.0),02/10/26 11:00:00,Monthly,Monthly rate of change,Total,Slovenia,2016-04,0.3,,
ESTAT:PRC_HICP_MINR(1.0),02/10/26 11:00:00,Monthly,Monthly rate of change,Total,Slovenia,2016-05,0.8,,
ESTAT:PRC_HICP_MINR(1.0),02/10/26 11:00:00,Monthly,Monthly rate of change,Total,Slovenia,2016-06,0.5,,
ESTAT:PRC_HICP_MINR(1.0),02/10/26 11:00:00,Monthly,Monthly rate of change,Total,Slovenia,2016-07,-0.9,,
ESTAT:PRC_HICP_MINR(1.0),02/10/26 11:00:00,Monthly,Monthly rate of change,Total,Slovenia,2016-08,-0.1,,
ESTAT:PRC_HICP_MINR(1.0),02/10/26 11:00:00,Monthly,Monthly rate of change,Total,Slovenia,2016-09,0.3,,
ESTAT:PRC_HICP_MINR(1.0),02/10/26 11:00:00,Monthly,Monthly rate of change,Total,Slovenia,2016-10,0.4,,
ESTAT:PRC_HICP_MINR(1.0),02/10/26 11:00:00,Monthly,Monthly rate of change,Total,Slovenia,2016-11,0.1,,
ESTAT:PRC_HICP_MINR(1.0),02/10/26 11:00:00,Monthly,Monthly rate of change,Total,Slovenia,2016-12,-0.4,,
ESTAT:PRC_HICP_MINR(1.0),02/10/26 11:00:00,Monthly,Monthly rate of change,Total,Slovenia,2017-01,-0.4,,
ESTAT:PRC_HICP_MINR(1.0),02/10/26 11:00:00,Monthly,Monthly rate of change,Total,Slovenia,2017-02,1.0,,
ESTAT:PRC_HICP_MINR(1.0),02/10/26 11:00:00,Monthly,Monthly rate of change,Total,Slovenia,2017-03,0.3,,
ESTAT:PRC_HICP_MINR(1.0),02/10/26 11:00:00,Monthly,Monthly rate of change,Total,Slovenia,2017-04,0.0,,
ESTAT:PRC_HICP_MINR(1.0),02/10/26 11:00:00,Monthly,Monthly rate of change,Total,Slovenia,2017-05,0.7,,
ESTAT:PRC_HICP_MINR(1.0),02/10/26 11:00:00,Monthly,Monthly rate of change,Total,Slovenia,2017-06,-0.1,,
ESTAT:PRC_HICP_MINR(1.0),02/10/26 11:00:00,Monthly,Monthly rate of change,Total,Slovenia,2017-07,-0.6,,
ESTAT:PRC_HICP_MINR(1.0),02/10/26 11:00:00,Monthly,Monthly rate of change,Total,Slovenia,2017-08,0.1,,
ESTAT:PRC_HICP_MINR(1.0),02/10/26 11:00:00,Monthly,Monthly rate of change,Total,Slovenia,2017-09,0.3,,
ESTAT:PRC_HICP_MINR(1.0),02/10/26 11:00:00,Monthly,Monthly rate of change,Total,Slovenia,2017-10,0.3,,
ESTAT:PRC_HICP_MINR(1.0),02/10/26 11:00:00,Monthly,Monthly rate of change,Total,Slovenia,2017-11,0.3,,
ESTAT:PRC_HICP_MINR(1.0),02/10/26 11:00:00,Monthly,Monthly rate of change,Total,Slovenia,2017-12,0.1,,
ESTAT:PRC_HICP_MINR(1.0),02/10/26 11:00:00,Monthly,Monthly rate of change,Total,Slovenia,2018-01,-0.6,,
ESTAT:PRC_HICP_MINR(1.0),02/10/26 11:00:00,Monthly,Monthly rate of change,Total,Slovenia,2018-02,0.7,,
ESTAT:PRC_HICP_MINR(1.0),02/10/26 11:00:00,Monthly,Monthly rate of change,Total,Slovenia,2018-03,0.4,,
ESTAT:PRC_HICP_MINR(1.0),02/10/26 11:00:00,Monthly,Monthly rate of change,Total,Slovenia,2018-04,0.4,,
ESTAT:PRC_HICP_MINR(1.0),02/10/26 11:00:00,Monthly,Monthly rate of change,Total,Slovenia,2018-05,1.0,,
ESTAT:PRC_HICP_MINR(1.0),02/10/26 11:00:00,Monthly,Monthly rate of change,Total,Slovenia,2018-06,0.0,,
ESTAT:PRC_HICP_MINR(1.0),02/10/26 11:00:00,Monthly,Monthly rate of change,Total,Slovenia,2018-07,-0.8,,
ESTAT:PRC_HICP_MINR(1.0),02/10/26 11:00:00,Monthly,Monthly rate of change,Total,Slovenia,2018-08,0.0,,
ESTAT:PRC_HICP_MINR(1.0),02/10/26 11:00:00,Monthly,Monthly rate of change,Total,Slovenia,2018-09,0.5,,
ESTAT:PRC_HICP_MINR(1.0),02/10/26 11:00:00,Monthly,Monthly rate of change,Total,Slovenia,2018-10,0.4,,
ESTAT:PRC_HICP_MINR(1.0),02/10/26 11:00:00,Monthly,Monthly rate of change,Total,Slovenia,2018-11,0.1,,
ESTAT:PRC_HICP_MINR(1.0),02/10/26 11:00:00,Monthly,Monthly rate of change,Total,Slovenia,2018-12,-0.6,,
ESTAT:PRC_HICP_MINR(1.0),02/10/26 11:00:00,Monthly,Monthly rate of change,Total,Slovenia,2019-01,-0.9,,
ESTAT:PRC_HICP_MINR(1.0),02/10/26 11:00:00,Monthly,Monthly rate of change,Total,Slovenia,2019-02,0.7,,
ESTAT:PRC_HICP_MINR(1.0),02/10/26 11:00:00,Monthly,Monthly rate of change,Total,Slovenia,2019-03,0.7,,
ESTAT:PRC_HICP_MINR(1.0),02/10/26 11:00:00,Monthly,Monthly rate of change,Total,Slovenia,2019-04,0.7,,
ESTAT:PRC_HICP_MINR(1.0),02/10/26 11:00:00,Monthly,Monthly rate of change,Total,Slovenia,2019-05,0.8,,
ESTAT:PRC_HICP_MINR(1.0),02/10/26 11:00:00,Monthly,Monthly rate of change,Total,Slovenia,2019-06,0.3,,
ESTAT:PRC_HICP_MINR(1.0),02/10/26 11:00:00,Monthly,Monthly rate of change,Total,Slovenia,2019-07,-0.7,,
ESTAT:PRC_HICP_MINR(1.0),02/10/26 11:00:00,Monthly,Monthly rate of change,Total,Slovenia,2019-08,0.4,,
ESTAT:PRC_HICP_MINR(1.0),02/10/26 11:00:00,Monthly,Monthly rate of change,Total,Slovenia,2019-09,-0.1,,
ESTAT:PRC_HICP_MINR(1.0),02/10/26 11:00:00,Monthly,Monthly rate of change,Total,Slovenia,2019-10,0.1,,
ESTAT:PRC_HICP_MINR(1.0),02/10/26 11:00:00,Monthly,Monthly rate of change,Total,Slovenia,2019-11,0.0,,
ESTAT:PRC_HICP_MINR(1.0),02/10/26 11:00:00,Monthly,Monthly rate of change,Total,Slovenia,2019-12,-0.1,,
ESTAT:PRC_HICP_MINR(1.0),02/10/26 11:00:00,Monthly,Monthly rate of change,Total,Slovenia,2020-01,-0.5,,
ESTAT:PRC_HICP_MINR(1.0),02/10/26 11:00:00,Monthly,Monthly rate of change,Total,Slovenia,2020-02,0.4,,
ESTAT:PRC_HICP_MINR(1.0),02/10/26 11:00:00,Monthly,Monthly rate of change,Total,Slovenia,2020-03,-0.6,,
ESTAT:PRC_HICP_MINR(1.0),02/10/26 11:00:00,Monthly,Monthly rate of change,Total,Slovenia,2020-04,-1.3,,
ESTAT:PRC_HICP_MINR(1.0),02/10/26 11:00:00,Monthly,Monthly rate of change,Total,Slovenia,2020-05,0.7,,
ESTAT:PRC_HICP_MINR(1.0),02/10/26 11:00:00,Monthly,Monthly rate of change,Total,Slovenia,2020-06,0.9,,
ESTAT:PRC_HICP_MINR(1.0),02/10/26 11:00:00,Monthly,Monthly rate of change,Total,Slovenia,2020-07,-0.2,,
ESTAT:PRC_HICP_MINR(1.0),02/10/26 11:00:00,Monthly,Monthly rate of change,Total,Slovenia,2020-08,0.0,,
ESTAT:PRC_HICP_MINR(1.0),02/10/26 11:00:00,Monthly,Monthly rate of change,Total,Slovenia,2020-09,-0.2,,
ESTAT:PRC_HICP_MINR(1.0),02/10/26 11:00:00,Monthly,Monthly rate of change,Total,Slovenia,2020-10,0.3,,
ESTAT:PRC_HICP_MINR(1.0),02/10/26 11:00:00,Monthly,Monthly rate of change,Total,Slovenia,2020-11,-0.6,,
ESTAT:PRC_HICP_MINR(1.0),02/10/26 11:00:00,Monthly,Monthly rate of change,Total,Slovenia,2020-12,-0.1,,
ESTAT:PRC_HICP_MINR(1.0),02/10/26 11:00:00,Monthly,Monthly rate of change,Total,Slovenia,2021-01,-0.3,,
ESTAT:PRC_HICP_MINR(1.0),02/10/26 11:00:00,Monthly,Monthly rate of change,Total,Slovenia,2021-02,0.2,,
ESTAT:PRC_HICP_MINR(1.0),02/10/26 11:00:00,Monthly,Monthly rate of change,Total,Slovenia,2021-03,0.6,,
ESTAT:PRC_HICP_MINR(1.0),02/10/26 11:00:00,Monthly,Monthly rate of change,Total,Slovenia,2021-04,0.8,,
ESTAT:PRC_HICP_MINR(1.0),02/10/26 11:00:00,Monthly,Monthly rate of change,Total,Slovenia,2021-05,0.7,,
ESTAT:PRC_HICP_MINR(1.0),02/10/26 11:00:00,Monthly,Monthly rate of change,Total,Slovenia,2021-06,0.4,,
ESTAT:PRC_HICP_MINR(1.0),02/10/26 11:00:00,Monthly,Monthly rate of change,Total,Slovenia,2021-07,0.1,,
ESTAT:PRC_HICP_MINR(1.0),02/10/26 11:00:00,Monthly,Monthly rate of change,Total,Slovenia,2021-08,0.1,,
ESTAT:PRC_HICP_MINR(1.0),02/10/26 11:00:00,Monthly,Monthly rate of change,Total,Slovenia,2021-09,0.5,,
ESTAT:PRC_HICP_MINR(1.0),02/10/26 11:00:00,Monthly,Monthly rate of change,Total,Slovenia,2021-10,1.1,,
ESTAT:PRC_HICP_MINR(1.0),02/10/26 11:00:00,Monthly,Monthly rate of change,Total,Slovenia,2021-11,0.7,,
ESTAT:PRC_HICP_MINR(1.0),02/10/26 11:00:00,Monthly,Monthly rate of change,Total,Slovenia,2021-12,0.1,,
ESTAT:PRC_HICP_MINR(1.0),02/10/26 11:00:00,Monthly,Monthly rate of change,Total,Slovenia,2022-01,0.6,,
ESTAT:PRC_HICP_MINR(1.0),02/10/26 11:00:00,Monthly,Monthly rate of change,Total,Slovenia,2022-02,1.1,,
ESTAT:PRC_HICP_MINR(1.0),02/10/26 11:00:00,Monthly,Monthly rate of change,Total,Slovenia,2022-03,-0.4,,
ESTAT:PRC_HICP_MINR(1.0),02/10/26 11:00:00,Monthly,Monthly rate of change,Total,Slovenia,2022-04,2.1,,
ESTAT:PRC_HICP_MINR(1.0),02/10/26 11:00:00,Monthly,Monthly rate of change,Total,Slovenia,2022-05,2.0,,
ESTAT:PRC_HICP_MINR(1.0),02/10/26 11:00:00,Monthly,Monthly rate of change,Total,Slovenia,2022-06,2.3,,
ESTAT:PRC_HICP_MINR(1.0),02/10/26 11:00:00,Monthly,Monthly rate of change,Total,Slovenia,2022-07,0.9,,
ESTAT:PRC_HICP_MINR(1.0),02/10/26 11:00:00,Monthly,Monthly rate of change,Total,Slovenia,2022-08,-0.1,,
ESTAT:PRC_HICP_MINR(1.0),02/10/26 11:00:00,Monthly,Monthly rate of change,Total,Slovenia,2022-09,-0.3,,
ESTAT:PRC_HICP_MINR(1.0),02/10/26 11:00:00,Monthly,Monthly rate of change,Total,Slovenia,2022-10,0.8,,
ESTAT:PRC_HICP_MINR(1.0),02/10/26 11:00:00,Monthly,Monthly rate of change,Total,Slovenia,2022-11,1.1,,
ESTAT:PRC_HICP_MINR(1.0),02/10/26 11:00:00,Monthly,Monthly rate of change,Total,Slovenia,2022-12,0.1,,
ESTAT:PRC_HICP_MINR(1.0),02/10/26 11:00:00,Monthly,Monthly rate of change,Total,Slovenia,2023-01,-0.1,,
ESTAT:PRC_HICP_MINR(1.0),02/10/26 11:00:00,Monthly,Monthly rate of change,Total,Slovenia,2023-02,0.6,,
ESTAT:PRC_HICP_MINR(1.0),02/10/26 11:00:00,Monthly,Monthly rate of change,Total,Slovenia,2023-03,0.5,,
ESTAT:PRC_HICP_MINR(1.0),02/10/26 11:00:00,Monthly,Monthly rate of change,Total,Slovenia,2023-04,1.0,,
ESTAT:PRC_HICP_MINR(1.0),02/10/26 11:00:00,Monthly,Monthly rate of change,Total,Slovenia,2023-05,0.9,,
ESTAT:PRC_HICP_MINR(1.0),02/10/26 11:00:00,Monthly,Monthly rate of change,Total,Slovenia,2023-06,0.9,,
ESTAT:PRC_HICP_MINR(1.0),02/10/26 11:00:00,Monthly,Monthly rate of change,Total,Slovenia,2023-07,0.0,,
ESTAT:PRC_HICP_MINR(1.0),02/10/26 11:00:00,Monthly,Monthly rate of change,Total,Slovenia,2023-08,0.2,,
ESTAT:PRC_HICP_MINR(1.0),02/10/26 11:00:00,Monthly,Monthly rate of change,Total,Slovenia,2023-09,0.7,,
ESTAT:PRC_HICP_MINR(1.0),02/10/26 11:00:00,Monthly,Monthly rate of change,Total,Slovenia,2023-10,0.3,,
ESTAT:PRC_HICP_MINR(1.0),02/10/26 11:00:00,Monthly,Monthly rate of change,Total,Slovenia,2023-11,-0.8,,
ESTAT:PRC_HICP_MINR(1.0),02/10/26 11:00:00,Monthly,Monthly rate of change,Total,Slovenia,2023-12,-0.6,,
ESTAT:PRC_HICP_MINR(1.0),02/10/26 11:00:00,Monthly,Monthly rate of change,Total,Slovenia,2024-01,-0.6,,
ESTAT:PRC_HICP_MINR(1.0),02/10/26 11:00:00,Monthly,Monthly rate of change,Total,Slovenia,2024-02,0.6,,
ESTAT:PRC_HICP_MINR(1.0),02/10/26 11:00:00,Monthly,Monthly rate of change,Total,Slovenia,2024-03,0.6,,
ESTAT:PRC_HICP_MINR(1.0),02/10/26 11:00:00,Monthly,Monthly rate of change,Total,Slovenia,2024-04,0.7,,
ESTAT:PRC_HICP_MINR(1.0),02/10/26 11:00:00,Monthly,Monthly rate of change,Total,Slovenia,2024-05,0.4,,
ESTAT:PRC_HICP_MINR(1.0),02/10/26 11:00:00,Monthly,Monthly rate of change,Total,Slovenia,2024-06,0.0,,
ESTAT:PRC_HICP_MINR(1.0),02/10/26 11:00:00,Monthly,Monthly rate of change,Total,Slovenia,2024-07,-0.2,,
ESTAT:PRC_HICP_MINR(1.0),02/10/26 11:00:00,Monthly,Monthly rate of change,Total,Slovenia,2024-08,0.0,,
ESTAT:PRC_HICP_MINR(1.0),02/10/26 11:00:00,Monthly,Monthly rate of change,Total,Slovenia,2024-09,0.2,,
ESTAT:PRC_HICP_MINR(1.0),02/10/26 11:00:00,Monthly,Monthly rate of change,Total,Slovenia,2024-10,-0.2,,
ESTAT:PRC_HICP_MINR(1.0),02/10/26 11:00:00,Monthly,Monthly rate of change,Total,Slovenia,2024-11,0.7,,
ESTAT:PRC_HICP_MINR(1.0),02/10/26 11:00:00,Monthly,Monthly rate of change,Total,Slovenia,2024-12,-0.1,,
ESTAT:PRC_HICP_MINR(1.0),02/10/26 11:00:00,Monthly,Monthly rate of change,Total,Slovenia,2025-01,-0.3,,
ESTAT:PRC_HICP_MINR(1.0),02/10/26 11:00:00,Monthly,Monthly rate of change,Total,Slovenia,2025-02,0.2,,
ESTAT:PRC_HICP_MINR(1.0),02/10/26 11:00:00,Monthly,Monthly rate of change,Total,Slovenia,2025-03,0.8,,
ESTAT:PRC_HICP_MINR(1.0),02/10/26 11:00:00,Monthly,Monthly rate of change,Total,Slovenia,2025-04,0.8,,
ESTAT:PRC_HICP_MINR(1.0),02/10/26 11:00:00,Monthly,Monthly rate of change,Total,Slovenia,2025-05,-0.1,,
ESTAT:PRC_HICP_MINR(1.0),02/10/26 11:00:00,Monthly,Monthly rate of change,Total,Slovenia,2025-06,0.6,,
ESTAT:PRC_HICP_MINR(1.0),02/10/26 11:00:00,Monthly,Monthly rate of change,Total,Slovenia,2025-07,0.3,,
ESTAT:PRC_HICP_MINR(1.0),02/10/26 11:00:00,Monthly,Monthly rate of change,Total,Slovenia,2025-08,0.0,,
ESTAT:PRC_HICP_MINR(1.0),02/10/26 11:00:00,Monthly,Monthly rate of change,Total,Slovenia,2025-09,0.0,,
ESTAT:PRC_HICP_MINR(1.0),02/10/26 11:00:00,Monthly,Monthly rate of change,Total,Slovenia,2025-10,0.1,,
ESTAT:PRC_HICP_MINR(1.0),02/10/26 11:00:00,Monthly,Monthly rate of change,Total,Slovenia,2025-11,0.0,,
ESTAT:PRC_HICP_MINR(1.0),02/10/26 11:00:00,Monthly,Monthly rate of change,Total,Slovenia,2025-12,0.1,,
ESTAT:PRC_HICP_MINR(1.0),02/10/26 11:00:00,Monthly,Monthly rate of change,Total,Slovakia,2006-01,1.9,,
ESTAT:PRC_HICP_MINR(1.0),02/10/26 11:00:00,Monthly,Monthly rate of change,Total,Slovakia,2006-02,0.3,,
ESTAT:PRC_HICP_MINR(1.0),02/10/26 11:00:00,Monthly,Monthly rate of change,Total,Slovakia,2006-03,0.0,,
ESTAT:PRC_HICP_MINR(1.0),02/10/26 11:00:00,Monthly,Monthly rate of change,Total,Slovakia,2006-04,0.3,,
ESTAT:PRC_HICP_MINR(1.0),02/10/26 11:00:00,Monthly,Monthly rate of change,Total,Slovakia,2006-05,0.5,,
ESTAT:PRC_HICP_MINR(1.0),02/10/26 11:00:00,Monthly,Monthly rate of change,Total,Slovakia,2006-06,0.1,,
ESTAT:PRC_HICP_MINR(1.0),02/10/26 11:00:00,Monthly,Monthly rate of change,Total,Slovakia,2006-07,0.1,,
ESTAT:PRC_HICP_MINR(1.0),02/10/26 11:00:00,Monthly,Monthly rate of change,Total,Slovakia,2006-08,-0.1,,
ESTAT:PRC_HICP_MINR(1.0),02/10/26 11:00:00,Monthly,Monthly rate of change,Total,Slovakia,2006-09,-0.2,,
ESTAT:PRC_HICP_MINR(1.0),02/10/26 11:00:00,Monthly,Monthly rate of change,Total,Slovakia,2006-10,0.0,,
ESTAT:PRC_HICP_MINR(1.0),02/10/26 11:00:00,Monthly,Monthly rate of change,Total,Slovakia,2006-11,0.5,,
ESTAT:PRC_HICP_MINR(1.0),02/10/26 11:00:00,Monthly,Monthly rate of change,Total,Slovakia,2006-12,0.1,,
ESTAT:PRC_HICP_MINR(1.0),02/10/26 11:00:00,Monthly,Monthly rate of change,Total,Slovakia,2007-01,0.5,,
ESTAT:PRC_HICP_MINR(1.0),02/10/26 11:00:00,Monthly,Monthly rate of change,Total,Slovakia,2007-02,0.1,,
ESTAT:PRC_HICP_MINR(1.0),02/10/26 11:00:00,Monthly,Monthly rate of change,Total,Slovakia,2007-03,0.1,,
ESTAT:PRC_HICP_MINR(1.0),02/10/26 11:00:00,Monthly,Monthly rate of change,Total,Slovakia,2007-04,0.3,,
ESTAT:PRC_HICP_MINR(1.0),02/10/26 11:00:00,Monthly,Monthly rate of change,Total,Slovakia,2007-05,0.0,,
ESTAT:PRC_HICP_MINR(1.0),02/10/26 11:00:00,Monthly,Monthly rate of change,Total,Slovakia,2007-06,0.1,,
ESTAT:PRC_HICP_MINR(1.0),02/10/26 11:00:00,Monthly,Monthly rate of change,Total,Slovakia,2007-07,-0.1,,
ESTAT:PRC_HICP_MINR(1.0),02/10/26 11:00:00,Monthly,Monthly rate of change,Total,Slovakia,2007-08,-0.1,,
ESTAT:PRC_HICP_MINR(1.0),02/10/26 11:00:00,Monthly,Monthly rate of change,Total,Slovakia,2007-09,0.3,,
ESTAT:PRC_HICP_MINR(1.0),02/10/26 11:00:00,Monthly,Monthly rate of change,Total,Slovakia,2007-10,0.7,,
ESTAT:PRC_HICP_MINR(1.0),02/10/26 11:00:00,Monthly,Monthly rate of change,Total,Slovakia,2007-11,0.4,,
ESTAT:PRC_HICP_MINR(1.0),02/10/26 11:00:00,Monthly,Monthly rate of change,Total,Slovakia,2007-12,0.3,,
ESTAT:PRC_HICP_MINR(1.0),02/10/26 11:00:00,Monthly,Monthly rate of change,Total,Slovakia,2008-01,1.2,,
ESTAT:PRC_HICP_MINR(1.0),02/10/26 11:00:00,Monthly,Monthly rate of change,Total,Slovakia,2008-02,0.3,,
ESTAT:PRC_HICP_MINR(1.0),02/10/26 11:00:00,Monthly,Monthly rate of change,Total,Slovakia,2008-03,0.3,,
ESTAT:PRC_HICP_MINR(1.0),02/10/26 11:00:00,Monthly,Monthly rate of change,Total,Slovakia,2008-04,0.3,,
ESTAT:PRC_HICP_MINR(1.0),02/10/26 11:00:00,Monthly,Monthly rate of change,Total,Slovakia,2008-05,0.4,,
ESTAT:PRC_HICP_MINR(1.0),02/10/26 11:00:00,Monthly,Monthly rate of change,Total,Slovakia,2008-06,0.4,,
ESTAT:PRC_HICP_MINR(1.0),02/10/26 11:00:00,Monthly,Monthly rate of change,Total,Slovakia,2008-07,0.0,,
ESTAT:PRC_HICP_MINR(1.0),02/10/26 11:00:00,Monthly,Monthly rate of change,Total,Slovakia,2008-08,-0.1,,
ESTAT:PRC_HICP_MINR(1.0),02/10/26 11:00:00,Monthly,Monthly rate of change,Total,Slovakia,2008-09,0.4,,
ESTAT:PRC_HICP_MINR(1.0),02/10/26 11:00:00,Monthly,Monthly rate of change,Total,Slovakia,2008-10,0.3,,
ESTAT:PRC_HICP_MINR(1.0),02/10/26 11:00:00,Monthly,Monthly rate of change,Total,Slovakia,2008-11,0.1,,
ESTAT:PRC_HICP_MINR(1.0),02/10/26 11:00:00,Monthly,Monthly rate of change,Total,Slovakia,2008-12,-0.1,,
ESTAT:PRC_HICP_MINR(1.0),02/10/26 11:00:00,Monthly,Monthly rate of change,Total,Slovakia,2009-01,0.3,,
ESTAT:PRC_HICP_MINR(1.0),02/10/26 11:00:00,Monthly,Monthly rate of change,Total,Slovakia,2009-02,0.0,,
ESTAT:PRC_HICP_MINR(1.0),02/10/26 11:00:00,Monthly,Monthly rate of change,Total,Slovakia,2009-03,-0.3,,
ESTAT:PRC_HICP_MINR(1.0),02/10/26 11:00:00,Monthly,Monthly rate of change,Total,Slovakia,2009-04,-0.1,,
ESTAT:PRC_HICP_MINR(1.0),02/10/26 11:00:00,Monthly,Monthly rate of change,Total,Slovakia,2009-05,0.1,,
ESTAT:PRC_HICP_MINR(1.0),02/10/26 11:00:00,Monthly,Monthly rate of change,Total,Slovakia,2009-06,0.0,,
ESTAT:PRC_HICP_MINR(1.0),02/10/26 11:00:00,Monthly,Monthly rate of change,Total,Slovakia,2009-07,-0.1,,
ESTAT:PRC_HICP_MINR(1.0),02/10/26 11:00:00,Monthly,Monthly rate of change,Total,Slovakia,2009-08,-0.2,,
ESTAT:PRC_HICP_MINR(1.0),02/10/26 11:00:00,Monthly,Monthly rate of change,Total,Slovakia,2009-09,0.0,,
ESTAT:PRC_HICP_MINR(1.0),02/10/26 11:00:00,Monthly,Monthly rate of change,Total,Slovakia,2009-10,0.2,,
ESTAT:PRC_HICP_MINR(1.0),02/10/26 11:00:00,Monthly,Monthly rate of change,Total,Slovakia,2009-11,0.3,,
ESTAT:PRC_HICP_MINR(1.0),02/10/26 11:00:00,Monthly,Monthly rate of change,Total,Slovakia,2009-12,-0.1,,
ESTAT:PRC_HICP_MINR(1.0),02/10/26 11:00:00,Monthly,Monthly rate of change,Total,Slovakia,2010-01,0.1,,
ESTAT:PRC_HICP_MINR(1.0),02/10/26 11:00:00,Monthly,Monthly rate of change,Total,Slovakia,2010-02,0.0,,
ESTAT:PRC_HICP_MINR(1.0),02/10/26 11:00:00,Monthly,Monthly rate of change,Total,Slovakia,2010-03,0.1,,
ESTAT:PRC_HICP_MINR(1.0),02/10/26 11:00:00,Monthly,Monthly rate of change,Total,Slovakia,2010-04,0.4,,
ESTAT:PRC_HICP_MINR(1.0),02/10/26 11:00:00,Monthly,Monthly rate of change,Total,Slovakia,2010-05,0.0,,
ESTAT:PRC_HICP_MINR(1.0),02/10/26 11:00:00,Monthly,Monthly rate of change,Total,Slovakia,2010-06,0.0,,
ESTAT:PRC_HICP_MINR(1.0),02/10/26 11:00:00,Monthly,Monthly rate of change,Total,Slovakia,2010-07,0.1,,
ESTAT:PRC_HICP_MINR(1.0),02/10/26 11:00:00,Monthly,Monthly rate of change,Total,Slovakia,2010-08,-0.1,,
ESTAT:PRC_HICP_MINR(1.0),02/10/26 11:00:00,Monthly,Monthly rate of change,Total,Slovakia,2010-09,0.0,,
ESTAT:PRC_HICP_MINR(1.0),02/10/26 11:00:00,Monthly,Monthly rate of change,Total,Slovakia,2010-10,0.0,,
ESTAT:PRC_HICP_MINR(1.0),02/10/26 11:00:00,Monthly,Monthly rate of change,Total,Slovakia,2010-11,0.3,,
ESTAT:PRC_HICP_MINR(1.0),02/10/26 11:00:00,Monthly,Monthly rate of change,Total,Slovakia,2010-12,0.2,,
ESTAT:PRC_HICP_MINR(1.0),02/10/26 11:00:00,Monthly,Monthly rate of change,Total,Slovakia,2011-01,2.1,,
ESTAT:PRC_HICP_MINR(1.0),02/10/26 11:00:00,Monthly,Monthly rate of change,Total,Slovakia,2011-02,0.3,,
ESTAT:PRC_HICP_MINR(1.0),02/10/26 11:00:00,Monthly,Monthly rate of change,Total,Slovakia,2011-03,0.4,,
ESTAT:PRC_HICP_MINR(1.0),02/10/26 11:00:00,Monthly,Monthly rate of change,Total,Slovakia,2011-04,0.5,,
ESTAT:PRC_HICP_MINR(1.0),02/10/26 11:00:00,Monthly,Monthly rate of change,Total,Slovakia,2011-05,0.3,,
ESTAT:PRC_HICP_MINR(1.0),02/10/26 11:00:00,Monthly,Monthly rate of change,Total,Slovakia,2011-06,-0.1,,
ESTAT:PRC_HICP_MINR(1.0),02/10/26 11:00:00,Monthly,Monthly rate of change,Total,Slovakia,2011-07,-0.2,,
ESTAT:PRC_HICP_MINR(1.0),02/10/26 11:00:00,Monthly,Monthly rate of change,Total,Slovakia,2011-08,0.1,,
ESTAT:PRC_HICP_MINR(1.0),02/10/26 11:00:00,Monthly,Monthly rate of change,Total,Slovakia,2011-09,0.3,,
ESTAT:PRC_HICP_MINR(1.0),02/10/26 11:00:00,Monthly,Monthly rate of change,Total,Slovakia,2011-10,0.2,,
ESTAT:PRC_HICP_MINR(1.0),02/10/26 11:00:00,Monthly,Monthly rate of change,Total,Slovakia,2011-11,0.5,,
ESTAT:PRC_HICP_MINR(1.0),02/10/26 11:00:00,Monthly,Monthly rate of change,Total,Slovakia,2011-12,0.0,,
ESTAT:PRC_HICP_MINR(1.0),02/10/26 11:00:00,Monthly,Monthly rate of change,Total,Slovakia,2012-01,1.5,,
ESTAT:PRC_HICP_MINR(1.0),02/10/26 11:00:00,Monthly,Monthly rate of change,Total,Slovakia,2012-02,0.2,,
ESTAT:PRC_HICP_MINR(1.0),02/10/26 11:00:00,Monthly,Monthly rate of change,Total,Slovakia,2012-03,0.3,,
ESTAT:PRC_HICP_MINR(1.0),02/10/26 11:00:00,Monthly,Monthly rate of change,Total,Slovakia,2012-04,0.3,,
ESTAT:PRC_HICP_MINR(1.0),02/10/26 11:00:00,Monthly,Monthly rate of change,Total,Slovakia,2012-05,0.1,,
ESTAT:PRC_HICP_MINR(1.0),02/10/26 11:00:00,Monthly,Monthly rate of change,Total,Slovakia,2012-06,0.2,,
ESTAT:PRC_HICP_MINR(1.0),02/10/26 11:00:00,Monthly,Monthly rate of change,Total,Slovakia,2012-07,0.0,,
ESTAT:PRC_HICP_MINR(1.0),02/10/26 11:00:00,Monthly,Monthly rate of change,Total,Slovakia,2012-08,0.0,,
ESTAT:PRC_HICP_MINR(1.0),02/10/26 11:00:00,Monthly,Monthly rate of change,Total,Slovakia,2012-09,0.3,,
ESTAT:PRC_HICP_MINR(1.0),02/10/26 11:00:00,Monthly,Monthly rate of change,Total,Slovakia,2012-10,0.4,,
ESTAT:PRC_HICP_MINR(1.0),02/10/26 11:00:00,Monthly,Monthly rate of change,Total,Slovakia,2012-11,0.1,,
ESTAT:PRC_HICP_MINR(1.0),02/10/26 11:00:00,Monthly,Monthly rate of change,Total,Slovakia,2012-12,-0.1,,
ESTAT:PRC_HICP_MINR(1.0),02/10/26 11:00:00,Monthly,Monthly rate of change,Total,Slovakia,2013-01,0.7,,
ESTAT:PRC_HICP_MINR(1.0),02/10/26 11:00:00,Monthly,Monthly rate of change,Total,Slovakia,2013-02,0.0,,
ESTAT:PRC_HICP_MINR(1.0),02/10/26 11:00:00,Monthly,Monthly rate of change,Total,Slovakia,2013-03,0.0,,
ESTAT:PRC_HICP_MINR(1.0),02/10/26 11:00:00,Monthly,Monthly rate of change,Total,Slovakia,2013-04,0.0,,
ESTAT:PRC_HICP_MINR(1.0),02/10/26 11:00:00,Monthly,Monthly rate of change,Total,Slovakia,2013-05,0.1,,
ESTAT:PRC_HICP_MINR(1.0),02/10/26 11:00:00,Monthly,Monthly rate of change,Total,Slovakia,2013-06,0.1,,
ESTAT:PRC_HICP_MINR(1.0),02/10/26 11:00:00,Monthly,Monthly rate of change,Total,Slovakia,2013-07,-0.1,,
ESTAT:PRC_HICP_MINR(1.0),02/10/26 11:00:00,Monthly,Monthly rate of change,Total,Slovakia,2013-08,-0.2,,
ESTAT:PRC_HICP_MINR(1.0),02/10/26 11:00:00,Monthly,Monthly rate of change,Total,Slovakia,2013-09,0.0,,
ESTAT:PRC_HICP_MINR(1.0),02/10/26 11:00:00,Monthly,Monthly rate of change,Total,Slovakia,2013-10,0.0,,
ESTAT:PRC_HICP_MINR(1.0),02/10/26 11:00:00,Monthly,Monthly rate of change,Total,Slovakia,2013-11,-0.2,,
ESTAT:PRC_HICP_MINR(1.0),02/10/26 11:00:00,Monthly,Monthly rate of change,Total,Slovakia,2013-12,-0.2,,
ESTAT:PRC_HICP_MINR(1.0),02/10/26 11:00:00,Monthly,Monthly rate of change,Total,Slovakia,2014-01,0.3,,
ESTAT:PRC_HICP_MINR(1.0),02/10/26 11:00:00,Monthly,Monthly rate of change,Total,Slovakia,2014-02,-0.1,,
ESTAT:PRC_HICP_MINR(1.0),02/10/26 11:00:00,Monthly,Monthly rate of change,Total,Slovakia,2014-03,0.0,,
ESTAT:PRC_HICP_MINR(1.0),02/10/26 11:00:00,Monthly,Monthly rate of change,Total,Slovakia,2014-04,0.0,,
ESTAT:PRC_HICP_MINR(1.0),02/10/26 11:00:00,Monthly,Monthly rate of change,Total,Slovakia,2014-05,0.3,,
ESTAT:PRC_HICP_MINR(1.0),02/10/26 11:00:00,Monthly,Monthly rate of change,Total,Slovakia,2014-06,0.1,,
ESTAT:PRC_HICP_MINR(1.0),02/10/26 11:00:00,Monthly,Monthly rate of change,Total,Slovakia,2014-07,-0.1,,
ESTAT:PRC_HICP_MINR(1.0),02/10/26 11:00:00,Monthly,Monthly rate of change,Total,Slovakia,2014-08,-0.2,,
ESTAT:PRC_HICP_MINR(1.0),02/10/26 11:00:00,Monthly,Monthly rate of change,Total,Slovakia,2014-09,0.1,,
ESTAT:PRC_HICP_MINR(1.0),02/10/26 11:00:00,Monthly,Monthly rate of change,Total,Slovakia,2014-10,0.1,,
ESTAT:PRC_HICP_MINR(1.0),02/10/26 11:00:00,Monthly,Monthly rate of change,Total,Slovakia,2014-11,-0.2,,
ESTAT:PRC_HICP_MINR(1.0),02/10/26 11:00:00,Monthly,Monthly rate of change,Total,Slovakia,2014-12,-0.3,,
ESTAT:PRC_HICP_MINR(1.0),02/10/26 11:00:00,Monthly,Monthly rate of change,Total,Slovakia,2015-01,-0.1,,
ESTAT:PRC_HICP_MINR(1.0),02/10/26 11:00:00,Monthly,Monthly rate of change,Total,Slovakia,2015-02,-0.2,,
ESTAT:PRC_HICP_MINR(1.0),02/10/26 11:00:00,Monthly,Monthly rate of change,Total,Slovakia,2015-03,0.2,,
ESTAT:PRC_HICP_MINR(1.0),02/10/26 11:00:00,Monthly,Monthly rate of change,Total,Slovakia,2015-04,0.3,,
ESTAT:PRC_HICP_MINR(1.0),02/10/26 11:00:00,Monthly,Monthly rate of change,Total,Slovakia,2015-05,0.3,,
ESTAT:PRC_HICP_MINR(1.0),02/10/26 11:00:00,Monthly,Monthly rate of change,Total,Slovakia,2015-06,0.1,,
ESTAT:PRC_HICP_MINR(1.0),02/10/26 11:00:00,Monthly,Monthly rate of change,Total,Slovakia,2015-07,-0.3,,
ESTAT:PRC_HICP_MINR(1.0),02/10/26 11:00:00,Monthly,Monthly rate of change,Total,Slovakia,2015-08,-0.2,,
ESTAT:PRC_HICP_MINR(1.0),02/10/26 11:00:00,Monthly,Monthly rate of change,Total,Slovakia,2015-09,-0.2,,
ESTAT:PRC_HICP_MINR(1.0),02/10/26 11:00:00,Monthly,Monthly rate of change,Total,Slovakia,2015-10,0.1,,
ESTAT:PRC_HICP_MINR(1.0),02/10/26 11:00:00,Monthly,Monthly rate of change,Total,Slovakia,2015-11,0.0,,
ESTAT:PRC_HICP_MINR(1.0),02/10/26 11:00:00,Monthly,Monthly rate of change,Total,Slovakia,2015-12,-0.3,,
ESTAT:PRC_HICP_MINR(1.0),02/10/26 11:00:00,Monthly,Monthly rate of change,Total,Slovakia,2016-01,-0.3,,
ESTAT:PRC_HICP_MINR(1.0),02/10/26 11:00:00,Monthly,Monthly rate of change,Total,Slovakia,2016-02,0.1,,
ESTAT:PRC_HICP_MINR(1.0),02/10/26 11:00:00,Monthly,Monthly rate of change,Total,Slovakia,2016-03,0.0,,
ESTAT:PRC_HICP_MINR(1.0),02/10/26 11:00:00,Monthly,Monthly rate of change,Total,Slovakia,2016-04,0.3,,
ESTAT:PRC_HICP_MINR(1.0),02/10/26 11:00:00,Monthly,Monthly rate of change,Total,Slovakia,2016-05,0.0,,
ESTAT:PRC_HICP_MINR(1.0),02/10/26 11:00:00,Monthly,Monthly rate of change,Total,Slovakia,2016-06,0.1,,
ESTAT:PRC_HICP_MINR(1.0),02/10/26 11:00:00,Monthly,Monthly rate of change,Total,Slovakia,2016-07,-0.4,,
ESTAT:PRC_HICP_MINR(1.0),02/10/26 11:00:00,Monthly,Monthly rate of change,Total,Slovakia,2016-08,-0.1,,
ESTAT:PRC_HICP_MINR(1.0),02/10/26 11:00:00,Monthly,Monthly rate of change,Total,Slovakia,2016-09,0.0,,
ESTAT:PRC_HICP_MINR(1.0),02/10/26 11:00:00,Monthly,Monthly rate of change,Total,Slovakia,2016-10,0.3,,
ESTAT:PRC_HICP_MINR(1.0),02/10/26 11:00:00,Monthly,Monthly rate of change,Total,Slovakia,2016-11,0.1,,
ESTAT:PRC_HICP_MINR(1.0),02/10/26 11:00:00,Monthly,Monthly rate of change,Total,Slovakia,2016-12,0.1,,
ESTAT:PRC_HICP_MINR(1.0),02/10/26 11:00:00,Monthly,Monthly rate of change,Total,Slovakia,2017-01,0.3,,
ESTAT:PRC_HICP_MINR(1.0),02/10/26 11:00:00,Monthly,Monthly rate of change,Total,Slovakia,2017-02,0.5,,
ESTAT:PRC_HICP_MINR(1.0),02/10/26 11:00:00,Monthly,Monthly rate of change,Total,Slovakia,2017-03,-0.1,,
ESTAT:PRC_HICP_MINR(1.0),02/10/26 11:00:00,Monthly,Monthly rate of change,Total,Slovakia,2017-04,0.1,,
ESTAT:PRC_HICP_MINR(1.0),02/10/26 11:00:00,Monthly,Monthly rate of change,Total,Slovakia,2017-05,0.3,,
ESTAT:PRC_HICP_MINR(1.0),02/10/26 11:00:00,Monthly,Monthly rate of change,Total,Slovakia,2017-06,0.0,,
ESTAT:PRC_HICP_MINR(1.0),02/10/26 11:00:00,Monthly,Monthly rate of change,Total,Slovakia,2017-07,0.0,,
ESTAT:PRC_HICP_MINR(1.0),02/10/26 11:00:00,Monthly,Monthly rate of change,Total,Slovakia,2017-08,0.0,,
ESTAT:PRC_HICP_MINR(1.0),02/10/26 11:00:00,Monthly,Monthly rate of change,Total,Slovakia,2017-09,0.2,,
ESTAT:PRC_HICP_MINR(1.0),02/10/26 11:00:00,Monthly,Monthly rate of change,Total,Slovakia,2017-10,0.3,,
ESTAT:PRC_HICP_MINR(1.0),02/10/26 11:00:00,Monthly,Monthly rate of change,Total,Slovakia,2017-11,0.3,,
ESTAT:PRC_HICP_MINR(1.0),02/10/26 11:00:00,Monthly,Monthly rate of change,Total,Slovakia,2017-12,0.0,,
ESTAT:PRC_HICP_MINR(1.0),02/10/26 11:00:00,Monthly,Monthly rate of change,Total,Slovakia,2018-01,0.9,,
ESTAT:PRC_HICP_MINR(1.0),02/10/26 11:00:00,Monthly,Monthly rate of change,Total,Slovakia,2018-02,0.1,,
ESTAT:PRC_HICP_MINR(1.0),02/10/26 11:00:00,Monthly,Monthly rate of change,Total,Slovakia,2018-03,0.2,,
ESTAT:PRC_HICP_MINR(1.0),02/10/26 11:00:00,Monthly,Monthly rate of change,Total,Slovakia,2018-04,0.6,,
ESTAT:PRC_HICP_MINR(1.0),02/10/26 11:00:00,Monthly,Monthly rate of change,Total,Slovakia,2018-05,0.0,,
ESTAT:PRC_HICP_MINR(1.0),02/10/26 11:00:00,Monthly,Monthly rate of change,Total,Slovakia,2018-06,0.1,,
ESTAT:PRC_HICP_MINR(1.0),02/10/26 11:00:00,Monthly,Monthly rate of change,Total,Slovakia,2018-07,-0.2,,
ESTAT:PRC_HICP_MINR(1.0),02/10/26 11:00:00,Monthly,Monthly rate of change,Total,Slovakia,2018-08,0.2,,
ESTAT:PRC_HICP_MINR(1.0),02/10/26 11:00:00,Monthly,Monthly rate of change,Total,Slovakia,2018-09,0.0,,
ESTAT:PRC_HICP_MINR(1.0),02/10/26 11:00:00,Monthly,Monthly rate of change,Total,Slovakia,2018-10,0.1,,
ESTAT:PRC_HICP_MINR(1.0),02/10/26 11:00:00,Monthly,Monthly rate of change,Total,Slovakia,2018-11,-0.1,,
ESTAT:PRC_HICP_MINR(1.0),02/10/26 11:00:00,Monthly,Monthly rate of change,Total,Slovakia,2018-12,-0.1,,
ESTAT:PRC_HICP_MINR(1.0),02/10/26 11:00:00,Monthly,Monthly rate of change,Total,Slovakia,2019-01,1.2,,
ESTAT:PRC_HICP_MINR(1.0),02/10/26 11:00:00,Monthly,Monthly rate of change,Total,Slovakia,2019-02,0.2,,
ESTAT:PRC_HICP_MINR(1.0),02/10/26 11:00:00,Monthly,Monthly rate of change,Total,Slovakia,2019-03,0.7,,
ESTAT:PRC_HICP_MINR(1.0),02/10/26 11:00:00,Monthly,Monthly rate of change,Total,Slovakia,2019-04,0.2,,
ESTAT:PRC_HICP_MINR(1.0),02/10/26 11:00:00,Monthly,Monthly rate of change,Total,Slovakia,2019-05,0.4,,
ESTAT:PRC_HICP_MINR(1.0),02/10/26 11:00:00,Monthly,Monthly rate of change,Total,Slovakia,2019-06,0.1,,
ESTAT:PRC_HICP_MINR(1.0),02/10/26 11:00:00,Monthly,Monthly rate of change,Total,Slovakia,2019-07,0.1,,
ESTAT:PRC_HICP_MINR(1.0),02/10/26 11:00:00,Monthly,Monthly rate of change,Total,Slovakia,2019-08,0.2,,
ESTAT:PRC_HICP_MINR(1.0),02/10/26 11:00:00,Monthly,Monthly rate of change,Total,Slovakia,2019-09,0.1,,
ESTAT:PRC_HICP_MINR(1.0),02/10/26 11:00:00,Monthly,Monthly rate of change,Total,Slovakia,2019-10,-0.1,,
ESTAT:PRC_HICP_MINR(1.0),02/10/26 11:00:00,Monthly,Monthly rate of change,Total,Slovakia,2019-11,0.2,,
ESTAT:PRC_HICP_MINR(1.0),02/10/26 11:00:00,Monthly,Monthly rate of change,Total,Slovakia,2019-12,-0.2,,
ESTAT:PRC_HICP_MINR(1.0),02/10/26 11:00:00,Monthly,Monthly rate of change,Total,Slovakia,2020-01,1.3,,
ESTAT:PRC_HICP_MINR(1.0),02/10/26 11:00:00,Monthly,Monthly rate of change,Total,Slovakia,2020-02,0.1,,
ESTAT:PRC_HICP_MINR(1.0),02/10/26 11:00:00,Monthly,Monthly rate of change,Total,Slovakia,2020-03,0.0,,
ESTAT:PRC_HICP_MINR(1.0),02/10/26 11:00:00,Monthly,Monthly rate of change,Total,Slovakia,2020-04,-0.1,,
ESTAT:PRC_HICP_MINR(1.0),02/10/26 11:00:00,Monthly,Monthly rate of change,Total,Slovakia,2020-05,0.3,,
ESTAT:PRC_HICP_MINR(1.0),02/10/26 11:00:00,Monthly,Monthly rate of change,Total,Slovakia,2020-06,-0.1,,
ESTAT:PRC_HICP_MINR(1.0),02/10/26 11:00:00,Monthly,Monthly rate of change,Total,Slovakia,2020-07,0.1,,
ESTAT:PRC_HICP_MINR(1.0),02/10/26 11:00:00,Monthly,Monthly rate of change,Total,Slovakia,2020-08,-0.1,,
ESTAT:PRC_HICP_MINR(1.0),02/10/26 11:00:00,Monthly,Monthly rate of change,Total,Slovakia,2020-09,0.0,,
ESTAT:PRC_HICP_MINR(1.0),02/10/26 11:00:00,Monthly,Monthly rate of change,Total,Slovakia,2020-10,0.2,,
ESTAT:PRC_HICP_MINR(1.0),02/10/26 11:00:00,Monthly,Monthly rate of change,Total,Slovakia,2020-11,0.1,,
ESTAT:PRC_HICP_MINR(1.0),02/10/26 11:00:00,Monthly,Monthly rate of change,Total,Slovakia,2020-12,-0.1,,
ESTAT:PRC_HICP_MINR(1.0),02/10/26 11:00:00,Monthly,Monthly rate of change,Total,Slovakia,2021-01,0.3,,
ESTAT:PRC_HICP_MINR(1.0),02/10/26 11:00:00,Monthly,Monthly rate of change,Total,Slovakia,2021-02,0.3,,
ESTAT:PRC_HICP_MINR(1.0),02/10/26 11:00:00,Monthly,Monthly rate of change,Total,Slovakia,2021-03,0.6,,
ESTAT:PRC_HICP_MINR(1.0),02/10/26 11:00:00,Monthly,Monthly rate of change,Total,Slovakia,2021-04,0.2,,
ESTAT:PRC_HICP_MINR(1.0),02/10/26 11:00:00,Monthly,Monthly rate of change,Total,Slovakia,2021-05,0.6,,
ESTAT:PRC_HICP_MINR(1.0),02/10/26 11:00:00,Monthly,Monthly rate of change,Total,Slovakia,2021-06,0.4,,
ESTAT:PRC_HICP_MINR(1.0),02/10/26 11:00:00,Monthly,Monthly rate of change,Total,Slovakia,2021-07,0.5,,
ESTAT:PRC_HICP_MINR(1.0),02/10/26 11:00:00,Monthly,Monthly rate of change,Total,Slovakia,2021-08,0.2,,
ESTAT:PRC_HICP_MINR(1.0),02/10/26 11:00:00,Monthly,Monthly rate of change,Total,Slovakia,2021-09,0.8,,
ESTAT:PRC_HICP_MINR(1.0),02/10/26 11:00:00,Monthly,Monthly rate of change,Total,Slovakia,2021-10,0.5,,
ESTAT:PRC_HICP_MINR(1.0),02/10/26 11:00:00,Monthly,Monthly rate of change,Total,Slovakia,2021-11,0.5,,
ESTAT:PRC_HICP_MINR(1.0),02/10/26 11:00:00,Monthly,Monthly rate of change,Total,Slovakia,2021-12,0.2,,
ESTAT:PRC_HICP_MINR(1.0),02/10/26 11:00:00,Monthly,Monthly rate of change,Total,Slovakia,2022-01,2.8,,
ESTAT:PRC_HICP_MINR(1.0),02/10/26 11:00:00,Monthly,Monthly rate of change,Total,Slovakia,2022-02,0.8,,
ESTAT:PRC_HICP_MINR(1.0),02/10/26 11:00:00,Monthly,Monthly rate of change,Total,Slovakia,2022-03,1.8,,
ESTAT:PRC_HICP_MINR(1.0),02/10/26 11:00:00,Monthly,Monthly rate of change,Total,Slovakia,2022-04,1.4,,
ESTAT:PRC_HICP_MINR(1.0),02/10/26 11:00:00,Monthly,Monthly rate of change,Total,Slovakia,2022-05,1.4,,
ESTAT:PRC_HICP_MINR(1.0),02/10/26 11:00:00,Monthly,Monthly rate of change,Total,Slovakia,2022-06,1.1,,
ESTAT:PRC_HICP_MINR(1.0),02/10/26 11:00:00,Monthly,Monthly rate of change,Total,Slovakia,2022-07,0.7,,
ESTAT:PRC_HICP_MINR(1.0),02/10/26 11:00:00,Monthly,Monthly rate of change,Total,Slovakia,2022-08,0.7,,
ESTAT:PRC_HICP_MINR(1.0),02/10/26 11:00:00,Monthly,Monthly rate of change,Total,Slovakia,2022-09,0.9,,
ESTAT:PRC_HICP_MINR(1.0),02/10/26 11:00:00,Monthly,Monthly rate of change,Total,Slovakia,2022-10,1.3,,
ESTAT:PRC_HICP_MINR(1.0),02/10/26 11:00:00,Monthly,Monthly rate of change,Total,Slovakia,2022-11,1.0,,
ESTAT:PRC_HICP_MINR(1.0),02/10/26 11:00:00,Monthly,Monthly rate of change,Total,Slovakia,2022-12,0.1,,
ESTAT:PRC_HICP_MINR(1.0),02/10/26 11:00:00,Monthly,Monthly rate of change,Total,Slovakia,2023-01,2.8,,
ESTAT:PRC_HICP_MINR(1.0),02/10/26 11:00:00,Monthly,Monthly rate of change,Total,Slovakia,2023-02,1.1,,
ESTAT:PRC_HICP_MINR(1.0),02/10/26 11:00:00,Monthly,Monthly rate of change,Total,Slovakia,2023-03,1.3,,
ESTAT:PRC_HICP_MINR(1.0),02/10/26 11:00:00,Monthly,Monthly rate of change,Total,Slovakia,2023-04,0.6,,
ESTAT:PRC_HICP_MINR(1.0),02/10/26 11:00:00,Monthly,Monthly rate of change,Total,Slovakia,2023-05,-0.1,,
ESTAT:PRC_HICP_MINR(1.0),02/10/26 11:00:00,Monthly,Monthly rate of change,Total,Slovakia,2023-06,0.2,,
ESTAT:PRC_HICP_MINR(1.0),02/10/26 11:00:00,Monthly,Monthly rate of change,Total,Slovakia,2023-07,-0.2,,
ESTAT:PRC_HICP_MINR(1.0),02/10/26 11:00:00,Monthly,Monthly rate of change,Total,Slovakia,2023-08,0.1,,
ESTAT:PRC_HICP_MINR(1.0),02/10/26 11:00:00,Monthly,Monthly rate of change,Total,Slovakia,2023-09,0.3,,
ESTAT:PRC_HICP_MINR(1.0),02/10/26 11:00:00,Monthly,Monthly rate of change,Total,Slovakia,2023-10,0.2,,
ESTAT:PRC_HICP_MINR(1.0),02/10/26 11:00:00,Monthly,Monthly rate of change,Total,Slovakia,2023-11,0.2,,
ESTAT:PRC_HICP_MINR(1.0),02/10/26 11:00:00,Monthly,Monthly rate of change,Total,Slovakia,2023-12,-0.1,,
ESTAT:PRC_HICP_MINR(1.0),02/10/26 11:00:00,Monthly,Monthly rate of change,Total,Slovakia,2024-01,0.8,,
ESTAT:PRC_HICP_MINR(1.0),02/10/26 11:00:00,Monthly,Monthly rate of change,Total,Slovakia,2024-02,0.6,,
ESTAT:PRC_HICP_MINR(1.0),02/10/26 11:00:00,Monthly,Monthly rate of change,Total,Slovakia,2024-03,0.1,,
ESTAT:PRC_HICP_MINR(1.0),02/10/26 11:00:00,Monthly,Monthly rate of change,Total,Slovakia,2024-04,0.4,,
ESTAT:PRC_HICP_MINR(1.0),02/10/26 11:00:00,Monthly,Monthly rate of change,Total,Slovakia,2024-05,0.1,,
ESTAT:PRC_HICP_MINR(1.0),02/10/26 11:00:00,Monthly,Monthly rate of change,Total,Slovakia,2024-06,0.0,,
ESTAT:PRC_HICP_MINR(1.0),02/10/26 11:00:00,Monthly,Monthly rate of change,Total,Slovakia,2024-07,0.3,,
ESTAT:PRC_HICP_MINR(1.0),02/10/26 11:00:00,Monthly,Monthly rate of change,Total,Slovakia,2024-08,0.3,,
ESTAT:PRC_HICP_MINR(1.0),02/10/26 11:00:00,Monthly,Monthly rate of change,Total,Slovakia,2024-09,0.1,,
ESTAT:PRC_HICP_MINR(1.0),02/10/26 11:00:00,Monthly,Monthly rate of change,Total,Slovakia,2024-10,0.8,,
ESTAT:PRC_HICP_MINR(1.0),02/10/26 11:00:00,Monthly,Monthly rate of change,Total,Slovakia,2024-11,0.2,,
ESTAT:PRC_HICP_MINR(1.0),02/10/26 11:00:00,Monthly,Monthly rate of change,Total,Slovakia,2024-12,-0.5,,
ESTAT:PRC_HICP_MINR(1.0),02/10/26 11:00:00,Monthly,Monthly rate of change,Total,Slovakia,2025-01,1.8,,
ESTAT:PRC_HICP_MINR(1.0),02/10/26 11:00:00,Monthly,Monthly rate of change,Total,Slovakia,2025-02,0.4,,
ESTAT:PRC_HICP_MINR(1.0),02/10/26 11:00:00,Monthly,Monthly rate of change,Total,Slovakia,2025-03,0.3,,
ESTAT:PRC_HICP_MINR(1.0),02/10/26 11:00:00,Monthly,Monthly rate of change,Total,Slovakia,2025-04,0.1,,
ESTAT:PRC_HICP_MINR(1.0),02/10/26 11:00:00,Monthly,Monthly rate of change,Total,Slovakia,2025-05,0.5,,
ESTAT:PRC_HICP_MINR(1.0),02/10/26 11:00:00,Monthly,Monthly rate of change,Total,Slovakia,2025-06,0.3,,
ESTAT:PRC_HICP_MINR(1.0),02/10/26 11:00:00,Monthly,Monthly rate of change,Total,Slovakia,2025-07,0.4,,
ESTAT:PRC_HICP_MINR(1.0),02/10/26 11:00:00,Monthly,Monthly rate of change,Total,Slovakia,2025-08,0.1,,
ESTAT:PRC_HICP_MINR(1.0),02/10/26 11:00:00,Monthly,Monthly rate of change,Total,Slovakia,2025-09,0.2,,
ESTAT:PRC_HICP_MINR(1.0),02/10/26 11:00:00,Monthly,Monthly rate of change,Total,Slovakia,2025-10,0.1,,
ESTAT:PRC_HICP_MINR(1.0),02/10/26 11:00:00,Monthly,Monthly rate of change,Total,Slovakia,2025-11,0.3,,
ESTAT:PRC_HICP_MINR(1.0),02/10/26 11:00:00,Monthly,Monthly rate of change,Total,Slovakia,2025-12,-0.3,,
