DATAFLOW,LAST UPDATE,freq,unit,coicop18,geo,TIME_PERIOD,OBS_VALUE,OBS_FLAG,CONF_STATUS
ESTAT:PRC_HICP_MINR(1.0),02/10/26 11:00:00,Monthly,"Index, 2025=100",Total,Bulgaria,2006-01,51.80,,
ESTAT:PRC_HICP_MINR(1.0),02/10/26 11:00:00,Monthly,"Index, 2025=100",Total,Bulgaria,2006-02,53.12,,
ESTAT:PRC_HICP_MINR(1.0),02/10/26 11:00:00,Monthly,"Index, 2025=100",Total,Bulgaria,2006-03,53.24,,
ESTAT:PRC_HICP_MINR(1.0),02/10/26 11:00:00,Monthly,"Index, 2025=100",Total,Bulgaria,2006-04,53.58,,
ESTAT:PRC_HICP_MINR(1.0),02/10/26 11:00:00,Monthly,"Index, 2025=100",Total,Bulgaria,2006-05,53.70,,
ESTAT:PRC_HICP_MINR(1.0),02/10/26 11:00:00,Monthly,"Index, 2025=100",Total,Bulgaria,2006-06,53.18,,
ESTAT:PRC_HICP_MINR(1.0),02/10/26 11:00:00,Monthly,"Index, 2025=100",Total,Bulgaria,2006-07,53.30,,
ESTAT:PRC_HICP_MINR(1.0),02/10/26 11:00:00,Monthly,"Index, 2025=100",Total,Bulgaria,2006-08,53.28,,
ESTAT:PRC_HICP_MINR(1.0),02/10/26 11:00:00,Monthly,"Index, 2025=100",Total,Bulgaria,2006-09,53.07,,
ESTAT:PRC_HICP_MINR(1.0),02/10/26 11:00:00,Monthly,"Index, 2025=100",Total,Bulgaria,2006-10,53.43,,
ESTAT:PRC_HICP_MINR(1.0),02/10/26 11:00:00,Monthly,"Index, 2025=100",Total,Bulgaria,2006-11,54.00,,
ESTAT:PRC_HICP_MINR(1.0),02/10/26 11:00:00,Monthly,"Index, 2025=100",Total,Bulgaria,2006-12,54.50,,
ESTAT:PRC_HICP_MINR(1.0),02/10/26 11:00:00,Monthly,"Index, 2025=100",Total,Bulgaria,2007-01,55.29,,
ESTAT:PRC_HICP_MINR(1.0),02/10/26 11:00:00,Monthly,"Index, 2025=100",Total,Bulgaria,2007-02,55.58,,
ESTAT:PRC_HICP_MINR(1.0),02/10/26 11:00:00,Monthly,"Index, 2025=100",Total,Bulgaria,2007-03,55.60,,
ESTAT:PRC_HICP_MINR(1.0),02/10/26 11:00:00,Monthly,"Index, 2025=100",Total,Bulgaria,2007-04,55.93,,
ESTAT:PRC_HICP_MINR(1.0),02/10/26 11:00:00,Monthly,"Index, 2025=100",Total,Bulgaria,2007-05,56.11,,
ESTAT:PRC_HICP_MINR(1.0),02/10/26 11:00:00,Monthly,"Index, 2025=100",Total,Bulgaria,2007-06,56.00,,
ESTAT:PRC_HICP_MINR(1.0),02/10/26 11:00:00,Monthly,"Index, 2025=100",Total,Bulgaria,2007-07,56.95,,
ESTAT:PRC_HICP_MINR(1.0),02/10/26 11:00:00,Monthly,"Index, 2025=100",Total,Bulgaria,2007-08,58.22,,
ESTAT:PRC_HICP_MINR(1.0),02/10/26 11:00:00,Monthly,"Index, 2025=100",Total,Bulgaria,2007-09,58.92,,
ESTAT:PRC_HICP_MINR(1.0),02/10/26 11:00:00,Monthly,"Index, 2025=100",Total,Bulgaria,2007-10,59.11,,
ESTAT:PRC_HICP_MINR(1.0),02/10/26 11:00:00,Monthly,"Index, 2025=100",Total,Bulgaria,2007-11,60.17,,
ESTAT:PRC_HICP_MINR(1.0),02/10/26 11:00:00,Monthly,"Index, 2025=100",Total,Bulgaria,2007-12,60.80,,
ESTAT:PRC_HICP_MINR(1.0),02/10/26 11:00:00,Monthly,"Index, 2025=100",Total,Bulgaria,2008-01,61.74,,
ESTAT:PRC_HICP_MINR(1.0),02/10/26 11:00:00,Monthly,"Index, 2025=100",Total,Bulgaria,2008-02,62.38,,
ESTAT:PRC_HICP_MINR(1.0),02/10/26 11:00:00,Monthly,"Index, 2025=100",Total,Bulgaria,2008-03,62.96,,
ESTAT:PRC_HICP_MINR(1.0),02/10/26 11:00:00,Monthly,"Index, 2025=100",Total,Bulgaria,2008-04,63.42,,
ESTAT:PRC_HICP_MINR(1.0),02/10/26 11:00:00,Monthly,"Index, 2025=100",Total,Bulgaria,2008-05,63.96,,
ESTAT:PRC_HICP_MINR(1.0),02/10/26 11:00:00,Monthly,"Index, 2025=100",Total,Bulgaria,2008-06,64.24,,
ESTAT:PRC_HICP_MINR(1.0),02/10/26 11:00:00,Monthly,"Index, 2025=100",Total,Bulgaria,2008-07,65.17,,
ESTAT:PRC_HICP_MINR(1.0),02/10/26 11:00:00,Monthly,"Index, 2025=100",Total,Bulgaria,2008-08,65.10,,
ESTAT:PRC_HICP_MINR(1.0),02/10/26 11:00:00,Monthly,"Index, 2025=100",Total,Bulgaria,2008-09,65.67,,
ESTAT:PRC_HICP_MINR(1.0),02/10/26 11:00:00,Monthly,"Index, 2025=100",Total,Bulgaria,2008-10,65.73,,
ESTAT:PRC_HICP_MINR(1.0),02/10/26 11:00:00,Monthly,"Index, 2025=100",Total,Bulgaria,2008-11,65.45,,
ESTAT:PRC_HICP_MINR(1.0),02/10/26 11:00:00,Monthly,"Index, 2025=100",Total,Bulgaria,2008-12,65.17,,
ESTAT:PRC_HICP_MINR(1.0),02/10/26 11:00:00,Monthly,"Index, 2025=100",Total,Bulgaria,2009-01,65.46,,
ESTAT:PRC_HICP_MINR(1.0),02/10/26 11:00:00,Monthly,"Index, 2025=100",Total,Bulgaria,2009-02,65.72,,
ESTAT:PRC_HICP_MINR(1.0),02/10/26 11:00:00,Monthly,"Index, 2025=100",Total,Bulgaria,2009-03,65.50,,
ESTAT:PRC_HICP_MINR(1.0),02/10/26 11:00:00,Monthly,"Index, 2025=100",Total,Bulgaria,2009-04,65.85,,
ESTAT:PRC_HICP_MINR(1.0),02/10/26 11:00:00,Monthly,"Index, 2025=100",Total,Bulgaria,2009-05,65.85,,
ESTAT:PRC_HICP_MINR(1.0),02/10/26 11:00:00,Monthly,"Index, 2025=100",Total,Bulgaria,2009-06,65.93,,
ESTAT:PRC_HICP_MINR(1.0),02/10/26 11:00:00,Monthly,"Index, 2025=100",Total,Bulgaria,2009-07,65.83,,
ESTAT:PRC_HICP_MINR(1.0),02/10/26 11:00:00,Monthly,"Index, 2025=100",Total,Bulgaria,2009-08,65.92,,
ESTAT:PRC_HICP_MINR(1.0),02/10/26 11:00:00,Monthly,"Index, 2025=100",Total,Bulgaria,2009-09,65.80,,
ESTAT:PRC_HICP_MINR(1.0),02/10/26 11:00:00,Monthly,"Index, 2025=100",Total,Bulgaria,2009-10,65.91,,
ESTAT:PRC_HICP_MINR(1.0),02/10/26 11:00:00,Monthly,"Index, 2025=100",Total,Bulgaria,2009-11,66.03,,
ESTAT:PRC_HICP_MINR(1.0),02/10/26 11:00:00,Monthly,"Index, 2025=100",Total,Bulgaria,2009-12,66.24,,
ESTAT:PRC_HICP_MINR(1.0),02/10/26 11:00:00,Monthly,"Index, 2025=100",Total,Bulgaria,2010-01,66.63,,
ESTAT:PRC_HICP_MINR(1.0),02/10/26 11:00:00,Monthly,"Index, 2025=100",Total,Bulgaria,2010-02,66.82,,
ESTAT:PRC_HICP_MINR(1.0),02/10/26 11:00:00,Monthly,"Index, 2025=100",Total,Bulgaria,2010-03,67.07,,
ESTAT:PRC_HICP_MINR(1.0),02/10/26 11:00:00,Monthly,"Index, 2025=100",Total,Bulgaria,2010-04,67.84,,
ESTAT:PRC_HICP_MINR(1.0),02/10/26 11:00:00,Monthly,"Index, 2025=100",Total,Bulgaria,2010-05,67.85,,
ESTAT:PRC_HICP_MINR(1.0),02/10/26 11:00:00,Monthly,"Index, 2025=100",Total,Bulgaria,2010-06,67.56,,
ESTAT:PRC_HICP_MINR(1.0),02/10/26 11:00:00,Monthly,"Index, 2025=100",Total,Bulgaria,2010-07,67.91,,
ESTAT:PRC_HICP_MINR(1.0),02/10/26 11:00:00,Monthly,"Index, 2025=100",Total,Bulgaria,2010-08,68.02,,
ESTAT:PRC_HICP_MINR(1.0),02/10/26 11:00:00,Monthly,"Index, 2025=100",Total,Bulgaria,2010-09,68.17,,
ESTAT:PRC_HICP_MINR(1.0),02/10/26 11:00:00,Monthly,"Index, 2025=100",Total,Bulgaria,2010-10,68.29,,
ESTAT:PRC_HICP_MINR(1.0),02/10/26 11:00:00,Monthly,"Index, 2025=100",Total,Bulgaria,2010-11,68.66,,
ESTAT:PRC_HICP_MINR(1.0),02/10/26 11:00:00,Monthly,"Index, 2025=100",Total,Bulgaria,2010-12,69.19,,
ESTAT:PRC_HICP_MINR(1.0),02/10/26 11:00:00,Monthly,"Index, 2025=100",Total,Bulgaria,2011-01,69.50,,
ESTAT:PRC_HICP_MINR(1.0),02/10/26 11:00:00,Monthly,"Index, 2025=100",Total,Bulgaria,2011-02,69.88,,
ESTAT:PRC_HICP_MINR(1.0),02/10/26 11:00:00,Monthly,"Index, 2025=100",Total,Bulgaria,2011-03,70.16,,
ESTAT:PRC_HICP_MINR(1.0),02/10/26 11:00:00,Monthly,"Index, 2025=100",Total,Bulgaria,2011-04,70.10,,
ESTAT:PRC_HICP_MINR(1.0),02/10/26 11:00:00,Monthly,"Index, 2025=100",Total,Bulgaria,2011-05,70.17,,
ESTAT:PRC_HICP_MINR(1.0),02/10/26 11:00:00,Monthly,"Index, 2025=100",Total,Bulgaria,2011-06,69.95,,
ESTAT:PRC_HICP_MINR(1.0),02/10/26 11:00:00,Monthly,"Index, 2025=100",Total,Bulgaria,2011-07,70.21,,
ESTAT:PRC_HICP_MINR(1.0),02/10/26 11:00:00,Monthly,"Index, 2025=100",Total,Bulgaria,2011-08,70.11,,
ESTAT:PRC_HICP_MINR(1.0),02/10/26 11:00:00,Monthly,"Index, 2025=100",Total,Bulgaria,2011-09,70.13,,
ESTAT:PRC_HICP_MINR(1.0),02/10/26 11:00:00,Monthly,"Index, 2025=100",Total,Bulgaria,2011-10,70.36,,
ESTAT:PRC_HICP_MINR(1.0),02/10/26 11:00:00,Monthly,"Index, 2025=100",Total,Bulgaria,2011-11,70.42,,
ESTAT:PRC_HICP_MINR(1.0),02/10/26 11:00:00,Monthly,"Index, 2025=100",Total,Bulgaria,2011-12,70.60,,
ESTAT:PRC_HICP_MINR(1.0),02/10/26 11:00:00,Monthly,"Index, 2025=100",Total,Bulgaria,2012-01,70.85,,
ESTAT:PRC_HICP_MINR(1.0),02/10/26 11:00:00,Monthly,"Index, 2025=100",Total,Bulgaria,2012-02,71.27,,
ESTAT:PRC_HICP_MINR(1.0),02/10/26 11:00:00,Monthly,"Index, 2025=100",Total,Bulgaria,2012-03,71.37,,
ESTAT:PRC_HICP_MINR(1.0),02/10/26 11:00:00,Monthly,"Index, 2025=100",Total,Bulgaria,2012-04,71.53,,
ESTAT:PRC_HICP_MINR(1.0),02/10/26 11:00:00,Monthly,"Index, 2025=100",Total,Bulgaria,2012-05,71.46,,
ESTAT:PRC_HICP_MINR(1.0),02/10/26 11:00:00,Monthly,"Index, 2025=100",Total,Bulgaria,2012-06,71.09,,
ESTAT:PRC_HICP_MINR(1.0),02/10/26 11:00:00,Monthly,"Index, 2025=100",Total,Bulgaria,2012-07,71.90,,
ESTAT:PRC_HICP_MINR(1.0),02/10/26 11:00:00,Monthly,"Index, 2025=100",Total,Bulgaria,2012-08,72.30,,
ESTAT:PRC_HICP_MINR(1.0),02/10/26 11:00:00,Monthly,"Index, 2025=100",Total,Bulgaria,2012-09,72.55,,
ESTAT:PRC_HICP_MINR(1.0),02/10/26 11:00:00,Monthly,"Index, 2025=100",Total,Bulgaria,2012-10,72.50,,
ESTAT:PRC_HICP_MINR(1.0),02/10/26 11:00:00,Monthly,"Index, 2025=100",Total,Bulgaria,2012-11,72.34,,
ESTAT:PRC_HICP_MINR(1.0),02/10/26 11:00:00,Monthly,"Index, 2025=100",Total,Bulgaria,2012-12,72.55,,
ESTAT:PRC_HICP_MINR(1.0),02/10/26 11:00:00,Monthly,"Index, 2025=100",Total,Bulgaria,2013-01,72.71,,
ESTAT:PRC_HICP_MINR(1.0),02/10/26 11:00:00,Monthly,"Index, 2025=100",Total,Bulgaria,2013-02,72.84,,
ESTAT:PRC_HICP_MINR(1.0),02/10/26 11:00:00,Monthly,"Index, 2025=100",Total,Bulgaria,2013-03,72.53,,
ESTAT:PRC_HICP_MINR(1.0),02/10/26 11:00:00,Monthly,"Index, 2025=100",Total,Bulgaria,2013-04,72.21,,
ESTAT:PRC_HICP_MINR(1.0),02/10/26 11:00:00,Monthly,"Index, 2025=100",Total,Bulgaria,2013-05,72.18,,
ESTAT:PRC_HICP_MINR(1.0),02/10/26 11:00:00,Monthly,"Index, 2025=100",Total,Bulgaria,2013-06,71.97,,
ESTAT:PRC_HICP_MINR(1.0),02/10/26 11:00:00,Monthly,"Index, 2025=100",Total,Bulgaria,2013-07,71.92,,
ESTAT:PRC_HICP_MINR(1.0),02/10/26 11:00:00,Monthly,"Index, 2025=100",Total,Bulgaria,2013-08,71.78,,
ESTAT:PRC_HICP_MINR(1.0),02/10/26 11:00:00,Monthly,"Index, 2025=100",Total,Bulgaria,2013-09,71.60,,
ESTAT:PRC_HICP_MINR(1.0),02/10/26 11:00:00,Monthly,"Index, 2025=100",Total,Bulgaria,2013-10,71.71,,
ESTAT:PRC_HICP_MINR(1.0),02/10/26 11:00:00,Monthly,"Index, 2025=100",Total,Bulgaria,2013-11,71.63,,
ESTAT:PRC_HICP_MINR(1.0),02/10/26 11:00:00,Monthly,"Index, 2025=100",Total,Bulgaria,2013-12,71.93,,
ESTAT:PRC_HICP_MINR(1.0),02/10/26 11:00:00,Monthly,"Index, 2025=100",Total,Bulgaria,2014-01,71.73,,
ESTAT:PRC_HICP_MINR(1.0),02/10/26 11:00:00,Monthly,"Index, 2025=100",Total,Bulgaria,2014-02,71.30,,
ESTAT:PRC_HICP_MINR(1.0),02/10/26 11:00:00,Monthly,"Index, 2025=100",Total,Bulgaria,2014-03,71.10,,
ESTAT:PRC_HICP_MINR(1.0),02/10/26 11:00:00,Monthly,"Index, 2025=100",Total,Bulgaria,2014-04,71.26,,
ESTAT:PRC_HICP_MINR(1.0),02/10/26 11:00:00,Monthly,"Index, 2025=100",Total,Bulgaria,2014-05,70.90,,
ESTAT:PRC_HICP_MINR(1.0),02/10/26 11:00:00,Monthly,"Index, 2025=100",Total,Bulgaria,2014-06,70.68,,
ESTAT:PRC_HICP_MINR(1.0),02/10/26 11:00:00,Monthly,"Index, 2025=100",Total,Bulgaria,2014-07,71.12,,
ESTAT:PRC_HICP_MINR(1.0),02/10/26 11:00:00,Monthly,"Index, 2025=100",Total,Bulgaria,2014-08,71.06,,
ESTAT:PRC_HICP_MINR(1.0),02/10/26 11:00:00,Monthly,"Index, 2025=100",Total,Bulgaria,2014-09,70.58,,
ESTAT:PRC_HICP_MINR(1.0),02/10/26 11:00:00,Monthly,"Index, 2025=100",Total,Bulgaria,2014-10,70.64,,
ESTAT:PRC_HICP_MINR(1.0),02/10/26 11:00:00,Monthly,"Index, 2025=100",Total,Bulgaria,2014-11,70.28,,
ESTAT:PRC_HICP_MINR(1.0),02/10/26 11:00:00,Monthly,"Index, 2025=100",Total,Bulgaria,2014-12,70.52,,
ESTAT:PRC_HICP_MINR(1.0),02/10/26 11:00:00,Monthly,"Index, 2025=100",Total,Bulgaria,2015-01,70.04,,
ESTAT:PRC_HICP_MINR(1.0),02/10/26 11:00:00,Monthly,"Index, 2025=100",Total,Bulgaria,2015-02,70.08,,
ESTAT:PRC_HICP_MINR(1.0),02/10/26 11:00:00,Monthly,"Index, 2025=100",Total,Bulgaria,2015-03,70.31,,
ESTAT:PRC_HICP_MINR(1.0),02/10/26 11:00:00,Monthly,"Index, 2025=100",Total,Bulgaria,2015-04,70.64,,
ESTAT:PRC_HICP_MINR(1.0),02/10/26 11:00:00,Monthly,"Index, 2025=100",Total,Bulgaria,2015-05,70.67,,
ESTAT:PRC_HICP_MINR(1.0),02/10/26 11:00:00,Monthly,"Index, 2025=100",Total,Bulgaria,2015-06,70.28,,
ESTAT:PRC_HICP_MINR(1.0),02/10/26 11:00:00,Monthly,"Index, 2025=100",Total,Bulgaria,2015-07,70.41,,
ESTAT:PRC_HICP_MINR(1.0),02/10/26 11:00:00,Monthly,"Index, 2025=100",Total,Bulgaria,2015-08,70.47,,
ESTAT:PRC_HICP_MINR(1.0),02/10/26 11:00:00,Monthly,"Index, 2025=100",Total,Bulgaria,2015-09,69.91,,
ESTAT:PRC_HICP_MINR(1.0),02/10/26 11:00:00,Monthly,"Index, 2025=100",Total,Bulgaria,2015-10,69.80,,
ESTAT:PRC_HICP_MINR(1.0),02/10/26 11:00:00,Monthly,"Index, 2025=100",Total,Bulgaria,2015-11,69.61,,
ESTAT:PRC_HICP_MINR(1.0),02/10/26 11:00:00,Monthly,"Index, 2025=100",Total,Bulgaria,2015-12,69.89,,
ESTAT:PRC_HICP_MINR(1.0),02/10/26 11:00:00,Monthly,"Index, 2025=100",Total,Bulgaria,2016-01,69.76,,
ESTAT:PRC_HICP_MINR(1.0),02/10/26 11:00:00,Monthly,"Index, 2025=100",Total,Bulgaria,2016-02,69.39,,
ESTAT:PRC_HICP_MINR(1.0),02/10/26 11:00:00,Monthly,"Index, 2025=100",Total,Bulgaria,2016-03,68.97,,
ESTAT:PRC_HICP_MINR(1.0),02/10/26 11:00:00,Monthly,"Index, 2025=100",Total,Bulgaria,2016-04,68.86,,
ESTAT:PRC_HICP_MINR(1.0),02/10/26 11:00:00,Monthly,"Index, 2025=100",Total,Bulgaria,2016-05,68.87,,
ESTAT:PRC_HICP_MINR(1.0),02/10/26 11:00:00,Monthly,"Index, 2025=100",Total,Bulgaria,2016-06,68.96,,
ESTAT:PRC_HICP_MINR(1.0),02/10/26 11:00:00,Monthly,"Index, 2025=100",Total,Bulgaria,2016-07,69.65,,
ESTAT:PRC_HICP_MINR(1.0),02/10/26 11:00:00,Monthly,"Index, 2025=100",Total,Bulgaria,2016-08,69.68,,
ESTAT:PRC_HICP_MINR(1.0),02/10/26 11:00:00,Monthly,"Index, 2025=100",Total,Bulgaria,2016-09,69.16,,
ESTAT:PRC_HICP_MINR(1.0),02/10/26 11:00:00,Monthly,"Index, 2025=100",Total,Bulgaria,2016-10,69.09,,
ESTAT:PRC_HICP_MINR(1.0),02/10/26 11:00:00,Monthly,"Index, 2025=100",Total,Bulgaria,2016-11,69.03,,
ESTAT:PRC_HICP_MINR(1.0),02/10/26 11:00:00,Monthly,"Index, 2025=100",Total,Bulgaria,2016-12,69.54,,
ESTAT:PRC_HICP_MINR(1.0),02/10/26 11:00:00,Monthly,"Index, 2025=100",Total,Bulgaria,2017-01,70.01,,
ESTAT:PRC_HICP_MINR(1.0),02/10/26 11:00:00,Monthly,"Index, 2025=100",Total,Bulgaria,2017-02,70.03,,
ESTAT:PRC_HICP_MINR(1.0),02/10/26 11:00:00,Monthly,"Index, 2025=100",Total,Bulgaria,2017-03,69.67,,
ESTAT:PRC_HICP_MINR(1.0),02/10/26 11:00:00,Monthly,"Index, 2025=100",Total,Bulgaria,2017-04,69.99,,
ESTAT:PRC_HICP_MINR(1.0),02/10/26 11:00:00,Monthly,"Index, 2025=100",Total,Bulgaria,2017-05,69.84,,
ESTAT:PRC_HICP_MINR(1.0),02/10/26 11:00:00,Monthly,"Index, 2025=100",Total,Bulgaria,2017-06,69.72,,
ESTAT:PRC_HICP_MINR(1.0),02/10/26 11:00:00,Monthly,"Index, 2025=100",Total,Bulgaria,2017-07,70.07,,
ESTAT:PRC_HICP_MINR(1.0),02/10/26 11:00:00,Monthly,"Index, 2025=100",Total,Bulgaria,2017-08,70.20,,
ESTAT:PRC_HICP_MINR(1.0),02/10/26 11:00:00,Monthly,"Index, 2025=100",Total,Bulgaria,2017-09,70.04,,
ESTAT:PRC_HICP_MINR(1.0),02/10/26 11:00:00,Monthly,"Index, 2025=100",Total,Bulgaria,2017-10,70.13,,
ESTAT:PRC_HICP_MINR(1.0),02/10/26 11:00:00,Monthly,"Index, 2025=100",Total,Bulgaria,2017-11,70.32,,
ESTAT:PRC_HICP_MINR(1.0),02/10/26 11:00:00,Monthly,"Index, 2025=100",Total,Bulgaria,2017-12,70.79,,
ESTAT:PRC_HICP_MINR(1.0),02/10/26 11:00:00,Monthly,"Index, 2025=100",Total,Bulgaria,2018-01,70.93,,
ESTAT:PRC_HICP_MINR(1.0),02/10/26 11:00:00,Monthly,"Index, 2025=100",Total,Bulgaria,2018-02,71.10,,
ESTAT:PRC_HICP_MINR(1.0),02/10/26 11:00:00,Monthly,"Index, 2025=100",Total,Bulgaria,2018-03,70.97,,
ESTAT:PRC_HICP_MINR(1.0),02/10/26 11:00:00,Monthly,"Index, 2025=100",Total,Bulgaria,2018-04,71.19,,
ESTAT:PRC_HICP_MINR(1.0),02/10/26 11:00:00,Monthly,"Index, 2025=100",Total,Bulgaria,2018-05,71.47,,
ESTAT:PRC_HICP_MINR(1.0),02/10/26 11:00:00,Monthly,"Index, 2025=100",Total,Bulgaria,2018-06,71.82,,
ESTAT:PRC_HICP_MINR(1.0),02/10/26 11:00:00,Monthly,"Index, 2025=100",Total,Bulgaria,2018-07,72.57,,
ESTAT:PRC_HICP_MINR(1.0),02/10/26 11:00:00,Monthly,"Index, 2025=100",Total,Bulgaria,2018-08,72.81,,
ESTAT:PRC_HICP_MINR(1.0),02/10/26 11:00:00,Monthly,"Index, 2025=100",Total,Bulgaria,2018-09,72.56,,
ESTAT:PRC_HICP_MINR(1.0),02/10/26 11:00:00,Monthly,"Index, 2025=100",Total,Bulgaria,2018-10,72.67,,
ESTAT:PRC_HICP_MINR(1.0),02/10/26 11:00:00,Monthly,"Index, 2025=100",Total,Bulgaria,2018-11,72.46,,
ESTAT:PRC_HICP_MINR(1.0),02/10/26 11:00:00,Monthly,"Index, 2025=100",Total,Bulgaria,2018-12,72.43,,
ESTAT:PRC_HICP_MINR(1.0),02/10/26 11:00:00,Monthly,"Index, 2025=100",Total,Bulgaria,2019-01,72.59,,
ESTAT:PRC_HICP_MINR(1.0),02/10/26 11:00:00,Monthly,"Index, 2025=100",Total,Bulgaria,2019-02,72.79,,
ESTAT:PRC_HICP_MINR(1.0),02/10/26 11:00:00,Monthly,"Index, 2025=100",Total,Bulgaria,2019-03,72.95,,
ESTAT:PRC_HICP_MINR(1.0),02/10/26 11:00:00,Monthly,"Index, 2025=100",Total,Bulgaria,2019-04,73.41,,
ESTAT:PRC_HICP_MINR(1.0),02/10/26 11:00:00,Monthly,"Index, 2025=100",Total,Bulgaria,2019-05,73.51,,
ESTAT:PRC_HICP_MINR(1.0),02/10/26 11:00:00,Monthly,"Index, 2025=100",Total,Bulgaria,2019-06,73.49,,
ESTAT:PRC_HICP_MINR(1.0),02/10/26 11:00:00,Monthly,"Index, 2025=100",Total,Bulgaria,2019-07,74.48,,
ESTAT:PRC_HICP_MINR(1.0),02/10/26 11:00:00,Monthly,"Index, 2025=100",Total,Bulgaria,2019-08,74.61,,
ESTAT:PRC_HICP_MINR(1.0),02/10/26 11:00:00,Monthly,"Index, 2025=100",Total,Bulgaria,2019-09,73.74,,
ESTAT:PRC_HICP_MINR(1.0),02/10/26 11:00:00,Monthly,"Index, 2025=100",Total,Bulgaria,2019-10,73.85,,
ESTAT:PRC_HICP_MINR(1.0),02/10/26 11:00:00,Monthly,"Index, 2025=100",Total,Bulgaria,2019-11,74.08,,
ESTAT:PRC_HICP_MINR(1.0),02/10/26 11:00:00,Monthly,"Index, 2025=100",Total,Bulgaria,2019-12,74.68,,
ESTAT:PRC_HICP_MINR(1.0),02/10/26 11:00:00,Monthly,"Index, 2025=100",Total,Bulgaria,2020-01,75.05,,
ESTAT:PRC_HICP_MINR(1.0),02/10/26 11:00:00,Monthly,"Index, 2025=100",Total,Bulgaria,2020-02,75.06,,
ESTAT:PRC_HICP_MINR(1.0),02/10/26 11:00:00,Monthly,"Index, 2025=100",Total,Bulgaria,2020-03,74.71,,
ESTAT:PRC_HICP_MINR(1.0),02/10/26 11:00:00,Monthly,"Index, 2025=100",Total,Bulgaria,2020-04,74.40,,
ESTAT:PRC_HICP_MINR(1.0),02/10/26 11:00:00,Monthly,"Index, 2025=100",Total,Bulgaria,2020-05,74.22,,
ESTAT:PRC_HICP_MINR(1.0),02/10/26 11:00:00,Monthly,"Index, 2025=100",Total,Bulgaria,2020-06,74.17,,
ESTAT:PRC_HICP_MINR(1.0),02/10/26 11:00:00,Monthly,"Index, 2025=100",Total,Bulgaria,2020-07,74.79,,
ESTAT:PRC_HICP_MINR(1.0),02/10/26 11:00:00,Monthly,"Index, 2025=100",Total,Bulgaria,2020-08,75.10,,
ESTAT:PRC_HICP_MINR(1.0),02/10/26 11:00:00,Monthly,"Index, 2025=100",Total,Bulgaria,2020-09,74.18,,
ESTAT:PRC_HICP_MINR(1.0),02/10/26 11:00:00,Monthly,"Index, 2025=100",Total,Bulgaria,2020-10,74.30,,
ESTAT:PRC_HICP_MINR(1.0),02/10/26 11:00:00,Monthly,"Index, 2025=100",Total,Bulgaria,2020-11,74.31,,
ESTAT:PRC_HICP_MINR(1.0),02/10/26 11:00:00,Monthly,"Index, 2025=100",Total,Bulgaria,2020-12,74.69,,
ESTAT:PRC_HICP_MINR(1.0),02/10/26 11:00:00,Monthly,"Index, 2025=100",Total,Bulgaria,2021-01,74.80,,
ESTAT:PRC_HICP_MINR(1.0),02/10/26 11:00:00,Monthly,"Index, 2025=100",Total,Bulgaria,2021-02,75.20,,
ESTAT:PRC_HICP_MINR(1.0),02/10/26 11:00:00,Monthly,"Index, 2025=100",Total,Bulgaria,2021-03,75.32,,
ESTAT:PRC_HICP_MINR(1.0),02/10/26 11:00:00,Monthly,"Index, 2025=100",Total,Bulgaria,2021-04,75.84,,
ESTAT:PRC_HICP_MINR(1.0),02/10/26 11:00:00,Monthly,"Index, 2025=100",Total,Bulgaria,2021-05,75.95,,
ESTAT:PRC_HICP_MINR(1.0),02/10/26 11:00:00,Monthly,"Index, 2025=100",Total,Bulgaria,2021-06,75.93,,
ESTAT:PRC_HICP_MINR(1.0),02/10/26 11:00:00,Monthly,"Index, 2025=100",Total,Bulgaria,2021-07,76.47,,
ESTAT:PRC_HICP_MINR(1.0),02/10/26 11:00:00,Monthly,"Index, 2025=100",Total,Bulgaria,2021-08,77.00,,
ESTAT:PRC_HICP_MINR(1.0),02/10/26 11:00:00,Monthly,"Index, 2025=100",Total,Bulgaria,2021-09,77.14,,
ESTAT:PRC_HICP_MINR(1.0),02/10/26 11:00:00,Monthly,"Index, 2025=100",Total,Bulgaria,2021-10,78.14,,
ESTAT:PRC_HICP_MINR(1.0),02/10/26 11:00:00,Monthly,"Index, 2025=100",Total,Bulgaria,2021-11,78.97,,
ESTAT:PRC_HICP_MINR(1.0),02/10/26 11:00:00,Monthly,"Index, 2025=100",Total,Bulgaria,2021-12,79.61,,
ESTAT:PRC_HICP_MINR(1.0),02/10/26 11:00:00,Monthly,"Index, 2025=100",Total,Bulgaria,2022-01,80.56,,
ESTAT:PRC_HICP_MINR(1.0),02/10/26 11:00:00,Monthly,"Index, 2025=100",Total,Bulgaria,2022-02,81.52,,
ESTAT:PRC_HICP_MINR(1.0),02/10/26 11:00:00,Monthly,"Index, 2025=100",Total,Bulgaria,2022-03,83.22,,
ESTAT:PRC_HICP_MINR(1.0),02/10/26 11:00:00,Monthly,"Index, 2025=100",Total,Bulgaria,2022-04,85.00,,
ESTAT:PRC_HICP_MINR(1.0),02/10/26 11:00:00,Monthly,"Index, 2025=100",Total,Bulgaria,2022-05,86.13,,
ESTAT:PRC_HICP_MINR(1.0),02/10/26 11:00:00,Monthly,"Index, 2025=100",Total,Bulgaria,2022-06,87.13,,
ESTAT:PRC_HICP_MINR(1.0),02/10/26 11:00:00,Monthly,"Index, 2025=100",Total,Bulgaria,2022-07,87.85,,
ESTAT:PRC_HICP_MINR(1.0),02/10/26 11:00:00,Monthly,"Index, 2025=100",Total,Bulgaria,2022-08,88.56,,
ESTAT:PRC_HICP_MINR(1.0),02/10/26 11:00:00,Monthly,"Index, 2025=100",Total,Bulgaria,2022-09,89.19,,
ESTAT:PRC_HICP_MINR(1.0),02/10/26 11:00:00,Monthly,"Index, 2025=100",Total,Bulgaria,2022-10,89.74,,
ESTAT:PRC_HICP_MINR(1.0),02/10/26 11:00:00,Monthly,"Index, 2025=100",Total,Bulgaria,2022-11,90.30,,
ESTAT:PRC_HICP_MINR(1.0),02/10/26 11:00:00,Monthly,"Index, 2025=100",Total,Bulgaria,2022-12,91.01,,
ESTAT:PRC_HICP_MINR(1.0),02/10/26 11:00:00,Monthly,"Index, 2025=100",Total,Bulgaria,2023-01,92.07,,
ESTAT:PRC_HICP_MINR(1.0),02/10/26 11:00:00,Monthly,"Index, 2025=100",Total,Bulgaria,2023-02,92.72,,
ESTAT:PRC_HICP_MINR(1.0),02/10/26 11:00:00,Monthly,"Index, 2025=100",Total,Bulgaria,2023-03,93.27,,
ESTAT:PRC_HICP_MINR(1.0),02/10/26 11:00:00,Monthly,"Index, 2025=100",Total,Bulgaria,2023-04,93.78,,
ESTAT:PRC_HICP_MINR(1.0),02/10/26 11:00:00,Monthly,"Index, 2025=100",Total,Bulgaria,2023-05,93.55,,
ESTAT:PRC_HICP_MINR(1.0),02/10/26 11:00:00,Monthly,"Index, 2025=100",Total,Bulgaria,2023-06,93.65,,
ESTAT:PRC_HICP_MINR(1.0),02/10/26 11:00:00,Monthly,"Index, 2025=100",Total,Bulgaria,2023-07,94.73,,
ESTAT:PRC_HICP_MINR(1.0),02/10/26 11:00:00,Monthly,"Index, 2025=100",Total,Bulgaria,2023-08,95.17,,
ESTAT:PRC_HICP_MINR(1.0),02/10/26 11:00:00,Monthly,"Index, 2025=100",Total,Bulgaria,2023-09,94.86,,
ESTAT:PRC_HICP_MINR(1.0),02/10/26 11:00:00,Monthly,"Index, 2025=100",Total,Bulgaria,2023-10,95.05,,
ESTAT:PRC_HICP_MINR(1.0),02/10/26 11:00:00,Monthly,"Index, 2025=100",Total,Bulgaria,2023-11,95.27,,
ESTAT:PRC_HICP_MINR(1.0),02/10/26 11:00:00,Monthly,"Index, 2025=100",Total,Bulgaria,2023-12,95.55,,
ESTAT:PRC_HICP_MINR(1.0),02/10/26 11:00:00,Monthly,"Index, 2025=100",Total,Bulgaria,2024-01,95.65,,
ESTAT:PRC_HICP_MINR(1.0),02/10/26 11:00:00,Monthly,"Index, 2025=100",Total,Bulgaria,2024-02,95.94,,
ESTAT:PRC_HICP_MINR(1.0),02/10/26 11:00:00,Monthly,"Index, 2025=100",Total,Bulgaria,2024-03,96.18,,
ESTAT:PRC_HICP_MINR(1.0),02/10/26 11:00:00,Monthly,"Index, 2025=100",Total,Bulgaria,2024-04,96.09,,
ESTAT:PRC_HICP_MINR(1.0),02/10/26 11:00:00,Monthly,"Index, 2025=100",Total,Bulgaria,2024-05,96.09,,
ESTAT:PRC_HICP_MINR(1.0),02/10/26 11:00:00,Monthly,"Index, 2025=100",Total,Bulgaria,2024-06,96.24,,
ESTAT:PRC_HICP_MINR(1.0),02/10/26 11:00:00,Monthly,"Index, 2025=100",Total,Bulgaria,2024-07,97.37,,
ESTAT:PRC_HICP_MINR(1.0),02/10/26 11:00:00,Monthly,"Index, 2025=100",Total,Bulgaria,2024-08,97.42,,
ESTAT:PRC_HICP_MINR(1.0),02/10/26 11:00:00,Monthly,"Index, 2025=100",Total,Bulgaria,2024-09,96.32,,
ESTAT:PRC_HICP_MINR(1.0),02/10/26 11:00:00,Monthly,"Index, 2025=100",Total,Bulgaria,2024-10,96.94,,
ESTAT:PRC_HICP_MINR(1.0),02/10/26 11:00:00,Monthly,"Index, 2025=100",Total,Bulgaria,2024-11,97.22,,
ESTAT:PRC_HICP_MINR(1.0),02/10/26 11:00:00,Monthly,"Index, 2025=100",Total,Bulgaria,2024-12,97.54,,
ESTAT:PRC_HICP_MINR(1.0),02/10/26 11:00:00,Monthly,"Index, 2025=100",Total,Bulgaria,2025-01,99.28,,
ESTAT:PRC_HICP_MINR(1.0),02/10/26 11:00:00,Monthly,"Index, 2025=100",Total,Bulgaria,2025-02,99.71,,
ESTAT:PRC_HICP_MINR(1.0),02/10/26 11:00:00,Monthly,"Index, 2025=100",Total,Bulgaria,2025-03,100.02,,
ESTAT:PRC_HICP_MINR(1.0),02/10/26 11:00:00,Monthly,"Index, 2025=100",Total,Bulgaria,2025-04,98.78,,
ESTAT:PRC_HICP_MINR(1.0),02/10/26 11:00:00,Monthly,"Index, 2025=100",Total,Bulgaria,2025-05,98.83,,
ESTAT:PRC_HICP_MINR(1.0),02/10/26 11:00:00,Monthly,"Index, 2025=100",Total,Bulgaria,2025-06,99.26,,
ESTAT:PRC_HICP_MINR(1.0),02/10/26 11:00:00,Monthly,"Index, 2025=100",Total,Bulgaria,2025-07,100.69,,
ESTAT:PRC_HICP_MINR(1.0),02/10/26 11:00:00,Monthly,"Index, 2025=100",Total,Bulgaria,2025-08,100.83,,
ESTAT:PRC_HICP_MINR(1.0),02/10/26 11:00:00,Monthly,"Index, 2025=100",Total,Bulgaria,2025-09,100.22,,
ESTAT:PRC_HICP_MINR(1.0),02/10/26 11:00:00,Monthly,"Index, 2025=100",Total,Bulgaria,2025-10,100.64,,
ESTAT:PRC_HICP_MINR(1.0),02/10/26 11:00:00,Monthly,"Index, 2025=100",Total,Bulgaria,2025-11,100.80,,
ESTAT:PRC_HICP_MINR(1.0),02/10/26 11:00:00,Monthly,"Index, 2025=100",Total,Bulgaria,2025-12,100.93,,
ESTAT:PRC_HICP_MINR(1.0),02/10/26 11:00:00,Monthly,"Index, 2025=100",Total,Czechia,2006-01,53.27,,
ESTAT:PRC_HICP_MINR(1.0),02/10/26 11:00:00,Monthly,"Index, 2025=100",Total,Czechia,2006-02,53.27,,
ESTAT:PRC_HICP_MINR(1.0),02/10/26 11:00:00,Monthly,"Index, 2025=100",Total,Czechia,2006-03,53.20,,
ESTAT:PRC_HICP_MINR(1.0),02/10/26 11:00:00,Monthly,"Index, 2025=100",Total,Czechia,2006-04,53.34,,
ESTAT:PRC_HICP_MINR(1.0),02/10/26 11:00:00,Monthly,"Index, 2025=100",Total,Czechia,2006-05,53.62,,
ESTAT:PRC_HICP_MINR(1.0),02/10/26 11:00:00,Monthly,"Index, 2025=100",Total,Czechia,2006-06,53.68,,
ESTAT:PRC_HICP_MINR(1.0),02/10/26 11:00:00,Monthly,"Index, 2025=100",Total,Czechia,2006-07,53.87,,
ESTAT:PRC_HICP_MINR(1.0),02/10/26 11:00:00,Monthly,"Index, 2025=100",Total,Czechia,2006-08,53.98,,
ESTAT:PRC_HICP_MINR(1.0),02/10/26 11:00:00,Monthly,"Index, 2025=100",Total,Czechia,2006-09,53.71,,
ESTAT:PRC_HICP_MINR(1.0),02/10/26 11:00:00,Monthly,"Index, 2025=100",Total,Czechia,2006-10,53.44,,
ESTAT:PRC_HICP_MINR(1.0),02/10/26 11:00:00,Monthly,"Index, 2025=100",Total,Czechia,2006-11,53.32,,
ESTAT:PRC_HICP_MINR(1.0),02/10/26 11:00:00,Monthly,"Index, 2025=100",Total,Czechia,2006-12,53.44,,
ESTAT:PRC_HICP_MINR(1.0),02/10/26 11:00:00,Monthly,"Index, 2025=100",Total,Czechia,2007-01,53.96,,
ESTAT:PRC_HICP_MINR(1.0),02/10/26 11:00:00,Monthly,"Index, 2025=100",Total,Czechia,2007-02,54.11,,
ESTAT:PRC_HICP_MINR(1.0),02/10/26 11:00:00,Monthly,"Index, 2025=100",Total,Czechia,2007-03,54.28,,
ESTAT:PRC_HICP_MINR(1.0),02/10/26 11:00:00,Monthly,"Index, 2025=100",Total,Czechia,2007-04,54.68,,
ESTAT:PRC_HICP_MINR(1.0),02/10/26 11:00:00,Monthly,"Index, 2025=100",Total,Czechia,2007-05,54.89,,
ESTAT:PRC_HICP_MINR(1.0),02/10/26 11:00:00,Monthly,"Index, 2025=100",Total,Czechia,2007-06,55.05,,
ESTAT:PRC_HICP_MINR(1.0),02/10/26 11:00:00,Monthly,"Index, 2025=100",Total,Czechia,2007-07,55.25,,
ESTAT:PRC_HICP_MINR(1.0),02/10/26 11:00:00,Monthly,"Index, 2025=100",Total,Czechia,2007-08,55.38,,
ESTAT:PRC_HICP_MINR(1.0),02/10/26 11:00:00,Monthly,"Index, 2025=100",Total,Czechia,2007-09,55.25,,
ESTAT:PRC_HICP_MINR(1.0),02/10/26 11:00:00,Monthly,"Index, 2025=100",Total,Czechia,2007-10,55.59,,
ESTAT:PRC_HICP_MINR(1.0),02/10/26 11:00:00,Monthly,"Index, 2025=100",Total,Czechia,2007-11,56.08,,
ESTAT:PRC_HICP_MINR(1.0),02/10/26 11:00:00,Monthly,"Index, 2025=100",Total,Czechia,2007-12,56.35,,
ESTAT:PRC_HICP_MINR(1.0),02/10/26 11:00:00,Monthly,"Index, 2025=100",Total,Czechia,2008-01,58.21,,
ESTAT:PRC_HICP_MINR(1.0),02/10/26 11:00:00,Monthly,"Index, 2025=100",Total,Czechia,2008-02,58.27,,
ESTAT:PRC_HICP_MINR(1.0),02/10/26 11:00:00,Monthly,"Index, 2025=100",Total,Czechia,2008-03,58.17,,
ESTAT:PRC_HICP_MINR(1.0),02/10/26 11:00:00,Monthly,"Index, 2025=100",Total,Czechia,2008-04,58.40,,
ESTAT:PRC_HICP_MINR(1.0),02/10/26 11:00:00,Monthly,"Index, 2025=100",Total,Czechia,2008-05,58.62,,
ESTAT:PRC_HICP_MINR(1.0),02/10/26 11:00:00,Monthly,"Index, 2025=100",Total,Czechia,2008-06,58.72,,
ESTAT:PRC_HICP_MINR(1.0),02/10/26 11:00:00,Monthly,"Index, 2025=100",Total,Czechia,2008-07,59.00,,
ESTAT:PRC_HICP_MINR(1.0),02/10/26 11:00:00,Monthly,"Index, 2025=100",Total,Czechia,2008-08,58.85,,
ESTAT:PRC_HICP_MINR(1.0),02/10/26 11:00:00,Monthly,"Index, 2025=100",Total,Czechia,2008-09,58.74,,
ESTAT:PRC_HICP_MINR(1.0),02/10/26 11:00:00,Monthly,"Index, 2025=100",Total,Czechia,2008-10,58.79,,
ESTAT:PRC_HICP_MINR(1.0),02/10/26 11:00:00,Monthly,"Index, 2025=100",Total,Czechia,2008-11,58.40,,
ESTAT:PRC_HICP_MINR(1.0),02/10/26 11:00:00,Monthly,"Index, 2025=100",Total,Czechia,2008-12,58.21,,
ESTAT:PRC_HICP_MINR(1.0),02/10/26 11:00:00,Monthly,"Index, 2025=100",Total,Czechia,2009-01,59.04,,
ESTAT:PRC_HICP_MINR(1.0),02/10/26 11:00:00,Monthly,"Index, 2025=100",Total,Czechia,2009-02,59.07,,
ESTAT:PRC_HICP_MINR(1.0),02/10/26 11:00:00,Monthly,"Index, 2025=100",Total,Czechia,2009-03,59.17,,
ESTAT:PRC_HICP_MINR(1.0),02/10/26 11:00:00,Monthly,"Index, 2025=100",Total,Czechia,2009-04,59.11,,
ESTAT:PRC_HICP_MINR(1.0),02/10/26 11:00:00,Monthly,"Index, 2025=100",Total,Czechia,2009-05,59.17,,
ESTAT:PRC_HICP_MINR(1.0),02/10/26 11:00:00,Monthly,"Index, 2025=100",Total,Czechia,2009-06,59.18,,
ESTAT:PRC_HICP_MINR(1.0),02/10/26 11:00:00,Monthly,"Index, 2025=100",Total,Czechia,2009-07,58.93,,
ESTAT:PRC_HICP_MINR(1.0),02/10/26 11:00:00,Monthly,"Index, 2025=100",Total,Czechia,2009-08,58.85,,
ESTAT:PRC_HICP_MINR(1.0),02/10/26 11:00:00,Monthly,"Index, 2025=100",Total,Czechia,2009-09,58.55,,
ESTAT:PRC_HICP_MINR(1.0),02/10/26 11:00:00,Monthly,"Index, 2025=100",Total,Czechia,2009-10,58.46,,
ESTAT:PRC_HICP_MINR(1.0),02/10/26 11:00:00,Monthly,"Index, 2025=100",Total,Czechia,2009-11,58.48,,
ESTAT:PRC_HICP_MINR(1.0),02/10/26 11:00:00,Monthly,"Index, 2025=100",Total,Czechia,2009-12,58.53,,
ESTAT:PRC_HICP_MINR(1.0),02/10/26 11:00:00,Monthly,"Index, 2025=100",Total,Czechia,2010-01,59.20,,
ESTAT:PRC_HICP_MINR(1.0),02/10/26 11:00:00,Monthly,"Index, 2025=100",Total,Czechia,2010-02,59.24,,
ESTAT:PRC_HICP_MINR(1.0),02/10/26 11:00:00,Monthly,"Index, 2025=100",Total,Czechia,2010-03,59.37,,
ESTAT:PRC_HICP_MINR(1.0),02/10/26 11:00:00,Monthly,"Index, 2025=100",Total,Czechia,2010-04,59.62,,
ESTAT:PRC_HICP_MINR(1.0),02/10/26 11:00:00,Monthly,"Index, 2025=100",Total,Czechia,2010-05,59.75,,
ESTAT:PRC_HICP_MINR(1.0),02/10/26 11:00:00,Monthly,"Index, 2025=100",Total,Czechia,2010-06,59.70,,
ESTAT:PRC_HICP_MINR(1.0),02/10/26 11:00:00,Monthly,"Index, 2025=100",Total,Czechia,2010-07,59.89,,
ESTAT:PRC_HICP_MINR(1.0),02/10/26 11:00:00,Monthly,"Index, 2025=100",Total,Czechia,2010-08,59.75,,
ESTAT:PRC_HICP_MINR(1.0),02/10/26 11:00:00,Monthly,"Index, 2025=100",Total,Czechia,2010-09,59.62,,
ESTAT:PRC_HICP_MINR(1.0),02/10/26 11:00:00,Monthly,"Index, 2025=100",Total,Czechia,2010-10,59.45,,
ESTAT:PRC_HICP_MINR(1.0),02/10/26 11:00:00,Monthly,"Index, 2025=100",Total,Czechia,2010-11,59.56,,
ESTAT:PRC_HICP_MINR(1.0),02/10/26 11:00:00,Monthly,"Index, 2025=100",Total,Czechia,2010-12,59.90,,
ESTAT:PRC_HICP_MINR(1.0),02/10/26 11:00:00,Monthly,"Index, 2025=100",Total,Czechia,2011-01,60.33,,
ESTAT:PRC_HICP_MINR(1.0),02/10/26 11:00:00,Monthly,"Index, 2025=100",Total,Czechia,2011-02,60.40,,
ESTAT:PRC_HICP_MINR(1.0),02/10/26 11:00:00,Monthly,"Index, 2025=100",Total,Czechia,2011-03,60.46,,
ESTAT:PRC_HICP_MINR(1.0),02/10/26 11:00:00,Monthly,"Index, 2025=100",Total,Czechia,2011-04,60.59,,
ESTAT:PRC_HICP_MINR(1.0),02/10/26 11:00:00,Monthly,"Index, 2025=100",Total,Czechia,2011-05,60.91,,
ESTAT:PRC_HICP_MINR(1.0),02/10/26 11:00:00,Monthly,"Index, 2025=100",Total,Czechia,2011-06,60.91,,
ESTAT:PRC_HICP_MINR(1.0),02/10/26 11:00:00,Monthly,"Index, 2025=100",Total,Czechia,2011-07,61.04,,
ESTAT:PRC_HICP_MINR(1.0),02/10/26 11:00:00,Monthly,"Index, 2025=100",Total,Czechia,2011-08,60.98,,
ESTAT:PRC_HICP_MINR(1.0),02/10/26 11:00:00,Monthly,"Index, 2025=100",Total,Czechia,2011-09,60.91,,
ESTAT:PRC_HICP_MINR(1.0),02/10/26 11:00:00,Monthly,"Index, 2025=100",Total,Czechia,2011-10,61.05,,
ESTAT:PRC_HICP_MINR(1.0),02/10/26 11:00:00,Monthly,"Index, 2025=100",Total,Czechia,2011-11,61.30,,
ESTAT:PRC_HICP_MINR(1.0),02/10/26 11:00:00,Monthly,"Index, 2025=100",Total,Czechia,2011-12,61.56,,
ESTAT:PRC_HICP_MINR(1.0),02/10/26 11:00:00,Monthly,"Index, 2025=100",Total,Czechia,2012-01,62.65,,
ESTAT:PRC_HICP_MINR(1.0),02/10/26 11:00:00,Monthly,"Index, 2025=100",Total,Czechia,2012-02,62.78,,
ESTAT:PRC_HICP_MINR(1.0),02/10/26 11:00:00,Monthly,"Index, 2025=100",Total,Czechia,2012-03,62.97,,
ESTAT:PRC_HICP_MINR(1.0),02/10/26 11:00:00,Monthly,"Index, 2025=100",Total,Czechia,2012-04,62.97,,
ESTAT:PRC_HICP_MINR(1.0),02/10/26 11:00:00,Monthly,"Index, 2025=100",Total,Czechia,2012-05,63.10,,
ESTAT:PRC_HICP_MINR(1.0),02/10/26 11:00:00,Monthly,"Index, 2025=100",Total,Czechia,2012-06,63.22,,
ESTAT:PRC_HICP_MINR(1.0),02/10/26 11:00:00,Monthly,"Index, 2025=100",Total,Czechia,2012-07,63.10,,
ESTAT:PRC_HICP_MINR(1.0),02/10/26 11:00:00,Monthly,"Index, 2025=100",Total,Czechia,2012-08,63.09,,
ESTAT:PRC_HICP_MINR(1.0),02/10/26 11:00:00,Monthly,"Index, 2025=100",Total,Czechia,2012-09,63.03,,
ESTAT:PRC_HICP_MINR(1.0),02/10/26 11:00:00,Monthly,"Index, 2025=100",Total,Czechia,2012-10,63.23,,
ESTAT:PRC_HICP_MINR(1.0),02/10/26 11:00:00,Monthly,"Index, 2025=100",Total,Czechia,2012-11,63.03,,
ESTAT:PRC_HICP_MINR(1.0),02/10/26 11:00:00,Monthly,"Index, 2025=100",Total,Czechia,2012-12,63.03,,
ESTAT:PRC_HICP_MINR(1.0),02/10/26 11:00:00,Monthly,"Index, 2025=100",Total,Czechia,2013-01,63.87,,
ESTAT:PRC_HICP_MINR(1.0),02/10/26 11:00:00,Monthly,"Index, 2025=100",Total,Czechia,2013-02,63.87,,
ESTAT:PRC_HICP_MINR(1.0),02/10/26 11:00:00,Monthly,"Index, 2025=100",Total,Czechia,2013-03,63.93,,
ESTAT:PRC_HICP_MINR(1.0),02/10/26 11:00:00,Monthly,"Index, 2025=100",Total,Czechia,2013-04,64.06,,
ESTAT:PRC_HICP_MINR(1.0),02/10/26 11:00:00,Monthly,"Index, 2025=100",Total,Czechia,2013-05,63.87,,
ESTAT:PRC_HICP_MINR(1.0),02/10/26 11:00:00,Monthly,"Index, 2025=100",Total,Czechia,2013-06,64.19,,
ESTAT:PRC_HICP_MINR(1.0),02/10/26 11:00:00,Monthly,"Index, 2025=100",Total,Czechia,2013-07,64.00,,
ESTAT:PRC_HICP_MINR(1.0),02/10/26 11:00:00,Monthly,"Index, 2025=100",Total,Czechia,2013-08,63.87,,
ESTAT:PRC_HICP_MINR(1.0),02/10/26 11:00:00,Monthly,"Index, 2025=100",Total,Czechia,2013-09,63.68,,
ESTAT:PRC_HICP_MINR(1.0),02/10/26 11:00:00,Monthly,"Index, 2025=100",Total,Czechia,2013-10,63.74,,
ESTAT:PRC_HICP_MINR(1.0),02/10/26 11:00:00,Monthly,"Index, 2025=100",Total,Czechia,2013-11,63.68,,
ESTAT:PRC_HICP_MINR(1.0),02/10/26 11:00:00,Monthly,"Index, 2025=100",Total,Czechia,2013-12,64.00,,
ESTAT:PRC_HICP_MINR(1.0),02/10/26 11:00:00,Monthly,"Index, 2025=100",Total,Czechia,2014-01,64.06,,
ESTAT:PRC_HICP_MINR(1.0),02/10/26 11:00:00,Monthly,"Index, 2025=100",Total,Czechia,2014-02,64.07,,
ESTAT:PRC_HICP_MINR(1.0),02/10/26 11:00:00,Monthly,"Index, 2025=100",Total,Czechia,2014-03,64.13,,
ESTAT:PRC_HICP_MINR(1.0),02/10/26 11:00:00,Monthly,"Index, 2025=100",Total,Czechia,2014-04,64.13,,
ESTAT:PRC_HICP_MINR(1.0),02/10/26 11:00:00,Monthly,"Index, 2025=100",Total,Czechia,2014-05,64.19,,
ESTAT:PRC_HICP_MINR(1.0),02/10/26 11:00:00,Monthly,"Index, 2025=100",Total,Czechia,2014-06,64.19,,
ESTAT:PRC_HICP_MINR(1.0),02/10/26 11:00:00,Monthly,"Index, 2025=100",Total,Czechia,2014-07,64.33,,
ESTAT:PRC_HICP_MINR(1.0),02/10/26 11:00:00,Monthly,"Index, 2025=100",Total,Czechia,2014-08,64.32,,
ESTAT:PRC_HICP_MINR(1.0),02/10/26 11:00:00,Monthly,"Index, 2025=100",Total,Czechia,2014-09,64.19,,
ESTAT:PRC_HICP_MINR(1.0),02/10/26 11:00:00,Monthly,"Index, 2025=100",Total,Czechia,2014-10,64.26,,
ESTAT:PRC_HICP_MINR(1.0),02/10/26 11:00:00,Monthly,"Index, 2025=100",Total,Czechia,2014-11,64.06,,
ESTAT:PRC_HICP_MINR(1.0),02/10/26 11:00:00,Monthly,"Index, 2025=100",Total,Czechia,2014-12,64.00,,
ESTAT:PRC_HICP_MINR(1.0),02/10/26 11:00:00,Monthly,"Index, 2025=100",Total,Czechia,2015-01,64.00,,
ESTAT:PRC_HICP_MINR(1.0),02/10/26 11:00:00,Monthly,"Index, 2025=100",Total,Czechia,2015-02,64.06,,
ESTAT:PRC_HICP_MINR(1.0),02/10/26 11:00:00,Monthly,"Index, 2025=100",Total,Czechia,2015-03,64.19,,
ESTAT:PRC_HICP_MINR(1.0),02/10/26 11:00:00,Monthly,"Index, 2025=100",Total,Czechia,2015-04,64.48,,
ESTAT:PRC_HICP_MINR(1.0),02/10/26 11:00:00,Monthly,"Index, 2025=100",Total,Czechia,2015-05,64.67,,
ESTAT:PRC_HICP_MINR(1.0),02/10/26 11:00:00,Monthly,"Index, 2025=100",Total,Czechia,2015-06,64.78,,
ESTAT:PRC_HICP_MINR(1.0),02/10/26 11:00:00,Monthly,"Index, 2025=100",Total,Czechia,2015-07,64.66,,
ESTAT:PRC_HICP_MINR(1.0),02/10/26 11:00:00,Monthly,"Index, 2025=100",Total,Czechia,2015-08,64.50,,
ESTAT:PRC_HICP_MINR(1.0),02/10/26 11:00:00,Monthly,"Index, 2025=100",Total,Czechia,2015-09,64.41,,
ESTAT:PRC_HICP_MINR(1.0),02/10/26 11:00:00,Monthly,"Index, 2025=100",Total,Czechia,2015-10,64.38,,
ESTAT:PRC_HICP_MINR(1.0),02/10/26 11:00:00,Monthly,"Index, 2025=100",Total,Czechia,2015-11,64.07,,
ESTAT:PRC_HICP_MINR(1.0),02/10/26 11:00:00,Monthly,"Index, 2025=100",Total,Czechia,2015-12,63.99,,
ESTAT:PRC_HICP_MINR(1.0),02/10/26 11:00:00,Monthly,"Index, 2025=100",Total,Czechia,2016-01,64.35,,
ESTAT:PRC_HICP_MINR(1.0),02/10/26 11:00:00,Monthly,"Index, 2025=100",Total,Czechia,2016-02,64.39,,
ESTAT:PRC_HICP_MINR(1.0),02/10/26 11:00:00,Monthly,"Index, 2025=100",Total,Czechia,2016-03,64.40,,
ESTAT:PRC_HICP_MINR(1.0),02/10/26 11:00:00,Monthly,"Index, 2025=100",Total,Czechia,2016-04,64.81,,
ESTAT:PRC_HICP_MINR(1.0),02/10/26 11:00:00,Monthly,"Index, 2025=100",Total,Czechia,2016-05,64.68,,
ESTAT:PRC_HICP_MINR(1.0),02/10/26 11:00:00,Monthly,"Index, 2025=100",Total,Czechia,2016-06,64.73,,
ESTAT:PRC_HICP_MINR(1.0),02/10/26 11:00:00,Monthly,"Index, 2025=100",Total,Czechia,2016-07,64.99,,
ESTAT:PRC_HICP_MINR(1.0),02/10/26 11:00:00,Monthly,"Index, 2025=100",Total,Czechia,2016-08,64.85,,
ESTAT:PRC_HICP_MINR(1.0),02/10/26 11:00:00,Monthly,"Index, 2025=100",Total,Czechia,2016-09,64.72,,
ESTAT:PRC_HICP_MINR(1.0),02/10/26 11:00:00,Monthly,"Index, 2025=100",Total,Czechia,2016-10,64.88,,
ESTAT:PRC_HICP_MINR(1.0),02/10/26 11:00:00,Monthly,"Index, 2025=100",Total,Czechia,2016-11,65.10,,
ESTAT:PRC_HICP_MINR(1.0),02/10/26 11:00:00,Monthly,"Index, 2025=100",Total,Czechia,2016-12,65.31,,
ESTAT:PRC_HICP_MINR(1.0),02/10/26 11:00:00,Monthly,"Index, 2025=100",Total,Czechia,2017-01,65.85,,
ESTAT:PRC_HICP_MINR(1.0),02/10/26 11:00:00,Monthly,"Index, 2025=100",Total,Czechia,2017-02,66.09,,
ESTAT:PRC_HICP_MINR(1.0),02/10/26 11:00:00,Monthly,"Index, 2025=100",Total,Czechia,2017-03,66.11,,
ESTAT:PRC_HICP_MINR(1.0),02/10/26 11:00:00,Monthly,"Index, 2025=100",Total,Czechia,2017-04,66.18,,
ESTAT:PRC_HICP_MINR(1.0),02/10/26 11:00:00,Monthly,"Index, 2025=100",Total,Czechia,2017-05,66.31,,
ESTAT:PRC_HICP_MINR(1.0),02/10/26 11:00:00,Monthly,"Index, 2025=100",Total,Czechia,2017-06,66.31,,
ESTAT:PRC_HICP_MINR(1.0),02/10/26 11:00:00,Monthly,"Index, 2025=100",Total,Czechia,2017-07,66.56,,
ESTAT:PRC_HICP_MINR(1.0),02/10/26 11:00:00,Monthly,"Index, 2025=100",Total,Czechia,2017-08,66.44,,
ESTAT:PRC_HICP_MINR(1.0),02/10/26 11:00:00,Monthly,"Index, 2025=100",Total,Czechia,2017-09,66.37,,
ESTAT:PRC_HICP_MINR(1.0),02/10/26 11:00:00,Monthly,"Index, 2025=100",Total,Czechia,2017-10,66.69,,
ESTAT:PRC_HICP_MINR(1.0),02/10/26 11:00:00,Monthly,"Index, 2025=100",Total,Czechia,2017-11,66.75,,
ESTAT:PRC_HICP_MINR(1.0),02/10/26 11:00:00,Monthly,"Index, 2025=100",Total,Czechia,2017-12,66.76,,
ESTAT:PRC_HICP_MINR(1.0),02/10/26 11:00:00,Monthly,"Index, 2025=100",Total,Czechia,2018-01,67.19,,
ESTAT:PRC_HICP_MINR(1.0),02/10/26 11:00:00,Monthly,"Index, 2025=100",Total,Czechia,2018-02,67.14,,
ESTAT:PRC_HICP_MINR(1.0),02/10/26 11:00:00,Monthly,"Index, 2025=100",Total,Czechia,2018-03,67.13,,
ESTAT:PRC_HICP_MINR(1.0),02/10/26 11:00:00,Monthly,"Index, 2025=100",Total,Czechia,2018-04,67.33,,
ESTAT:PRC_HICP_MINR(1.0),02/10/26 11:00:00,Monthly,"Index, 2025=100",Total,Czechia,2018-05,67.63,,
ESTAT:PRC_HICP_MINR(1.0),02/10/26 11:00:00,Monthly,"Index, 2025=100",Total,Czechia,2018-06,67.90,,
ESTAT:PRC_HICP_MINR(1.0),02/10/26 11:00:00,Monthly,"Index, 2025=100",Total,Czechia,2018-07,68.04,,
ESTAT:PRC_HICP_MINR(1.0),02/10/26 11:00:00,Monthly,"Index, 2025=100",Total,Czechia,2018-08,68.00,,
ESTAT:PRC_HICP_MINR(1.0),02/10/26 11:00:00,Monthly,"Index, 2025=100",Total,Czechia,2018-09,67.78,,
ESTAT:PRC_HICP_MINR(1.0),02/10/26 11:00:00,Monthly,"Index, 2025=100",Total,Czechia,2018-10,68.00,,
ESTAT:PRC_HICP_MINR(1.0),02/10/26 11:00:00,Monthly,"Index, 2025=100",Total,Czechia,2018-11,67.83,,
ESTAT:PRC_HICP_MINR(1.0),02/10/26 11:00:00,Monthly,"Index, 2025=100",Total,Czechia,2018-12,67.85,,
ESTAT:PRC_HICP_MINR(1.0),02/10/26 11:00:00,Monthly,"Index, 2025=100",Total,Czechia,2019-01,68.50,,
ESTAT:PRC_HICP_MINR(1.0),02/10/26 11:00:00,Monthly,"Index, 2025=100",Total,Czechia,2019-02,68.69,,
ESTAT:PRC_HICP_MINR(1.0),02/10/26 11:00:00,Monthly,"Index, 2025=100",Total,Czechia,2019-03,68.85,,
ESTAT:PRC_HICP_MINR(1.0),02/10/26 11:00:00,Monthly,"Index, 2025=100",Total,Czechia,2019-04,68.94,,
ESTAT:PRC_HICP_MINR(1.0),02/10/26 11:00:00,Monthly,"Index, 2025=100",Total,Czechia,2019-05,69.38,,
ESTAT:PRC_HICP_MINR(1.0),02/10/26 11:00:00,Monthly,"Index, 2025=100",Total,Czechia,2019-06,69.50,,
ESTAT:PRC_HICP_MINR(1.0),02/10/26 11:00:00,Monthly,"Index, 2025=100",Total,Czechia,2019-07,69.79,,
ESTAT:PRC_HICP_MINR(1.0),02/10/26 11:00:00,Monthly,"Index, 2025=100",Total,Czechia,2019-08,69.83,,
ESTAT:PRC_HICP_MINR(1.0),02/10/26 11:00:00,Monthly,"Index, 2025=100",Total,Czechia,2019-09,69.50,,
ESTAT:PRC_HICP_MINR(1.0),02/10/26 11:00:00,Monthly,"Index, 2025=100",Total,Czechia,2019-10,69.80,,
ESTAT:PRC_HICP_MINR(1.0),02/10/26 11:00:00,Monthly,"Index, 2025=100",Total,Czechia,2019-11,69.91,,
ESTAT:PRC_HICP_MINR(1.0),02/10/26 11:00:00,Monthly,"Index, 2025=100",Total,Czechia,2019-12,70.00,,
ESTAT:PRC_HICP_MINR(1.0),02/10/26 11:00:00,Monthly,"Index, 2025=100",Total,Czechia,2020-01,71.09,,
ESTAT:PRC_HICP_MINR(1.0),02/10/26 11:00:00,Monthly,"Index, 2025=100",Total,Czechia,2020-02,71.33,,
ESTAT:PRC_HICP_MINR(1.0),02/10/26 11:00:00,Monthly,"Index, 2025=100",Total,Czechia,2020-03,71.33,,
ESTAT:PRC_HICP_MINR(1.0),02/10/26 11:00:00,Monthly,"Index, 2025=100",Total,Czechia,2020-04,71.17,,
ESTAT:PRC_HICP_MINR(1.0),02/10/26 11:00:00,Monthly,"Index, 2025=100",Total,Czechia,2020-05,71.48,,
ESTAT:PRC_HICP_MINR(1.0),02/10/26 11:00:00,Monthly,"Index, 2025=100",Total,Czechia,2020-06,71.89,,
ESTAT:PRC_HICP_MINR(1.0),02/10/26 11:00:00,Monthly,"Index, 2025=100",Total,Czechia,2020-07,72.28,,
ESTAT:PRC_HICP_MINR(1.0),02/10/26 11:00:00,Monthly,"Index, 2025=100",Total,Czechia,2020-08,72.27,,
ESTAT:PRC_HICP_MINR(1.0),02/10/26 11:00:00,Monthly,"Index, 2025=100",Total,Czechia,2020-09,71.84,,
ESTAT:PRC_HICP_MINR(1.0),02/10/26 11:00:00,Monthly,"Index, 2025=100",Total,Czechia,2020-10,71.88,,
ESTAT:PRC_HICP_MINR(1.0),02/10/26 11:00:00,Monthly,"Index, 2025=100",Total,Czechia,2020-11,71.84,,
ESTAT:PRC_HICP_MINR(1.0),02/10/26 11:00:00,Monthly,"Index, 2025=100",Total,Czechia,2020-12,71.68,,
ESTAT:PRC_HICP_MINR(1.0),02/10/26 11:00:00,Monthly,"Index, 2025=100",Total,Czechia,2021-01,72.65,,
ESTAT:PRC_HICP_MINR(1.0),02/10/26 11:00:00,Monthly,"Index, 2025=100",Total,Czechia,2021-02,72.76,,
ESTAT:PRC_HICP_MINR(1.0),02/10/26 11:00:00,Monthly,"Index, 2025=100",Total,Czechia,2021-03,72.93,,
ESTAT:PRC_HICP_MINR(1.0),02/10/26 11:00:00,Monthly,"Index, 2025=100",Total,Czechia,2021-04,73.37,,
ESTAT:PRC_HICP_MINR(1.0),02/10/26 11:00:00,Monthly,"Index, 2025=100",Total,Czechia,2021-05,73.45,,
ESTAT:PRC_HICP_MINR(1.0),02/10/26 11:00:00,Monthly,"Index, 2025=100",Total,Czechia,2021-06,73.71,,
ESTAT:PRC_HICP_MINR(1.0),02/10/26 11:00:00,Monthly,"Index, 2025=100",Total,Czechia,2021-07,74.19,,
ESTAT:PRC_HICP_MINR(1.0),02/10/26 11:00:00,Monthly,"Index, 2025=100",Total,Czechia,2021-08,74.54,,
ESTAT:PRC_HICP_MINR(1.0),02/10/26 11:00:00,Monthly,"Index, 2025=100",Total,Czechia,2021-09,74.74,,
ESTAT:PRC_HICP_MINR(1.0),02/10/26 11:00:00,Monthly,"Index, 2025=100",Total,Czechia,2021-10,75.36,,
ESTAT:PRC_HICP_MINR(1.0),02/10/26 11:00:00,Monthly,"Index, 2025=100",Total,Czechia,2021-11,75.31,,
ESTAT:PRC_HICP_MINR(1.0),02/10/26 11:00:00,Monthly,"Index, 2025=100",Total,Czechia,2021-12,75.58,,
ESTAT:PRC_HICP_MINR(1.0),02/10/26 11:00:00,Monthly,"Index, 2025=100",Total,Czechia,2022-01,78.99,,
ESTAT:PRC_HICP_MINR(1.0),02/10/26 11:00:00,Monthly,"Index, 2025=100",Total,Czechia,2022-02,80.02,,
ESTAT:PRC_HICP_MINR(1.0),02/10/26 11:00:00,Monthly,"Index, 2025=100",Total,Czechia,2022-03,81.57,,
ESTAT:PRC_HICP_MINR(1.0),02/10/26 11:00:00,Monthly,"Index, 2025=100",Total,Czechia,2022-04,83.09,,
ESTAT:PRC_HICP_MINR(1.0),02/10/26 11:00:00,Monthly,"Index, 2025=100",Total,Czechia,2022-05,84.59,,
ESTAT:PRC_HICP_MINR(1.0),02/10/26 11:00:00,Monthly,"Index, 2025=100",Total,Czechia,2022-06,85.92,,
ESTAT:PRC_HICP_MINR(1.0),02/10/26 11:00:00,Monthly,"Index, 2025=100",Total,Czechia,2022-07,87.00,,
ESTAT:PRC_HICP_MINR(1.0),02/10/26 11:00:00,Monthly,"Index, 2025=100",Total,Czechia,2022-08,87.29,,
ESTAT:PRC_HICP_MINR(1.0),02/10/26 11:00:00,Monthly,"Index, 2025=100",Total,Czechia,2022-09,88.06,,
ESTAT:PRC_HICP_MINR(1.0),02/10/26 11:00:00,Monthly,"Index, 2025=100",Total,Czechia,2022-10,87.07,,
ESTAT:PRC_HICP_MINR(1.0),02/10/26 11:00:00,Monthly,"Index, 2025=100",Total,Czechia,2022-11,88.21,,
ESTAT:PRC_HICP_MINR(1.0),02/10/26 11:00:00,Monthly,"Index, 2025=100",Total,Czechia,2022-12,88.20,,
ESTAT:PRC_HICP_MINR(1.0),02/10/26 11:00:00,Monthly,"Index, 2025=100",Total,Czechia,2023-01,94.06,,
ESTAT:PRC_HICP_MINR(1.0),02/10/26 11:00:00,Monthly,"Index, 2025=100",Total,Czechia,2023-02,94.78,,
ESTAT:PRC_HICP_MINR(1.0),02/10/26 11:00:00,Monthly,"Index, 2025=100",Total,Czechia,2023-03,95.04,,
ESTAT:PRC_HICP_MINR(1.0),02/10/26 11:00:00,Monthly,"Index, 2025=100",Total,Czechia,2023-04,94.89,,
ESTAT:PRC_HICP_MINR(1.0),02/10/26 11:00:00,Monthly,"Index, 2025=100",Total,Czechia,2023-05,95.15,,
ESTAT:PRC_HICP_MINR(1.0),02/10/26 11:00:00,Monthly,"Index, 2025=100",Total,Czechia,2023-06,95.48,,
ESTAT:PRC_HICP_MINR(1.0),02/10/26 11:00:00,Monthly,"Index, 2025=100",Total,Czechia,2023-07,95.87,,
ESTAT:PRC_HICP_MINR(1.0),02/10/26 11:00:00,Monthly,"Index, 2025=100",Total,Czechia,2023-08,96.10,,
ESTAT:PRC_HICP_MINR(1.0),02/10/26 11:00:00,Monthly,"Index, 2025=100",Total,Czechia,2023-09,95.31,,
ESTAT:PRC_HICP_MINR(1.0),02/10/26 11:00:00,Monthly,"Index, 2025=100",Total,Czechia,2023-10,95.33,,
ESTAT:PRC_HICP_MINR(1.0),02/10/26 11:00:00,Monthly,"Index, 2025=100",Total,Czechia,2023-11,95.31,,
ESTAT:PRC_HICP_MINR(1.0),02/10/26 11:00:00,Monthly,"Index, 2025=100",Total,Czechia,2023-12,94.92,,
ESTAT:PRC_HICP_MINR(1.0),02/10/26 11:00:00,Monthly,"Index, 2025=100",Total,Czechia,2024-01,96.56,,
ESTAT:PRC_HICP_MINR(1.0),02/10/26 11:00:00,Monthly,"Index, 2025=100",Total,Czechia,2024-02,96.92,,
ESTAT:PRC_HICP_MINR(1.0),02/10/26 11:00:00,Monthly,"Index, 2025=100",Total,Czechia,2024-03,97.12,,
ESTAT:PRC_HICP_MINR(1.0),02/10/26 11:00:00,Monthly,"Index, 2025=100",Total,Czechia,2024-04,97.87,,
ESTAT:PRC_HICP_MINR(1.0),02/10/26 11:00:00,Monthly,"Index, 2025=100",Total,Czechia,2024-05,97.82,,
ESTAT:PRC_HICP_MINR(1.0),02/10/26 11:00:00,Monthly,"Index, 2025=100",Total,Czechia,2024-06,97.55,,
ESTAT:PRC_HICP_MINR(1.0),02/10/26 11:00:00,Monthly,"Index, 2025=100",Total,Czechia,2024-07,98.25,,
ESTAT:PRC_HICP_MINR(1.0),02/10/26 11:00:00,Monthly,"Index, 2025=100",Total,Czechia,2024-08,98.42,,
ESTAT:PRC_HICP_MINR(1.0),02/10/26 11:00:00,Monthly,"Index, 2025=100",Total,Czechia,2024-09,97.97,,
ESTAT:PRC_HICP_MINR(1.0),02/10/26 11:00:00,Monthly,"Index, 2025=100",Total,Czechia,2024-10,98.19,,
ESTAT:PRC_HICP_MINR(1.0),02/10/26 11:00:00,Monthly,"Index, 2025=100",Total,Czechia,2024-11,98.28,,
ESTAT:PRC_HICP_MINR(1.0),02/10/26 11:00:00,Monthly,"Index, 2025=100",Total,Czechia,2024-12,98.03,,
ESTAT:PRC_HICP_MINR(1.0),02/10/26 11:00:00,Monthly,"Index, 2025=100",Total,Czechia,2025-01,99.40,,
ESTAT:PRC_HICP_MINR(1.0),02/10/26 11:00:00,Monthly,"Index, 2025=100",Total,Czechia,2025-02,99.58,,
ESTAT:PRC_HICP_MINR(1.0),02/10/26 11:00:00,Monthly,"Index, 2025=100",Total,Czechia,2025-03,99.65,,
ESTAT:PRC_HICP_MINR(1.0),02/10/26 11:00:00,Monthly,"Index, 2025=100",Total,Czechia,2025-04,99.55,,
ESTAT:PRC_HICP_MINR(1.0),02/10/26 11:00:00,Monthly,"Index, 2025=100",Total,Czechia,2025-05,100.04,,
ESTAT:PRC_HICP_MINR(1.0),02/10/26 11:00:00,Monthly,"Index, 2025=100",Total,Czechia,2025-06,100.23,,
ESTAT:PRC_HICP_MINR(1.0),02/10/26 11:00:00,Monthly,"Index, 2025=100",Total,Czechia,2025-07,100.68,,
ESTAT:PRC_HICP_MINR(1.0),02/10/26 11:00:00,Monthly,"Index, 2025=100",Total,Czechia,2025-08,100.70,,
ESTAT:PRC_HICP_MINR(1.0),02/10/26 11:00:00,Monthly,"Index, 2025=100",Total,Czechia,2025-09,99.94,,
ESTAT:PRC_HICP_MINR(1.0),02/10/26 11:00:00,Monthly,"Index, 2025=100",Total,Czechia,2025-10,100.42,,
ESTAT:PRC_HICP_MINR(1.0),02/10/26 11:00:00,Monthly,"Index, 2025=100",Total,Czechia,2025-11,100.08,,
ESTAT:PRC_HICP_MINR(1.0),02/10/26 11:00:00,Monthly,"Index, 2025=100",Total,Czechia,2025-12,99.74,,
ESTAT:PRC_HICP_MINR(1.0),02/10/26 11:00:00,Monthly,"Index, 2025=100",Total,Germany,2006-01,65.26,,
ESTAT:PRC_HICP_MINR(1.0),02/10/26 11:00:00,Monthly,"Index, 2025=100",Total,Germany,2006-02,65.52,,
ESTAT:PRC_HICP_MINR(1.0),02/10/26 11:00:00,Monthly,"Index, 2025=100",Total,Germany,2006-03,65.55,,
ESTAT:PRC_HICP_MINR(1.0),02/10/26 11:00:00,Monthly,"Index, 2025=100",Total,Germany,2006-04,65.80,,
ESTAT:PRC_HICP_MINR(1.0),02/10/26 11:00:00,Monthly,"Index, 2025=100",Total,Germany,2006-05,65.93,,
ESTAT:PRC_HICP_MINR(1.0),02/10/26 11:00:00,Monthly,"Index, 2025=100",Total,Germany,2006-06,66.05,,
ESTAT:PRC_HICP_MINR(1.0),02/10/26 11:00:00,Monthly,"Index, 2025=100",Total,Germany,2006-07,66.36,,
ESTAT:PRC_HICP_MINR(1.0),02/10/26 11:00:00,Monthly,"Index, 2025=100",Total,Germany,2006-08,66.25,,
ESTAT:PRC_HICP_MINR(1.0),02/10/26 11:00:00,Monthly,"Index, 2025=100",Total,Germany,2006-09,65.94,,
ESTAT:PRC_HICP_MINR(1.0),02/10/26 11:00:00,Monthly,"Index, 2025=100",Total,Germany,2006-10,66.04,,
ESTAT:PRC_HICP_MINR(1.0),02/10/26 11:00:00,Monthly,"Index, 2025=100",Total,Germany,2006-11,65.94,,
ESTAT:PRC_HICP_MINR(1.0),02/10/26 11:00:00,Monthly,"Index, 2025=100",Total,Germany,2006-12,66.54,,
ESTAT:PRC_HICP_MINR(1.0),02/10/26 11:00:00,Monthly,"Index, 2025=100",Total,Germany,2007-01,66.44,,
ESTAT:PRC_HICP_MINR(1.0),02/10/26 11:00:00,Monthly,"Index, 2025=100",Total,Germany,2007-02,66.73,,
ESTAT:PRC_HICP_MINR(1.0),02/10/26 11:00:00,Monthly,"Index, 2025=100",Total,Germany,2007-03,66.87,,
ESTAT:PRC_HICP_MINR(1.0),02/10/26 11:00:00,Monthly,"Index, 2025=100",Total,Germany,2007-04,67.13,,
ESTAT:PRC_HICP_MINR(1.0),02/10/26 11:00:00,Monthly,"Index, 2025=100",Total,Germany,2007-05,67.27,,
ESTAT:PRC_HICP_MINR(1.0),02/10/26 11:00:00,Monthly,"Index, 2025=100",Total,Germany,2007-06,67.34,,
ESTAT:PRC_HICP_MINR(1.0),02/10/26 11:00:00,Monthly,"Index, 2025=100",Total,Germany,2007-07,67.66,,
ESTAT:PRC_HICP_MINR(1.0),02/10/26 11:00:00,Monthly,"Index, 2025=100",Total,Germany,2007-08,67.56,,
ESTAT:PRC_HICP_MINR(1.0),02/10/26 11:00:00,Monthly,"Index, 2025=100",Total,Germany,2007-09,67.68,,
ESTAT:PRC_HICP_MINR(1.0),02/10/26 11:00:00,Monthly,"Index, 2025=100",Total,Germany,2007-10,67.80,,
ESTAT:PRC_HICP_MINR(1.0),02/10/26 11:00:00,Monthly,"Index, 2025=100",Total,Germany,2007-11,68.17,,
ESTAT:PRC_HICP_MINR(1.0),02/10/26 11:00:00,Monthly,"Index, 2025=100",Total,Germany,2007-12,68.61,,
ESTAT:PRC_HICP_MINR(1.0),02/10/26 11:00:00,Monthly,"Index, 2025=100",Total,Germany,2008-01,68.37,,
ESTAT:PRC_HICP_MINR(1.0),02/10/26 11:00:00,Monthly,"Index, 2025=100",Total,Germany,2008-02,68.72,,
ESTAT:PRC_HICP_MINR(1.0),02/10/26 11:00:00,Monthly,"Index, 2025=100",Total,Germany,2008-03,69.09,,
ESTAT:PRC_HICP_MINR(1.0),02/10/26 11:00:00,Monthly,"Index, 2025=100",Total,Germany,2008-04,68.90,,
ESTAT:PRC_HICP_MINR(1.0),02/10/26 11:00:00,Monthly,"Index, 2025=100",Total,Germany,2008-05,69.35,,
ESTAT:PRC_HICP_MINR(1.0),02/10/26 11:00:00,Monthly,"Index, 2025=100",Total,Germany,2008-06,69.57,,
ESTAT:PRC_HICP_MINR(1.0),02/10/26 11:00:00,Monthly,"Index, 2025=100",Total,Germany,2008-07,70.01,,
ESTAT:PRC_HICP_MINR(1.0),02/10/26 11:00:00,Monthly,"Index, 2025=100",Total,Germany,2008-08,69.76,,
ESTAT:PRC_HICP_MINR(1.0),02/10/26 11:00:00,Monthly,"Index, 2025=100",Total,Germany,2008-09,69.71,,
ESTAT:PRC_HICP_MINR(1.0),02/10/26 11:00:00,Monthly,"Index, 2025=100",Total,Germany,2008-10,69.52,,
ESTAT:PRC_HICP_MINR(1.0),02/10/26 11:00:00,Monthly,"Index, 2025=100",Total,Germany,2008-11,69.13,,
ESTAT:PRC_HICP_MINR(1.0),02/10/26 11:00:00,Monthly,"Index, 2025=100",Total,Germany,2008-12,69.39,,
ESTAT:PRC_HICP_MINR(1.0),02/10/26 11:00:00,Monthly,"Index, 2025=100",Total,Germany,2009-01,69.03,,
ESTAT:PRC_HICP_MINR(1.0),02/10/26 11:00:00,Monthly,"Index, 2025=100",Total,Germany,2009-02,69.45,,
ESTAT:PRC_HICP_MINR(1.0),02/10/26 11:00:00,Monthly,"Index, 2025=100",Total,Germany,2009-03,69.31,,
ESTAT:PRC_HICP_MINR(1.0),02/10/26 11:00:00,Monthly,"Index, 2025=100",Total,Germany,2009-04,69.36,,
ESTAT:PRC_HICP_MINR(1.0),02/10/26 11:00:00,Monthly,"Index, 2025=100",Total,Germany,2009-05,69.30,,
ESTAT:PRC_HICP_MINR(1.0),02/10/26 11:00:00,Monthly,"Index, 2025=100",Total,Germany,2009-06,69.56,,
ESTAT:PRC_HICP_MINR(1.0),02/10/26 11:00:00,Monthly,"Index, 2025=100",Total,Germany,2009-07,69.54,,
ESTAT:PRC_HICP_MINR(1.0),02/10/26 11:00:00,Monthly,"Index, 2025=100",Total,Germany,2009-08,69.71,,
ESTAT:PRC_HICP_MINR(1.0),02/10/26 11:00:00,Monthly,"Index, 2025=100",Total,Germany,2009-09,69.41,,
ESTAT:PRC_HICP_MINR(1.0),02/10/26 11:00:00,Monthly,"Index, 2025=100",Total,Germany,2009-10,69.45,,
ESTAT:PRC_HICP_MINR(1.0),02/10/26 11:00:00,Monthly,"Index, 2025=100",Total,Germany,2009-11,69.34,,
ESTAT:PRC_HICP_MINR(1.0),02/10/26 11:00:00,Monthly,"Index, 2025=100",Total,Germany,2009-12,70.00,,
ESTAT:PRC_HICP_MINR(1.0),02/10/26 11:00:00,Monthly,"Index, 2025=100",Total,Germany,2010-01,69.50,,
ESTAT:PRC_HICP_MINR(1.0),02/10/26 11:00:00,Monthly,"Index, 2025=100",Total,Germany,2010-02,69.77,,
ESTAT:PRC_HICP_MINR(1.0),02/10/26 11:00:00,Monthly,"Index, 2025=100",Total,Germany,2010-03,70.16,,
ESTAT:PRC_HICP_MINR(1.0),02/10/26 11:00:00,Monthly,"Index, 2025=100",Total,Germany,2010-04,70.07,,
ESTAT:PRC_HICP_MINR(1.0),02/10/26 11:00:00,Monthly,"Index, 2025=100",Total,Germany,2010-05,70.15,,
ESTAT:PRC_HICP_MINR(1.0),02/10/26 11:00:00,Monthly,"Index, 2025=100",Total,Germany,2010-06,70.17,,
ESTAT:PRC_HICP_MINR(1.0),02/10/26 11:00:00,Monthly,"Index, 2025=100",Total,Germany,2010-07,70.36,,
ESTAT:PRC_HICP_MINR(1.0),02/10/26 11:00:00,Monthly,"Index, 2025=100",Total,Germany,2010-08,70.41,,
ESTAT:PRC_HICP_MINR(1.0),02/10/26 11:00:00,Monthly,"Index, 2025=100",Total,Germany,2010-09,70.31,,
ESTAT:PRC_HICP_MINR(1.0),02/10/26 11:00:00,Monthly,"Index, 2025=100",Total,Germany,2010-10,70.38,,
ESTAT:PRC_HICP_MINR(1.0),02/10/26 11:00:00,Monthly,"Index, 2025=100",Total,Germany,2010-11,70.44,,
ESTAT:PRC_HICP_MINR(1.0),02/10/26 11:00:00,Monthly,"Index, 2025=100",Total,Germany,2010-12,71.25,,
ESTAT:PRC_HICP_MINR(1.0),02/10/26 11:00:00,Monthly,"Index, 2025=100",Total,Germany,2011-01,70.88,,
ESTAT:PRC_HICP_MINR(1.0),02/10/26 11:00:00,Monthly,"Index, 2025=100",Total,Germany,2011-02,71.30,,
ESTAT:PRC_HICP_MINR(1.0),02/10/26 11:00:00,Monthly,"Index, 2025=100",Total,Germany,2011-03,71.75,,
ESTAT:PRC_HICP_MINR(1.0),02/10/26 11:00:00,Monthly,"Index, 2025=100",Total,Germany,2011-04,71.95,,
ESTAT:PRC_HICP_MINR(1.0),02/10/26 11:00:00,Monthly,"Index, 2025=100",Total,Germany,2011-05,71.85,,
ESTAT:PRC_HICP_MINR(1.0),02/10/26 11:00:00,Monthly,"Index, 2025=100",Total,Germany,2011-06,71.88,,
ESTAT:PRC_HICP_MINR(1.0),02/10/26 11:00:00,Monthly,"Index, 2025=100",Total,Germany,2011-07,72.19,,
ESTAT:PRC_HICP_MINR(1.0),02/10/26 11:00:00,Monthly,"Index, 2025=100",Total,Germany,2011-08,72.18,,
ESTAT:PRC_HICP_MINR(1.0),02/10/26 11:00:00,Monthly,"Index, 2025=100",Total,Germany,2011-09,72.28,,
ESTAT:PRC_HICP_MINR(1.0),02/10/26 11:00:00,Monthly,"Index, 2025=100",Total,Germany,2011-10,72.36,,
ESTAT:PRC_HICP_MINR(1.0),02/10/26 11:00:00,Monthly,"Index, 2025=100",Total,Germany,2011-11,72.34,,
ESTAT:PRC_HICP_MINR(1.0),02/10/26 11:00:00,Monthly,"Index, 2025=100",Total,Germany,2011-12,72.87,,
ESTAT:PRC_HICP_MINR(1.0),02/10/26 11:00:00,Monthly,"Index, 2025=100",Total,Germany,2012-01,72.51,,
ESTAT:PRC_HICP_MINR(1.0),02/10/26 11:00:00,Monthly,"Index, 2025=100",Total,Germany,2012-02,73.12,,
ESTAT:PRC_HICP_MINR(1.0),02/10/26 11:00:00,Monthly,"Index, 2025=100",Total,Germany,2012-03,73.44,,
ESTAT:PRC_HICP_MINR(1.0),02/10/26 11:00:00,Monthly,"Index, 2025=100",Total,Germany,2012-04,73.56,,
ESTAT:PRC_HICP_MINR(1.0),02/10/26 11:00:00,Monthly,"Index, 2025=100",Total,Germany,2012-05,73.38,,
ESTAT:PRC_HICP_MINR(1.0),02/10/26 11:00:00,Monthly,"Index, 2025=100",Total,Germany,2012-06,73.26,,
ESTAT:PRC_HICP_MINR(1.0),02/10/26 11:00:00,Monthly,"Index, 2025=100",Total,Germany,2012-07,73.54,,
ESTAT:PRC_HICP_MINR(1.0),02/10/26 11:00:00,Monthly,"Index, 2025=100",Total,Germany,2012-08,73.80,,
ESTAT:PRC_HICP_MINR(1.0),02/10/26 11:00:00,Monthly,"Index, 2025=100",Total,Germany,2012-09,73.81,,
ESTAT:PRC_HICP_MINR(1.0),02/10/26 11:00:00,Monthly,"Index, 2025=100",Total,Germany,2012-10,73.82,,
ESTAT:PRC_HICP_MINR(1.0),02/10/26 11:00:00,Monthly,"Index, 2025=100",Total,Germany,2012-11,73.72,,
ESTAT:PRC_HICP_MINR(1.0),02/10/26 11:00:00,Monthly,"Index, 2025=100",Total,Germany,2012-12,74.36,,
ESTAT:PRC_HICP_MINR(1.0),02/10/26 11:00:00,Monthly,"Index, 2025=100",Total,Germany,2013-01,73.88,,
ESTAT:PRC_HICP_MINR(1.0),02/10/26 11:00:00,Monthly,"Index, 2025=100",Total,Germany,2013-02,74.42,,
ESTAT:PRC_HICP_MINR(1.0),02/10/26 11:00:00,Monthly,"Index, 2025=100",Total,Germany,2013-03,74.79,,
ESTAT:PRC_HICP_MINR(1.0),02/10/26 11:00:00,Monthly,"Index, 2025=100",Total,Germany,2013-04,74.35,,
ESTAT:PRC_HICP_MINR(1.0),02/10/26 11:00:00,Monthly,"Index, 2025=100",Total,Germany,2013-05,74.55,,
ESTAT:PRC_HICP_MINR(1.0),02/10/26 11:00:00,Monthly,"Index, 2025=100",Total,Germany,2013-06,74.64,,
ESTAT:PRC_HICP_MINR(1.0),02/10/26 11:00:00,Monthly,"Index, 2025=100",Total,Germany,2013-07,74.98,,
ESTAT:PRC_HICP_MINR(1.0),02/10/26 11:00:00,Monthly,"Index, 2025=100",Total,Germany,2013-08,74.96,,
ESTAT:PRC_HICP_MINR(1.0),02/10/26 11:00:00,Monthly,"Index, 2025=100",Total,Germany,2013-09,74.94,,
ESTAT:PRC_HICP_MINR(1.0),02/10/26 11:00:00,Monthly,"Index, 2025=100",Total,Germany,2013-10,74.74,,
ESTAT:PRC_HICP_MINR(1.0),02/10/26 11:00:00,Monthly,"Index, 2025=100",Total,Germany,2013-11,74.91,,
ESTAT:PRC_HICP_MINR(1.0),02/10/26 11:00:00,Monthly,"Index, 2025=100",Total,Germany,2013-12,75.29,,
ESTAT:PRC_HICP_MINR(1.0),02/10/26 11:00:00,Monthly,"Index, 2025=100",Total,Germany,2014-01,74.74,,
ESTAT:PRC_HICP_MINR(1.0),02/10/26 11:00:00,Monthly,"Index, 2025=100",Total,Germany,2014-02,75.17,,
ESTAT:PRC_HICP_MINR(1.0),02/10/26 11:00:00,Monthly,"Index, 2025=100",Total,Germany,2014-03,75.38,,
ESTAT:PRC_HICP_MINR(1.0),02/10/26 11:00:00,Monthly,"Index, 2025=100",Total,Germany,2014-04,75.20,,
ESTAT:PRC_HICP_MINR(1.0),02/10/26 11:00:00,Monthly,"Index, 2025=100",Total,Germany,2014-05,75.05,,
ESTAT:PRC_HICP_MINR(1.0),02/10/26 11:00:00,Monthly,"Index, 2025=100",Total,Germany,2014-06,75.32,,
ESTAT:PRC_HICP_MINR(1.0),02/10/26 11:00:00,Monthly,"Index, 2025=100",Total,Germany,2014-07,75.54,,
ESTAT:PRC_HICP_MINR(1.0),02/10/26 11:00:00,Monthly,"Index, 2025=100",Total,Germany,2014-08,75.56,,
ESTAT:PRC_HICP_MINR(1.0),02/10/26 11:00:00,Monthly,"Index, 2025=100",Total,Germany,2014-09,75.55,,
ESTAT:PRC_HICP_MINR(1.0),02/10/26 11:00:00,Monthly,"Index, 2025=100",Total,Germany,2014-10,75.30,,
ESTAT:PRC_HICP_MINR(1.0),02/10/26 11:00:00,Monthly,"Index, 2025=100",Total,Germany,2014-11,75.31,,
ESTAT:PRC_HICP_MINR(1.0),02/10/26 11:00:00,Monthly,"Index, 2025=100",Total,Germany,2014-12,75.34,,
ESTAT:PRC_HICP_MINR(1.0),02/10/26 11:00:00,Monthly,"Index, 2025=100",Total,Germany,2015-01,74.40,,
ESTAT:PRC_HICP_MINR(1.0),02/10/26 11:00:00,Monthly,"Index, 2025=100",Total,Germany,2015-02,75.09,,
ESTAT:PRC_HICP_MINR(1.0),02/10/26 11:00:00,Monthly,"Index, 2025=100",Total,Germany,2015-03,75.56,,
ESTAT:PRC_HICP_MINR(1.0),02/10/26 11:00:00,Monthly,"Index, 2025=100",Total,Germany,2015-04,75.99,,
ESTAT:PRC_HICP_MINR(1.0),02/10/26 11:00:00,Monthly,"Index, 2025=100",Total,Germany,2015-05,76.23,,
ESTAT:PRC_HICP_MINR(1.0),02/10/26 11:00:00,Monthly,"Index, 2025=100",Total,Germany,2015-06,76.19,,
ESTAT:PRC_HICP_MINR(1.0),02/10/26 11:00:00,Monthly,"Index, 2025=100",Total,Germany,2015-07,76.46,,
ESTAT:PRC_HICP_MINR(1.0),02/10/26 11:00:00,Monthly,"Index, 2025=100",Total,Germany,2015-08,76.43,,
ESTAT:PRC_HICP_MINR(1.0),02/10/26 11:00:00,Monthly,"Index, 2025=100",Total,Germany,2015-09,76.21,,
ESTAT:PRC_HICP_MINR(1.0),02/10/26 11:00:00,Monthly,"Index, 2025=100",Total,Germany,2015-10,76.17,,
ESTAT:PRC_HICP_MINR(1.0),02/10/26 11:00:00,Monthly,"Index, 2025=100",Total,Germany,2015-11,75.45,,
ESTAT:PRC_HICP_MINR(1.0),02/10/26 11:00:00,Monthly,"Index, 2025=100",Total,Germany,2015-12,75.52,,
ESTAT:PRC_HICP_MINR(1.0),02/10/26 11:00:00,Monthly,"Index, 2025=100",Total,Germany,2016-01,74.67,,
ESTAT:PRC_HICP_MINR(1.0),02/10/26 11:00:00,Monthly,"Index, 2025=100",Total,Germany,2016-02,74.98,,
ESTAT:PRC_HICP_MINR(1.0),02/10/26 11:00:00,Monthly,"Index, 2025=100",Total,Germany,2016-03,75.67,,
ESTAT:PRC_HICP_MINR(1.0),02/10/26 11:00:00,Monthly,"Index, 2025=100",Total,Germany,2016-04,75.73,,
ESTAT:PRC_HICP_MINR(1.0),02/10/26 11:00:00,Monthly,"Index, 2025=100",Total,Germany,2016-05,76.17,,
ESTAT:PRC_HICP_MINR(1.0),02/10/26 11:00:00,Monthly,"Index, 2025=100",Total,Germany,2016-06,76.27,,
ESTAT:PRC_HICP_MINR(1.0),02/10/26 11:00:00,Monthly,"Index, 2025=100",Total,Germany,2016-07,76.73,,
ESTAT:PRC_HICP_MINR(1.0),02/10/26 11:00:00,Monthly,"Index, 2025=100",Total,Germany,2016-08,76.63,,
ESTAT:PRC_HICP_MINR(1.0),02/10/26 11:00:00,Monthly,"Index, 2025=100",Total,Germany,2016-09,76.61,,
ESTAT:PRC_HICP_MINR(1.0),02/10/26 11:00:00,Monthly,"Index, 2025=100",Total,Germany,2016-10,76.73,,
ESTAT:PRC_HICP_MINR(1.0),02/10/26 11:00:00,Monthly,"Index, 2025=100",Total,Germany,2016-11,76.00,,
ESTAT:PRC_HICP_MINR(1.0),02/10/26 11:00:00,Monthly,"Index, 2025=100",Total,Germany,2016-12,76.70,,
ESTAT:PRC_HICP_MINR(1.0),02/10/26 11:00:00,Monthly,"Index, 2025=100",Total,Germany,2017-01,76.00,,
ESTAT:PRC_HICP_MINR(1.0),02/10/26 11:00:00,Monthly,"Index, 2025=100",Total,Germany,2017-02,76.57,,
ESTAT:PRC_HICP_MINR(1.0),02/10/26 11:00:00,Monthly,"Index, 2025=100",Total,Germany,2017-03,76.78,,
ESTAT:PRC_HICP_MINR(1.0),02/10/26 11:00:00,Monthly,"Index, 2025=100",Total,Germany,2017-04,77.24,,
ESTAT:PRC_HICP_MINR(1.0),02/10/26 11:00:00,Monthly,"Index, 2025=100",Total,Germany,2017-05,77.20,,
ESTAT:PRC_HICP_MINR(1.0),02/10/26 11:00:00,Monthly,"Index, 2025=100",Total,Germany,2017-06,77.54,,
ESTAT:PRC_HICP_MINR(1.0),02/10/26 11:00:00,Monthly,"Index, 2025=100",Total,Germany,2017-07,78.00,,
ESTAT:PRC_HICP_MINR(1.0),02/10/26 11:00:00,Monthly,"Index, 2025=100",Total,Germany,2017-08,78.08,,
ESTAT:PRC_HICP_MINR(1.0),02/10/26 11:00:00,Monthly,"Index, 2025=100",Total,Germany,2017-09,78.06,,
ESTAT:PRC_HICP_MINR(1.0),02/10/26 11:00:00,Monthly,"Index, 2025=100",Total,Germany,2017-10,77.86,,
ESTAT:PRC_HICP_MINR(1.0),02/10/26 11:00:00,Monthly,"Index, 2025=100",Total,Germany,2017-11,77.35,,
ESTAT:PRC_HICP_MINR(1.0),02/10/26 11:00:00,Monthly,"Index, 2025=100",Total,Germany,2017-12,77.85,,
ESTAT:PRC_HICP_MINR(1.0),02/10/26 11:00:00,Monthly,"Index, 2025=100",Total,Germany,2018-01,77.07,,
ESTAT:PRC_HICP_MINR(1.0),02/10/26 11:00:00,Monthly,"Index, 2025=100",Total,Germany,2018-02,77.49,,
ESTAT:PRC_HICP_MINR(1.0),02/10/26 11:00:00,Monthly,"Index, 2025=100",Total,Germany,2018-03,78.06,,
ESTAT:PRC_HICP_MINR(1.0),02/10/26 11:00:00,Monthly,"Index, 2025=100",Total,Germany,2018-04,78.24,,
ESTAT:PRC_HICP_MINR(1.0),02/10/26 11:00:00,Monthly,"Index, 2025=100",Total,Germany,2018-05,79.04,,
ESTAT:PRC_HICP_MINR(1.0),02/10/26 11:00:00,Monthly,"Index, 2025=100",Total,Germany,2018-06,79.11,,
ESTAT:PRC_HICP_MINR(1.0),02/10/26 11:00:00,Monthly,"Index, 2025=100",Total,Germany,2018-07,79.71,,
ESTAT:PRC_HICP_MINR(1.0),02/10/26 11:00:00,Monthly,"Index, 2025=100",Total,Germany,2018-08,79.74,,
ESTAT:PRC_HICP_MINR(1.0),02/10/26 11:00:00,Monthly,"Index, 2025=100",Total,Germany,2018-09,79.81,,
ESTAT:PRC_HICP_MINR(1.0),02/10/26 11:00:00,Monthly,"Index, 2025=100",Total,Germany,2018-10,79.91,,
ESTAT:PRC_HICP_MINR(1.0),02/10/26 11:00:00,Monthly,"Index, 2025=100",Total,Germany,2018-11,78.98,,
ESTAT:PRC_HICP_MINR(1.0),02/10/26 11:00:00,Monthly,"Index, 2025=100",Total,Germany,2018-12,79.11,,
ESTAT:PRC_HICP_MINR(1.0),02/10/26 11:00:00,Monthly,"Index, 2025=100",Total,Germany,2019-01,78.40,,
ESTAT:PRC_HICP_MINR(1.0),02/10/26 11:00:00,Monthly,"Index, 2025=100",Total,Germany,2019-02,78.80,,
ESTAT:PRC_HICP_MINR(1.0),02/10/26 11:00:00,Monthly,"Index, 2025=100",Total,Germany,2019-03,79.14,,
ESTAT:PRC_HICP_MINR(1.0),02/10/26 11:00:00,Monthly,"Index, 2025=100",Total,Germany,2019-04,79.91,,
ESTAT:PRC_HICP_MINR(1.0),02/10/26 11:00:00,Monthly,"Index, 2025=100",Total,Germany,2019-05,80.10,,
ESTAT:PRC_HICP_MINR(1.0),02/10/26 11:00:00,Monthly,"Index, 2025=100",Total,Germany,2019-06,80.35,,
ESTAT:PRC_HICP_MINR(1.0),02/10/26 11:00:00,Monthly,"Index, 2025=100",Total,Germany,2019-07,80.68,,
ESTAT:PRC_HICP_MINR(1.0),02/10/26 11:00:00,Monthly,"Index, 2025=100",Total,Germany,2019-08,80.56,,
ESTAT:PRC_HICP_MINR(1.0),02/10/26 11:00:00,Monthly,"Index, 2025=100",Total,Germany,2019-09,80.54,,
ESTAT:PRC_HICP_MINR(1.0),02/10/26 11:00:00,Monthly,"Index, 2025=100",Total,Germany,2019-10,80.58,,
ESTAT:PRC_HICP_MINR(1.0),02/10/26 11:00:00,Monthly,"Index, 2025=100",Total,Germany,2019-11,79.94,,
ESTAT:PRC_HICP_MINR(1.0),02/10/26 11:00:00,Monthly,"Index, 2025=100",Total,Germany,2019-12,80.37,,
ESTAT:PRC_HICP_MINR(1.0),02/10/26 11:00:00,Monthly,"Index, 2025=100",Total,Germany,2020-01,79.70,,
ESTAT:PRC_HICP_MINR(1.0),02/10/26 11:00:00,Monthly,"Index, 2025=100",Total,Germany,2020-02,80.14,,
ESTAT:PRC_HICP_MINR(1.0),02/10/26 11:00:00,Monthly,"Index, 2025=100",Total,Germany,2020-03,80.18,,
ESTAT:PRC_HICP_MINR(1.0),02/10/26 11:00:00,Monthly,"Index, 2025=100",Total,Germany,2020-04,80.55,,
ESTAT:PRC_HICP_MINR(1.0),02/10/26 11:00:00,Monthly,"Index, 2025=100",Total,Germany,2020-05,80.48,,
ESTAT:PRC_HICP_MINR(1.0),02/10/26 11:00:00,Monthly,"Index, 2025=100",Total,Germany,2020-06,81.02,,
ESTAT:PRC_HICP_MINR(1.0),02/10/26 11:00:00,Monthly,"Index, 2025=100",Total,Germany,2020-07,80.64,,
ESTAT:PRC_HICP_MINR(1.0),02/10/26 11:00:00,Monthly,"Index, 2025=100",Total,Germany,2020-08,80.48,,
ESTAT:PRC_HICP_MINR(1.0),02/10/26 11:00:00,Monthly,"Index, 2025=100",Total,Germany,2020-09,80.24,,
ESTAT:PRC_HICP_MINR(1.0),02/10/26 11:00:00,Monthly,"Index, 2025=100",Total,Germany,2020-10,80.22,,
ESTAT:PRC_HICP_MINR(1.0),02/10/26 11:00:00,Monthly,"Index, 2025=100",Total,Germany,2020-11,79.39,,
ESTAT:PRC_HICP_MINR(1.0),02/10/26 11:00:00,Monthly,"Index, 2025=100",Total,Germany,2020-12,79.85,,
ESTAT:PRC_HICP_MINR(1.0),02/10/26 11:00:00,Monthly,"Index, 2025=100",Total,Germany,2021-01,80.96,,
ESTAT:PRC_HICP_MINR(1.0),02/10/26 11:00:00,Monthly,"Index, 2025=100",Total,Germany,2021-02,81.42,,
ESTAT:PRC_HICP_MINR(1.0),02/10/26 11:00:00,Monthly,"Index, 2025=100",Total,Germany,2021-03,81.76,,
ESTAT:PRC_HICP_MINR(1.0),02/10/26 11:00:00,Monthly,"Index, 2025=100",Total,Germany,2021-04,82.18,,
ESTAT:PRC_HICP_MINR(1.0),02/10/26 11:00:00,Monthly,"Index, 2025=100",Total,Germany,2021-05,82.44,,
ESTAT:PRC_HICP_MINR(1.0),02/10/26 11:00:00,Monthly,"Index, 2025=100",Total,Germany,2021-06,82.68,,
ESTAT:PRC_HICP_MINR(1.0),02/10/26 11:00:00,Monthly,"Index, 2025=100",Total,Germany,2021-07,83.18,,
ESTAT:PRC_HICP_MINR(1.0),02/10/26 11:00:00,Monthly,"Index, 2025=100",Total,Germany,2021-08,83.25,,
ESTAT:PRC_HICP_MINR(1.0),02/10/26 11:00:00,Monthly,"Index, 2025=100",Total,Germany,2021-09,83.44,,
ESTAT:PRC_HICP_MINR(1.0),02/10/26 11:00:00,Monthly,"Index, 2025=100",Total,Germany,2021-10,83.95,,
ESTAT:PRC_HICP_MINR(1.0),02/10/26 11:00:00,Monthly,"Index, 2025=100",Total,Germany,2021-11,84.12,,
ESTAT:PRC_HICP_MINR(1.0),02/10/26 11:00:00,Monthly,"Index, 2025=100",Total,Germany,2021-12,84.38,,
ESTAT:PRC_HICP_MINR(1.0),02/10/26 11:00:00,Monthly,"Index, 2025=100",Total,Germany,2022-01,85.11,,
ESTAT:PRC_HICP_MINR(1.0),02/10/26 11:00:00,Monthly,"Index, 2025=100",Total,Germany,2022-02,85.85,,
ESTAT:PRC_HICP_MINR(1.0),02/10/26 11:00:00,Monthly,"Index, 2025=100",Total,Germany,2022-03,88.00,,
ESTAT:PRC_HICP_MINR(1.0),02/10/26 11:00:00,Monthly,"Index, 2025=100",Total,Germany,2022-04,88.65,,
ESTAT:PRC_HICP_MINR(1.0),02/10/26 11:00:00,Monthly,"Index, 2025=100",Total,Germany,2022-05,89.57,,
ESTAT:PRC_HICP_MINR(1.0),02/10/26 11:00:00,Monthly,"Index, 2025=100",Total,Germany,2022-06,89.55,,
ESTAT:PRC_HICP_MINR(1.0),02/10/26 11:00:00,Monthly,"Index, 2025=100",Total,Germany,2022-07,90.18,,
ESTAT:PRC_HICP_MINR(1.0),02/10/26 11:00:00,Monthly,"Index, 2025=100",Total,Germany,2022-08,90.60,,
ESTAT:PRC_HICP_MINR(1.0),02/10/26 11:00:00,Monthly,"Index, 2025=100",Total,Germany,2022-09,92.60,,
ESTAT:PRC_HICP_MINR(1.0),02/10/26 11:00:00,Monthly,"Index, 2025=100",Total,Germany,2022-10,93.65,,
ESTAT:PRC_HICP_MINR(1.0),02/10/26 11:00:00,Monthly,"Index, 2025=100",Total,Germany,2022-11,93.64,,
ESTAT:PRC_HICP_MINR(1.0),02/10/26 11:00:00,Monthly,"Index, 2025=100",Total,Germany,2022-12,92.48,,
ESTAT:PRC_HICP_MINR(1.0),02/10/26 11:00:00,Monthly,"Index, 2025=100",Total,Germany,2023-01,92.98,,
ESTAT:PRC_HICP_MINR(1.0),02/10/26 11:00:00,Monthly,"Index, 2025=100",Total,Germany,2023-02,93.87,,
ESTAT:PRC_HICP_MINR(1.0),02/10/26 11:00:00,Monthly,"Index, 2025=100",Total,Germany,2023-03,94.81,,
ESTAT:PRC_HICP_MINR(1.0),02/10/26 11:00:00,Monthly,"Index, 2025=100",Total,Germany,2023-04,95.34,,
ESTAT:PRC_HICP_MINR(1.0),02/10/26 11:00:00,Monthly,"Index, 2025=100",Total,Germany,2023-05,95.21,,
ESTAT:PRC_HICP_MINR(1.0),02/10/26 11:00:00,Monthly,"Index, 2025=100",Total,Germany,2023-06,95.59,,
ESTAT:PRC_HICP_MINR(1.0),02/10/26 11:00:00,Monthly,"Index, 2025=100",Total,Germany,2023-07,96.05,,
ESTAT:PRC_HICP_MINR(1.0),02/10/26 11:00:00,Monthly,"Index, 2025=100",Total,Germany,2023-08,96.40,,
ESTAT:PRC_HICP_MINR(1.0),02/10/26 11:00:00,Monthly,"Index, 2025=100",Total,Germany,2023-09,96.54,,
ESTAT:PRC_HICP_MINR(1.0),02/10/26 11:00:00,Monthly,"Index, 2025=100",Total,Germany,2023-10,96.40,,
ESTAT:PRC_HICP_MINR(1.0),02/10/26 11:00:00,Monthly,"Index, 2025=100",Total,Germany,2023-11,95.75,,
ESTAT:PRC_HICP_MINR(1.0),02/10/26 11:00:00,Monthly,"Index, 2025=100",Total,Germany,2023-12,95.94,,
ESTAT:PRC_HICP_MINR(1.0),02/10/26 11:00:00,Monthly,"Index, 2025=100",Total,Germany,2024-01,95.80,,
ESTAT:PRC_HICP_MINR(1.0),02/10/26 11:00:00,Monthly,"Index, 2025=100",Total,Germany,2024-02,96.42,,
ESTAT:PRC_HICP_MINR(1.0),02/10/26 11:00:00,Monthly,"Index, 2025=100",Total,Germany,2024-03,97.04,,
ESTAT:PRC_HICP_MINR(1.0),02/10/26 11:00:00,Monthly,"Index, 2025=100",Total,Germany,2024-04,97.62,,
ESTAT:PRC_HICP_MINR(1.0),02/10/26 11:00:00,Monthly,"Index, 2025=100",Total,Germany,2024-05,97.83,,
ESTAT:PRC_HICP_MINR(1.0),02/10/26 11:00:00,Monthly,"Index, 2025=100",Total,Germany,2024-06,98.03,,
ESTAT:PRC_HICP_MINR(1.0),02/10/26 11:00:00,Monthly,"Index, 2025=100",Total,Germany,2024-07,98.52,,
ESTAT:PRC_HICP_MINR(1.0),02/10/26 11:00:00,Monthly,"Index, 2025=100",Total,Germany,2024-08,98.42,,
ESTAT:PRC_HICP_MINR(1.0),02/10/26 11:00:00,Monthly,"Index, 2025=100",Total,Germany,2024-09,98.34,,
ESTAT:PRC_HICP_MINR(1.0),02/10/26 11:00:00,Monthly,"Index, 2025=100",Total,Germany,2024-10,98.68,,
ESTAT:PRC_HICP_MINR(1.0),02/10/26 11:00:00,Monthly,"Index, 2025=100",Total,Germany,2024-11,98.06,,
ESTAT:PRC_HICP_MINR(1.0),02/10/26 11:00:00,Monthly,"Index, 2025=100",Total,Germany,2024-12,98.66,,
ESTAT:PRC_HICP_MINR(1.0),02/10/26 11:00:00,Monthly,"Index, 2025=100",Total,Germany,2025-01,98.47,,
ESTAT:PRC_HICP_MINR(1.0),02/10/26 11:00:00,Monthly,"Index, 2025=100",Total,Germany,2025-02,98.95,,
ESTAT:PRC_HICP_MINR(1.0),02/10/26 11:00:00,Monthly,"Index, 2025=100",Total,Germany,2025-03,99.32,,
ESTAT:PRC_HICP_MINR(1.0),02/10/26 11:00:00,Monthly,"Index, 2025=100",Total,Germany,2025-04,99.80,,
ESTAT:PRC_HICP_MINR(1.0),02/10/26 11:00:00,Monthly,"Index, 2025=100",Total,Germany,2025-05,99.88,,
ESTAT:PRC_HICP_MINR(1.0),02/10/26 11:00:00,Monthly,"Index, 2025=100",Total,Germany,2025-06,99.97,,
ESTAT:PRC_HICP_MINR(1.0),02/10/26 11:00:00,Monthly,"Index, 2025=100",Total,Germany,2025-07,100.35,,
ESTAT:PRC_HICP_MINR(1.0),02/10/26 11:00:00,Monthly,"Index, 2025=100",Total,Germany,2025-08,100.42,,
ESTAT:PRC_HICP_MINR(1.0),02/10/26 11:00:00,Monthly,"Index, 2025=100",Total,Germany,2025-09,100.65,,
ESTAT:PRC_HICP_MINR(1.0),02/10/26 11:00:00,Monthly,"Index, 2025=100",Total,Germany,2025-10,100.95,,
ESTAT:PRC_HICP_MINR(1.0),02/10/26 11:00:00,Monthly,"Index, 2025=100",Total,Germany,2025-11,100.56,,
ESTAT:PRC_HICP_MINR(1.0),02/10/26 11:00:00,Monthly,"Index, 2025=100",Total,Germany,2025-12,100.67,,
ESTAT:PRC_HICP_MINR(1.0),02/10/26 11:00:00,Monthly,"Index, 2025=100",Total,Denmark,2006-01,70.14,,
ESTAT:PRC_HICP_MINR(1.0),02/10/26 11:00:00,Monthly,"Index, 2025=100",Total,Denmark,2006-02,70.68,,
ESTAT:PRC_HICP_MINR(1.0),02/10/26 11:00:00,Monthly,"Index, 2025=100",Total,Denmark,2006-03,70.98,,
ESTAT:PRC_HICP_MINR(1.0),02/10/26 11:00:00,Monthly,"Index, 2025=100",Total,Denmark,2006-04,71.37,,
ESTAT:PRC_HICP_MINR(1.0),02/10/26 11:00:00,Monthly,"Index, 2025=100",Total,Denmark,2006-05,71.47,,
ESTAT:PRC_HICP_MINR(1.0),02/10/26 11:00:00,Monthly,"Index, 2025=100",Total,Denmark,2006-06,71.65,,
ESTAT:PRC_HICP_MINR(1.0),02/10/26 11:00:00,Monthly,"Index, 2025=100",Total,Denmark,2006-07,71.45,,
ESTAT:PRC_HICP_MINR(1.0),02/10/26 11:00:00,Monthly,"Index, 2025=100",Total,Denmark,2006-08,71.45,,
ESTAT:PRC_HICP_MINR(1.0),02/10/26 11:00:00,Monthly,"Index, 2025=100",Total,Denmark,2006-09,71.73,,
ESTAT:PRC_HICP_MINR(1.0),02/10/26 11:00:00,Monthly,"Index, 2025=100",Total,Denmark,2006-10,71.66,,
ESTAT:PRC_HICP_MINR(1.0),02/10/26 11:00:00,Monthly,"Index, 2025=100",Total,Denmark,2006-11,71.61,,
ESTAT:PRC_HICP_MINR(1.0),02/10/26 11:00:00,Monthly,"Index, 2025=100",Total,Denmark,2006-12,71.63,,
ESTAT:PRC_HICP_MINR(1.0),02/10/26 11:00:00,Monthly,"Index, 2025=100",Total,Denmark,2007-01,71.39,,
ESTAT:PRC_HICP_MINR(1.0),02/10/26 11:00:00,Monthly,"Index, 2025=100",Total,Denmark,2007-02,72.02,,
ESTAT:PRC_HICP_MINR(1.0),02/10/26 11:00:00,Monthly,"Index, 2025=100",Total,Denmark,2007-03,72.37,,
ESTAT:PRC_HICP_MINR(1.0),02/10/26 11:00:00,Monthly,"Index, 2025=100",Total,Denmark,2007-04,72.55,,
ESTAT:PRC_HICP_MINR(1.0),02/10/26 11:00:00,Monthly,"Index, 2025=100",Total,Denmark,2007-05,72.69,,
ESTAT:PRC_HICP_MINR(1.0),02/10/26 11:00:00,Monthly,"Index, 2025=100",Total,Denmark,2007-06,72.57,,
ESTAT:PRC_HICP_MINR(1.0),02/10/26 11:00:00,Monthly,"Index, 2025=100",Total,Denmark,2007-07,72.21,,
ESTAT:PRC_HICP_MINR(1.0),02/10/26 11:00:00,Monthly,"Index, 2025=100",Total,Denmark,2007-08,72.06,,
ESTAT:PRC_HICP_MINR(1.0),02/10/26 11:00:00,Monthly,"Index, 2025=100",Total,Denmark,2007-09,72.56,,
ESTAT:PRC_HICP_MINR(1.0),02/10/26 11:00:00,Monthly,"Index, 2025=100",Total,Denmark,2007-10,72.88,,
ESTAT:PRC_HICP_MINR(1.0),02/10/26 11:00:00,Monthly,"Index, 2025=100",Total,Denmark,2007-11,73.43,,
ESTAT:PRC_HICP_MINR(1.0),02/10/26 11:00:00,Monthly,"Index, 2025=100",Total,Denmark,2007-12,73.39,,
ESTAT:PRC_HICP_MINR(1.0),02/10/26 11:00:00,Monthly,"Index, 2025=100",Total,Denmark,2008-01,73.61,,
ESTAT:PRC_HICP_MINR(1.0),02/10/26 11:00:00,Monthly,"Index, 2025=100",Total,Denmark,2008-02,74.34,,
ESTAT:PRC_HICP_MINR(1.0),02/10/26 11:00:00,Monthly,"Index, 2025=100",Total,Denmark,2008-03,74.72,,
ESTAT:PRC_HICP_MINR(1.0),02/10/26 11:00:00,Monthly,"Index, 2025=100",Total,Denmark,2008-04,75.03,,
ESTAT:PRC_HICP_MINR(1.0),02/10/26 11:00:00,Monthly,"Index, 2025=100",Total,Denmark,2008-05,75.31,,
ESTAT:PRC_HICP_MINR(1.0),02/10/26 11:00:00,Monthly,"Index, 2025=100",Total,Denmark,2008-06,75.56,,
ESTAT:PRC_HICP_MINR(1.0),02/10/26 11:00:00,Monthly,"Index, 2025=100",Total,Denmark,2008-07,75.33,,
ESTAT:PRC_HICP_MINR(1.0),02/10/26 11:00:00,Monthly,"Index, 2025=100",Total,Denmark,2008-08,75.47,,
ESTAT:PRC_HICP_MINR(1.0),02/10/26 11:00:00,Monthly,"Index, 2025=100",Total,Denmark,2008-09,75.81,,
ESTAT:PRC_HICP_MINR(1.0),02/10/26 11:00:00,Monthly,"Index, 2025=100",Total,Denmark,2008-10,75.69,,
ESTAT:PRC_HICP_MINR(1.0),02/10/26 11:00:00,Monthly,"Index, 2025=100",Total,Denmark,2008-11,75.47,,
ESTAT:PRC_HICP_MINR(1.0),02/10/26 11:00:00,Monthly,"Index, 2025=100",Total,Denmark,2008-12,75.16,,
ESTAT:PRC_HICP_MINR(1.0),02/10/26 11:00:00,Monthly,"Index, 2025=100",Total,Denmark,2009-01,74.86,,
ESTAT:PRC_HICP_MINR(1.0),02/10/26 11:00:00,Monthly,"Index, 2025=100",Total,Denmark,2009-02,75.62,,
ESTAT:PRC_HICP_MINR(1.0),02/10/26 11:00:00,Monthly,"Index, 2025=100",Total,Denmark,2009-03,75.87,,
ESTAT:PRC_HICP_MINR(1.0),02/10/26 11:00:00,Monthly,"Index, 2025=100",Total,Denmark,2009-04,75.81,,
ESTAT:PRC_HICP_MINR(1.0),02/10/26 11:00:00,Monthly,"Index, 2025=100",Total,Denmark,2009-05,76.08,,
ESTAT:PRC_HICP_MINR(1.0),02/10/26 11:00:00,Monthly,"Index, 2025=100",Total,Denmark,2009-06,76.28,,
ESTAT:PRC_HICP_MINR(1.0),02/10/26 11:00:00,Monthly,"Index, 2025=100",Total,Denmark,2009-07,75.83,,
ESTAT:PRC_HICP_MINR(1.0),02/10/26 11:00:00,Monthly,"Index, 2025=100",Total,Denmark,2009-08,76.04,,
ESTAT:PRC_HICP_MINR(1.0),02/10/26 11:00:00,Monthly,"Index, 2025=100",Total,Denmark,2009-09,76.18,,
ESTAT:PRC_HICP_MINR(1.0),02/10/26 11:00:00,Monthly,"Index, 2025=100",Total,Denmark,2009-10,76.22,,
ESTAT:PRC_HICP_MINR(1.0),02/10/26 11:00:00,Monthly,"Index, 2025=100",Total,Denmark,2009-11,76.21,,
ESTAT:PRC_HICP_MINR(1.0),02/10/26 11:00:00,Monthly,"Index, 2025=100",Total,Denmark,2009-12,76.04,,
ESTAT:PRC_HICP_MINR(1.0),02/10/26 11:00:00,Monthly,"Index, 2025=100",Total,Denmark,2010-01,76.22,,
ESTAT:PRC_HICP_MINR(1.0),02/10/26 11:00:00,Monthly,"Index, 2025=100",Total,Denmark,2010-02,76.96,,
ESTAT:PRC_HICP_MINR(1.0),02/10/26 11:00:00,Monthly,"Index, 2025=100",Total,Denmark,2010-03,77.49,,
ESTAT:PRC_HICP_MINR(1.0),02/10/26 11:00:00,Monthly,"Index, 2025=100",Total,Denmark,2010-04,77.63,,
ESTAT:PRC_HICP_MINR(1.0),02/10/26 11:00:00,Monthly,"Index, 2025=100",Total,Denmark,2010-05,77.61,,
ESTAT:PRC_HICP_MINR(1.0),02/10/26 11:00:00,Monthly,"Index, 2025=100",Total,Denmark,2010-06,77.49,,
ESTAT:PRC_HICP_MINR(1.0),02/10/26 11:00:00,Monthly,"Index, 2025=100",Total,Denmark,2010-07,77.46,,
ESTAT:PRC_HICP_MINR(1.0),02/10/26 11:00:00,Monthly,"Index, 2025=100",Total,Denmark,2010-08,77.77,,
ESTAT:PRC_HICP_MINR(1.0),02/10/26 11:00:00,Monthly,"Index, 2025=100",Total,Denmark,2010-09,78.11,,
ESTAT:PRC_HICP_MINR(1.0),02/10/26 11:00:00,Monthly,"Index, 2025=100",Total,Denmark,2010-10,78.01,,
ESTAT:PRC_HICP_MINR(1.0),02/10/26 11:00:00,Monthly,"Index, 2025=100",Total,Denmark,2010-11,78.07,,
ESTAT:PRC_HICP_MINR(1.0),02/10/26 11:00:00,Monthly,"Index, 2025=100",Total,Denmark,2010-12,78.18,,
ESTAT:PRC_HICP_MINR(1.0),02/10/26 11:00:00,Monthly,"Index, 2025=100",Total,Denmark,2011-01,78.21,,
ESTAT:PRC_HICP_MINR(1.0),02/10/26 11:00:00,Monthly,"Index, 2025=100",Total,Denmark,2011-02,78.97,,
ESTAT:PRC_HICP_MINR(1.0),02/10/26 11:00:00,Monthly,"Index, 2025=100",Total,Denmark,2011-03,79.48,,
ESTAT:PRC_HICP_MINR(1.0),02/10/26 11:00:00,Monthly,"Index, 2025=100",Total,Denmark,2011-04,79.86,,
ESTAT:PRC_HICP_MINR(1.0),02/10/26 11:00:00,Monthly,"Index, 2025=100",Total,Denmark,2011-05,79.98,,
ESTAT:PRC_HICP_MINR(1.0),02/10/26 11:00:00,Monthly,"Index, 2025=100",Total,Denmark,2011-06,79.78,,
ESTAT:PRC_HICP_MINR(1.0),02/10/26 11:00:00,Monthly,"Index, 2025=100",Total,Denmark,2011-07,79.72,,
ESTAT:PRC_HICP_MINR(1.0),02/10/26 11:00:00,Monthly,"Index, 2025=100",Total,Denmark,2011-08,79.68,,
ESTAT:PRC_HICP_MINR(1.0),02/10/26 11:00:00,Monthly,"Index, 2025=100",Total,Denmark,2011-09,79.99,,
ESTAT:PRC_HICP_MINR(1.0),02/10/26 11:00:00,Monthly,"Index, 2025=100",Total,Denmark,2011-10,80.13,,
ESTAT:PRC_HICP_MINR(1.0),02/10/26 11:00:00,Monthly,"Index, 2025=100",Total,Denmark,2011-11,80.04,,
ESTAT:PRC_HICP_MINR(1.0),02/10/26 11:00:00,Monthly,"Index, 2025=100",Total,Denmark,2011-12,80.04,,
ESTAT:PRC_HICP_MINR(1.0),02/10/26 11:00:00,Monthly,"Index, 2025=100",Total,Denmark,2012-01,80.35,,
ESTAT:PRC_HICP_MINR(1.0),02/10/26 11:00:00,Monthly,"Index, 2025=100",Total,Denmark,2012-02,81.14,,
ESTAT:PRC_HICP_MINR(1.0),02/10/26 11:00:00,Monthly,"Index, 2025=100",Total,Denmark,2012-03,81.62,,
ESTAT:PRC_HICP_MINR(1.0),02/10/26 11:00:00,Monthly,"Index, 2025=100",Total,Denmark,2012-04,81.62,,
ESTAT:PRC_HICP_MINR(1.0),02/10/26 11:00:00,Monthly,"Index, 2025=100",Total,Denmark,2012-05,81.64,,
ESTAT:PRC_HICP_MINR(1.0),02/10/26 11:00:00,Monthly,"Index, 2025=100",Total,Denmark,2012-06,81.48,,
ESTAT:PRC_HICP_MINR(1.0),02/10/26 11:00:00,Monthly,"Index, 2025=100",Total,Denmark,2012-07,81.47,,
ESTAT:PRC_HICP_MINR(1.0),02/10/26 11:00:00,Monthly,"Index, 2025=100",Total,Denmark,2012-08,81.79,,
ESTAT:PRC_HICP_MINR(1.0),02/10/26 11:00:00,Monthly,"Index, 2025=100",Total,Denmark,2012-09,82.01,,
ESTAT:PRC_HICP_MINR(1.0),02/10/26 11:00:00,Monthly,"Index, 2025=100",Total,Denmark,2012-10,81.94,,
ESTAT:PRC_HICP_MINR(1.0),02/10/26 11:00:00,Monthly,"Index, 2025=100",Total,Denmark,2012-11,81.81,,
ESTAT:PRC_HICP_MINR(1.0),02/10/26 11:00:00,Monthly,"Index, 2025=100",Total,Denmark,2012-12,81.54,,
ESTAT:PRC_HICP_MINR(1.0),02/10/26 11:00:00,Monthly,"Index, 2025=100",Total,Denmark,2013-01,81.14,,
ESTAT:PRC_HICP_MINR(1.0),02/10/26 11:00:00,Monthly,"Index, 2025=100",Total,Denmark,2013-02,81.99,,
ESTAT:PRC_HICP_MINR(1.0),02/10/26 11:00:00,Monthly,"Index, 2025=100",Total,Denmark,2013-03,82.21,,
ESTAT:PRC_HICP_MINR(1.0),02/10/26 11:00:00,Monthly,"Index, 2025=100",Total,Denmark,2013-04,82.03,,
ESTAT:PRC_HICP_MINR(1.0),02/10/26 11:00:00,Monthly,"Index, 2025=100",Total,Denmark,2013-05,82.14,,
ESTAT:PRC_HICP_MINR(1.0),02/10/26 11:00:00,Monthly,"Index, 2025=100",Total,Denmark,2013-06,82.02,,
ESTAT:PRC_HICP_MINR(1.0),02/10/26 11:00:00,Monthly,"Index, 2025=100",Total,Denmark,2013-07,81.78,,
ESTAT:PRC_HICP_MINR(1.0),02/10/26 11:00:00,Monthly,"Index, 2025=100",Total,Denmark,2013-08,81.83,,
ESTAT:PRC_HICP_MINR(1.0),02/10/26 11:00:00,Monthly,"Index, 2025=100",Total,Denmark,2013-09,82.13,,
ESTAT:PRC_HICP_MINR(1.0),02/10/26 11:00:00,Monthly,"Index, 2025=100",Total,Denmark,2013-10,82.22,,
ESTAT:PRC_HICP_MINR(1.0),02/10/26 11:00:00,Monthly,"Index, 2025=100",Total,Denmark,2013-11,82.03,,
ESTAT:PRC_HICP_MINR(1.0),02/10/26 11:00:00,Monthly,"Index, 2025=100",Total,Denmark,2013-12,81.96,,
ESTAT:PRC_HICP_MINR(1.0),02/10/26 11:00:00,Monthly,"Index, 2025=100",Total,Denmark,2014-01,81.80,,
ESTAT:PRC_HICP_MINR(1.0),02/10/26 11:00:00,Monthly,"Index, 2025=100",Total,Denmark,2014-02,82.22,,
ESTAT:PRC_HICP_MINR(1.0),02/10/26 11:00:00,Monthly,"Index, 2025=100",Total,Denmark,2014-03,82.33,,
ESTAT:PRC_HICP_MINR(1.0),02/10/26 11:00:00,Monthly,"Index, 2025=100",Total,Denmark,2014-04,82.42,,
ESTAT:PRC_HICP_MINR(1.0),02/10/26 11:00:00,Monthly,"Index, 2025=100",Total,Denmark,2014-05,82.40,,
ESTAT:PRC_HICP_MINR(1.0),02/10/26 11:00:00,Monthly,"Index, 2025=100",Total,Denmark,2014-06,82.34,,
ESTAT:PRC_HICP_MINR(1.0),02/10/26 11:00:00,Monthly,"Index, 2025=100",Total,Denmark,2014-07,82.21,,
ESTAT:PRC_HICP_MINR(1.0),02/10/26 11:00:00,Monthly,"Index, 2025=100",Total,Denmark,2014-08,82.07,,
ESTAT:PRC_HICP_MINR(1.0),02/10/26 11:00:00,Monthly,"Index, 2025=100",Total,Denmark,2014-09,82.35,,
ESTAT:PRC_HICP_MINR(1.0),02/10/26 11:00:00,Monthly,"Index, 2025=100",Total,Denmark,2014-10,82.43,,
ESTAT:PRC_HICP_MINR(1.0),02/10/26 11:00:00,Monthly,"Index, 2025=100",Total,Denmark,2014-11,82.22,,
ESTAT:PRC_HICP_MINR(1.0),02/10/26 11:00:00,Monthly,"Index, 2025=100",Total,Denmark,2014-12,82.02,,
ESTAT:PRC_HICP_MINR(1.0),02/10/26 11:00:00,Monthly,"Index, 2025=100",Total,Denmark,2015-01,81.48,,
ESTAT:PRC_HICP_MINR(1.0),02/10/26 11:00:00,Monthly,"Index, 2025=100",Total,Denmark,2015-02,82.21,,
ESTAT:PRC_HICP_MINR(1.0),02/10/26 11:00:00,Monthly,"Index, 2025=100",Total,Denmark,2015-03,82.62,,
ESTAT:PRC_HICP_MINR(1.0),02/10/26 11:00:00,Monthly,"Index, 2025=100",Total,Denmark,2015-04,82.73,,
ESTAT:PRC_HICP_MINR(1.0),02/10/26 11:00:00,Monthly,"Index, 2025=100",Total,Denmark,2015-05,82.74,,
ESTAT:PRC_HICP_MINR(1.0),02/10/26 11:00:00,Monthly,"Index, 2025=100",Total,Denmark,2015-06,82.67,,
ESTAT:PRC_HICP_MINR(1.0),02/10/26 11:00:00,Monthly,"Index, 2025=100",Total,Denmark,2015-07,82.62,,
ESTAT:PRC_HICP_MINR(1.0),02/10/26 11:00:00,Monthly,"Index, 2025=100",Total,Denmark,2015-08,82.36,,
ESTAT:PRC_HICP_MINR(1.0),02/10/26 11:00:00,Monthly,"Index, 2025=100",Total,Denmark,2015-09,82.55,,
ESTAT:PRC_HICP_MINR(1.0),02/10/26 11:00:00,Monthly,"Index, 2025=100",Total,Denmark,2015-10,82.55,,
ESTAT:PRC_HICP_MINR(1.0),02/10/26 11:00:00,Monthly,"Index, 2025=100",Total,Denmark,2015-11,82.30,,
ESTAT:PRC_HICP_MINR(1.0),02/10/26 11:00:00,Monthly,"Index, 2025=100",Total,Denmark,2015-12,82.24,,
ESTAT:PRC_HICP_MINR(1.0),02/10/26 11:00:00,Monthly,"Index, 2025=100",Total,Denmark,2016-01,81.86,,
ESTAT:PRC_HICP_MINR(1.0),02/10/26 11:00:00,Monthly,"Index, 2025=100",Total,Denmark,2016-02,82.28,,
ESTAT:PRC_HICP_MINR(1.0),02/10/26 11:00:00,Monthly,"Index, 2025=100",Total,Denmark,2016-03,82.34,,
ESTAT:PRC_HICP_MINR(1.0),02/10/26 11:00:00,Monthly,"Index, 2025=100",Total,Denmark,2016-04,82.47,,
ESTAT:PRC_HICP_MINR(1.0),02/10/26 11:00:00,Monthly,"Index, 2025=100",Total,Denmark,2016-05,82.68,,
ESTAT:PRC_HICP_MINR(1.0),02/10/26 11:00:00,Monthly,"Index, 2025=100",Total,Denmark,2016-06,82.76,,
ESTAT:PRC_HICP_MINR(1.0),02/10/26 11:00:00,Monthly,"Index, 2025=100",Total,Denmark,2016-07,82.66,,
ESTAT:PRC_HICP_MINR(1.0),02/10/26 11:00:00,Monthly,"Index, 2025=100",Total,Denmark,2016-08,82.36,,
ESTAT:PRC_HICP_MINR(1.0),02/10/26 11:00:00,Monthly,"Index, 2025=100",Total,Denmark,2016-09,82.34,,
ESTAT:PRC_HICP_MINR(1.0),02/10/26 11:00:00,Monthly,"Index, 2025=100",Total,Denmark,2016-10,82.57,,
ESTAT:PRC_HICP_MINR(1.0),02/10/26 11:00:00,Monthly,"Index, 2025=100",Total,Denmark,2016-11,82.46,,
ESTAT:PRC_HICP_MINR(1.0),02/10/26 11:00:00,Monthly,"Index, 2025=100",Total,Denmark,2016-12,82.51,,
ESTAT:PRC_HICP_MINR(1.0),02/10/26 11:00:00,Monthly,"Index, 2025=100",Total,Denmark,2017-01,82.46,,
ESTAT:PRC_HICP_MINR(1.0),02/10/26 11:00:00,Monthly,"Index, 2025=100",Total,Denmark,2017-02,83.03,,
ESTAT:PRC_HICP_MINR(1.0),02/10/26 11:00:00,Monthly,"Index, 2025=100",Total,Denmark,2017-03,83.08,,
ESTAT:PRC_HICP_MINR(1.0),02/10/26 11:00:00,Monthly,"Index, 2025=100",Total,Denmark,2017-04,83.33,,
ESTAT:PRC_HICP_MINR(1.0),02/10/26 11:00:00,Monthly,"Index, 2025=100",Total,Denmark,2017-05,83.22,,
ESTAT:PRC_HICP_MINR(1.0),02/10/26 11:00:00,Monthly,"Index, 2025=100",Total,Denmark,2017-06,83.11,,
ESTAT:PRC_HICP_MINR(1.0),02/10/26 11:00:00,Monthly,"Index, 2025=100",Total,Denmark,2017-07,83.89,,
ESTAT:PRC_HICP_MINR(1.0),02/10/26 11:00:00,Monthly,"Index, 2025=100",Total,Denmark,2017-08,83.60,,
ESTAT:PRC_HICP_MINR(1.0),02/10/26 11:00:00,Monthly,"Index, 2025=100",Total,Denmark,2017-09,83.66,,
ESTAT:PRC_HICP_MINR(1.0),02/10/26 11:00:00,Monthly,"Index, 2025=100",Total,Denmark,2017-10,83.77,,
ESTAT:PRC_HICP_MINR(1.0),02/10/26 11:00:00,Monthly,"Index, 2025=100",Total,Denmark,2017-11,83.50,,
ESTAT:PRC_HICP_MINR(1.0),02/10/26 11:00:00,Monthly,"Index, 2025=100",Total,Denmark,2017-12,83.18,,
ESTAT:PRC_HICP_MINR(1.0),02/10/26 11:00:00,Monthly,"Index, 2025=100",Total,Denmark,2018-01,82.88,,
ESTAT:PRC_HICP_MINR(1.0),02/10/26 11:00:00,Monthly,"Index, 2025=100",Total,Denmark,2018-02,83.43,,
ESTAT:PRC_HICP_MINR(1.0),02/10/26 11:00:00,Monthly,"Index, 2025=100",Total,Denmark,2018-03,83.42,,
ESTAT:PRC_HICP_MINR(1.0),02/10/26 11:00:00,Monthly,"Index, 2025=100",Total,Denmark,2018-04,83.91,,
ESTAT:PRC_HICP_MINR(1.0),02/10/26 11:00:00,Monthly,"Index, 2025=100",Total,Denmark,2018-05,84.06,,
ESTAT:PRC_HICP_MINR(1.0),02/10/26 11:00:00,Monthly,"Index, 2025=100",Total,Denmark,2018-06,84.01,,
ESTAT:PRC_HICP_MINR(1.0),02/10/26 11:00:00,Monthly,"Index, 2025=100",Total,Denmark,2018-07,84.64,,
ESTAT:PRC_HICP_MINR(1.0),02/10/26 11:00:00,Monthly,"Index, 2025=100",Total,Denmark,2018-08,84.26,,
ESTAT:PRC_HICP_MINR(1.0),02/10/26 11:00:00,Monthly,"Index, 2025=100",Total,Denmark,2018-09,84.09,,
ESTAT:PRC_HICP_MINR(1.0),02/10/26 11:00:00,Monthly,"Index, 2025=100",Total,Denmark,2018-10,84.34,,
ESTAT:PRC_HICP_MINR(1.0),02/10/26 11:00:00,Monthly,"Index, 2025=100",Total,Denmark,2018-11,84.06,,
ESTAT:PRC_HICP_MINR(1.0),02/10/26 11:00:00,Monthly,"Index, 2025=100",Total,Denmark,2018-12,83.74,,
ESTAT:PRC_HICP_MINR(1.0),02/10/26 11:00:00,Monthly,"Index, 2025=100",Total,Denmark,2019-01,83.94,,
ESTAT:PRC_HICP_MINR(1.0),02/10/26 11:00:00,Monthly,"Index, 2025=100",Total,Denmark,2019-02,84.33,,
ESTAT:PRC_HICP_MINR(1.0),02/10/26 11:00:00,Monthly,"Index, 2025=100",Total,Denmark,2019-03,84.42,,
ESTAT:PRC_HICP_MINR(1.0),02/10/26 11:00:00,Monthly,"Index, 2025=100",Total,Denmark,2019-04,84.67,,
ESTAT:PRC_HICP_MINR(1.0),02/10/26 11:00:00,Monthly,"Index, 2025=100",Total,Denmark,2019-05,84.64,,
ESTAT:PRC_HICP_MINR(1.0),02/10/26 11:00:00,Monthly,"Index, 2025=100",Total,Denmark,2019-06,84.39,,
ESTAT:PRC_HICP_MINR(1.0),02/10/26 11:00:00,Monthly,"Index, 2025=100",Total,Denmark,2019-07,84.94,,
ESTAT:PRC_HICP_MINR(1.0),02/10/26 11:00:00,Monthly,"Index, 2025=100",Total,Denmark,2019-08,84.63,,
ESTAT:PRC_HICP_MINR(1.0),02/10/26 11:00:00,Monthly,"Index, 2025=100",Total,Denmark,2019-09,84.43,,
ESTAT:PRC_HICP_MINR(1.0),02/10/26 11:00:00,Monthly,"Index, 2025=100",Total,Denmark,2019-10,84.77,,
ESTAT:PRC_HICP_MINR(1.0),02/10/26 11:00:00,Monthly,"Index, 2025=100",Total,Denmark,2019-11,84.58,,
ESTAT:PRC_HICP_MINR(1.0),02/10/26 11:00:00,Monthly,"Index, 2025=100",Total,Denmark,2019-12,84.42,,
ESTAT:PRC_HICP_MINR(1.0),02/10/26 11:00:00,Monthly,"Index, 2025=100",Total,Denmark,2020-01,84.54,,
ESTAT:PRC_HICP_MINR(1.0),02/10/26 11:00:00,Monthly,"Index, 2025=100",Total,Denmark,2020-02,84.93,,
ESTAT:PRC_HICP_MINR(1.0),02/10/26 11:00:00,Monthly,"Index, 2025=100",Total,Denmark,2020-03,84.67,,
ESTAT:PRC_HICP_MINR(1.0),02/10/26 11:00:00,Monthly,"Index, 2025=100",Total,Denmark,2020-04,84.59,,
ESTAT:PRC_HICP_MINR(1.0),02/10/26 11:00:00,Monthly,"Index, 2025=100",Total,Denmark,2020-05,84.45,,
ESTAT:PRC_HICP_MINR(1.0),02/10/26 11:00:00,Monthly,"Index, 2025=100",Total,Denmark,2020-06,84.54,,
ESTAT:PRC_HICP_MINR(1.0),02/10/26 11:00:00,Monthly,"Index, 2025=100",Total,Denmark,2020-07,85.32,,
ESTAT:PRC_HICP_MINR(1.0),02/10/26 11:00:00,Monthly,"Index, 2025=100",Total,Denmark,2020-08,84.99,,
ESTAT:PRC_HICP_MINR(1.0),02/10/26 11:00:00,Monthly,"Index, 2025=100",Total,Denmark,2020-09,84.83,,
ESTAT:PRC_HICP_MINR(1.0),02/10/26 11:00:00,Monthly,"Index, 2025=100",Total,Denmark,2020-10,85.07,,
ESTAT:PRC_HICP_MINR(1.0),02/10/26 11:00:00,Monthly,"Index, 2025=100",Total,Denmark,2020-11,84.94,,
ESTAT:PRC_HICP_MINR(1.0),02/10/26 11:00:00,Monthly,"Index, 2025=100",Total,Denmark,2020-12,84.74,,
ESTAT:PRC_HICP_MINR(1.0),02/10/26 11:00:00,Monthly,"Index, 2025=100",Total,Denmark,2021-01,84.93,,
ESTAT:PRC_HICP_MINR(1.0),02/10/26 11:00:00,Monthly,"Index, 2025=100",Total,Denmark,2021-02,85.35,,
ESTAT:PRC_HICP_MINR(1.0),02/10/26 11:00:00,Monthly,"Index, 2025=100",Total,Denmark,2021-03,85.39,,
ESTAT:PRC_HICP_MINR(1.0),02/10/26 11:00:00,Monthly,"Index, 2025=100",Total,Denmark,2021-04,85.79,,
ESTAT:PRC_HICP_MINR(1.0),02/10/26 11:00:00,Monthly,"Index, 2025=100",Total,Denmark,2021-05,86.01,,
ESTAT:PRC_HICP_MINR(1.0),02/10/26 11:00:00,Monthly,"Index, 2025=100",Total,Denmark,2021-06,86.10,,
ESTAT:PRC_HICP_MINR(1.0),02/10/26 11:00:00,Monthly,"Index, 2025=100",Total,Denmark,2021-07,86.77,,
ESTAT:PRC_HICP_MINR(1.0),02/10/26 11:00:00,Monthly,"Index, 2025=100",Total,Denmark,2021-08,86.53,,
ESTAT:PRC_HICP_MINR(1.0),02/10/26 11:00:00,Monthly,"Index, 2025=100",Total,Denmark,2021-09,86.84,,
ESTAT:PRC_HICP_MINR(1.0),02/10/26 11:00:00,Monthly,"Index, 2025=100",Total,Denmark,2021-10,87.77,,
ESTAT:PRC_HICP_MINR(1.0),02/10/26 11:00:00,Monthly,"Index, 2025=100",Total,Denmark,2021-11,88.10,,
ESTAT:PRC_HICP_MINR(1.0),02/10/26 11:00:00,Monthly,"Index, 2025=100",Total,Denmark,2021-12,87.60,,
ESTAT:PRC_HICP_MINR(1.0),02/10/26 11:00:00,Monthly,"Index, 2025=100",Total,Denmark,2022-01,89.03,,
ESTAT:PRC_HICP_MINR(1.0),02/10/26 11:00:00,Monthly,"Index, 2025=100",Total,Denmark,2022-02,89.83,,
ESTAT:PRC_HICP_MINR(1.0),02/10/26 11:00:00,Monthly,"Index, 2025=100",Total,Denmark,2022-03,90.49,,
ESTAT:PRC_HICP_MINR(1.0),02/10/26 11:00:00,Monthly,"Index, 2025=100",Total,Denmark,2022-04,92.18,,
ESTAT:PRC_HICP_MINR(1.0),02/10/26 11:00:00,Monthly,"Index, 2025=100",Total,Denmark,2022-05,93.10,,
ESTAT:PRC_HICP_MINR(1.0),02/10/26 11:00:00,Monthly,"Index, 2025=100",Total,Denmark,2022-06,93.97,,
ESTAT:PRC_HICP_MINR(1.0),02/10/26 11:00:00,Monthly,"Index, 2025=100",Total,Denmark,2022-07,95.15,,
ESTAT:PRC_HICP_MINR(1.0),02/10/26 11:00:00,Monthly,"Index, 2025=100",Total,Denmark,2022-08,95.13,,
ESTAT:PRC_HICP_MINR(1.0),02/10/26 11:00:00,Monthly,"Index, 2025=100",Total,Denmark,2022-09,96.54,,
ESTAT:PRC_HICP_MINR(1.0),02/10/26 11:00:00,Monthly,"Index, 2025=100",Total,Denmark,2022-10,97.75,,
ESTAT:PRC_HICP_MINR(1.0),02/10/26 11:00:00,Monthly,"Index, 2025=100",Total,Denmark,2022-11,96.70,,
ESTAT:PRC_HICP_MINR(1.0),02/10/26 11:00:00,Monthly,"Index, 2025=100",Total,Denmark,2022-12,96.02,,
ESTAT:PRC_HICP_MINR(1.0),02/10/26 11:00:00,Monthly,"Index, 2025=100",Total,Denmark,2023-01,96.49,,
ESTAT:PRC_HICP_MINR(1.0),02/10/26 11:00:00,Monthly,"Index, 2025=100",Total,Denmark,2023-02,97.25,,
ESTAT:PRC_HICP_MINR(1.0),02/10/26 11:00:00,Monthly,"Index, 2025=100",Total,Denmark,2023-03,97.11,,
ESTAT:PRC_HICP_MINR(1.0),02/10/26 11:00:00,Monthly,"Index, 2025=100",Total,Denmark,2023-04,97.37,,
ESTAT:PRC_HICP_MINR(1.0),02/10/26 11:00:00,Monthly,"Index, 2025=100",Total,Denmark,2023-05,95.83,,
ESTAT:PRC_HICP_MINR(1.0),02/10/26 11:00:00,Monthly,"Index, 2025=100",Total,Denmark,2023-06,96.19,,
ESTAT:PRC_HICP_MINR(1.0),02/10/26 11:00:00,Monthly,"Index, 2025=100",Total,Denmark,2023-07,98.20,,
ESTAT:PRC_HICP_MINR(1.0),02/10/26 11:00:00,Monthly,"Index, 2025=100",Total,Denmark,2023-08,97.37,,
ESTAT:PRC_HICP_MINR(1.0),02/10/26 11:00:00,Monthly,"Index, 2025=100",Total,Denmark,2023-09,97.10,,
ESTAT:PRC_HICP_MINR(1.0),02/10/26 11:00:00,Monthly,"Index, 2025=100",Total,Denmark,2023-10,97.37,,
ESTAT:PRC_HICP_MINR(1.0),02/10/26 11:00:00,Monthly,"Index, 2025=100",Total,Denmark,2023-11,96.93,,
ESTAT:PRC_HICP_MINR(1.0),02/10/26 11:00:00,Monthly,"Index, 2025=100",Total,Denmark,2023-12,96.42,,
ESTAT:PRC_HICP_MINR(1.0),02/10/26 11:00:00,Monthly,"Index, 2025=100",Total,Denmark,2024-01,97.42,,
ESTAT:PRC_HICP_MINR(1.0),02/10/26 11:00:00,Monthly,"Index, 2025=100",Total,Denmark,2024-02,97.85,,
ESTAT:PRC_HICP_MINR(1.0),02/10/26 11:00:00,Monthly,"Index, 2025=100",Total,Denmark,2024-03,97.85,,
ESTAT:PRC_HICP_MINR(1.0),02/10/26 11:00:00,Monthly,"Index, 2025=100",Total,Denmark,2024-04,97.87,,
ESTAT:PRC_HICP_MINR(1.0),02/10/26 11:00:00,Monthly,"Index, 2025=100",Total,Denmark,2024-05,97.85,,
ESTAT:PRC_HICP_MINR(1.0),02/10/26 11:00:00,Monthly,"Index, 2025=100",Total,Denmark,2024-06,97.89,,
ESTAT:PRC_HICP_MINR(1.0),02/10/26 11:00:00,Monthly,"Index, 2025=100",Total,Denmark,2024-07,99.16,,
ESTAT:PRC_HICP_MINR(1.0),02/10/26 11:00:00,Monthly,"Index, 2025=100",Total,Denmark,2024-08,98.64,,
ESTAT:PRC_HICP_MINR(1.0),02/10/26 11:00:00,Monthly,"Index, 2025=100",Total,Denmark,2024-09,98.23,,
ESTAT:PRC_HICP_MINR(1.0),02/10/26 11:00:00,Monthly,"Index, 2025=100",Total,Denmark,2024-10,98.88,,
ESTAT:PRC_HICP_MINR(1.0),02/10/26 11:00:00,Monthly,"Index, 2025=100",Total,Denmark,2024-11,98.47,,
ESTAT:PRC_HICP_MINR(1.0),02/10/26 11:00:00,Monthly,"Index, 2025=100",Total,Denmark,2024-12,98.18,,
ESTAT:PRC_HICP_MINR(1.0),02/10/26 11:00:00,Monthly,"Index, 2025=100",Total,Denmark,2025-01,98.80,,
ESTAT:PRC_HICP_MINR(1.0),02/10/26 11:00:00,Monthly,"Index, 2025=100",Total,Denmark,2025-02,99.82,,
ESTAT:PRC_HICP_MINR(1.0),02/10/26 11:00:00,Monthly,"Index, 2025=100",Total,Denmark,2025-03,99.26,,
ESTAT:PRC_HICP_MINR(1.0),02/10/26 11:00:00,Monthly,"Index, 2025=100",Total,Denmark,2025-04,99.33,,
ESTAT:PRC_HICP_MINR(1.0),02/10/26 11:00:00,Monthly,"Index, 2025=100",Total,Denmark,2025-05,99.35,,
ESTAT:PRC_HICP_MINR(1.0),02/10/26 11:00:00,Monthly,"Index, 2025=100",Total,Denmark,2025-06,99.64,,
ESTAT:PRC_HICP_MINR(1.0),02/10/26 11:00:00,Monthly,"Index, 2025=100",Total,Denmark,2025-07,101.34,,
ESTAT:PRC_HICP_MINR(1.0),02/10/26 11:00:00,Monthly,"Index, 2025=100",Total,Denmark,2025-08,100.56,,
ESTAT:PRC_HICP_MINR(1.0),02/10/26 11:00:00,Monthly,"Index, 2025=100",Total,Denmark,2025-09,100.43,,
ESTAT:PRC_HICP_MINR(1.0),02/10/26 11:00:00,Monthly,"Index, 2025=100",Total,Denmark,2025-10,100.98,,
ESTAT:PRC_HICP_MINR(1.0),02/10/26 11:00:00,Monthly,"Index, 2025=100",Total,Denmark,2025-11,100.47,,
ESTAT:PRC_HICP_MINR(1.0),02/10/26 11:00:00,Monthly,"Index, 2025=100",Total,Denmark,2025-12,100.03,,
ESTAT:PRC_HICP_MINR(1.0),02/10/26 11:00:00,Monthly,"Index, 2025=100",Total,Estonia,2006-01,43.51,,
ESTAT:PRC_HICP_MINR(1.0),02/10/26 11:00:00,Monthly,"Index, 2025=100",Total,Estonia,2006-02,43.73,,
ESTAT:PRC_HICP_MINR(1.0),02/10/26 11:00:00,Monthly,"Index, 2025=100",Total,Estonia,2006-03,43.78,,
ESTAT:PRC_HICP_MINR(1.0),02/10/26 11:00:00,Monthly,"Index, 2025=100",Total,Estonia,2006-04,44.09,,
ESTAT:PRC_HICP_MINR(1.0),02/10/26 11:00:00,Monthly,"Index, 2025=100",Total,Estonia,2006-05,44.33,,
ESTAT:PRC_HICP_MINR(1.0),02/10/26 11:00:00,Monthly,"Index, 2025=100",Total,Estonia,2006-06,44.53,,
ESTAT:PRC_HICP_MINR(1.0),02/10/26 11:00:00,Monthly,"Index, 2025=100",Total,Estonia,2006-07,44.73,,
ESTAT:PRC_HICP_MINR(1.0),02/10/26 11:00:00,Monthly,"Index, 2025=100",Total,Estonia,2006-08,45.05,,
ESTAT:PRC_HICP_MINR(1.0),02/10/26 11:00:00,Monthly,"Index, 2025=100",Total,Estonia,2006-09,44.95,,
ESTAT:PRC_HICP_MINR(1.0),02/10/26 11:00:00,Monthly,"Index, 2025=100",Total,Estonia,2006-10,44.90,,
ESTAT:PRC_HICP_MINR(1.0),02/10/26 11:00:00,Monthly,"Index, 2025=100",Total,Estonia,2006-11,45.24,,
ESTAT:PRC_HICP_MINR(1.0),02/10/26 11:00:00,Monthly,"Index, 2025=100",Total,Estonia,2006-12,45.37,,
ESTAT:PRC_HICP_MINR(1.0),02/10/26 11:00:00,Monthly,"Index, 2025=100",Total,Estonia,2007-01,45.68,,
ESTAT:PRC_HICP_MINR(1.0),02/10/26 11:00:00,Monthly,"Index, 2025=100",Total,Estonia,2007-02,45.75,,
ESTAT:PRC_HICP_MINR(1.0),02/10/26 11:00:00,Monthly,"Index, 2025=100",Total,Estonia,2007-03,46.24,,
ESTAT:PRC_HICP_MINR(1.0),02/10/26 11:00:00,Monthly,"Index, 2025=100",Total,Estonia,2007-04,46.57,,
ESTAT:PRC_HICP_MINR(1.0),02/10/26 11:00:00,Monthly,"Index, 2025=100",Total,Estonia,2007-05,46.94,,
ESTAT:PRC_HICP_MINR(1.0),02/10/26 11:00:00,Monthly,"Index, 2025=100",Total,Estonia,2007-06,47.20,,
ESTAT:PRC_HICP_MINR(1.0),02/10/26 11:00:00,Monthly,"Index, 2025=100",Total,Estonia,2007-07,47.65,,
ESTAT:PRC_HICP_MINR(1.0),02/10/26 11:00:00,Monthly,"Index, 2025=100",Total,Estonia,2007-08,47.82,,
ESTAT:PRC_HICP_MINR(1.0),02/10/26 11:00:00,Monthly,"Index, 2025=100",Total,Estonia,2007-09,48.32,,
ESTAT:PRC_HICP_MINR(1.0),02/10/26 11:00:00,Monthly,"Index, 2025=100",Total,Estonia,2007-10,48.82,,
ESTAT:PRC_HICP_MINR(1.0),02/10/26 11:00:00,Monthly,"Index, 2025=100",Total,Estonia,2007-11,49.44,,
ESTAT:PRC_HICP_MINR(1.0),02/10/26 11:00:00,Monthly,"Index, 2025=100",Total,Estonia,2007-12,49.79,,
ESTAT:PRC_HICP_MINR(1.0),02/10/26 11:00:00,Monthly,"Index, 2025=100",Total,Estonia,2008-01,50.83,,
ESTAT:PRC_HICP_MINR(1.0),02/10/26 11:00:00,Monthly,"Index, 2025=100",Total,Estonia,2008-02,51.02,,
ESTAT:PRC_HICP_MINR(1.0),02/10/26 11:00:00,Monthly,"Index, 2025=100",Total,Estonia,2008-03,51.44,,
ESTAT:PRC_HICP_MINR(1.0),02/10/26 11:00:00,Monthly,"Index, 2025=100",Total,Estonia,2008-04,51.96,,
ESTAT:PRC_HICP_MINR(1.0),02/10/26 11:00:00,Monthly,"Index, 2025=100",Total,Estonia,2008-05,52.28,,
ESTAT:PRC_HICP_MINR(1.0),02/10/26 11:00:00,Monthly,"Index, 2025=100",Total,Estonia,2008-06,52.62,,
ESTAT:PRC_HICP_MINR(1.0),02/10/26 11:00:00,Monthly,"Index, 2025=100",Total,Estonia,2008-07,53.00,,
ESTAT:PRC_HICP_MINR(1.0),02/10/26 11:00:00,Monthly,"Index, 2025=100",Total,Estonia,2008-08,53.13,,
ESTAT:PRC_HICP_MINR(1.0),02/10/26 11:00:00,Monthly,"Index, 2025=100",Total,Estonia,2008-09,53.54,,
ESTAT:PRC_HICP_MINR(1.0),02/10/26 11:00:00,Monthly,"Index, 2025=100",Total,Estonia,2008-10,53.74,,
ESTAT:PRC_HICP_MINR(1.0),02/10/26 11:00:00,Monthly,"Index, 2025=100",Total,Estonia,2008-11,53.62,,
ESTAT:PRC_HICP_MINR(1.0),02/10/26 11:00:00,Monthly,"Index, 2025=100",Total,Estonia,2008-12,53.54,,
ESTAT:PRC_HICP_MINR(1.0),02/10/26 11:00:00,Monthly,"Index, 2025=100",Total,Estonia,2009-01,53.21,,
ESTAT:PRC_HICP_MINR(1.0),02/10/26 11:00:00,Monthly,"Index, 2025=100",Total,Estonia,2009-02,52.99,,
ESTAT:PRC_HICP_MINR(1.0),02/10/26 11:00:00,Monthly,"Index, 2025=100",Total,Estonia,2009-03,52.75,,
ESTAT:PRC_HICP_MINR(1.0),02/10/26 11:00:00,Monthly,"Index, 2025=100",Total,Estonia,2009-04,52.43,,
ESTAT:PRC_HICP_MINR(1.0),02/10/26 11:00:00,Monthly,"Index, 2025=100",Total,Estonia,2009-05,52.45,,
ESTAT:PRC_HICP_MINR(1.0),02/10/26 11:00:00,Monthly,"Index, 2025=100",Total,Estonia,2009-06,52.35,,
ESTAT:PRC_HICP_MINR(1.0),02/10/26 11:00:00,Monthly,"Index, 2025=100",Total,Estonia,2009-07,52.79,,
ESTAT:PRC_HICP_MINR(1.0),02/10/26 11:00:00,Monthly,"Index, 2025=100",Total,Estonia,2009-08,52.74,,
ESTAT:PRC_HICP_MINR(1.0),02/10/26 11:00:00,Monthly,"Index, 2025=100",Total,Estonia,2009-09,52.65,,
ESTAT:PRC_HICP_MINR(1.0),02/10/26 11:00:00,Monthly,"Index, 2025=100",Total,Estonia,2009-10,52.61,,
ESTAT:PRC_HICP_MINR(1.0),02/10/26 11:00:00,Monthly,"Index, 2025=100",Total,Estonia,2009-11,52.47,,
ESTAT:PRC_HICP_MINR(1.0),02/10/26 11:00:00,Monthly,"Index, 2025=100",Total,Estonia,2009-12,52.54,,
ESTAT:PRC_HICP_MINR(1.0),02/10/26 11:00:00,Monthly,"Index, 2025=100",Total,Estonia,2010-01,52.69,,
ESTAT:PRC_HICP_MINR(1.0),02/10/26 11:00:00,Monthly,"Index, 2025=100",Total,Estonia,2010-02,52.82,,
ESTAT:PRC_HICP_MINR(1.0),02/10/26 11:00:00,Monthly,"Index, 2025=100",Total,Estonia,2010-03,53.47,,
ESTAT:PRC_HICP_MINR(1.0),02/10/26 11:00:00,Monthly,"Index, 2025=100",Total,Estonia,2010-04,53.74,,
ESTAT:PRC_HICP_MINR(1.0),02/10/26 11:00:00,Monthly,"Index, 2025=100",Total,Estonia,2010-05,53.90,,
ESTAT:PRC_HICP_MINR(1.0),02/10/26 11:00:00,Monthly,"Index, 2025=100",Total,Estonia,2010-06,54.11,,
ESTAT:PRC_HICP_MINR(1.0),02/10/26 11:00:00,Monthly,"Index, 2025=100",Total,Estonia,2010-07,54.24,,
ESTAT:PRC_HICP_MINR(1.0),02/10/26 11:00:00,Monthly,"Index, 2025=100",Total,Estonia,2010-08,54.22,,
ESTAT:PRC_HICP_MINR(1.0),02/10/26 11:00:00,Monthly,"Index, 2025=100",Total,Estonia,2010-09,54.65,,
ESTAT:PRC_HICP_MINR(1.0),02/10/26 11:00:00,Monthly,"Index, 2025=100",Total,Estonia,2010-10,54.95,,
ESTAT:PRC_HICP_MINR(1.0),02/10/26 11:00:00,Monthly,"Index, 2025=100",Total,Estonia,2010-11,55.12,,
ESTAT:PRC_HICP_MINR(1.0),02/10/26 11:00:00,Monthly,"Index, 2025=100",Total,Estonia,2010-12,55.38,,
ESTAT:PRC_HICP_MINR(1.0),02/10/26 11:00:00,Monthly,"Index, 2025=100",Total,Estonia,2011-01,55.37,,
ESTAT:PRC_HICP_MINR(1.0),02/10/26 11:00:00,Monthly,"Index, 2025=100",Total,Estonia,2011-02,55.74,,
ESTAT:PRC_HICP_MINR(1.0),02/10/26 11:00:00,Monthly,"Index, 2025=100",Total,Estonia,2011-03,56.20,,
ESTAT:PRC_HICP_MINR(1.0),02/10/26 11:00:00,Monthly,"Index, 2025=100",Total,Estonia,2011-04,56.64,,
ESTAT:PRC_HICP_MINR(1.0),02/10/26 11:00:00,Monthly,"Index, 2025=100",Total,Estonia,2011-05,56.87,,
ESTAT:PRC_HICP_MINR(1.0),02/10/26 11:00:00,Monthly,"Index, 2025=100",Total,Estonia,2011-06,56.78,,
ESTAT:PRC_HICP_MINR(1.0),02/10/26 11:00:00,Monthly,"Index, 2025=100",Total,Estonia,2011-07,57.10,,
ESTAT:PRC_HICP_MINR(1.0),02/10/26 11:00:00,Monthly,"Index, 2025=100",Total,Estonia,2011-08,57.25,,
ESTAT:PRC_HICP_MINR(1.0),02/10/26 11:00:00,Monthly,"Index, 2025=100",Total,Estonia,2011-09,57.57,,
ESTAT:PRC_HICP_MINR(1.0),02/10/26 11:00:00,Monthly,"Index, 2025=100",Total,Estonia,2011-10,57.53,,
ESTAT:PRC_HICP_MINR(1.0),02/10/26 11:00:00,Monthly,"Index, 2025=100",Total,Estonia,2011-11,57.57,,
ESTAT:PRC_HICP_MINR(1.0),02/10/26 11:00:00,Monthly,"Index, 2025=100",Total,Estonia,2011-12,57.65,,
ESTAT:PRC_HICP_MINR(1.0),02/10/26 11:00:00,Monthly,"Index, 2025=100",Total,Estonia,2012-01,57.97,,
ESTAT:PRC_HICP_MINR(1.0),02/10/26 11:00:00,Monthly,"Index, 2025=100",Total,Estonia,2012-02,58.21,,
ESTAT:PRC_HICP_MINR(1.0),02/10/26 11:00:00,Monthly,"Index, 2025=100",Total,Estonia,2012-03,58.81,,
ESTAT:PRC_HICP_MINR(1.0),02/10/26 11:00:00,Monthly,"Index, 2025=100",Total,Estonia,2012-04,59.07,,
ESTAT:PRC_HICP_MINR(1.0),02/10/26 11:00:00,Monthly,"Index, 2025=100",Total,Estonia,2012-05,59.20,,
ESTAT:PRC_HICP_MINR(1.0),02/10/26 11:00:00,Monthly,"Index, 2025=100",Total,Estonia,2012-06,59.28,,
ESTAT:PRC_HICP_MINR(1.0),02/10/26 11:00:00,Monthly,"Index, 2025=100",Total,Estonia,2012-07,59.46,,
ESTAT:PRC_HICP_MINR(1.0),02/10/26 11:00:00,Monthly,"Index, 2025=100",Total,Estonia,2012-08,59.66,,
ESTAT:PRC_HICP_MINR(1.0),02/10/26 11:00:00,Monthly,"Index, 2025=100",Total,Estonia,2012-09,59.91,,
ESTAT:PRC_HICP_MINR(1.0),02/10/26 11:00:00,Monthly,"Index, 2025=100",Total,Estonia,2012-10,59.96,,
ESTAT:PRC_HICP_MINR(1.0),02/10/26 11:00:00,Monthly,"Index, 2025=100",Total,Estonia,2012-11,59.76,,
ESTAT:PRC_HICP_MINR(1.0),02/10/26 11:00:00,Monthly,"Index, 2025=100",Total,Estonia,2012-12,59.75,,
ESTAT:PRC_HICP_MINR(1.0),02/10/26 11:00:00,Monthly,"Index, 2025=100",Total,Estonia,2013-01,60.14,,
ESTAT:PRC_HICP_MINR(1.0),02/10/26 11:00:00,Monthly,"Index, 2025=100",Total,Estonia,2013-02,60.54,,
ESTAT:PRC_HICP_MINR(1.0),02/10/26 11:00:00,Monthly,"Index, 2025=100",Total,Estonia,2013-03,61.04,,
ESTAT:PRC_HICP_MINR(1.0),02/10/26 11:00:00,Monthly,"Index, 2025=100",Total,Estonia,2013-04,61.10,,
ESTAT:PRC_HICP_MINR(1.0),02/10/26 11:00:00,Monthly,"Index, 2025=100",Total,Estonia,2013-05,61.34,,
ESTAT:PRC_HICP_MINR(1.0),02/10/26 11:00:00,Monthly,"Index, 2025=100",Total,Estonia,2013-06,61.69,,
ESTAT:PRC_HICP_MINR(1.0),02/10/26 11:00:00,Monthly,"Index, 2025=100",Total,Estonia,2013-07,61.81,,
ESTAT:PRC_HICP_MINR(1.0),02/10/26 11:00:00,Monthly,"Index, 2025=100",Total,Estonia,2013-08,61.78,,
ESTAT:PRC_HICP_MINR(1.0),02/10/26 11:00:00,Monthly,"Index, 2025=100",Total,Estonia,2013-09,61.47,,
ESTAT:PRC_HICP_MINR(1.0),02/10/26 11:00:00,Monthly,"Index, 2025=100",Total,Estonia,2013-10,61.27,,
ESTAT:PRC_HICP_MINR(1.0),02/10/26 11:00:00,Monthly,"Index, 2025=100",Total,Estonia,2013-11,60.99,,
ESTAT:PRC_HICP_MINR(1.0),02/10/26 11:00:00,Monthly,"Index, 2025=100",Total,Estonia,2013-12,60.97,,
ESTAT:PRC_HICP_MINR(1.0),02/10/26 11:00:00,Monthly,"Index, 2025=100",Total,Estonia,2014-01,61.08,,
ESTAT:PRC_HICP_MINR(1.0),02/10/26 11:00:00,Monthly,"Index, 2025=100",Total,Estonia,2014-02,61.22,,
ESTAT:PRC_HICP_MINR(1.0),02/10/26 11:00:00,Monthly,"Index, 2025=100",Total,Estonia,2014-03,61.47,,
ESTAT:PRC_HICP_MINR(1.0),02/10/26 11:00:00,Monthly,"Index, 2025=100",Total,Estonia,2014-04,61.59,,
ESTAT:PRC_HICP_MINR(1.0),02/10/26 11:00:00,Monthly,"Index, 2025=100",Total,Estonia,2014-05,61.73,,
ESTAT:PRC_HICP_MINR(1.0),02/10/26 11:00:00,Monthly,"Index, 2025=100",Total,Estonia,2014-06,61.91,,
ESTAT:PRC_HICP_MINR(1.0),02/10/26 11:00:00,Monthly,"Index, 2025=100",Total,Estonia,2014-07,61.80,,
ESTAT:PRC_HICP_MINR(1.0),02/10/26 11:00:00,Monthly,"Index, 2025=100",Total,Estonia,2014-08,61.66,,
ESTAT:PRC_HICP_MINR(1.0),02/10/26 11:00:00,Monthly,"Index, 2025=100",Total,Estonia,2014-09,61.60,,
ESTAT:PRC_HICP_MINR(1.0),02/10/26 11:00:00,Monthly,"Index, 2025=100",Total,Estonia,2014-10,61.56,,
ESTAT:PRC_HICP_MINR(1.0),02/10/26 11:00:00,Monthly,"Index, 2025=100",Total,Estonia,2014-11,61.00,,
ESTAT:PRC_HICP_MINR(1.0),02/10/26 11:00:00,Monthly,"Index, 2025=100",Total,Estonia,2014-12,61.01,,
ESTAT:PRC_HICP_MINR(1.0),02/10/26 11:00:00,Monthly,"Index, 2025=100",Total,Estonia,2015-01,60.76,,
ESTAT:PRC_HICP_MINR(1.0),02/10/26 11:00:00,Monthly,"Index, 2025=100",Total,Estonia,2015-02,61.08,,
ESTAT:PRC_HICP_MINR(1.0),02/10/26 11:00:00,Monthly,"Index, 2025=100",Total,Estonia,2015-03,61.48,,
ESTAT:PRC_HICP_MINR(1.0),02/10/26 11:00:00,Monthly,"Index, 2025=100",Total,Estonia,2015-04,61.84,,
ESTAT:PRC_HICP_MINR(1.0),02/10/26 11:00:00,Monthly,"Index, 2025=100",Total,Estonia,2015-05,62.06,,
ESTAT:PRC_HICP_MINR(1.0),02/10/26 11:00:00,Monthly,"Index, 2025=100",Total,Estonia,2015-06,62.09,,
ESTAT:PRC_HICP_MINR(1.0),02/10/26 11:00:00,Monthly,"Index, 2025=100",Total,Estonia,2015-07,61.89,,
ESTAT:PRC_HICP_MINR(1.0),02/10/26 11:00:00,Monthly,"Index, 2025=100",Total,Estonia,2015-08,61.77,,
ESTAT:PRC_HICP_MINR(1.0),02/10/26 11:00:00,Monthly,"Index, 2025=100",Total,Estonia,2015-09,61.40,,
ESTAT:PRC_HICP_MINR(1.0),02/10/26 11:00:00,Monthly,"Index, 2025=100",Total,Estonia,2015-10,61.54,,
ESTAT:PRC_HICP_MINR(1.0),02/10/26 11:00:00,Monthly,"Index, 2025=100",Total,Estonia,2015-11,61.33,,
ESTAT:PRC_HICP_MINR(1.0),02/10/26 11:00:00,Monthly,"Index, 2025=100",Total,Estonia,2015-12,60.91,,
ESTAT:PRC_HICP_MINR(1.0),02/10/26 11:00:00,Monthly,"Index, 2025=100",Total,Estonia,2016-01,60.80,,
ESTAT:PRC_HICP_MINR(1.0),02/10/26 11:00:00,Monthly,"Index, 2025=100",Total,Estonia,2016-02,61.30,,
ESTAT:PRC_HICP_MINR(1.0),02/10/26 11:00:00,Monthly,"Index, 2025=100",Total,Estonia,2016-03,61.77,,
ESTAT:PRC_HICP_MINR(1.0),02/10/26 11:00:00,Monthly,"Index, 2025=100",Total,Estonia,2016-04,61.82,,
ESTAT:PRC_HICP_MINR(1.0),02/10/26 11:00:00,Monthly,"Index, 2025=100",Total,Estonia,2016-05,62.05,,
ESTAT:PRC_HICP_MINR(1.0),02/10/26 11:00:00,Monthly,"Index, 2025=100",Total,Estonia,2016-06,62.35,,
ESTAT:PRC_HICP_MINR(1.0),02/10/26 11:00:00,Monthly,"Index, 2025=100",Total,Estonia,2016-07,62.36,,
ESTAT:PRC_HICP_MINR(1.0),02/10/26 11:00:00,Monthly,"Index, 2025=100",Total,Estonia,2016-08,62.44,,
ESTAT:PRC_HICP_MINR(1.0),02/10/26 11:00:00,Monthly,"Index, 2025=100",Total,Estonia,2016-09,62.47,,
ESTAT:PRC_HICP_MINR(1.0),02/10/26 11:00:00,Monthly,"Index, 2025=100",Total,Estonia,2016-10,62.18,,
ESTAT:PRC_HICP_MINR(1.0),02/10/26 11:00:00,Monthly,"Index, 2025=100",Total,Estonia,2016-11,62.16,,
ESTAT:PRC_HICP_MINR(1.0),02/10/26 11:00:00,Monthly,"Index, 2025=100",Total,Estonia,2016-12,62.33,,
ESTAT:PRC_HICP_MINR(1.0),02/10/26 11:00:00,Monthly,"Index, 2025=100",Total,Estonia,2017-01,62.50,,
ESTAT:PRC_HICP_MINR(1.0),02/10/26 11:00:00,Monthly,"Index, 2025=100",Total,Estonia,2017-02,63.40,,
ESTAT:PRC_HICP_MINR(1.0),02/10/26 11:00:00,Monthly,"Index, 2025=100",Total,Estonia,2017-03,63.64,,
ESTAT:PRC_HICP_MINR(1.0),02/10/26 11:00:00,Monthly,"Index, 2025=100",Total,Estonia,2017-04,64.01,,
ESTAT:PRC_HICP_MINR(1.0),02/10/26 11:00:00,Monthly,"Index, 2025=100",Total,Estonia,2017-05,64.23,,
ESTAT:PRC_HICP_MINR(1.0),02/10/26 11:00:00,Monthly,"Index, 2025=100",Total,Estonia,2017-06,64.31,,
ESTAT:PRC_HICP_MINR(1.0),02/10/26 11:00:00,Monthly,"Index, 2025=100",Total,Estonia,2017-07,64.81,,
ESTAT:PRC_HICP_MINR(1.0),02/10/26 11:00:00,Monthly,"Index, 2025=100",Total,Estonia,2017-08,65.08,,
ESTAT:PRC_HICP_MINR(1.0),02/10/26 11:00:00,Monthly,"Index, 2025=100",Total,Estonia,2017-09,64.93,,
ESTAT:PRC_HICP_MINR(1.0),02/10/26 11:00:00,Monthly,"Index, 2025=100",Total,Estonia,2017-10,64.68,,
ESTAT:PRC_HICP_MINR(1.0),02/10/26 11:00:00,Monthly,"Index, 2025=100",Total,Estonia,2017-11,64.93,,
ESTAT:PRC_HICP_MINR(1.0),02/10/26 11:00:00,Monthly,"Index, 2025=100",Total,Estonia,2017-12,64.68,,
ESTAT:PRC_HICP_MINR(1.0),02/10/26 11:00:00,Monthly,"Index, 2025=100",Total,Estonia,2018-01,64.76,,
ESTAT:PRC_HICP_MINR(1.0),02/10/26 11:00:00,Monthly,"Index, 2025=100",Total,Estonia,2018-02,65.43,,
ESTAT:PRC_HICP_MINR(1.0),02/10/26 11:00:00,Monthly,"Index, 2025=100",Total,Estonia,2018-03,65.47,,
ESTAT:PRC_HICP_MINR(1.0),02/10/26 11:00:00,Monthly,"Index, 2025=100",Total,Estonia,2018-04,65.84,,
ESTAT:PRC_HICP_MINR(1.0),02/10/26 11:00:00,Monthly,"Index, 2025=100",Total,Estonia,2018-05,66.19,,
ESTAT:PRC_HICP_MINR(1.0),02/10/26 11:00:00,Monthly,"Index, 2025=100",Total,Estonia,2018-06,66.83,,
ESTAT:PRC_HICP_MINR(1.0),02/10/26 11:00:00,Monthly,"Index, 2025=100",Total,Estonia,2018-07,66.97,,
ESTAT:PRC_HICP_MINR(1.0),02/10/26 11:00:00,Monthly,"Index, 2025=100",Total,Estonia,2018-08,67.38,,
ESTAT:PRC_HICP_MINR(1.0),02/10/26 11:00:00,Monthly,"Index, 2025=100",Total,Estonia,2018-09,67.21,,
ESTAT:PRC_HICP_MINR(1.0),02/10/26 11:00:00,Monthly,"Index, 2025=100",Total,Estonia,2018-10,67.58,,
ESTAT:PRC_HICP_MINR(1.0),02/10/26 11:00:00,Monthly,"Index, 2025=100",Total,Estonia,2018-11,67.03,,
ESTAT:PRC_HICP_MINR(1.0),02/10/26 11:00:00,Monthly,"Index, 2025=100",Total,Estonia,2018-12,66.83,,
ESTAT:PRC_HICP_MINR(1.0),02/10/26 11:00:00,Monthly,"Index, 2025=100",Total,Estonia,2019-01,66.54,,
ESTAT:PRC_HICP_MINR(1.0),02/10/26 11:00:00,Monthly,"Index, 2025=100",Total,Estonia,2019-02,66.67,,
ESTAT:PRC_HICP_MINR(1.0),02/10/26 11:00:00,Monthly,"Index, 2025=100",Total,Estonia,2019-03,66.94,,
ESTAT:PRC_HICP_MINR(1.0),02/10/26 11:00:00,Monthly,"Index, 2025=100",Total,Estonia,2019-04,67.97,,
ESTAT:PRC_HICP_MINR(1.0),02/10/26 11:00:00,Monthly,"Index, 2025=100",Total,Estonia,2019-05,68.23,,
ESTAT:PRC_HICP_MINR(1.0),02/10/26 11:00:00,Monthly,"Index, 2025=100",Total,Estonia,2019-06,68.57,,
ESTAT:PRC_HICP_MINR(1.0),02/10/26 11:00:00,Monthly,"Index, 2025=100",Total,Estonia,2019-07,68.34,,
ESTAT:PRC_HICP_MINR(1.0),02/10/26 11:00:00,Monthly,"Index, 2025=100",Total,Estonia,2019-08,68.81,,
ESTAT:PRC_HICP_MINR(1.0),02/10/26 11:00:00,Monthly,"Index, 2025=100",Total,Estonia,2019-09,68.71,,
ESTAT:PRC_HICP_MINR(1.0),02/10/26 11:00:00,Monthly,"Index, 2025=100",Total,Estonia,2019-10,68.55,,
ESTAT:PRC_HICP_MINR(1.0),02/10/26 11:00:00,Monthly,"Index, 2025=100",Total,Estonia,2019-11,68.25,,
ESTAT:PRC_HICP_MINR(1.0),02/10/26 11:00:00,Monthly,"Index, 2025=100",Total,Estonia,2019-12,68.03,,
ESTAT:PRC_HICP_MINR(1.0),02/10/26 11:00:00,Monthly,"Index, 2025=100",Total,Estonia,2020-01,67.63,,
ESTAT:PRC_HICP_MINR(1.0),02/10/26 11:00:00,Monthly,"Index, 2025=100",Total,Estonia,2020-02,68.01,,
ESTAT:PRC_HICP_MINR(1.0),02/10/26 11:00:00,Monthly,"Index, 2025=100",Total,Estonia,2020-03,67.59,,
ESTAT:PRC_HICP_MINR(1.0),02/10/26 11:00:00,Monthly,"Index, 2025=100",Total,Estonia,2020-04,67.37,,
ESTAT:PRC_HICP_MINR(1.0),02/10/26 11:00:00,Monthly,"Index, 2025=100",Total,Estonia,2020-05,66.99,,
ESTAT:PRC_HICP_MINR(1.0),02/10/26 11:00:00,Monthly,"Index, 2025=100",Total,Estonia,2020-06,67.46,,
ESTAT:PRC_HICP_MINR(1.0),02/10/26 11:00:00,Monthly,"Index, 2025=100",Total,Estonia,2020-07,67.47,,
ESTAT:PRC_HICP_MINR(1.0),02/10/26 11:00:00,Monthly,"Index, 2025=100",Total,Estonia,2020-08,67.90,,
ESTAT:PRC_HICP_MINR(1.0),02/10/26 11:00:00,Monthly,"Index, 2025=100",Total,Estonia,2020-09,67.80,,
ESTAT:PRC_HICP_MINR(1.0),02/10/26 11:00:00,Monthly,"Index, 2025=100",Total,Estonia,2020-10,67.36,,
ESTAT:PRC_HICP_MINR(1.0),02/10/26 11:00:00,Monthly,"Index, 2025=100",Total,Estonia,2020-11,67.44,,
ESTAT:PRC_HICP_MINR(1.0),02/10/26 11:00:00,Monthly,"Index, 2025=100",Total,Estonia,2020-12,67.43,,
ESTAT:PRC_HICP_MINR(1.0),02/10/26 11:00:00,Monthly,"Index, 2025=100",Total,Estonia,2021-01,67.80,,
ESTAT:PRC_HICP_MINR(1.0),02/10/26 11:00:00,Monthly,"Index, 2025=100",Total,Estonia,2021-02,68.37,,
ESTAT:PRC_HICP_MINR(1.0),02/10/26 11:00:00,Monthly,"Index, 2025=100",Total,Estonia,2021-03,68.20,,
ESTAT:PRC_HICP_MINR(1.0),02/10/26 11:00:00,Monthly,"Index, 2025=100",Total,Estonia,2021-04,68.46,,
ESTAT:PRC_HICP_MINR(1.0),02/10/26 11:00:00,Monthly,"Index, 2025=100",Total,Estonia,2021-05,69.13,,
ESTAT:PRC_HICP_MINR(1.0),02/10/26 11:00:00,Monthly,"Index, 2025=100",Total,Estonia,2021-06,69.98,,
ESTAT:PRC_HICP_MINR(1.0),02/10/26 11:00:00,Monthly,"Index, 2025=100",Total,Estonia,2021-07,70.78,,
ESTAT:PRC_HICP_MINR(1.0),02/10/26 11:00:00,Monthly,"Index, 2025=100",Total,Estonia,2021-08,71.27,,
ESTAT:PRC_HICP_MINR(1.0),02/10/26 11:00:00,Monthly,"Index, 2025=100",Total,Estonia,2021-09,72.12,,
ESTAT:PRC_HICP_MINR(1.0),02/10/26 11:00:00,Monthly,"Index, 2025=100",Total,Estonia,2021-10,71.94,,
ESTAT:PRC_HICP_MINR(1.0),02/10/26 11:00:00,Monthly,"Index, 2025=100",Total,Estonia,2021-11,73.21,,
ESTAT:PRC_HICP_MINR(1.0),02/10/26 11:00:00,Monthly,"Index, 2025=100",Total,Estonia,2021-12,75.54,,
ESTAT:PRC_HICP_MINR(1.0),02/10/26 11:00:00,Monthly,"Index, 2025=100",Total,Estonia,2022-01,75.28,,
ESTAT:PRC_HICP_MINR(1.0),02/10/26 11:00:00,Monthly,"Index, 2025=100",Total,Estonia,2022-02,76.29,,
ESTAT:PRC_HICP_MINR(1.0),02/10/26 11:00:00,Monthly,"Index, 2025=100",Total,Estonia,2022-03,78.31,,
ESTAT:PRC_HICP_MINR(1.0),02/10/26 11:00:00,Monthly,"Index, 2025=100",Total,Estonia,2022-04,81.56,,
ESTAT:PRC_HICP_MINR(1.0),02/10/26 11:00:00,Monthly,"Index, 2025=100",Total,Estonia,2022-05,83.05,,
ESTAT:PRC_HICP_MINR(1.0),02/10/26 11:00:00,Monthly,"Index, 2025=100",Total,Estonia,2022-06,85.37,,
ESTAT:PRC_HICP_MINR(1.0),02/10/26 11:00:00,Monthly,"Index, 2025=100",Total,Estonia,2022-07,87.18,,
ESTAT:PRC_HICP_MINR(1.0),02/10/26 11:00:00,Monthly,"Index, 2025=100",Total,Estonia,2022-08,89.20,,
ESTAT:PRC_HICP_MINR(1.0),02/10/26 11:00:00,Monthly,"Index, 2025=100",Total,Estonia,2022-09,89.50,,
ESTAT:PRC_HICP_MINR(1.0),02/10/26 11:00:00,Monthly,"Index, 2025=100",Total,Estonia,2022-10,88.10,,
ESTAT:PRC_HICP_MINR(1.0),02/10/26 11:00:00,Monthly,"Index, 2025=100",Total,Estonia,2022-11,88.88,,
ESTAT:PRC_HICP_MINR(1.0),02/10/26 11:00:00,Monthly,"Index, 2025=100",Total,Estonia,2022-12,88.76,,
ESTAT:PRC_HICP_MINR(1.0),02/10/26 11:00:00,Monthly,"Index, 2025=100",Total,Estonia,2023-01,89.29,,
ESTAT:PRC_HICP_MINR(1.0),02/10/26 11:00:00,Monthly,"Index, 2025=100",Total,Estonia,2023-02,89.89,,
ESTAT:PRC_HICP_MINR(1.0),02/10/26 11:00:00,Monthly,"Index, 2025=100",Total,Estonia,2023-03,90.54,,
ESTAT:PRC_HICP_MINR(1.0),02/10/26 11:00:00,Monthly,"Index, 2025=100",Total,Estonia,2023-04,92.29,,
ESTAT:PRC_HICP_MINR(1.0),02/10/26 11:00:00,Monthly,"Index, 2025=100",Total,Estonia,2023-05,92.32,,
ESTAT:PRC_HICP_MINR(1.0),02/10/26 11:00:00,Monthly,"Index, 2025=100",Total,Estonia,2023-06,93.07,,
ESTAT:PRC_HICP_MINR(1.0),02/10/26 11:00:00,Monthly,"Index, 2025=100",Total,Estonia,2023-07,92.61,,
ESTAT:PRC_HICP_MINR(1.0),02/10/26 11:00:00,Monthly,"Index, 2025=100",Total,Estonia,2023-08,93.04,,
ESTAT:PRC_HICP_MINR(1.0),02/10/26 11:00:00,Monthly,"Index, 2025=100",Total,Estonia,2023-09,92.99,,
ESTAT:PRC_HICP_MINR(1.0),02/10/26 11:00:00,Monthly,"Index, 2025=100",Total,Estonia,2023-10,92.54,,
ESTAT:PRC_HICP_MINR(1.0),02/10/26 11:00:00,Monthly,"Index, 2025=100",Total,Estonia,2023-11,92.56,,
ESTAT:PRC_HICP_MINR(1.0),02/10/26 11:00:00,Monthly,"Index, 2025=100",Total,Estonia,2023-12,92.55,,
ESTAT:PRC_HICP_MINR(1.0),02/10/26 11:00:00,Monthly,"Index, 2025=100",Total,Estonia,2024-01,93.72,,
ESTAT:PRC_HICP_MINR(1.0),02/10/26 11:00:00,Monthly,"Index, 2025=100",Total,Estonia,2024-02,93.83,,
ESTAT:PRC_HICP_MINR(1.0),02/10/26 11:00:00,Monthly,"Index, 2025=100",Total,Estonia,2024-03,94.23,,
ESTAT:PRC_HICP_MINR(1.0),02/10/26 11:00:00,Monthly,"Index, 2025=100",Total,Estonia,2024-04,95.20,,
ESTAT:PRC_HICP_MINR(1.0),02/10/26 11:00:00,Monthly,"Index, 2025=100",Total,Estonia,2024-05,95.19,,
ESTAT:PRC_HICP_MINR(1.0),02/10/26 11:00:00,Monthly,"Index, 2025=100",Total,Estonia,2024-06,95.64,,
ESTAT:PRC_HICP_MINR(1.0),02/10/26 11:00:00,Monthly,"Index, 2025=100",Total,Estonia,2024-07,95.85,,
ESTAT:PRC_HICP_MINR(1.0),02/10/26 11:00:00,Monthly,"Index, 2025=100",Total,Estonia,2024-08,96.21,,
ESTAT:PRC_HICP_MINR(1.0),02/10/26 11:00:00,Monthly,"Index, 2025=100",Total,Estonia,2024-09,95.93,,
ESTAT:PRC_HICP_MINR(1.0),02/10/26 11:00:00,Monthly,"Index, 2025=100",Total,Estonia,2024-10,96.70,,
ESTAT:PRC_HICP_MINR(1.0),02/10/26 11:00:00,Monthly,"Index, 2025=100",Total,Estonia,2024-11,96.05,,
ESTAT:PRC_HICP_MINR(1.0),02/10/26 11:00:00,Monthly,"Index, 2025=100",Total,Estonia,2024-12,96.31,,
ESTAT:PRC_HICP_MINR(1.0),02/10/26 11:00:00,Monthly,"Index, 2025=100",Total,Estonia,2025-01,97.29,,
ESTAT:PRC_HICP_MINR(1.0),02/10/26 11:00:00,Monthly,"Index, 2025=100",Total,Estonia,2025-02,98.57,,
ESTAT:PRC_HICP_MINR(1.0),02/10/26 11:00:00,Monthly,"Index, 2025=100",Total,Estonia,2025-03,98.27,,
ESTAT:PRC_HICP_MINR(1.0),02/10/26 11:00:00,Monthly,"Index, 2025=100",Total,Estonia,2025-04,99.41,,
ESTAT:PRC_HICP_MINR(1.0),02/10/26 11:00:00,Monthly,"Index, 2025=100",Total,Estonia,2025-05,99.55,,
ESTAT:PRC_HICP_MINR(1.0),02/10/26 11:00:00,Monthly,"Index, 2025=100",Total,Estonia,2025-06,100.66,,
ESTAT:PRC_HICP_MINR(1.0),02/10/26 11:00:00,Monthly,"Index, 2025=100",Total,Estonia,2025-07,101.21,,
ESTAT:PRC_HICP_MINR(1.0),02/10/26 11:00:00,Monthly,"Index, 2025=100",Total,Estonia,2025-08,102.14,,
ESTAT:PRC_HICP_MINR(1.0),02/10/26 11:00:00,Monthly,"Index, 2025=100",Total,Estonia,2025-09,101.00,,
ESTAT:PRC_HICP_MINR(1.0),02/10/26 11:00:00,Monthly,"Index, 2025=100",Total,Estonia,2025-10,101.09,,
ESTAT:PRC_HICP_MINR(1.0),02/10/26 11:00:00,Monthly,"Index, 2025=100",Total,Estonia,2025-11,100.60,,
ESTAT:PRC_HICP_MINR(1.0),02/10/26 11:00:00,Monthly,"Index, 2025=100",Total,Estonia,2025-12,100.21,,
ESTAT:PRC_HICP_MINR(1.0),02/10/26 11:00:00,Monthly,"Index, 2025=100",Total,Greece,2006-01,69.86,,
ESTAT:PRC_HICP_MINR(1.0),02/10/26 11:00:00,Monthly,"Index, 2025=100",Total,Greece,2006-02,68.76,,
ESTAT:PRC_HICP_MINR(1.0),02/10/26 11:00:00,Monthly,"Index, 2025=100",Total,Greece,2006-03,70.65,,
ESTAT:PRC_HICP_MINR(1.0),02/10/26 11:00:00,Monthly,"Index, 2025=100",Total,Greece,2006-04,71.35,,
ESTAT:PRC_HICP_MINR(1.0),02/10/26 11:00:00,Monthly,"Index, 2025=100",Total,Greece,2006-05,71.44,,
ESTAT:PRC_HICP_MINR(1.0),02/10/26 11:00:00,Monthly,"Index, 2025=100",Total,Greece,2006-06,71.40,,
ESTAT:PRC_HICP_MINR(1.0),02/10/26 11:00:00,Monthly,"Index, 2025=100",Total,Greece,2006-07,70.79,,
ESTAT:PRC_HICP_MINR(1.0),02/10/26 11:00:00,Monthly,"Index, 2025=100",Total,Greece,2006-08,70.06,,
ESTAT:PRC_HICP_MINR(1.0),02/10/26 11:00:00,Monthly,"Index, 2025=100",Total,Greece,2006-09,71.50,,
ESTAT:PRC_HICP_MINR(1.0),02/10/26 11:00:00,Monthly,"Index, 2025=100",Total,Greece,2006-10,71.97,,
ESTAT:PRC_HICP_MINR(1.0),02/10/26 11:00:00,Monthly,"Index, 2025=100",Total,Greece,2006-11,71.86,,
ESTAT:PRC_HICP_MINR(1.0),02/10/26 11:00:00,Monthly,"Index, 2025=100",Total,Greece,2006-12,72.26,,
ESTAT:PRC_HICP_MINR(1.0),02/10/26 11:00:00,Monthly,"Index, 2025=100",Total,Greece,2007-01,71.98,,
ESTAT:PRC_HICP_MINR(1.0),02/10/26 11:00:00,Monthly,"Index, 2025=100",Total,Greece,2007-02,70.85,,
ESTAT:PRC_HICP_MINR(1.0),02/10/26 11:00:00,Monthly,"Index, 2025=100",Total,Greece,2007-03,72.61,,
ESTAT:PRC_HICP_MINR(1.0),02/10/26 11:00:00,Monthly,"Index, 2025=100",Total,Greece,2007-04,73.18,,
ESTAT:PRC_HICP_MINR(1.0),02/10/26 11:00:00,Monthly,"Index, 2025=100",Total,Greece,2007-05,73.31,,
ESTAT:PRC_HICP_MINR(1.0),02/10/26 11:00:00,Monthly,"Index, 2025=100",Total,Greece,2007-06,73.28,,
ESTAT:PRC_HICP_MINR(1.0),02/10/26 11:00:00,Monthly,"Index, 2025=100",Total,Greece,2007-07,72.72,,
ESTAT:PRC_HICP_MINR(1.0),02/10/26 11:00:00,Monthly,"Index, 2025=100",Total,Greece,2007-08,71.98,,
ESTAT:PRC_HICP_MINR(1.0),02/10/26 11:00:00,Monthly,"Index, 2025=100",Total,Greece,2007-09,73.60,,
ESTAT:PRC_HICP_MINR(1.0),02/10/26 11:00:00,Monthly,"Index, 2025=100",Total,Greece,2007-10,74.12,,
ESTAT:PRC_HICP_MINR(1.0),02/10/26 11:00:00,Monthly,"Index, 2025=100",Total,Greece,2007-11,74.68,,
ESTAT:PRC_HICP_MINR(1.0),02/10/26 11:00:00,Monthly,"Index, 2025=100",Total,Greece,2007-12,75.05,,
ESTAT:PRC_HICP_MINR(1.0),02/10/26 11:00:00,Monthly,"Index, 2025=100",Total,Greece,2008-01,74.80,,
ESTAT:PRC_HICP_MINR(1.0),02/10/26 11:00:00,Monthly,"Index, 2025=100",Total,Greece,2008-02,74.08,,
ESTAT:PRC_HICP_MINR(1.0),02/10/26 11:00:00,Monthly,"Index, 2025=100",Total,Greece,2008-03,75.79,,
ESTAT:PRC_HICP_MINR(1.0),02/10/26 11:00:00,Monthly,"Index, 2025=100",Total,Greece,2008-04,76.42,,
ESTAT:PRC_HICP_MINR(1.0),02/10/26 11:00:00,Monthly,"Index, 2025=100",Total,Greece,2008-05,76.93,,
ESTAT:PRC_HICP_MINR(1.0),02/10/26 11:00:00,Monthly,"Index, 2025=100",Total,Greece,2008-06,76.90,,
ESTAT:PRC_HICP_MINR(1.0),02/10/26 11:00:00,Monthly,"Index, 2025=100",Total,Greece,2008-07,76.32,,
ESTAT:PRC_HICP_MINR(1.0),02/10/26 11:00:00,Monthly,"Index, 2025=100",Total,Greece,2008-08,75.47,,
ESTAT:PRC_HICP_MINR(1.0),02/10/26 11:00:00,Monthly,"Index, 2025=100",Total,Greece,2008-09,77.07,,
ESTAT:PRC_HICP_MINR(1.0),02/10/26 11:00:00,Monthly,"Index, 2025=100",Total,Greece,2008-10,77.10,,
ESTAT:PRC_HICP_MINR(1.0),02/10/26 11:00:00,Monthly,"Index, 2025=100",Total,Greece,2008-11,76.93,,
ESTAT:PRC_HICP_MINR(1.0),02/10/26 11:00:00,Monthly,"Index, 2025=100",Total,Greece,2008-12,76.70,,
ESTAT:PRC_HICP_MINR(1.0),02/10/26 11:00:00,Monthly,"Index, 2025=100",Total,Greece,2009-01,76.29,,
ESTAT:PRC_HICP_MINR(1.0),02/10/26 11:00:00,Monthly,"Index, 2025=100",Total,Greece,2009-02,75.43,,
ESTAT:PRC_HICP_MINR(1.0),02/10/26 11:00:00,Monthly,"Index, 2025=100",Total,Greece,2009-03,76.95,,
ESTAT:PRC_HICP_MINR(1.0),02/10/26 11:00:00,Monthly,"Index, 2025=100",Total,Greece,2009-04,77.29,,
ESTAT:PRC_HICP_MINR(1.0),02/10/26 11:00:00,Monthly,"Index, 2025=100",Total,Greece,2009-05,77.48,,
ESTAT:PRC_HICP_MINR(1.0),02/10/26 11:00:00,Monthly,"Index, 2025=100",Total,Greece,2009-06,77.43,,
ESTAT:PRC_HICP_MINR(1.0),02/10/26 11:00:00,Monthly,"Index, 2025=100",Total,Greece,2009-07,76.85,,
ESTAT:PRC_HICP_MINR(1.0),02/10/26 11:00:00,Monthly,"Index, 2025=100",Total,Greece,2009-08,76.20,,
ESTAT:PRC_HICP_MINR(1.0),02/10/26 11:00:00,Monthly,"Index, 2025=100",Total,Greece,2009-09,77.64,,
ESTAT:PRC_HICP_MINR(1.0),02/10/26 11:00:00,Monthly,"Index, 2025=100",Total,Greece,2009-10,78.06,,
ESTAT:PRC_HICP_MINR(1.0),02/10/26 11:00:00,Monthly,"Index, 2025=100",Total,Greece,2009-11,78.55,,
ESTAT:PRC_HICP_MINR(1.0),02/10/26 11:00:00,Monthly,"Index, 2025=100",Total,Greece,2009-12,78.66,,
ESTAT:PRC_HICP_MINR(1.0),02/10/26 11:00:00,Monthly,"Index, 2025=100",Total,Greece,2010-01,78.06,,
ESTAT:PRC_HICP_MINR(1.0),02/10/26 11:00:00,Monthly,"Index, 2025=100",Total,Greece,2010-02,77.59,,
ESTAT:PRC_HICP_MINR(1.0),02/10/26 11:00:00,Monthly,"Index, 2025=100",Total,Greece,2010-03,79.96,,
ESTAT:PRC_HICP_MINR(1.0),02/10/26 11:00:00,Monthly,"Index, 2025=100",Total,Greece,2010-04,80.96,,
ESTAT:PRC_HICP_MINR(1.0),02/10/26 11:00:00,Monthly,"Index, 2025=100",Total,Greece,2010-05,81.59,,
ESTAT:PRC_HICP_MINR(1.0),02/10/26 11:00:00,Monthly,"Index, 2025=100",Total,Greece,2010-06,81.45,,
ESTAT:PRC_HICP_MINR(1.0),02/10/26 11:00:00,Monthly,"Index, 2025=100",Total,Greece,2010-07,81.10,,
ESTAT:PRC_HICP_MINR(1.0),02/10/26 11:00:00,Monthly,"Index, 2025=100",Total,Greece,2010-08,80.50,,
ESTAT:PRC_HICP_MINR(1.0),02/10/26 11:00:00,Monthly,"Index, 2025=100",Total,Greece,2010-09,82.04,,
ESTAT:PRC_HICP_MINR(1.0),02/10/26 11:00:00,Monthly,"Index, 2025=100",Total,Greece,2010-10,82.14,,
ESTAT:PRC_HICP_MINR(1.0),02/10/26 11:00:00,Monthly,"Index, 2025=100",Total,Greece,2010-11,82.31,,
ESTAT:PRC_HICP_MINR(1.0),02/10/26 11:00:00,Monthly,"Index, 2025=100",Total,Greece,2010-12,82.71,,
ESTAT:PRC_HICP_MINR(1.0),02/10/26 11:00:00,Monthly,"Index, 2025=100",Total,Greece,2011-01,81.90,,
ESTAT:PRC_HICP_MINR(1.0),02/10/26 11:00:00,Monthly,"Index, 2025=100",Total,Greece,2011-02,80.81,,
ESTAT:PRC_HICP_MINR(1.0),02/10/26 11:00:00,Monthly,"Index, 2025=100",Total,Greece,2011-03,83.40,,
ESTAT:PRC_HICP_MINR(1.0),02/10/26 11:00:00,Monthly,"Index, 2025=100",Total,Greece,2011-04,83.95,,
ESTAT:PRC_HICP_MINR(1.0),02/10/26 11:00:00,Monthly,"Index, 2025=100",Total,Greece,2011-05,84.14,,
ESTAT:PRC_HICP_MINR(1.0),02/10/26 11:00:00,Monthly,"Index, 2025=100",Total,Greece,2011-06,83.97,,
ESTAT:PRC_HICP_MINR(1.0),02/10/26 11:00:00,Monthly,"Index, 2025=100",Total,Greece,2011-07,82.81,,
ESTAT:PRC_HICP_MINR(1.0),02/10/26 11:00:00,Monthly,"Index, 2025=100",Total,Greece,2011-08,81.64,,
ESTAT:PRC_HICP_MINR(1.0),02/10/26 11:00:00,Monthly,"Index, 2025=100",Total,Greece,2011-09,84.40,,
ESTAT:PRC_HICP_MINR(1.0),02/10/26 11:00:00,Monthly,"Index, 2025=100",Total,Greece,2011-10,84.49,,
ESTAT:PRC_HICP_MINR(1.0),02/10/26 11:00:00,Monthly,"Index, 2025=100",Total,Greece,2011-11,84.65,,
ESTAT:PRC_HICP_MINR(1.0),02/10/26 11:00:00,Monthly,"Index, 2025=100",Total,Greece,2011-12,84.51,,
ESTAT:PRC_HICP_MINR(1.0),02/10/26 11:00:00,Monthly,"Index, 2025=100",Total,Greece,2012-01,83.59,,
ESTAT:PRC_HICP_MINR(1.0),02/10/26 11:00:00,Monthly,"Index, 2025=100",Total,Greece,2012-02,82.16,,
ESTAT:PRC_HICP_MINR(1.0),02/10/26 11:00:00,Monthly,"Index, 2025=100",Total,Greece,2012-03,84.53,,
ESTAT:PRC_HICP_MINR(1.0),02/10/26 11:00:00,Monthly,"Index, 2025=100",Total,Greece,2012-04,85.23,,
ESTAT:PRC_HICP_MINR(1.0),02/10/26 11:00:00,Monthly,"Index, 2025=100",Total,Greece,2012-05,84.93,,
ESTAT:PRC_HICP_MINR(1.0),02/10/26 11:00:00,Monthly,"Index, 2025=100",Total,Greece,2012-06,84.76,,
ESTAT:PRC_HICP_MINR(1.0),02/10/26 11:00:00,Monthly,"Index, 2025=100",Total,Greece,2012-07,83.56,,
ESTAT:PRC_HICP_MINR(1.0),02/10/26 11:00:00,Monthly,"Index, 2025=100",Total,Greece,2012-08,82.57,,
ESTAT:PRC_HICP_MINR(1.0),02/10/26 11:00:00,Monthly,"Index, 2025=100",Total,Greece,2012-09,84.64,,
ESTAT:PRC_HICP_MINR(1.0),02/10/26 11:00:00,Monthly,"Index, 2025=100",Total,Greece,2012-10,85.27,,
ESTAT:PRC_HICP_MINR(1.0),02/10/26 11:00:00,Monthly,"Index, 2025=100",Total,Greece,2012-11,85.00,,
ESTAT:PRC_HICP_MINR(1.0),02/10/26 11:00:00,Monthly,"Index, 2025=100",Total,Greece,2012-12,84.78,,
ESTAT:PRC_HICP_MINR(1.0),02/10/26 11:00:00,Monthly,"Index, 2025=100",Total,Greece,2013-01,83.62,,
ESTAT:PRC_HICP_MINR(1.0),02/10/26 11:00:00,Monthly,"Index, 2025=100",Total,Greece,2013-02,82.27,,
ESTAT:PRC_HICP_MINR(1.0),02/10/26 11:00:00,Monthly,"Index, 2025=100",Total,Greece,2013-03,84.33,,
ESTAT:PRC_HICP_MINR(1.0),02/10/26 11:00:00,Monthly,"Index, 2025=100",Total,Greece,2013-04,84.72,,
ESTAT:PRC_HICP_MINR(1.0),02/10/26 11:00:00,Monthly,"Index, 2025=100",Total,Greece,2013-05,84.68,,
ESTAT:PRC_HICP_MINR(1.0),02/10/26 11:00:00,Monthly,"Index, 2025=100",Total,Greece,2013-06,84.55,,
ESTAT:PRC_HICP_MINR(1.0),02/10/26 11:00:00,Monthly,"Index, 2025=100",Total,Greece,2013-07,83.17,,
ESTAT:PRC_HICP_MINR(1.0),02/10/26 11:00:00,Monthly,"Index, 2025=100",Total,Greece,2013-08,81.77,,
ESTAT:PRC_HICP_MINR(1.0),02/10/26 11:00:00,Monthly,"Index, 2025=100",Total,Greece,2013-09,83.79,,
ESTAT:PRC_HICP_MINR(1.0),02/10/26 11:00:00,Monthly,"Index, 2025=100",Total,Greece,2013-10,83.65,,
ESTAT:PRC_HICP_MINR(1.0),02/10/26 11:00:00,Monthly,"Index, 2025=100",Total,Greece,2013-11,82.57,,
ESTAT:PRC_HICP_MINR(1.0),02/10/26 11:00:00,Monthly,"Index, 2025=100",Total,Greece,2013-12,83.24,,
ESTAT:PRC_HICP_MINR(1.0),02/10/26 11:00:00,Monthly,"Index, 2025=100",Total,Greece,2014-01,82.45,,
ESTAT:PRC_HICP_MINR(1.0),02/10/26 11:00:00,Monthly,"Index, 2025=100",Total,Greece,2014-02,81.56,,
ESTAT:PRC_HICP_MINR(1.0),02/10/26 11:00:00,Monthly,"Index, 2025=100",Total,Greece,2014-03,83.07,,
ESTAT:PRC_HICP_MINR(1.0),02/10/26 11:00:00,Monthly,"Index, 2025=100",Total,Greece,2014-04,83.38,,
ESTAT:PRC_HICP_MINR(1.0),02/10/26 11:00:00,Monthly,"Index, 2025=100",Total,Greece,2014-05,82.88,,
ESTAT:PRC_HICP_MINR(1.0),02/10/26 11:00:00,Monthly,"Index, 2025=100",Total,Greece,2014-06,83.32,,
ESTAT:PRC_HICP_MINR(1.0),02/10/26 11:00:00,Monthly,"Index, 2025=100",Total,Greece,2014-07,82.47,,
ESTAT:PRC_HICP_MINR(1.0),02/10/26 11:00:00,Monthly,"Index, 2025=100",Total,Greece,2014-08,81.58,,
ESTAT:PRC_HICP_MINR(1.0),02/10/26 11:00:00,Monthly,"Index, 2025=100",Total,Greece,2014-09,82.86,,
ESTAT:PRC_HICP_MINR(1.0),02/10/26 11:00:00,Monthly,"Index, 2025=100",Total,Greece,2014-10,82.15,,
ESTAT:PRC_HICP_MINR(1.0),02/10/26 11:00:00,Monthly,"Index, 2025=100",Total,Greece,2014-11,81.56,,
ESTAT:PRC_HICP_MINR(1.0),02/10/26 11:00:00,Monthly,"Index, 2025=100",Total,Greece,2014-12,81.13,,
ESTAT:PRC_HICP_MINR(1.0),02/10/26 11:00:00,Monthly,"Index, 2025=100",Total,Greece,2015-01,80.17,,
ESTAT:PRC_HICP_MINR(1.0),02/10/26 11:00:00,Monthly,"Index, 2025=100",Total,Greece,2015-02,80.01,,
ESTAT:PRC_HICP_MINR(1.0),02/10/26 11:00:00,Monthly,"Index, 2025=100",Total,Greece,2015-03,81.52,,
ESTAT:PRC_HICP_MINR(1.0),02/10/26 11:00:00,Monthly,"Index, 2025=100",Total,Greece,2015-04,81.87,,
ESTAT:PRC_HICP_MINR(1.0),02/10/26 11:00:00,Monthly,"Index, 2025=100",Total,Greece,2015-05,81.69,,
ESTAT:PRC_HICP_MINR(1.0),02/10/26 11:00:00,Monthly,"Index, 2025=100",Total,Greece,2015-06,82.40,,
ESTAT:PRC_HICP_MINR(1.0),02/10/26 11:00:00,Monthly,"Index, 2025=100",Total,Greece,2015-07,81.43,,
ESTAT:PRC_HICP_MINR(1.0),02/10/26 11:00:00,Monthly,"Index, 2025=100",Total,Greece,2015-08,81.26,,
ESTAT:PRC_HICP_MINR(1.0),02/10/26 11:00:00,Monthly,"Index, 2025=100",Total,Greece,2015-09,82.23,,
ESTAT:PRC_HICP_MINR(1.0),02/10/26 11:00:00,Monthly,"Index, 2025=100",Total,Greece,2015-10,82.07,,
ESTAT:PRC_HICP_MINR(1.0),02/10/26 11:00:00,Monthly,"Index, 2025=100",Total,Greece,2015-11,81.47,,
ESTAT:PRC_HICP_MINR(1.0),02/10/26 11:00:00,Monthly,"Index, 2025=100",Total,Greece,2015-12,81.45,,
ESTAT:PRC_HICP_MINR(1.0),02/10/26 11:00:00,Monthly,"Index, 2025=100",Total,Greece,2016-01,80.08,,
ESTAT:PRC_HICP_MINR(1.0),02/10/26 11:00:00,Monthly,"Index, 2025=100",Total,Greece,2016-02,80.07,,
ESTAT:PRC_HICP_MINR(1.0),02/10/26 11:00:00,Monthly,"Index, 2025=100",Total,Greece,2016-03,80.98,,
ESTAT:PRC_HICP_MINR(1.0),02/10/26 11:00:00,Monthly,"Index, 2025=100",Total,Greece,2016-04,81.52,,
ESTAT:PRC_HICP_MINR(1.0),02/10/26 11:00:00,Monthly,"Index, 2025=100",Total,Greece,2016-05,81.53,,
ESTAT:PRC_HICP_MINR(1.0),02/10/26 11:00:00,Monthly,"Index, 2025=100",Total,Greece,2016-06,82.59,,
ESTAT:PRC_HICP_MINR(1.0),02/10/26 11:00:00,Monthly,"Index, 2025=100",Total,Greece,2016-07,81.60,,
ESTAT:PRC_HICP_MINR(1.0),02/10/26 11:00:00,Monthly,"Index, 2025=100",Total,Greece,2016-08,81.62,,
ESTAT:PRC_HICP_MINR(1.0),02/10/26 11:00:00,Monthly,"Index, 2025=100",Total,Greece,2016-09,82.18,,
ESTAT:PRC_HICP_MINR(1.0),02/10/26 11:00:00,Monthly,"Index, 2025=100",Total,Greece,2016-10,82.55,,
ESTAT:PRC_HICP_MINR(1.0),02/10/26 11:00:00,Monthly,"Index, 2025=100",Total,Greece,2016-11,81.34,,
ESTAT:PRC_HICP_MINR(1.0),02/10/26 11:00:00,Monthly,"Index, 2025=100",Total,Greece,2016-12,81.68,,
ESTAT:PRC_HICP_MINR(1.0),02/10/26 11:00:00,Monthly,"Index, 2025=100",Total,Greece,2017-01,81.29,,
ESTAT:PRC_HICP_MINR(1.0),02/10/26 11:00:00,Monthly,"Index, 2025=100",Total,Greece,2017-02,81.21,,
ESTAT:PRC_HICP_MINR(1.0),02/10/26 11:00:00,Monthly,"Index, 2025=100",Total,Greece,2017-03,82.33,,
ESTAT:PRC_HICP_MINR(1.0),02/10/26 11:00:00,Monthly,"Index, 2025=100",Total,Greece,2017-04,82.86,,
ESTAT:PRC_HICP_MINR(1.0),02/10/26 11:00:00,Monthly,"Index, 2025=100",Total,Greece,2017-05,82.74,,
ESTAT:PRC_HICP_MINR(1.0),02/10/26 11:00:00,Monthly,"Index, 2025=100",Total,Greece,2017-06,83.34,,
ESTAT:PRC_HICP_MINR(1.0),02/10/26 11:00:00,Monthly,"Index, 2025=100",Total,Greece,2017-07,82.34,,
ESTAT:PRC_HICP_MINR(1.0),02/10/26 11:00:00,Monthly,"Index, 2025=100",Total,Greece,2017-08,82.09,,
ESTAT:PRC_HICP_MINR(1.0),02/10/26 11:00:00,Monthly,"Index, 2025=100",Total,Greece,2017-09,83.04,,
ESTAT:PRC_HICP_MINR(1.0),02/10/26 11:00:00,Monthly,"Index, 2025=100",Total,Greece,2017-10,82.93,,
ESTAT:PRC_HICP_MINR(1.0),02/10/26 11:00:00,Monthly,"Index, 2025=100",Total,Greece,2017-11,82.19,,
ESTAT:PRC_HICP_MINR(1.0),02/10/26 11:00:00,Monthly,"Index, 2025=100",Total,Greece,2017-12,82.47,,
ESTAT:PRC_HICP_MINR(1.0),02/10/26 11:00:00,Monthly,"Index, 2025=100",Total,Greece,2018-01,81.47,,
ESTAT:PRC_HICP_MINR(1.0),02/10/26 11:00:00,Monthly,"Index, 2025=100",Total,Greece,2018-02,81.54,,
ESTAT:PRC_HICP_MINR(1.0),02/10/26 11:00:00,Monthly,"Index, 2025=100",Total,Greece,2018-03,82.49,,
ESTAT:PRC_HICP_MINR(1.0),02/10/26 11:00:00,Monthly,"Index, 2025=100",Total,Greece,2018-04,83.28,,
ESTAT:PRC_HICP_MINR(1.0),02/10/26 11:00:00,Monthly,"Index, 2025=100",Total,Greece,2018-05,83.37,,
ESTAT:PRC_HICP_MINR(1.0),02/10/26 11:00:00,Monthly,"Index, 2025=100",Total,Greece,2018-06,84.14,,
ESTAT:PRC_HICP_MINR(1.0),02/10/26 11:00:00,Monthly,"Index, 2025=100",Total,Greece,2018-07,82.99,,
ESTAT:PRC_HICP_MINR(1.0),02/10/26 11:00:00,Monthly,"Index, 2025=100",Total,Greece,2018-08,82.82,,
ESTAT:PRC_HICP_MINR(1.0),02/10/26 11:00:00,Monthly,"Index, 2025=100",Total,Greece,2018-09,83.98,,
ESTAT:PRC_HICP_MINR(1.0),02/10/26 11:00:00,Monthly,"Index, 2025=100",Total,Greece,2018-10,84.39,,
ESTAT:PRC_HICP_MINR(1.0),02/10/26 11:00:00,Monthly,"Index, 2025=100",Total,Greece,2018-11,83.07,,
ESTAT:PRC_HICP_MINR(1.0),02/10/26 11:00:00,Monthly,"Index, 2025=100",Total,Greece,2018-12,82.99,,
ESTAT:PRC_HICP_MINR(1.0),02/10/26 11:00:00,Monthly,"Index, 2025=100",Total,Greece,2019-01,81.91,,
ESTAT:PRC_HICP_MINR(1.0),02/10/26 11:00:00,Monthly,"Index, 2025=100",Total,Greece,2019-02,82.16,,
ESTAT:PRC_HICP_MINR(1.0),02/10/26 11:00:00,Monthly,"Index, 2025=100",Total,Greece,2019-03,83.36,,
ESTAT:PRC_HICP_MINR(1.0),02/10/26 11:00:00,Monthly,"Index, 2025=100",Total,Greece,2019-04,84.18,,
ESTAT:PRC_HICP_MINR(1.0),02/10/26 11:00:00,Monthly,"Index, 2025=100",Total,Greece,2019-05,83.86,,
ESTAT:PRC_HICP_MINR(1.0),02/10/26 11:00:00,Monthly,"Index, 2025=100",Total,Greece,2019-06,84.35,,
ESTAT:PRC_HICP_MINR(1.0),02/10/26 11:00:00,Monthly,"Index, 2025=100",Total,Greece,2019-07,83.36,,
ESTAT:PRC_HICP_MINR(1.0),02/10/26 11:00:00,Monthly,"Index, 2025=100",Total,Greece,2019-08,82.88,,
ESTAT:PRC_HICP_MINR(1.0),02/10/26 11:00:00,Monthly,"Index, 2025=100",Total,Greece,2019-09,84.15,,
ESTAT:PRC_HICP_MINR(1.0),02/10/26 11:00:00,Monthly,"Index, 2025=100",Total,Greece,2019-10,84.10,,
ESTAT:PRC_HICP_MINR(1.0),02/10/26 11:00:00,Monthly,"Index, 2025=100",Total,Greece,2019-11,83.51,,
ESTAT:PRC_HICP_MINR(1.0),02/10/26 11:00:00,Monthly,"Index, 2025=100",Total,Greece,2019-12,83.87,,
ESTAT:PRC_HICP_MINR(1.0),02/10/26 11:00:00,Monthly,"Index, 2025=100",Total,Greece,2020-01,82.79,,
ESTAT:PRC_HICP_MINR(1.0),02/10/26 11:00:00,Monthly,"Index, 2025=100",Total,Greece,2020-02,82.50,,
ESTAT:PRC_HICP_MINR(1.0),02/10/26 11:00:00,Monthly,"Index, 2025=100",Total,Greece,2020-03,83.51,,
ESTAT:PRC_HICP_MINR(1.0),02/10/26 11:00:00,Monthly,"Index, 2025=100",Total,Greece,2020-04,83.41,,
ESTAT:PRC_HICP_MINR(1.0),02/10/26 11:00:00,Monthly,"Index, 2025=100",Total,Greece,2020-05,83.28,,
ESTAT:PRC_HICP_MINR(1.0),02/10/26 11:00:00,Monthly,"Index, 2025=100",Total,Greece,2020-06,82.73,,
ESTAT:PRC_HICP_MINR(1.0),02/10/26 11:00:00,Monthly,"Index, 2025=100",Total,Greece,2020-07,81.60,,
ESTAT:PRC_HICP_MINR(1.0),02/10/26 11:00:00,Monthly,"Index, 2025=100",Total,Greece,2020-08,81.02,,
ESTAT:PRC_HICP_MINR(1.0),02/10/26 11:00:00,Monthly,"Index, 2025=100",Total,Greece,2020-09,82.21,,
ESTAT:PRC_HICP_MINR(1.0),02/10/26 11:00:00,Monthly,"Index, 2025=100",Total,Greece,2020-10,82.39,,
ESTAT:PRC_HICP_MINR(1.0),02/10/26 11:00:00,Monthly,"Index, 2025=100",Total,Greece,2020-11,81.72,,
ESTAT:PRC_HICP_MINR(1.0),02/10/26 11:00:00,Monthly,"Index, 2025=100",Total,Greece,2020-12,81.86,,
ESTAT:PRC_HICP_MINR(1.0),02/10/26 11:00:00,Monthly,"Index, 2025=100",Total,Greece,2021-01,80.81,,
ESTAT:PRC_HICP_MINR(1.0),02/10/26 11:00:00,Monthly,"Index, 2025=100",Total,Greece,2021-02,80.97,,
ESTAT:PRC_HICP_MINR(1.0),02/10/26 11:00:00,Monthly,"Index, 2025=100",Total,Greece,2021-03,81.81,,
ESTAT:PRC_HICP_MINR(1.0),02/10/26 11:00:00,Monthly,"Index, 2025=100",Total,Greece,2021-04,82.52,,
ESTAT:PRC_HICP_MINR(1.0),02/10/26 11:00:00,Monthly,"Index, 2025=100",Total,Greece,2021-05,82.27,,
ESTAT:PRC_HICP_MINR(1.0),02/10/26 11:00:00,Monthly,"Index, 2025=100",Total,Greece,2021-06,83.24,,
ESTAT:PRC_HICP_MINR(1.0),02/10/26 11:00:00,Monthly,"Index, 2025=100",Total,Greece,2021-07,82.14,,
ESTAT:PRC_HICP_MINR(1.0),02/10/26 11:00:00,Monthly,"Index, 2025=100",Total,Greece,2021-08,82.02,,
ESTAT:PRC_HICP_MINR(1.0),02/10/26 11:00:00,Monthly,"Index, 2025=100",Total,Greece,2021-09,83.77,,
ESTAT:PRC_HICP_MINR(1.0),02/10/26 11:00:00,Monthly,"Index, 2025=100",Total,Greece,2021-10,84.73,,
ESTAT:PRC_HICP_MINR(1.0),02/10/26 11:00:00,Monthly,"Index, 2025=100",Total,Greece,2021-11,85.01,,
ESTAT:PRC_HICP_MINR(1.0),02/10/26 11:00:00,Monthly,"Index, 2025=100",Total,Greece,2021-12,85.43,,
ESTAT:PRC_HICP_MINR(1.0),02/10/26 11:00:00,Monthly,"Index, 2025=100",Total,Greece,2022-01,85.25,,
ESTAT:PRC_HICP_MINR(1.0),02/10/26 11:00:00,Monthly,"Index, 2025=100",Total,Greece,2022-02,86.05,,
ESTAT:PRC_HICP_MINR(1.0),02/10/26 11:00:00,Monthly,"Index, 2025=100",Total,Greece,2022-03,88.33,,
ESTAT:PRC_HICP_MINR(1.0),02/10/26 11:00:00,Monthly,"Index, 2025=100",Total,Greece,2022-04,90.06,,
ESTAT:PRC_HICP_MINR(1.0),02/10/26 11:00:00,Monthly,"Index, 2025=100",Total,Greece,2022-05,90.91,,
ESTAT:PRC_HICP_MINR(1.0),02/10/26 11:00:00,Monthly,"Index, 2025=100",Total,Greece,2022-06,92.91,,
ESTAT:PRC_HICP_MINR(1.0),02/10/26 11:00:00,Monthly,"Index, 2025=100",Total,Greece,2022-07,91.40,,
ESTAT:PRC_HICP_MINR(1.0),02/10/26 11:00:00,Monthly,"Index, 2025=100",Total,Greece,2022-08,91.22,,
ESTAT:PRC_HICP_MINR(1.0),02/10/26 11:00:00,Monthly,"Index, 2025=100",Total,Greece,2022-09,93.92,,
ESTAT:PRC_HICP_MINR(1.0),02/10/26 11:00:00,Monthly,"Index, 2025=100",Total,Greece,2022-10,92.75,,
ESTAT:PRC_HICP_MINR(1.0),02/10/26 11:00:00,Monthly,"Index, 2025=100",Total,Greece,2022-11,92.50,,
ESTAT:PRC_HICP_MINR(1.0),02/10/26 11:00:00,Monthly,"Index, 2025=100",Total,Greece,2022-12,91.90,,
ESTAT:PRC_HICP_MINR(1.0),02/10/26 11:00:00,Monthly,"Index, 2025=100",Total,Greece,2023-01,91.47,,
ESTAT:PRC_HICP_MINR(1.0),02/10/26 11:00:00,Monthly,"Index, 2025=100",Total,Greece,2023-02,91.66,,
ESTAT:PRC_HICP_MINR(1.0),02/10/26 11:00:00,Monthly,"Index, 2025=100",Total,Greece,2023-03,93.10,,
ESTAT:PRC_HICP_MINR(1.0),02/10/26 11:00:00,Monthly,"Index, 2025=100",Total,Greece,2023-04,94.13,,
ESTAT:PRC_HICP_MINR(1.0),02/10/26 11:00:00,Monthly,"Index, 2025=100",Total,Greece,2023-05,94.64,,
ESTAT:PRC_HICP_MINR(1.0),02/10/26 11:00:00,Monthly,"Index, 2025=100",Total,Greece,2023-06,95.50,,
ESTAT:PRC_HICP_MINR(1.0),02/10/26 11:00:00,Monthly,"Index, 2025=100",Total,Greece,2023-07,94.57,,
ESTAT:PRC_HICP_MINR(1.0),02/10/26 11:00:00,Monthly,"Index, 2025=100",Total,Greece,2023-08,94.39,,
ESTAT:PRC_HICP_MINR(1.0),02/10/26 11:00:00,Monthly,"Index, 2025=100",Total,Greece,2023-09,96.16,,
ESTAT:PRC_HICP_MINR(1.0),02/10/26 11:00:00,Monthly,"Index, 2025=100",Total,Greece,2023-10,96.27,,
ESTAT:PRC_HICP_MINR(1.0),02/10/26 11:00:00,Monthly,"Index, 2025=100",Total,Greece,2023-11,95.20,,
ESTAT:PRC_HICP_MINR(1.0),02/10/26 11:00:00,Monthly,"Index, 2025=100",Total,Greece,2023-12,95.29,,
ESTAT:PRC_HICP_MINR(1.0),02/10/26 11:00:00,Monthly,"Index, 2025=100",Total,Greece,2024-01,94.41,,
ESTAT:PRC_HICP_MINR(1.0),02/10/26 11:00:00,Monthly,"Index, 2025=100",Total,Greece,2024-02,94.53,,
ESTAT:PRC_HICP_MINR(1.0),02/10/26 11:00:00,Monthly,"Index, 2025=100",Total,Greece,2024-03,96.24,,
ESTAT:PRC_HICP_MINR(1.0),02/10/26 11:00:00,Monthly,"Index, 2025=100",Total,Greece,2024-04,97.14,,
ESTAT:PRC_HICP_MINR(1.0),02/10/26 11:00:00,Monthly,"Index, 2025=100",Total,Greece,2024-05,96.87,,
ESTAT:PRC_HICP_MINR(1.0),02/10/26 11:00:00,Monthly,"Index, 2025=100",Total,Greece,2024-06,97.84,,
ESTAT:PRC_HICP_MINR(1.0),02/10/26 11:00:00,Monthly,"Index, 2025=100",Total,Greece,2024-07,97.39,,
ESTAT:PRC_HICP_MINR(1.0),02/10/26 11:00:00,Monthly,"Index, 2025=100",Total,Greece,2024-08,97.41,,
ESTAT:PRC_HICP_MINR(1.0),02/10/26 11:00:00,Monthly,"Index, 2025=100",Total,Greece,2024-09,99.15,,
ESTAT:PRC_HICP_MINR(1.0),02/10/26 11:00:00,Monthly,"Index, 2025=100",Total,Greece,2024-10,99.22,,
ESTAT:PRC_HICP_MINR(1.0),02/10/26 11:00:00,Monthly,"Index, 2025=100",Total,Greece,2024-11,98.02,,
ESTAT:PRC_HICP_MINR(1.0),02/10/26 11:00:00,Monthly,"Index, 2025=100",Total,Greece,2024-12,98.10,,
ESTAT:PRC_HICP_MINR(1.0),02/10/26 11:00:00,Monthly,"Index, 2025=100",Total,Greece,2025-01,97.38,,
ESTAT:PRC_HICP_MINR(1.0),02/10/26 11:00:00,Monthly,"Index, 2025=100",Total,Greece,2025-02,97.40,,
ESTAT:PRC_HICP_MINR(1.0),02/10/26 11:00:00,Monthly,"Index, 2025=100",Total,Greece,2025-03,99.24,,
ESTAT:PRC_HICP_MINR(1.0),02/10/26 11:00:00,Monthly,"Index, 2025=100",Total,Greece,2025-04,99.71,,
ESTAT:PRC_HICP_MINR(1.0),02/10/26 11:00:00,Monthly,"Index, 2025=100",Total,Greece,2025-05,100.06,,
ESTAT:PRC_HICP_MINR(1.0),02/10/26 11:00:00,Monthly,"Index, 2025=100",Total,Greece,2025-06,101.33,,
ESTAT:PRC_HICP_MINR(1.0),02/10/26 11:00:00,Monthly,"Index, 2025=100",Total,Greece,2025-07,101.03,,
ESTAT:PRC_HICP_MINR(1.0),02/10/26 11:00:00,Monthly,"Index, 2025=100",Total,Greece,2025-08,100.39,,
ESTAT:PRC_HICP_MINR(1.0),02/10/26 11:00:00,Monthly,"Index, 2025=100",Total,Greece,2025-09,100.94,,
ESTAT:PRC_HICP_MINR(1.0),02/10/26 11:00:00,Monthly,"Index, 2025=100",Total,Greece,2025-10,100.85,,
ESTAT:PRC_HICP_MINR(1.0),02/10/26 11:00:00,Monthly,"Index, 2025=100",Total,Greece,2025-11,100.78,,
ESTAT:PRC_HICP_MINR(1.0),02/10/26 11:00:00,Monthly,"Index, 2025=100",Total,Greece,2025-12,100.91,,
ESTAT:PRC_HICP_MINR(1.0),02/10/26 11:00:00,Monthly,"Index, 2025=100",Total,Spain,2006-01,66.80,,
ESTAT:PRC_HICP_MINR(1.0),02/10/26 11:00:00,Monthly,"Index, 2025=100",Total,Spain,2006-02,66.85,,
ESTAT:PRC_HICP_MINR(1.0),02/10/26 11:00:00,Monthly,"Index, 2025=100",Total,Spain,2006-03,67.32,,
ESTAT:PRC_HICP_MINR(1.0),02/10/26 11:00:00,Monthly,"Index, 2025=100",Total,Spain,2006-04,68.30,,
ESTAT:PRC_HICP_MINR(1.0),02/10/26 11:00:00,Monthly,"Index, 2025=100",Total,Spain,2006-05,68.54,,
ESTAT:PRC_HICP_MINR(1.0),02/10/26 11:00:00,Monthly,"Index, 2025=100",Total,Spain,2006-06,68.64,,
ESTAT:PRC_HICP_MINR(1.0),02/10/26 11:00:00,Monthly,"Index, 2025=100",Total,Spain,2006-07,68.26,,
ESTAT:PRC_HICP_MINR(1.0),02/10/26 11:00:00,Monthly,"Index, 2025=100",Total,Spain,2006-08,68.42,,
ESTAT:PRC_HICP_MINR(1.0),02/10/26 11:00:00,Monthly,"Index, 2025=100",Total,Spain,2006-09,68.29,,
ESTAT:PRC_HICP_MINR(1.0),02/10/26 11:00:00,Monthly,"Index, 2025=100",Total,Spain,2006-10,68.57,,
ESTAT:PRC_HICP_MINR(1.0),02/10/26 11:00:00,Monthly,"Index, 2025=100",Total,Spain,2006-11,68.74,,
ESTAT:PRC_HICP_MINR(1.0),02/10/26 11:00:00,Monthly,"Index, 2025=100",Total,Spain,2006-12,68.93,,
ESTAT:PRC_HICP_MINR(1.0),02/10/26 11:00:00,Monthly,"Index, 2025=100",Total,Spain,2007-01,68.43,,
ESTAT:PRC_HICP_MINR(1.0),02/10/26 11:00:00,Monthly,"Index, 2025=100",Total,Spain,2007-02,68.48,,
ESTAT:PRC_HICP_MINR(1.0),02/10/26 11:00:00,Monthly,"Index, 2025=100",Total,Spain,2007-03,69.01,,
ESTAT:PRC_HICP_MINR(1.0),02/10/26 11:00:00,Monthly,"Index, 2025=100",Total,Spain,2007-04,69.99,,
ESTAT:PRC_HICP_MINR(1.0),02/10/26 11:00:00,Monthly,"Index, 2025=100",Total,Spain,2007-05,70.19,,
ESTAT:PRC_HICP_MINR(1.0),02/10/26 11:00:00,Monthly,"Index, 2025=100",Total,Spain,2007-06,70.33,,
ESTAT:PRC_HICP_MINR(1.0),02/10/26 11:00:00,Monthly,"Index, 2025=100",Total,Spain,2007-07,69.83,,
ESTAT:PRC_HICP_MINR(1.0),02/10/26 11:00:00,Monthly,"Index, 2025=100",Total,Spain,2007-08,69.95,,
ESTAT:PRC_HICP_MINR(1.0),02/10/26 11:00:00,Monthly,"Index, 2025=100",Total,Spain,2007-09,70.16,,
ESTAT:PRC_HICP_MINR(1.0),02/10/26 11:00:00,Monthly,"Index, 2025=100",Total,Spain,2007-10,71.07,,
ESTAT:PRC_HICP_MINR(1.0),02/10/26 11:00:00,Monthly,"Index, 2025=100",Total,Spain,2007-11,71.58,,
ESTAT:PRC_HICP_MINR(1.0),02/10/26 11:00:00,Monthly,"Index, 2025=100",Total,Spain,2007-12,71.88,,
ESTAT:PRC_HICP_MINR(1.0),02/10/26 11:00:00,Monthly,"Index, 2025=100",Total,Spain,2008-01,71.43,,
ESTAT:PRC_HICP_MINR(1.0),02/10/26 11:00:00,Monthly,"Index, 2025=100",Total,Spain,2008-02,71.53,,
ESTAT:PRC_HICP_MINR(1.0),02/10/26 11:00:00,Monthly,"Index, 2025=100",Total,Spain,2008-03,72.18,,
ESTAT:PRC_HICP_MINR(1.0),02/10/26 11:00:00,Monthly,"Index, 2025=100",Total,Spain,2008-04,72.96,,
ESTAT:PRC_HICP_MINR(1.0),02/10/26 11:00:00,Monthly,"Index, 2025=100",Total,Spain,2008-05,73.46,,
ESTAT:PRC_HICP_MINR(1.0),02/10/26 11:00:00,Monthly,"Index, 2025=100",Total,Spain,2008-06,73.89,,
ESTAT:PRC_HICP_MINR(1.0),02/10/26 11:00:00,Monthly,"Index, 2025=100",Total,Spain,2008-07,73.55,,
ESTAT:PRC_HICP_MINR(1.0),02/10/26 11:00:00,Monthly,"Index, 2025=100",Total,Spain,2008-08,73.41,,
ESTAT:PRC_HICP_MINR(1.0),02/10/26 11:00:00,Monthly,"Index, 2025=100",Total,Spain,2008-09,73.37,,
ESTAT:PRC_HICP_MINR(1.0),02/10/26 11:00:00,Monthly,"Index, 2025=100",Total,Spain,2008-10,73.62,,
ESTAT:PRC_HICP_MINR(1.0),02/10/26 11:00:00,Monthly,"Index, 2025=100",Total,Spain,2008-11,73.30,,
ESTAT:PRC_HICP_MINR(1.0),02/10/26 11:00:00,Monthly,"Index, 2025=100",Total,Spain,2008-12,72.93,,
ESTAT:PRC_HICP_MINR(1.0),02/10/26 11:00:00,Monthly,"Index, 2025=100",Total,Spain,2009-01,72.00,,
ESTAT:PRC_HICP_MINR(1.0),02/10/26 11:00:00,Monthly,"Index, 2025=100",Total,Spain,2009-02,72.02,,
ESTAT:PRC_HICP_MINR(1.0),02/10/26 11:00:00,Monthly,"Index, 2025=100",Total,Spain,2009-03,72.13,,
ESTAT:PRC_HICP_MINR(1.0),02/10/26 11:00:00,Monthly,"Index, 2025=100",Total,Spain,2009-04,72.85,,
ESTAT:PRC_HICP_MINR(1.0),02/10/26 11:00:00,Monthly,"Index, 2025=100",Total,Spain,2009-05,72.82,,
ESTAT:PRC_HICP_MINR(1.0),02/10/26 11:00:00,Monthly,"Index, 2025=100",Total,Spain,2009-06,73.18,,
ESTAT:PRC_HICP_MINR(1.0),02/10/26 11:00:00,Monthly,"Index, 2025=100",Total,Spain,2009-07,72.58,,
ESTAT:PRC_HICP_MINR(1.0),02/10/26 11:00:00,Monthly,"Index, 2025=100",Total,Spain,2009-08,72.87,,
ESTAT:PRC_HICP_MINR(1.0),02/10/26 11:00:00,Monthly,"Index, 2025=100",Total,Spain,2009-09,72.69,,
ESTAT:PRC_HICP_MINR(1.0),02/10/26 11:00:00,Monthly,"Index, 2025=100",Total,Spain,2009-10,73.20,,
ESTAT:PRC_HICP_MINR(1.0),02/10/26 11:00:00,Monthly,"Index, 2025=100",Total,Spain,2009-11,73.60,,
ESTAT:PRC_HICP_MINR(1.0),02/10/26 11:00:00,Monthly,"Index, 2025=100",Total,Spain,2009-12,73.59,,
ESTAT:PRC_HICP_MINR(1.0),02/10/26 11:00:00,Monthly,"Index, 2025=100",Total,Spain,2010-01,72.51,,
ESTAT:PRC_HICP_MINR(1.0),02/10/26 11:00:00,Monthly,"Index, 2025=100",Total,Spain,2010-02,72.34,,
ESTAT:PRC_HICP_MINR(1.0),02/10/26 11:00:00,Monthly,"Index, 2025=100",Total,Spain,2010-03,74.07,,
ESTAT:PRC_HICP_MINR(1.0),02/10/26 11:00:00,Monthly,"Index, 2025=100",Total,Spain,2010-04,74.58,,
ESTAT:PRC_HICP_MINR(1.0),02/10/26 11:00:00,Monthly,"Index, 2025=100",Total,Spain,2010-05,74.61,,
ESTAT:PRC_HICP_MINR(1.0),02/10/26 11:00:00,Monthly,"Index, 2025=100",Total,Spain,2010-06,74.69,,
ESTAT:PRC_HICP_MINR(1.0),02/10/26 11:00:00,Monthly,"Index, 2025=100",Total,Spain,2010-07,73.86,,
ESTAT:PRC_HICP_MINR(1.0),02/10/26 11:00:00,Monthly,"Index, 2025=100",Total,Spain,2010-08,74.02,,
ESTAT:PRC_HICP_MINR(1.0),02/10/26 11:00:00,Monthly,"Index, 2025=100",Total,Spain,2010-09,74.70,,
ESTAT:PRC_HICP_MINR(1.0),02/10/26 11:00:00,Monthly,"Index, 2025=100",Total,Spain,2010-10,75.04,,
ESTAT:PRC_HICP_MINR(1.0),02/10/26 11:00:00,Monthly,"Index, 2025=100",Total,Spain,2010-11,75.27,,
ESTAT:PRC_HICP_MINR(1.0),02/10/26 11:00:00,Monthly,"Index, 2025=100",Total,Spain,2010-12,75.69,,
ESTAT:PRC_HICP_MINR(1.0),02/10/26 11:00:00,Monthly,"Index, 2025=100",Total,Spain,2011-01,74.70,,
ESTAT:PRC_HICP_MINR(1.0),02/10/26 11:00:00,Monthly,"Index, 2025=100",Total,Spain,2011-02,74.78,,
ESTAT:PRC_HICP_MINR(1.0),02/10/26 11:00:00,Monthly,"Index, 2025=100",Total,Spain,2011-03,76.54,,
ESTAT:PRC_HICP_MINR(1.0),02/10/26 11:00:00,Monthly,"Index, 2025=100",Total,Spain,2011-04,77.21,,
ESTAT:PRC_HICP_MINR(1.0),02/10/26 11:00:00,Monthly,"Index, 2025=100",Total,Spain,2011-05,77.12,,
ESTAT:PRC_HICP_MINR(1.0),02/10/26 11:00:00,Monthly,"Index, 2025=100",Total,Spain,2011-06,76.97,,
ESTAT:PRC_HICP_MINR(1.0),02/10/26 11:00:00,Monthly,"Index, 2025=100",Total,Spain,2011-07,76.07,,
ESTAT:PRC_HICP_MINR(1.0),02/10/26 11:00:00,Monthly,"Index, 2025=100",Total,Spain,2011-08,76.04,,
ESTAT:PRC_HICP_MINR(1.0),02/10/26 11:00:00,Monthly,"Index, 2025=100",Total,Spain,2011-09,76.96,,
ESTAT:PRC_HICP_MINR(1.0),02/10/26 11:00:00,Monthly,"Index, 2025=100",Total,Spain,2011-10,77.28,,
ESTAT:PRC_HICP_MINR(1.0),02/10/26 11:00:00,Monthly,"Index, 2025=100",Total,Spain,2011-11,77.45,,
ESTAT:PRC_HICP_MINR(1.0),02/10/26 11:00:00,Monthly,"Index, 2025=100",Total,Spain,2011-12,77.47,,
ESTAT:PRC_HICP_MINR(1.0),02/10/26 11:00:00,Monthly,"Index, 2025=100",Total,Spain,2012-01,76.18,,
ESTAT:PRC_HICP_MINR(1.0),02/10/26 11:00:00,Monthly,"Index, 2025=100",Total,Spain,2012-02,76.21,,
ESTAT:PRC_HICP_MINR(1.0),02/10/26 11:00:00,Monthly,"Index, 2025=100",Total,Spain,2012-03,77.89,,
ESTAT:PRC_HICP_MINR(1.0),02/10/26 11:00:00,Monthly,"Index, 2025=100",Total,Spain,2012-04,78.73,,
ESTAT:PRC_HICP_MINR(1.0),02/10/26 11:00:00,Monthly,"Index, 2025=100",Total,Spain,2012-05,78.57,,
ESTAT:PRC_HICP_MINR(1.0),02/10/26 11:00:00,Monthly,"Index, 2025=100",Total,Spain,2012-06,78.38,,
ESTAT:PRC_HICP_MINR(1.0),02/10/26 11:00:00,Monthly,"Index, 2025=100",Total,Spain,2012-07,77.71,,
ESTAT:PRC_HICP_MINR(1.0),02/10/26 11:00:00,Monthly,"Index, 2025=100",Total,Spain,2012-08,78.11,,
ESTAT:PRC_HICP_MINR(1.0),02/10/26 11:00:00,Monthly,"Index, 2025=100",Total,Spain,2012-09,79.61,,
ESTAT:PRC_HICP_MINR(1.0),02/10/26 11:00:00,Monthly,"Index, 2025=100",Total,Spain,2012-10,79.98,,
ESTAT:PRC_HICP_MINR(1.0),02/10/26 11:00:00,Monthly,"Index, 2025=100",Total,Spain,2012-11,79.79,,
ESTAT:PRC_HICP_MINR(1.0),02/10/26 11:00:00,Monthly,"Index, 2025=100",Total,Spain,2012-12,79.79,,
ESTAT:PRC_HICP_MINR(1.0),02/10/26 11:00:00,Monthly,"Index, 2025=100",Total,Spain,2013-01,78.34,,
ESTAT:PRC_HICP_MINR(1.0),02/10/26 11:00:00,Monthly,"Index, 2025=100",Total,Spain,2013-02,78.42,,
ESTAT:PRC_HICP_MINR(1.0),02/10/26 11:00:00,Monthly,"Index, 2025=100",Total,Spain,2013-03,79.87,,
ESTAT:PRC_HICP_MINR(1.0),02/10/26 11:00:00,Monthly,"Index, 2025=100",Total,Spain,2013-04,79.93,,
ESTAT:PRC_HICP_MINR(1.0),02/10/26 11:00:00,Monthly,"Index, 2025=100",Total,Spain,2013-05,80.01,,
ESTAT:PRC_HICP_MINR(1.0),02/10/26 11:00:00,Monthly,"Index, 2025=100",Total,Spain,2013-06,80.10,,
ESTAT:PRC_HICP_MINR(1.0),02/10/26 11:00:00,Monthly,"Index, 2025=100",Total,Spain,2013-07,79.19,,
ESTAT:PRC_HICP_MINR(1.0),02/10/26 11:00:00,Monthly,"Index, 2025=100",Total,Spain,2013-08,79.39,,
ESTAT:PRC_HICP_MINR(1.0),02/10/26 11:00:00,Monthly,"Index, 2025=100",Total,Spain,2013-09,80.00,,
ESTAT:PRC_HICP_MINR(1.0),02/10/26 11:00:00,Monthly,"Index, 2025=100",Total,Spain,2013-10,80.02,,
ESTAT:PRC_HICP_MINR(1.0),02/10/26 11:00:00,Monthly,"Index, 2025=100",Total,Spain,2013-11,80.03,,
ESTAT:PRC_HICP_MINR(1.0),02/10/26 11:00:00,Monthly,"Index, 2025=100",Total,Spain,2013-12,80.04,,
ESTAT:PRC_HICP_MINR(1.0),02/10/26 11:00:00,Monthly,"Index, 2025=100",Total,Spain,2014-01,78.56,,
ESTAT:PRC_HICP_MINR(1.0),02/10/26 11:00:00,Monthly,"Index, 2025=100",Total,Spain,2014-02,78.46,,
ESTAT:PRC_HICP_MINR(1.0),02/10/26 11:00:00,Monthly,"Index, 2025=100",Total,Spain,2014-03,79.70,,
ESTAT:PRC_HICP_MINR(1.0),02/10/26 11:00:00,Monthly,"Index, 2025=100",Total,Spain,2014-04,80.20,,
ESTAT:PRC_HICP_MINR(1.0),02/10/26 11:00:00,Monthly,"Index, 2025=100",Total,Spain,2014-05,80.18,,
ESTAT:PRC_HICP_MINR(1.0),02/10/26 11:00:00,Monthly,"Index, 2025=100",Total,Spain,2014-06,80.14,,
ESTAT:PRC_HICP_MINR(1.0),02/10/26 11:00:00,Monthly,"Index, 2025=100",Total,Spain,2014-07,78.91,,
ESTAT:PRC_HICP_MINR(1.0),02/10/26 11:00:00,Monthly,"Index, 2025=100",Total,Spain,2014-08,78.98,,
ESTAT:PRC_HICP_MINR(1.0),02/10/26 11:00:00,Monthly,"Index, 2025=100",Total,Spain,2014-09,79.78,,
ESTAT:PRC_HICP_MINR(1.0),02/10/26 11:00:00,Monthly,"Index, 2025=100",Total,Spain,2014-10,79.84,,
ESTAT:PRC_HICP_MINR(1.0),02/10/26 11:00:00,Monthly,"Index, 2025=100",Total,Spain,2014-11,79.65,,
ESTAT:PRC_HICP_MINR(1.0),02/10/26 11:00:00,Monthly,"Index, 2025=100",Total,Spain,2014-12,79.13,,
ESTAT:PRC_HICP_MINR(1.0),02/10/26 11:00:00,Monthly,"Index, 2025=100",Total,Spain,2015-01,77.41,,
ESTAT:PRC_HICP_MINR(1.0),02/10/26 11:00:00,Monthly,"Index, 2025=100",Total,Spain,2015-02,77.52,,
ESTAT:PRC_HICP_MINR(1.0),02/10/26 11:00:00,Monthly,"Index, 2025=100",Total,Spain,2015-03,79.08,,
ESTAT:PRC_HICP_MINR(1.0),02/10/26 11:00:00,Monthly,"Index, 2025=100",Total,Spain,2015-04,79.61,,
ESTAT:PRC_HICP_MINR(1.0),02/10/26 11:00:00,Monthly,"Index, 2025=100",Total,Spain,2015-05,79.96,,
ESTAT:PRC_HICP_MINR(1.0),02/10/26 11:00:00,Monthly,"Index, 2025=100",Total,Spain,2015-06,80.12,,
ESTAT:PRC_HICP_MINR(1.0),02/10/26 11:00:00,Monthly,"Index, 2025=100",Total,Spain,2015-07,78.88,,
ESTAT:PRC_HICP_MINR(1.0),02/10/26 11:00:00,Monthly,"Index, 2025=100",Total,Spain,2015-08,78.56,,
ESTAT:PRC_HICP_MINR(1.0),02/10/26 11:00:00,Monthly,"Index, 2025=100",Total,Spain,2015-09,78.88,,
ESTAT:PRC_HICP_MINR(1.0),02/10/26 11:00:00,Monthly,"Index, 2025=100",Total,Spain,2015-10,79.13,,
ESTAT:PRC_HICP_MINR(1.0),02/10/26 11:00:00,Monthly,"Index, 2025=100",Total,Spain,2015-11,79.33,,
ESTAT:PRC_HICP_MINR(1.0),02/10/26 11:00:00,Monthly,"Index, 2025=100",Total,Spain,2015-12,79.03,,
ESTAT:PRC_HICP_MINR(1.0),02/10/26 11:00:00,Monthly,"Index, 2025=100",Total,Spain,2016-01,77.09,,
ESTAT:PRC_HICP_MINR(1.0),02/10/26 11:00:00,Monthly,"Index, 2025=100",Total,Spain,2016-02,76.76,,
ESTAT:PRC_HICP_MINR(1.0),02/10/26 11:00:00,Monthly,"Index, 2025=100",Total,Spain,2016-03,78.30,,
ESTAT:PRC_HICP_MINR(1.0),02/10/26 11:00:00,Monthly,"Index, 2025=100",Total,Spain,2016-04,78.68,,
ESTAT:PRC_HICP_MINR(1.0),02/10/26 11:00:00,Monthly,"Index, 2025=100",Total,Spain,2016-05,79.10,,
ESTAT:PRC_HICP_MINR(1.0),02/10/26 11:00:00,Monthly,"Index, 2025=100",Total,Spain,2016-06,79.43,,
ESTAT:PRC_HICP_MINR(1.0),02/10/26 11:00:00,Monthly,"Index, 2025=100",Total,Spain,2016-07,78.37,,
ESTAT:PRC_HICP_MINR(1.0),02/10/26 11:00:00,Monthly,"Index, 2025=100",Total,Spain,2016-08,78.34,,
ESTAT:PRC_HICP_MINR(1.0),02/10/26 11:00:00,Monthly,"Index, 2025=100",Total,Spain,2016-09,78.90,,
ESTAT:PRC_HICP_MINR(1.0),02/10/26 11:00:00,Monthly,"Index, 2025=100",Total,Spain,2016-10,79.52,,
ESTAT:PRC_HICP_MINR(1.0),02/10/26 11:00:00,Monthly,"Index, 2025=100",Total,Spain,2016-11,79.71,,
ESTAT:PRC_HICP_MINR(1.0),02/10/26 11:00:00,Monthly,"Index, 2025=100",Total,Spain,2016-12,80.14,,
ESTAT:PRC_HICP_MINR(1.0),02/10/26 11:00:00,Monthly,"Index, 2025=100",Total,Spain,2017-01,79.36,,
ESTAT:PRC_HICP_MINR(1.0),02/10/26 11:00:00,Monthly,"Index, 2025=100",Total,Spain,2017-02,79.09,,
ESTAT:PRC_HICP_MINR(1.0),02/10/26 11:00:00,Monthly,"Index, 2025=100",Total,Spain,2017-03,79.98,,
ESTAT:PRC_HICP_MINR(1.0),02/10/26 11:00:00,Monthly,"Index, 2025=100",Total,Spain,2017-04,80.71,,
ESTAT:PRC_HICP_MINR(1.0),02/10/26 11:00:00,Monthly,"Index, 2025=100",Total,Spain,2017-05,80.66,,
ESTAT:PRC_HICP_MINR(1.0),02/10/26 11:00:00,Monthly,"Index, 2025=100",Total,Spain,2017-06,80.71,,
ESTAT:PRC_HICP_MINR(1.0),02/10/26 11:00:00,Monthly,"Index, 2025=100",Total,Spain,2017-07,79.73,,
ESTAT:PRC_HICP_MINR(1.0),02/10/26 11:00:00,Monthly,"Index, 2025=100",Total,Spain,2017-08,79.87,,
ESTAT:PRC_HICP_MINR(1.0),02/10/26 11:00:00,Monthly,"Index, 2025=100",Total,Spain,2017-09,80.35,,
ESTAT:PRC_HICP_MINR(1.0),02/10/26 11:00:00,Monthly,"Index, 2025=100",Total,Spain,2017-10,80.86,,
ESTAT:PRC_HICP_MINR(1.0),02/10/26 11:00:00,Monthly,"Index, 2025=100",Total,Spain,2017-11,81.12,,
ESTAT:PRC_HICP_MINR(1.0),02/10/26 11:00:00,Monthly,"Index, 2025=100",Total,Spain,2017-12,81.12,,
ESTAT:PRC_HICP_MINR(1.0),02/10/26 11:00:00,Monthly,"Index, 2025=100",Total,Spain,2018-01,79.93,,
ESTAT:PRC_HICP_MINR(1.0),02/10/26 11:00:00,Monthly,"Index, 2025=100",Total,Spain,2018-02,80.04,,
ESTAT:PRC_HICP_MINR(1.0),02/10/26 11:00:00,Monthly,"Index, 2025=100",Total,Spain,2018-03,81.00,,
ESTAT:PRC_HICP_MINR(1.0),02/10/26 11:00:00,Monthly,"Index, 2025=100",Total,Spain,2018-04,81.61,,
ESTAT:PRC_HICP_MINR(1.0),02/10/26 11:00:00,Monthly,"Index, 2025=100",Total,Spain,2018-05,82.37,,
ESTAT:PRC_HICP_MINR(1.0),02/10/26 11:00:00,Monthly,"Index, 2025=100",Total,Spain,2018-06,82.56,,
ESTAT:PRC_HICP_MINR(1.0),02/10/26 11:00:00,Monthly,"Index, 2025=100",Total,Spain,2018-07,81.58,,
ESTAT:PRC_HICP_MINR(1.0),02/10/26 11:00:00,Monthly,"Index, 2025=100",Total,Spain,2018-08,81.65,,
ESTAT:PRC_HICP_MINR(1.0),02/10/26 11:00:00,Monthly,"Index, 2025=100",Total,Spain,2018-09,82.17,,
ESTAT:PRC_HICP_MINR(1.0),02/10/26 11:00:00,Monthly,"Index, 2025=100",Total,Spain,2018-10,82.73,,
ESTAT:PRC_HICP_MINR(1.0),02/10/26 11:00:00,Monthly,"Index, 2025=100",Total,Spain,2018-11,82.53,,
ESTAT:PRC_HICP_MINR(1.0),02/10/26 11:00:00,Monthly,"Index, 2025=100",Total,Spain,2018-12,82.12,,
ESTAT:PRC_HICP_MINR(1.0),02/10/26 11:00:00,Monthly,"Index, 2025=100",Total,Spain,2019-01,80.74,,
ESTAT:PRC_HICP_MINR(1.0),02/10/26 11:00:00,Monthly,"Index, 2025=100",Total,Spain,2019-02,80.91,,
ESTAT:PRC_HICP_MINR(1.0),02/10/26 11:00:00,Monthly,"Index, 2025=100",Total,Spain,2019-03,82.04,,
ESTAT:PRC_HICP_MINR(1.0),02/10/26 11:00:00,Monthly,"Index, 2025=100",Total,Spain,2019-04,82.96,,
ESTAT:PRC_HICP_MINR(1.0),02/10/26 11:00:00,Monthly,"Index, 2025=100",Total,Spain,2019-05,83.15,,
ESTAT:PRC_HICP_MINR(1.0),02/10/26 11:00:00,Monthly,"Index, 2025=100",Total,Spain,2019-06,83.05,,
ESTAT:PRC_HICP_MINR(1.0),02/10/26 11:00:00,Monthly,"Index, 2025=100",Total,Spain,2019-07,82.11,,
ESTAT:PRC_HICP_MINR(1.0),02/10/26 11:00:00,Monthly,"Index, 2025=100",Total,Spain,2019-08,82.02,,
ESTAT:PRC_HICP_MINR(1.0),02/10/26 11:00:00,Monthly,"Index, 2025=100",Total,Spain,2019-09,82.34,,
ESTAT:PRC_HICP_MINR(1.0),02/10/26 11:00:00,Monthly,"Index, 2025=100",Total,Spain,2019-10,82.88,,
ESTAT:PRC_HICP_MINR(1.0),02/10/26 11:00:00,Monthly,"Index, 2025=100",Total,Spain,2019-11,82.91,,
ESTAT:PRC_HICP_MINR(1.0),02/10/26 11:00:00,Monthly,"Index, 2025=100",Total,Spain,2019-12,82.81,,
ESTAT:PRC_HICP_MINR(1.0),02/10/26 11:00:00,Monthly,"Index, 2025=100",Total,Spain,2020-01,81.66,,
ESTAT:PRC_HICP_MINR(1.0),02/10/26 11:00:00,Monthly,"Index, 2025=100",Total,Spain,2020-02,81.61,,
ESTAT:PRC_HICP_MINR(1.0),02/10/26 11:00:00,Monthly,"Index, 2025=100",Total,Spain,2020-03,82.10,,
ESTAT:PRC_HICP_MINR(1.0),02/10/26 11:00:00,Monthly,"Index, 2025=100",Total,Spain,2020-04,82.39,,
ESTAT:PRC_HICP_MINR(1.0),02/10/26 11:00:00,Monthly,"Index, 2025=100",Total,Spain,2020-05,82.44,,
ESTAT:PRC_HICP_MINR(1.0),02/10/26 11:00:00,Monthly,"Index, 2025=100",Total,Spain,2020-06,82.80,,
ESTAT:PRC_HICP_MINR(1.0),02/10/26 11:00:00,Monthly,"Index, 2025=100",Total,Spain,2020-07,81.51,,
ESTAT:PRC_HICP_MINR(1.0),02/10/26 11:00:00,Monthly,"Index, 2025=100",Total,Spain,2020-08,81.51,,
ESTAT:PRC_HICP_MINR(1.0),02/10/26 11:00:00,Monthly,"Index, 2025=100",Total,Spain,2020-09,81.87,,
ESTAT:PRC_HICP_MINR(1.0),02/10/26 11:00:00,Monthly,"Index, 2025=100",Total,Spain,2020-10,82.13,,
ESTAT:PRC_HICP_MINR(1.0),02/10/26 11:00:00,Monthly,"Index, 2025=100",Total,Spain,2020-11,82.21,,
ESTAT:PRC_HICP_MINR(1.0),02/10/26 11:00:00,Monthly,"Index, 2025=100",Total,Spain,2020-12,82.34,,
ESTAT:PRC_HICP_MINR(1.0),02/10/26 11:00:00,Monthly,"Index, 2025=100",Total,Spain,2021-01,82.02,,
ESTAT:PRC_HICP_MINR(1.0),02/10/26 11:00:00,Monthly,"Index, 2025=100",Total,Spain,2021-02,81.54,,
ESTAT:PRC_HICP_MINR(1.0),02/10/26 11:00:00,Monthly,"Index, 2025=100",Total,Spain,2021-03,83.08,,
ESTAT:PRC_HICP_MINR(1.0),02/10/26 11:00:00,Monthly,"Index, 2025=100",Total,Spain,2021-04,84.00,,
ESTAT:PRC_HICP_MINR(1.0),02/10/26 11:00:00,Monthly,"Index, 2025=100",Total,Spain,2021-05,84.45,,
ESTAT:PRC_HICP_MINR(1.0),02/10/26 11:00:00,Monthly,"Index, 2025=100",Total,Spain,2021-06,84.85,,
ESTAT:PRC_HICP_MINR(1.0),02/10/26 11:00:00,Monthly,"Index, 2025=100",Total,Spain,2021-07,83.84,,
ESTAT:PRC_HICP_MINR(1.0),02/10/26 11:00:00,Monthly,"Index, 2025=100",Total,Spain,2021-08,84.21,,
ESTAT:PRC_HICP_MINR(1.0),02/10/26 11:00:00,Monthly,"Index, 2025=100",Total,Spain,2021-09,85.17,,
ESTAT:PRC_HICP_MINR(1.0),02/10/26 11:00:00,Monthly,"Index, 2025=100",Total,Spain,2021-10,86.54,,
ESTAT:PRC_HICP_MINR(1.0),02/10/26 11:00:00,Monthly,"Index, 2025=100",Total,Spain,2021-11,86.75,,
ESTAT:PRC_HICP_MINR(1.0),02/10/26 11:00:00,Monthly,"Index, 2025=100",Total,Spain,2021-12,87.75,,
ESTAT:PRC_HICP_MINR(1.0),02/10/26 11:00:00,Monthly,"Index, 2025=100",Total,Spain,2022-01,87.06,,
ESTAT:PRC_HICP_MINR(1.0),02/10/26 11:00:00,Monthly,"Index, 2025=100",Total,Spain,2022-02,87.76,,
ESTAT:PRC_HICP_MINR(1.0),02/10/26 11:00:00,Monthly,"Index, 2025=100",Total,Spain,2022-03,91.20,,
ESTAT:PRC_HICP_MINR(1.0),02/10/26 11:00:00,Monthly,"Index, 2025=100",Total,Spain,2022-04,90.97,,
ESTAT:PRC_HICP_MINR(1.0),02/10/26 11:00:00,Monthly,"Index, 2025=100",Total,Spain,2022-05,91.61,,
ESTAT:PRC_HICP_MINR(1.0),02/10/26 11:00:00,Monthly,"Index, 2025=100",Total,Spain,2022-06,93.35,,
ESTAT:PRC_HICP_MINR(1.0),02/10/26 11:00:00,Monthly,"Index, 2025=100",Total,Spain,2022-07,92.81,,
ESTAT:PRC_HICP_MINR(1.0),02/10/26 11:00:00,Monthly,"Index, 2025=100",Total,Spain,2022-08,93.05,,
ESTAT:PRC_HICP_MINR(1.0),02/10/26 11:00:00,Monthly,"Index, 2025=100",Total,Spain,2022-09,92.82,,
ESTAT:PRC_HICP_MINR(1.0),02/10/26 11:00:00,Monthly,"Index, 2025=100",Total,Spain,2022-10,92.86,,
ESTAT:PRC_HICP_MINR(1.0),02/10/26 11:00:00,Monthly,"Index, 2025=100",Total,Spain,2022-11,92.55,,
ESTAT:PRC_HICP_MINR(1.0),02/10/26 11:00:00,Monthly,"Index, 2025=100",Total,Spain,2022-12,92.56,,
ESTAT:PRC_HICP_MINR(1.0),02/10/26 11:00:00,Monthly,"Index, 2025=100",Total,Spain,2023-01,92.16,,
ESTAT:PRC_HICP_MINR(1.0),02/10/26 11:00:00,Monthly,"Index, 2025=100",Total,Spain,2023-02,93.03,,
ESTAT:PRC_HICP_MINR(1.0),02/10/26 11:00:00,Monthly,"Index, 2025=100",Total,Spain,2023-03,94.01,,
ESTAT:PRC_HICP_MINR(1.0),02/10/26 11:00:00,Monthly,"Index, 2025=100",Total,Spain,2023-04,94.44,,
ESTAT:PRC_HICP_MINR(1.0),02/10/26 11:00:00,Monthly,"Index, 2025=100",Total,Spain,2023-05,94.31,,
ESTAT:PRC_HICP_MINR(1.0),02/10/26 11:00:00,Monthly,"Index, 2025=100",Total,Spain,2023-06,94.85,,
ESTAT:PRC_HICP_MINR(1.0),02/10/26 11:00:00,Monthly,"Index, 2025=100",Total,Spain,2023-07,94.78,,
ESTAT:PRC_HICP_MINR(1.0),02/10/26 11:00:00,Monthly,"Index, 2025=100",Total,Spain,2023-08,95.29,,
ESTAT:PRC_HICP_MINR(1.0),02/10/26 11:00:00,Monthly,"Index, 2025=100",Total,Spain,2023-09,95.84,,
ESTAT:PRC_HICP_MINR(1.0),02/10/26 11:00:00,Monthly,"Index, 2025=100",Total,Spain,2023-10,96.09,,
ESTAT:PRC_HICP_MINR(1.0),02/10/26 11:00:00,Monthly,"Index, 2025=100",Total,Spain,2023-11,95.58,,
ESTAT:PRC_HICP_MINR(1.0),02/10/26 11:00:00,Monthly,"Index, 2025=100",Total,Spain,2023-12,95.59,,
ESTAT:PRC_HICP_MINR(1.0),02/10/26 11:00:00,Monthly,"Index, 2025=100",Total,Spain,2024-01,95.40,,
ESTAT:PRC_HICP_MINR(1.0),02/10/26 11:00:00,Monthly,"Index, 2025=100",Total,Spain,2024-02,95.77,,
ESTAT:PRC_HICP_MINR(1.0),02/10/26 11:00:00,Monthly,"Index, 2025=100",Total,Spain,2024-03,97.06,,
ESTAT:PRC_HICP_MINR(1.0),02/10/26 11:00:00,Monthly,"Index, 2025=100",Total,Spain,2024-04,97.65,,
ESTAT:PRC_HICP_MINR(1.0),02/10/26 11:00:00,Monthly,"Index, 2025=100",Total,Spain,2024-05,97.87,,
ESTAT:PRC_HICP_MINR(1.0),02/10/26 11:00:00,Monthly,"Index, 2025=100",Total,Spain,2024-06,98.26,,
ESTAT:PRC_HICP_MINR(1.0),02/10/26 11:00:00,Monthly,"Index, 2025=100",Total,Spain,2024-07,97.52,,
ESTAT:PRC_HICP_MINR(1.0),02/10/26 11:00:00,Monthly,"Index, 2025=100",Total,Spain,2024-08,97.55,,
ESTAT:PRC_HICP_MINR(1.0),02/10/26 11:00:00,Monthly,"Index, 2025=100",Total,Spain,2024-09,97.46,,
ESTAT:PRC_HICP_MINR(1.0),02/10/26 11:00:00,Monthly,"Index, 2025=100",Total,Spain,2024-10,97.84,,
ESTAT:PRC_HICP_MINR(1.0),02/10/26 11:00:00,Monthly,"Index, 2025=100",Total,Spain,2024-11,97.87,,
ESTAT:PRC_HICP_MINR(1.0),02/10/26 11:00:00,Monthly,"Index, 2025=100",Total,Spain,2024-12,98.30,,
ESTAT:PRC_HICP_MINR(1.0),02/10/26 11:00:00,Monthly,"Index, 2025=100",Total,Spain,2025-01,98.15,,
ESTAT:PRC_HICP_MINR(1.0),02/10/26 11:00:00,Monthly,"Index, 2025=100",Total,Spain,2025-02,98.54,,
ESTAT:PRC_HICP_MINR(1.0),02/10/26 11:00:00,Monthly,"Index, 2025=100",Total,Spain,2025-03,99.22,,
ESTAT:PRC_HICP_MINR(1.0),02/10/26 11:00:00,Monthly,"Index, 2025=100",Total,Spain,2025-04,99.84,,
ESTAT:PRC_HICP_MINR(1.0),02/10/26 11:00:00,Monthly,"Index, 2025=100",Total,Spain,2025-05,99.81,,
ESTAT:PRC_HICP_MINR(1.0),02/10/26 11:00:00,Monthly,"Index, 2025=100",Total,Spain,2025-06,100.49,,
ESTAT:PRC_HICP_MINR(1.0),02/10/26 11:00:00,Monthly,"Index, 2025=100",Total,Spain,2025-07,100.15,,
ESTAT:PRC_HICP_MINR(1.0),02/10/26 11:00:00,Monthly,"Index, 2025=100",Total,Spain,2025-08,100.18,,
ESTAT:PRC_HICP_MINR(1.0),02/10/26 11:00:00,Monthly,"Index, 2025=100",Total,Spain,2025-09,100.42,,
ESTAT:PRC_HICP_MINR(1.0),02/10/26 11:00:00,Monthly,"Index, 2025=100",Total,Spain,2025-10,100.95,,
ESTAT:PRC_HICP_MINR(1.0),02/10/26 11:00:00,Monthly,"Index, 2025=100",Total,Spain,2025-11,100.96,,
ESTAT:PRC_HICP_MINR(1.0),02/10/26 11:00:00,Monthly,"Index, 2025=100",Total,Spain,2025-12,101.29,,
ESTAT:PRC_HICP_MINR(1.0),02/10/26 11:00:00,Monthly,"Index, 2025=100",Total,Finland,2006-01,67.38,,
ESTAT:PRC_HICP_MINR(1.0),02/10/26 11:00:00,Monthly,"Index, 2025=100",Total,Finland,2006-02,67.90,,
ESTAT:PRC_HICP_MINR(1.0),02/10/26 11:00:00,Monthly,"Index, 2025=100",Total,Finland,2006-03,68.10,,
ESTAT:PRC_HICP_MINR(1.0),02/10/26 11:00:00,Monthly,"Index, 2025=100",Total,Finland,2006-04,68.46,,
ESTAT:PRC_HICP_MINR(1.0),02/10/26 11:00:00,Monthly,"Index, 2025=100",Total,Finland,2006-05,68.40,,
ESTAT:PRC_HICP_MINR(1.0),02/10/26 11:00:00,Monthly,"Index, 2025=100",Total,Finland,2006-06,68.41,,
ESTAT:PRC_HICP_MINR(1.0),02/10/26 11:00:00,Monthly,"Index, 2025=100",Total,Finland,2006-07,68.10,,
ESTAT:PRC_HICP_MINR(1.0),02/10/26 11:00:00,Monthly,"Index, 2025=100",Total,Finland,2006-08,68.30,,
ESTAT:PRC_HICP_MINR(1.0),02/10/26 11:00:00,Monthly,"Index, 2025=100",Total,Finland,2006-09,68.36,,
ESTAT:PRC_HICP_MINR(1.0),02/10/26 11:00:00,Monthly,"Index, 2025=100",Total,Finland,2006-10,68.47,,
ESTAT:PRC_HICP_MINR(1.0),02/10/26 11:00:00,Monthly,"Index, 2025=100",Total,Finland,2006-11,68.47,,
ESTAT:PRC_HICP_MINR(1.0),02/10/26 11:00:00,Monthly,"Index, 2025=100",Total,Finland,2006-12,68.49,,
ESTAT:PRC_HICP_MINR(1.0),02/10/26 11:00:00,Monthly,"Index, 2025=100",Total,Finland,2007-01,68.26,,
ESTAT:PRC_HICP_MINR(1.0),02/10/26 11:00:00,Monthly,"Index, 2025=100",Total,Finland,2007-02,68.69,,
ESTAT:PRC_HICP_MINR(1.0),02/10/26 11:00:00,Monthly,"Index, 2025=100",Total,Finland,2007-03,69.19,,
ESTAT:PRC_HICP_MINR(1.0),02/10/26 11:00:00,Monthly,"Index, 2025=100",Total,Finland,2007-04,69.51,,
ESTAT:PRC_HICP_MINR(1.0),02/10/26 11:00:00,Monthly,"Index, 2025=100",Total,Finland,2007-05,69.30,,
ESTAT:PRC_HICP_MINR(1.0),02/10/26 11:00:00,Monthly,"Index, 2025=100",Total,Finland,2007-06,69.40,,
ESTAT:PRC_HICP_MINR(1.0),02/10/26 11:00:00,Monthly,"Index, 2025=100",Total,Finland,2007-07,69.21,,
ESTAT:PRC_HICP_MINR(1.0),02/10/26 11:00:00,Monthly,"Index, 2025=100",Total,Finland,2007-08,69.22,,
ESTAT:PRC_HICP_MINR(1.0),02/10/26 11:00:00,Monthly,"Index, 2025=100",Total,Finland,2007-09,69.52,,
ESTAT:PRC_HICP_MINR(1.0),02/10/26 11:00:00,Monthly,"Index, 2025=100",Total,Finland,2007-10,69.73,,
ESTAT:PRC_HICP_MINR(1.0),02/10/26 11:00:00,Monthly,"Index, 2025=100",Total,Finland,2007-11,69.97,,
ESTAT:PRC_HICP_MINR(1.0),02/10/26 11:00:00,Monthly,"Index, 2025=100",Total,Finland,2007-12,69.81,,
ESTAT:PRC_HICP_MINR(1.0),02/10/26 11:00:00,Monthly,"Index, 2025=100",Total,Finland,2008-01,70.62,,
ESTAT:PRC_HICP_MINR(1.0),02/10/26 11:00:00,Monthly,"Index, 2025=100",Total,Finland,2008-02,70.95,,
ESTAT:PRC_HICP_MINR(1.0),02/10/26 11:00:00,Monthly,"Index, 2025=100",Total,Finland,2008-03,71.67,,
ESTAT:PRC_HICP_MINR(1.0),02/10/26 11:00:00,Monthly,"Index, 2025=100",Total,Finland,2008-04,71.78,,
ESTAT:PRC_HICP_MINR(1.0),02/10/26 11:00:00,Monthly,"Index, 2025=100",Total,Finland,2008-05,72.16,,
ESTAT:PRC_HICP_MINR(1.0),02/10/26 11:00:00,Monthly,"Index, 2025=100",Total,Finland,2008-06,72.40,,
ESTAT:PRC_HICP_MINR(1.0),02/10/26 11:00:00,Monthly,"Index, 2025=100",Total,Finland,2008-07,72.20,,
ESTAT:PRC_HICP_MINR(1.0),02/10/26 11:00:00,Monthly,"Index, 2025=100",Total,Finland,2008-08,72.40,,
ESTAT:PRC_HICP_MINR(1.0),02/10/26 11:00:00,Monthly,"Index, 2025=100",Total,Finland,2008-09,72.81,,
ESTAT:PRC_HICP_MINR(1.0),02/10/26 11:00:00,Monthly,"Index, 2025=100",Total,Finland,2008-10,72.79,,
ESTAT:PRC_HICP_MINR(1.0),02/10/26 11:00:00,Monthly,"Index, 2025=100",Total,Finland,2008-11,72.41,,
ESTAT:PRC_HICP_MINR(1.0),02/10/26 11:00:00,Monthly,"Index, 2025=100",Total,Finland,2008-12,72.18,,
ESTAT:PRC_HICP_MINR(1.0),02/10/26 11:00:00,Monthly,"Index, 2025=100",Total,Finland,2009-01,72.37,,
ESTAT:PRC_HICP_MINR(1.0),02/10/26 11:00:00,Monthly,"Index, 2025=100",Total,Finland,2009-02,72.86,,
ESTAT:PRC_HICP_MINR(1.0),02/10/26 11:00:00,Monthly,"Index, 2025=100",Total,Finland,2009-03,73.13,,
ESTAT:PRC_HICP_MINR(1.0),02/10/26 11:00:00,Monthly,"Index, 2025=100",Total,Finland,2009-04,73.29,,
ESTAT:PRC_HICP_MINR(1.0),02/10/26 11:00:00,Monthly,"Index, 2025=100",Total,Finland,2009-05,73.25,,
ESTAT:PRC_HICP_MINR(1.0),02/10/26 11:00:00,Monthly,"Index, 2025=100",Total,Finland,2009-06,73.55,,
ESTAT:PRC_HICP_MINR(1.0),02/10/26 11:00:00,Monthly,"Index, 2025=100",Total,Finland,2009-07,73.04,,
ESTAT:PRC_HICP_MINR(1.0),02/10/26 11:00:00,Monthly,"Index, 2025=100",Total,Finland,2009-08,73.35,,
ESTAT:PRC_HICP_MINR(1.0),02/10/26 11:00:00,Monthly,"Index, 2025=100",Total,Finland,2009-09,73.59,,
ESTAT:PRC_HICP_MINR(1.0),02/10/26 11:00:00,Monthly,"Index, 2025=100",Total,Finland,2009-10,73.22,,
ESTAT:PRC_HICP_MINR(1.0),02/10/26 11:00:00,Monthly,"Index, 2025=100",Total,Finland,2009-11,73.36,,
ESTAT:PRC_HICP_MINR(1.0),02/10/26 11:00:00,Monthly,"Index, 2025=100",Total,Finland,2009-12,73.47,,
ESTAT:PRC_HICP_MINR(1.0),02/10/26 11:00:00,Monthly,"Index, 2025=100",Total,Finland,2010-01,73.53,,
ESTAT:PRC_HICP_MINR(1.0),02/10/26 11:00:00,Monthly,"Index, 2025=100",Total,Finland,2010-02,73.80,,
ESTAT:PRC_HICP_MINR(1.0),02/10/26 11:00:00,Monthly,"Index, 2025=100",Total,Finland,2010-03,74.24,,
ESTAT:PRC_HICP_MINR(1.0),02/10/26 11:00:00,Monthly,"Index, 2025=100",Total,Finland,2010-04,74.45,,
ESTAT:PRC_HICP_MINR(1.0),02/10/26 11:00:00,Monthly,"Index, 2025=100",Total,Finland,2010-05,74.30,,
ESTAT:PRC_HICP_MINR(1.0),02/10/26 11:00:00,Monthly,"Index, 2025=100",Total,Finland,2010-06,74.48,,
ESTAT:PRC_HICP_MINR(1.0),02/10/26 11:00:00,Monthly,"Index, 2025=100",Total,Finland,2010-07,74.01,,
ESTAT:PRC_HICP_MINR(1.0),02/10/26 11:00:00,Monthly,"Index, 2025=100",Total,Finland,2010-08,74.30,,
ESTAT:PRC_HICP_MINR(1.0),02/10/26 11:00:00,Monthly,"Index, 2025=100",Total,Finland,2010-09,74.63,,
ESTAT:PRC_HICP_MINR(1.0),02/10/26 11:00:00,Monthly,"Index, 2025=100",Total,Finland,2010-10,74.95,,
ESTAT:PRC_HICP_MINR(1.0),02/10/26 11:00:00,Monthly,"Index, 2025=100",Total,Finland,2010-11,75.11,,
ESTAT:PRC_HICP_MINR(1.0),02/10/26 11:00:00,Monthly,"Index, 2025=100",Total,Finland,2010-12,75.51,,
ESTAT:PRC_HICP_MINR(1.0),02/10/26 11:00:00,Monthly,"Index, 2025=100",Total,Finland,2011-01,75.80,,
ESTAT:PRC_HICP_MINR(1.0),02/10/26 11:00:00,Monthly,"Index, 2025=100",Total,Finland,2011-02,76.38,,
ESTAT:PRC_HICP_MINR(1.0),02/10/26 11:00:00,Monthly,"Index, 2025=100",Total,Finland,2011-03,76.82,,
ESTAT:PRC_HICP_MINR(1.0),02/10/26 11:00:00,Monthly,"Index, 2025=100",Total,Finland,2011-04,76.96,,
ESTAT:PRC_HICP_MINR(1.0),02/10/26 11:00:00,Monthly,"Index, 2025=100",Total,Finland,2011-05,76.85,,
ESTAT:PRC_HICP_MINR(1.0),02/10/26 11:00:00,Monthly,"Index, 2025=100",Total,Finland,2011-06,77.04,,
ESTAT:PRC_HICP_MINR(1.0),02/10/26 11:00:00,Monthly,"Index, 2025=100",Total,Finland,2011-07,76.72,,
ESTAT:PRC_HICP_MINR(1.0),02/10/26 11:00:00,Monthly,"Index, 2025=100",Total,Finland,2011-08,76.88,,
ESTAT:PRC_HICP_MINR(1.0),02/10/26 11:00:00,Monthly,"Index, 2025=100",Total,Finland,2011-09,77.22,,
ESTAT:PRC_HICP_MINR(1.0),02/10/26 11:00:00,Monthly,"Index, 2025=100",Total,Finland,2011-10,77.35,,
ESTAT:PRC_HICP_MINR(1.0),02/10/26 11:00:00,Monthly,"Index, 2025=100",Total,Finland,2011-11,77.51,,
ESTAT:PRC_HICP_MINR(1.0),02/10/26 11:00:00,Monthly,"Index, 2025=100",Total,Finland,2011-12,77.47,,
ESTAT:PRC_HICP_MINR(1.0),02/10/26 11:00:00,Monthly,"Index, 2025=100",Total,Finland,2012-01,78.11,,
ESTAT:PRC_HICP_MINR(1.0),02/10/26 11:00:00,Monthly,"Index, 2025=100",Total,Finland,2012-02,78.69,,
ESTAT:PRC_HICP_MINR(1.0),02/10/26 11:00:00,Monthly,"Index, 2025=100",Total,Finland,2012-03,79.08,,
ESTAT:PRC_HICP_MINR(1.0),02/10/26 11:00:00,Monthly,"Index, 2025=100",Total,Finland,2012-04,79.26,,
ESTAT:PRC_HICP_MINR(1.0),02/10/26 11:00:00,Monthly,"Index, 2025=100",Total,Finland,2012-05,79.22,,
ESTAT:PRC_HICP_MINR(1.0),02/10/26 11:00:00,Monthly,"Index, 2025=100",Total,Finland,2012-06,79.31,,
ESTAT:PRC_HICP_MINR(1.0),02/10/26 11:00:00,Monthly,"Index, 2025=100",Total,Finland,2012-07,79.10,,
ESTAT:PRC_HICP_MINR(1.0),02/10/26 11:00:00,Monthly,"Index, 2025=100",Total,Finland,2012-08,79.38,,
ESTAT:PRC_HICP_MINR(1.0),02/10/26 11:00:00,Monthly,"Index, 2025=100",Total,Finland,2012-09,79.85,,
ESTAT:PRC_HICP_MINR(1.0),02/10/26 11:00:00,Monthly,"Index, 2025=100",Total,Finland,2012-10,80.05,,
ESTAT:PRC_HICP_MINR(1.0),02/10/26 11:00:00,Monthly,"Index, 2025=100",Total,Finland,2012-11,79.98,,
ESTAT:PRC_HICP_MINR(1.0),02/10/26 11:00:00,Monthly,"Index, 2025=100",Total,Finland,2012-12,80.15,,
ESTAT:PRC_HICP_MINR(1.0),02/10/26 11:00:00,Monthly,"Index, 2025=100",Total,Finland,2013-01,80.15,,
ESTAT:PRC_HICP_MINR(1.0),02/10/26 11:00:00,Monthly,"Index, 2025=100",Total,Finland,2013-02,80.63,,
ESTAT:PRC_HICP_MINR(1.0),02/10/26 11:00:00,Monthly,"Index, 2025=100",Total,Finland,2013-03,81.04,,
ESTAT:PRC_HICP_MINR(1.0),02/10/26 11:00:00,Monthly,"Index, 2025=100",Total,Finland,2013-04,81.19,,
ESTAT:PRC_HICP_MINR(1.0),02/10/26 11:00:00,Monthly,"Index, 2025=100",Total,Finland,2013-05,81.18,,
ESTAT:PRC_HICP_MINR(1.0),02/10/26 11:00:00,Monthly,"Index, 2025=100",Total,Finland,2013-06,81.14,,
ESTAT:PRC_HICP_MINR(1.0),02/10/26 11:00:00,Monthly,"Index, 2025=100",Total,Finland,2013-07,81.11,,
ESTAT:PRC_HICP_MINR(1.0),02/10/26 11:00:00,Monthly,"Index, 2025=100",Total,Finland,2013-08,81.01,,
ESTAT:PRC_HICP_MINR(1.0),02/10/26 11:00:00,Monthly,"Index, 2025=100",Total,Finland,2013-09,81.32,,
ESTAT:PRC_HICP_MINR(1.0),02/10/26 11:00:00,Monthly,"Index, 2025=100",Total,Finland,2013-10,81.43,,
ESTAT:PRC_HICP_MINR(1.0),02/10/26 11:00:00,Monthly,"Index, 2025=100",Total,Finland,2013-11,81.40,,
ESTAT:PRC_HICP_MINR(1.0),02/10/26 11:00:00,Monthly,"Index, 2025=100",Total,Finland,2013-12,81.70,,
ESTAT:PRC_HICP_MINR(1.0),02/10/26 11:00:00,Monthly,"Index, 2025=100",Total,Finland,2014-01,81.65,,
ESTAT:PRC_HICP_MINR(1.0),02/10/26 11:00:00,Monthly,"Index, 2025=100",Total,Finland,2014-02,81.88,,
ESTAT:PRC_HICP_MINR(1.0),02/10/26 11:00:00,Monthly,"Index, 2025=100",Total,Finland,2014-03,82.09,,
ESTAT:PRC_HICP_MINR(1.0),02/10/26 11:00:00,Monthly,"Index, 2025=100",Total,Finland,2014-04,82.21,,
ESTAT:PRC_HICP_MINR(1.0),02/10/26 11:00:00,Monthly,"Index, 2025=100",Total,Finland,2014-05,81.96,,
ESTAT:PRC_HICP_MINR(1.0),02/10/26 11:00:00,Monthly,"Index, 2025=100",Total,Finland,2014-06,82.00,,
ESTAT:PRC_HICP_MINR(1.0),02/10/26 11:00:00,Monthly,"Index, 2025=100",Total,Finland,2014-07,81.89,,
ESTAT:PRC_HICP_MINR(1.0),02/10/26 11:00:00,Monthly,"Index, 2025=100",Total,Finland,2014-08,82.02,,
ESTAT:PRC_HICP_MINR(1.0),02/10/26 11:00:00,Monthly,"Index, 2025=100",Total,Finland,2014-09,82.53,,
ESTAT:PRC_HICP_MINR(1.0),02/10/26 11:00:00,Monthly,"Index, 2025=100",Total,Finland,2014-10,82.40,,
ESTAT:PRC_HICP_MINR(1.0),02/10/26 11:00:00,Monthly,"Index, 2025=100",Total,Finland,2014-11,82.27,,
ESTAT:PRC_HICP_MINR(1.0),02/10/26 11:00:00,Monthly,"Index, 2025=100",Total,Finland,2014-12,82.15,,
ESTAT:PRC_HICP_MINR(1.0),02/10/26 11:00:00,Monthly,"Index, 2025=100",Total,Finland,2015-01,81.54,,
ESTAT:PRC_HICP_MINR(1.0),02/10/26 11:00:00,Monthly,"Index, 2025=100",Total,Finland,2015-02,81.82,,
ESTAT:PRC_HICP_MINR(1.0),02/10/26 11:00:00,Monthly,"Index, 2025=100",Total,Finland,2015-03,82.13,,
ESTAT:PRC_HICP_MINR(1.0),02/10/26 11:00:00,Monthly,"Index, 2025=100",Total,Finland,2015-04,82.14,,
ESTAT:PRC_HICP_MINR(1.0),02/10/26 11:00:00,Monthly,"Index, 2025=100",Total,Finland,2015-05,82.05,,
ESTAT:PRC_HICP_MINR(1.0),02/10/26 11:00:00,Monthly,"Index, 2025=100",Total,Finland,2015-06,82.06,,
ESTAT:PRC_HICP_MINR(1.0),02/10/26 11:00:00,Monthly,"Index, 2025=100",Total,Finland,2015-07,81.82,,
ESTAT:PRC_HICP_MINR(1.0),02/10/26 11:00:00,Monthly,"Index, 2025=100",Total,Finland,2015-08,81.85,,
ESTAT:PRC_HICP_MINR(1.0),02/10/26 11:00:00,Monthly,"Index, 2025=100",Total,Finland,2015-09,81.97,,
ESTAT:PRC_HICP_MINR(1.0),02/10/26 11:00:00,Monthly,"Index, 2025=100",Total,Finland,2015-10,82.12,,
ESTAT:PRC_HICP_MINR(1.0),02/10/26 11:00:00,Monthly,"Index, 2025=100",Total,Finland,2015-11,82.08,,
ESTAT:PRC_HICP_MINR(1.0),02/10/26 11:00:00,Monthly,"Index, 2025=100",Total,Finland,2015-12,81.94,,
ESTAT:PRC_HICP_MINR(1.0),02/10/26 11:00:00,Monthly,"Index, 2025=100",Total,Finland,2016-01,81.57,,
ESTAT:PRC_HICP_MINR(1.0),02/10/26 11:00:00,Monthly,"Index, 2025=100",Total,Finland,2016-02,81.70,,
ESTAT:PRC_HICP_MINR(1.0),02/10/26 11:00:00,Monthly,"Index, 2025=100",Total,Finland,2016-03,82.11,,
ESTAT:PRC_HICP_MINR(1.0),02/10/26 11:00:00,Monthly,"Index, 2025=100",Total,Finland,2016-04,82.36,,
ESTAT:PRC_HICP_MINR(1.0),02/10/26 11:00:00,Monthly,"Index, 2025=100",Total,Finland,2016-05,82.29,,
ESTAT:PRC_HICP_MINR(1.0),02/10/26 11:00:00,Monthly,"Index, 2025=100",Total,Finland,2016-06,82.34,,
ESTAT:PRC_HICP_MINR(1.0),02/10/26 11:00:00,Monthly,"Index, 2025=100",Total,Finland,2016-07,82.21,,
ESTAT:PRC_HICP_MINR(1.0),02/10/26 11:00:00,Monthly,"Index, 2025=100",Total,Finland,2016-08,82.25,,
ESTAT:PRC_HICP_MINR(1.0),02/10/26 11:00:00,Monthly,"Index, 2025=100",Total,Finland,2016-09,82.43,,
ESTAT:PRC_HICP_MINR(1.0),02/10/26 11:00:00,Monthly,"Index, 2025=100",Total,Finland,2016-10,82.63,,
ESTAT:PRC_HICP_MINR(1.0),02/10/26 11:00:00,Monthly,"Index, 2025=100",Total,Finland,2016-11,82.62,,
ESTAT:PRC_HICP_MINR(1.0),02/10/26 11:00:00,Monthly,"Index, 2025=100",Total,Finland,2016-12,82.84,,
ESTAT:PRC_HICP_MINR(1.0),02/10/26 11:00:00,Monthly,"Index, 2025=100",Total,Finland,2017-01,82.29,,
ESTAT:PRC_HICP_MINR(1.0),02/10/26 11:00:00,Monthly,"Index, 2025=100",Total,Finland,2017-02,82.88,,
ESTAT:PRC_HICP_MINR(1.0),02/10/26 11:00:00,Monthly,"Index, 2025=100",Total,Finland,2017-03,82.86,,
ESTAT:PRC_HICP_MINR(1.0),02/10/26 11:00:00,Monthly,"Index, 2025=100",Total,Finland,2017-04,83.19,,
ESTAT:PRC_HICP_MINR(1.0),02/10/26 11:00:00,Monthly,"Index, 2025=100",Total,Finland,2017-05,83.04,,
ESTAT:PRC_HICP_MINR(1.0),02/10/26 11:00:00,Monthly,"Index, 2025=100",Total,Finland,2017-06,83.06,,
ESTAT:PRC_HICP_MINR(1.0),02/10/26 11:00:00,Monthly,"Index, 2025=100",Total,Finland,2017-07,82.73,,
ESTAT:PRC_HICP_MINR(1.0),02/10/26 11:00:00,Monthly,"Index, 2025=100",Total,Finland,2017-08,82.88,,
ESTAT:PRC_HICP_MINR(1.0),02/10/26 11:00:00,Monthly,"Index, 2025=100",Total,Finland,2017-09,83.07,,
ESTAT:PRC_HICP_MINR(1.0),02/10/26 11:00:00,Monthly,"Index, 2025=100",Total,Finland,2017-10,83.04,,
ESTAT:PRC_HICP_MINR(1.0),02/10/26 11:00:00,Monthly,"Index, 2025=100",Total,Finland,2017-11,83.33,,
ESTAT:PRC_HICP_MINR(1.0),02/10/26 11:00:00,Monthly,"Index, 2025=100",Total,Finland,2017-12,83.27,,
ESTAT:PRC_HICP_MINR(1.0),02/10/26 11:00:00,Monthly,"Index, 2025=100",Total,Finland,2018-01,82.99,,
ESTAT:PRC_HICP_MINR(1.0),02/10/26 11:00:00,Monthly,"Index, 2025=100",Total,Finland,2018-02,83.38,,
ESTAT:PRC_HICP_MINR(1.0),02/10/26 11:00:00,Monthly,"Index, 2025=100",Total,Finland,2018-03,83.58,,
ESTAT:PRC_HICP_MINR(1.0),02/10/26 11:00:00,Monthly,"Index, 2025=100",Total,Finland,2018-04,83.86,,
ESTAT:PRC_HICP_MINR(1.0),02/10/26 11:00:00,Monthly,"Index, 2025=100",Total,Finland,2018-05,83.90,,
ESTAT:PRC_HICP_MINR(1.0),02/10/26 11:00:00,Monthly,"Index, 2025=100",Total,Finland,2018-06,84.05,,
ESTAT:PRC_HICP_MINR(1.0),02/10/26 11:00:00,Monthly,"Index, 2025=100",Total,Finland,2018-07,83.90,,
ESTAT:PRC_HICP_MINR(1.0),02/10/26 11:00:00,Monthly,"Index, 2025=100",Total,Finland,2018-08,84.02,,
ESTAT:PRC_HICP_MINR(1.0),02/10/26 11:00:00,Monthly,"Index, 2025=100",Total,Finland,2018-09,84.24,,
ESTAT:PRC_HICP_MINR(1.0),02/10/26 11:00:00,Monthly,"Index, 2025=100",Total,Finland,2018-10,84.46,,
ESTAT:PRC_HICP_MINR(1.0),02/10/26 11:00:00,Monthly,"Index, 2025=100",Total,Finland,2018-11,84.53,,
ESTAT:PRC_HICP_MINR(1.0),02/10/26 11:00:00,Monthly,"Index, 2025=100",Total,Finland,2018-12,84.36,,
ESTAT:PRC_HICP_MINR(1.0),02/10/26 11:00:00,Monthly,"Index, 2025=100",Total,Finland,2019-01,83.99,,
ESTAT:PRC_HICP_MINR(1.0),02/10/26 11:00:00,Monthly,"Index, 2025=100",Total,Finland,2019-02,84.45,,
ESTAT:PRC_HICP_MINR(1.0),02/10/26 11:00:00,Monthly,"Index, 2025=100",Total,Finland,2019-03,84.54,,
ESTAT:PRC_HICP_MINR(1.0),02/10/26 11:00:00,Monthly,"Index, 2025=100",Total,Finland,2019-04,85.15,,
ESTAT:PRC_HICP_MINR(1.0),02/10/26 11:00:00,Monthly,"Index, 2025=100",Total,Finland,2019-05,84.97,,
ESTAT:PRC_HICP_MINR(1.0),02/10/26 11:00:00,Monthly,"Index, 2025=100",Total,Finland,2019-06,85.00,,
ESTAT:PRC_HICP_MINR(1.0),02/10/26 11:00:00,Monthly,"Index, 2025=100",Total,Finland,2019-07,84.73,,
ESTAT:PRC_HICP_MINR(1.0),02/10/26 11:00:00,Monthly,"Index, 2025=100",Total,Finland,2019-08,85.07,,
ESTAT:PRC_HICP_MINR(1.0),02/10/26 11:00:00,Monthly,"Index, 2025=100",Total,Finland,2019-09,85.10,,
ESTAT:PRC_HICP_MINR(1.0),02/10/26 11:00:00,Monthly,"Index, 2025=100",Total,Finland,2019-10,85.22,,
ESTAT:PRC_HICP_MINR(1.0),02/10/26 11:00:00,Monthly,"Index, 2025=100",Total,Finland,2019-11,85.17,,
ESTAT:PRC_HICP_MINR(1.0),02/10/26 11:00:00,Monthly,"Index, 2025=100",Total,Finland,2019-12,85.32,,
ESTAT:PRC_HICP_MINR(1.0),02/10/26 11:00:00,Monthly,"Index, 2025=100",Total,Finland,2020-01,85.01,,
ESTAT:PRC_HICP_MINR(1.0),02/10/26 11:00:00,Monthly,"Index, 2025=100",Total,Finland,2020-02,85.40,,
ESTAT:PRC_HICP_MINR(1.0),02/10/26 11:00:00,Monthly,"Index, 2025=100",Total,Finland,2020-03,85.26,,
ESTAT:PRC_HICP_MINR(1.0),02/10/26 11:00:00,Monthly,"Index, 2025=100",Total,Finland,2020-04,84.89,,
ESTAT:PRC_HICP_MINR(1.0),02/10/26 11:00:00,Monthly,"Index, 2025=100",Total,Finland,2020-05,84.84,,
ESTAT:PRC_HICP_MINR(1.0),02/10/26 11:00:00,Monthly,"Index, 2025=100",Total,Finland,2020-06,85.05,,
ESTAT:PRC_HICP_MINR(1.0),02/10/26 11:00:00,Monthly,"Index, 2025=100",Total,Finland,2020-07,85.29,,
ESTAT:PRC_HICP_MINR(1.0),02/10/26 11:00:00,Monthly,"Index, 2025=100",Total,Finland,2020-08,85.31,,
ESTAT:PRC_HICP_MINR(1.0),02/10/26 11:00:00,Monthly,"Index, 2025=100",Total,Finland,2020-09,85.33,,
ESTAT:PRC_HICP_MINR(1.0),02/10/26 11:00:00,Monthly,"Index, 2025=100",Total,Finland,2020-10,85.42,,
ESTAT:PRC_HICP_MINR(1.0),02/10/26 11:00:00,Monthly,"Index, 2025=100",Total,Finland,2020-11,85.32,,
ESTAT:PRC_HICP_MINR(1.0),02/10/26 11:00:00,Monthly,"Index, 2025=100",Total,Finland,2020-12,85.48,,
ESTAT:PRC_HICP_MINR(1.0),02/10/26 11:00:00,Monthly,"Index, 2025=100",Total,Finland,2021-01,85.86,,
ESTAT:PRC_HICP_MINR(1.0),02/10/26 11:00:00,Monthly,"Index, 2025=100",Total,Finland,2021-02,86.15,,
ESTAT:PRC_HICP_MINR(1.0),02/10/26 11:00:00,Monthly,"Index, 2025=100",Total,Finland,2021-03,86.42,,
ESTAT:PRC_HICP_MINR(1.0),02/10/26 11:00:00,Monthly,"Index, 2025=100",Total,Finland,2021-04,86.75,,
ESTAT:PRC_HICP_MINR(1.0),02/10/26 11:00:00,Monthly,"Index, 2025=100",Total,Finland,2021-05,86.78,,
ESTAT:PRC_HICP_MINR(1.0),02/10/26 11:00:00,Monthly,"Index, 2025=100",Total,Finland,2021-06,86.68,,
ESTAT:PRC_HICP_MINR(1.0),02/10/26 11:00:00,Monthly,"Index, 2025=100",Total,Finland,2021-07,86.85,,
ESTAT:PRC_HICP_MINR(1.0),02/10/26 11:00:00,Monthly,"Index, 2025=100",Total,Finland,2021-08,86.88,,
ESTAT:PRC_HICP_MINR(1.0),02/10/26 11:00:00,Monthly,"Index, 2025=100",Total,Finland,2021-09,87.09,,
ESTAT:PRC_HICP_MINR(1.0),02/10/26 11:00:00,Monthly,"Index, 2025=100",Total,Finland,2021-10,87.82,,
ESTAT:PRC_HICP_MINR(1.0),02/10/26 11:00:00,Monthly,"Index, 2025=100",Total,Finland,2021-11,88.29,,
ESTAT:PRC_HICP_MINR(1.0),02/10/26 11:00:00,Monthly,"Index, 2025=100",Total,Finland,2021-12,88.19,,
ESTAT:PRC_HICP_MINR(1.0),02/10/26 11:00:00,Monthly,"Index, 2025=100",Total,Finland,2022-01,89.42,,
ESTAT:PRC_HICP_MINR(1.0),02/10/26 11:00:00,Monthly,"Index, 2025=100",Total,Finland,2022-02,89.94,,
ESTAT:PRC_HICP_MINR(1.0),02/10/26 11:00:00,Monthly,"Index, 2025=100",Total,Finland,2022-03,91.42,,
ESTAT:PRC_HICP_MINR(1.0),02/10/26 11:00:00,Monthly,"Index, 2025=100",Total,Finland,2022-04,91.78,,
ESTAT:PRC_HICP_MINR(1.0),02/10/26 11:00:00,Monthly,"Index, 2025=100",Total,Finland,2022-05,92.97,,
ESTAT:PRC_HICP_MINR(1.0),02/10/26 11:00:00,Monthly,"Index, 2025=100",Total,Finland,2022-06,93.69,,
ESTAT:PRC_HICP_MINR(1.0),02/10/26 11:00:00,Monthly,"Index, 2025=100",Total,Finland,2022-07,93.83,,
ESTAT:PRC_HICP_MINR(1.0),02/10/26 11:00:00,Monthly,"Index, 2025=100",Total,Finland,2022-08,93.74,,
ESTAT:PRC_HICP_MINR(1.0),02/10/26 11:00:00,Monthly,"Index, 2025=100",Total,Finland,2022-09,94.41,,
ESTAT:PRC_HICP_MINR(1.0),02/10/26 11:00:00,Monthly,"Index, 2025=100",Total,Finland,2022-10,95.18,,
ESTAT:PRC_HICP_MINR(1.0),02/10/26 11:00:00,Monthly,"Index, 2025=100",Total,Finland,2022-11,96.29,,
ESTAT:PRC_HICP_MINR(1.0),02/10/26 11:00:00,Monthly,"Index, 2025=100",Total,Finland,2022-12,95.94,,
ESTAT:PRC_HICP_MINR(1.0),02/10/26 11:00:00,Monthly,"Index, 2025=100",Total,Finland,2023-01,96.46,,
ESTAT:PRC_HICP_MINR(1.0),02/10/26 11:00:00,Monthly,"Index, 2025=100",Total,Finland,2023-02,97.09,,
ESTAT:PRC_HICP_MINR(1.0),02/10/26 11:00:00,Monthly,"Index, 2025=100",Total,Finland,2023-03,97.52,,
ESTAT:PRC_HICP_MINR(1.0),02/10/26 11:00:00,Monthly,"Index, 2025=100",Total,Finland,2023-04,97.57,,
ESTAT:PRC_HICP_MINR(1.0),02/10/26 11:00:00,Monthly,"Index, 2025=100",Total,Finland,2023-05,97.64,,
ESTAT:PRC_HICP_MINR(1.0),02/10/26 11:00:00,Monthly,"Index, 2025=100",Total,Finland,2023-06,97.50,,
ESTAT:PRC_HICP_MINR(1.0),02/10/26 11:00:00,Monthly,"Index, 2025=100",Total,Finland,2023-07,97.76,,
ESTAT:PRC_HICP_MINR(1.0),02/10/26 11:00:00,Monthly,"Index, 2025=100",Total,Finland,2023-08,96.68,,
ESTAT:PRC_HICP_MINR(1.0),02/10/26 11:00:00,Monthly,"Index, 2025=100",Total,Finland,2023-09,97.26,,
ESTAT:PRC_HICP_MINR(1.0),02/10/26 11:00:00,Monthly,"Index, 2025=100",Total,Finland,2023-10,97.48,,
ESTAT:PRC_HICP_MINR(1.0),02/10/26 11:00:00,Monthly,"Index, 2025=100",Total,Finland,2023-11,96.99,,
ESTAT:PRC_HICP_MINR(1.0),02/10/26 11:00:00,Monthly,"Index, 2025=100",Total,Finland,2023-12,97.21,,
ESTAT:PRC_HICP_MINR(1.0),02/10/26 11:00:00,Monthly,"Index, 2025=100",Total,Finland,2024-01,97.54,,
ESTAT:PRC_HICP_MINR(1.0),02/10/26 11:00:00,Monthly,"Index, 2025=100",Total,Finland,2024-02,98.19,,
ESTAT:PRC_HICP_MINR(1.0),02/10/26 11:00:00,Monthly,"Index, 2025=100",Total,Finland,2024-03,98.06,,
ESTAT:PRC_HICP_MINR(1.0),02/10/26 11:00:00,Monthly,"Index, 2025=100",Total,Finland,2024-04,98.14,,
ESTAT:PRC_HICP_MINR(1.0),02/10/26 11:00:00,Monthly,"Index, 2025=100",Total,Finland,2024-05,98.08,,
ESTAT:PRC_HICP_MINR(1.0),02/10/26 11:00:00,Monthly,"Index, 2025=100",Total,Finland,2024-06,98.04,,
ESTAT:PRC_HICP_MINR(1.0),02/10/26 11:00:00,Monthly,"Index, 2025=100",Total,Finland,2024-07,98.28,,
ESTAT:PRC_HICP_MINR(1.0),02/10/26 11:00:00,Monthly,"Index, 2025=100",Total,Finland,2024-08,97.72,,
ESTAT:PRC_HICP_MINR(1.0),02/10/26 11:00:00,Monthly,"Index, 2025=100",Total,Finland,2024-09,98.18,,
ESTAT:PRC_HICP_MINR(1.0),02/10/26 11:00:00,Monthly,"Index, 2025=100",Total,Finland,2024-10,98.93,,
ESTAT:PRC_HICP_MINR(1.0),02/10/26 11:00:00,Monthly,"Index, 2025=100",Total,Finland,2024-11,98.66,,
ESTAT:PRC_HICP_MINR(1.0),02/10/26 11:00:00,Monthly,"Index, 2025=100",Total,Finland,2024-12,98.73,,
ESTAT:PRC_HICP_MINR(1.0),02/10/26 11:00:00,Monthly,"Index, 2025=100",Total,Finland,2025-01,99.23,,
ESTAT:PRC_HICP_MINR(1.0),02/10/26 11:00:00,Monthly,"Index, 2025=100",Total,Finland,2025-02,99.70,,
ESTAT:PRC_HICP_MINR(1.0),02/10/26 11:00:00,Monthly,"Index, 2025=100",Total,Finland,2025-03,99.83,,
ESTAT:PRC_HICP_MINR(1.0),02/10/26 11:00:00,Monthly,"Index, 2025=100",Total,Finland,2025-04,99.98,,
ESTAT:PRC_HICP_MINR(1.0),02/10/26 11:00:00,Monthly,"Index, 2025=100",Total,Finland,2025-05,100.06,,
ESTAT:PRC_HICP_MINR(1.0),02/10/26 11:00:00,Monthly,"Index, 2025=100",Total,Finland,2025-06,99.88,,
ESTAT:PRC_HICP_MINR(1.0),02/10/26 11:00:00,Monthly,"Index, 2025=100",Total,Finland,2025-07,100.19,,
ESTAT:PRC_HICP_MINR(1.0),02/10/26 11:00:00,Monthly,"Index, 2025=100",Total,Finland,2025-08,99.92,,
ESTAT:PRC_HICP_MINR(1.0),02/10/26 11:00:00,Monthly,"Index, 2025=100",Total,Finland,2025-09,100.38,,
ESTAT:PRC_HICP_MINR(1.0),02/10/26 11:00:00,Monthly,"Index, 2025=100",Total,Finland,2025-10,100.29,,
ESTAT:PRC_HICP_MINR(1.0),02/10/26 11:00:00,Monthly,"Index, 2025=100",Total,Finland,2025-11,100.15,,
ESTAT:PRC_HICP_MINR(1.0),02/10/26 11:00:00,Monthly,"Index, 2025=100",Total,Finland,2025-12,100.39,,
ESTAT:PRC_HICP_MINR(1.0),02/10/26 11:00:00,Monthly,"Index, 2025=100",Total,France,2006-01,69.89,e,
ESTAT:PRC_HICP_MINR(1.0),02/10/26 11:00:00,Monthly,"Index, 2025=100",Total,France,2006-02,70.16,e,
ESTAT:PRC_HICP_MINR(1.0),02/10/26 11:00:00,Monthly,"Index, 2025=100",Total,France,2006-03,70.47,e,
ESTAT:PRC_HICP_MINR(1.0),02/10/26 11:00:00,Monthly,"Index, 2025=100",Total,France,2006-04,70.79,e,
ESTAT:PRC_HICP_MINR(1.0),02/10/26 11:00:00,Monthly,"Index, 2025=100",Total,France,2006-05,71.09,e,
ESTAT:PRC_HICP_MINR(1.0),02/10/26 11:00:00,Monthly,"Index, 2025=100",Total,France,2006-06,71.09,e,
ESTAT:PRC_HICP_MINR(1.0),02/10/26 11:00:00,Monthly,"Index, 2025=100",Total,France,2006-07,70.95,e,
ESTAT:PRC_HICP_MINR(1.0),02/10/26 11:00:00,Monthly,"Index, 2025=100",Total,France,2006-08,71.19,e,
ESTAT:PRC_HICP_MINR(1.0),02/10/26 11:00:00,Monthly,"Index, 2025=100",Total,France,2006-09,71.04,e,
ESTAT:PRC_HICP_MINR(1.0),02/10/26 11:00:00,Monthly,"Index, 2025=100",Total,France,2006-10,70.88,e,
ESTAT:PRC_HICP_MINR(1.0),02/10/26 11:00:00,Monthly,"Index, 2025=100",Total,France,2006-11,70.96,e,
ESTAT:PRC_HICP_MINR(1.0),02/10/26 11:00:00,Monthly,"Index, 2025=100",Total,France,2006-12,71.14,e,
ESTAT:PRC_HICP_MINR(1.0),02/10/26 11:00:00,Monthly,"Index, 2025=100",Total,France,2007-01,70.86,e,
ESTAT:PRC_HICP_MINR(1.0),02/10/26 11:00:00,Monthly,"Index, 2025=100",Total,France,2007-02,71.01,e,
ESTAT:PRC_HICP_MINR(1.0),02/10/26 11:00:00,Monthly,"Index, 2025=100",Total,France,2007-03,71.34,e,
ESTAT:PRC_HICP_MINR(1.0),02/10/26 11:00:00,Monthly,"Index, 2025=100",Total,France,2007-04,71.72,e,
ESTAT:PRC_HICP_MINR(1.0),02/10/26 11:00:00,Monthly,"Index, 2025=100",Total,France,2007-05,71.91,e,
ESTAT:PRC_HICP_MINR(1.0),02/10/26 11:00:00,Monthly,"Index, 2025=100",Total,France,2007-06,72.02,e,
ESTAT:PRC_HICP_MINR(1.0),02/10/26 11:00:00,Monthly,"Index, 2025=100",Total,France,2007-07,71.79,e,
ESTAT:PRC_HICP_MINR(1.0),02/10/26 11:00:00,Monthly,"Index, 2025=100",Total,France,2007-08,72.09,e,
ESTAT:PRC_HICP_MINR(1.0),02/10/26 11:00:00,Monthly,"Index, 2025=100",Total,France,2007-09,72.19,e,
ESTAT:PRC_HICP_MINR(1.0),02/10/26 11:00:00,Monthly,"Index, 2025=100",Total,France,2007-10,72.39,e,
ESTAT:PRC_HICP_MINR(1.0),02/10/26 11:00:00,Monthly,"Index, 2025=100",Total,France,2007-11,72.83,e,
ESTAT:PRC_HICP_MINR(1.0),02/10/26 11:00:00,Monthly,"Index, 2025=100",Total,France,2007-12,73.13,e,
ESTAT:PRC_HICP_MINR(1.0),02/10/26 11:00:00,Monthly,"Index, 2025=100",Total,France,2008-01,73.12,e,
ESTAT:PRC_HICP_MINR(1.0),02/10/26 11:00:00,Monthly,"Index, 2025=100",Total,France,2008-02,73.28,e,
ESTAT:PRC_HICP_MINR(1.0),02/10/26 11:00:00,Monthly,"Index, 2025=100",Total,France,2008-03,73.86,e,
ESTAT:PRC_HICP_MINR(1.0),02/10/26 11:00:00,Monthly,"Index, 2025=100",Total,France,2008-04,74.14,e,
ESTAT:PRC_HICP_MINR(1.0),02/10/26 11:00:00,Monthly,"Index, 2025=100",Total,France,2008-05,74.57,e,
ESTAT:PRC_HICP_MINR(1.0),02/10/26 11:00:00,Monthly,"Index, 2025=100",Total,France,2008-06,74.89,e,
ESTAT:PRC_HICP_MINR(1.0),02/10/26 11:00:00,Monthly,"Index, 2025=100",Total,France,2008-07,74.68,e,
ESTAT:PRC_HICP_MINR(1.0),02/10/26 11:00:00,Monthly,"Index, 2025=100",Total,France,2008-08,74.64,e,
ESTAT:PRC_HICP_MINR(1.0),02/10/26 11:00:00,Monthly,"Index, 2025=100",Total,France,2008-09,74.61,e,
ESTAT:PRC_HICP_MINR(1.0),02/10/26 11:00:00,Monthly,"Index, 2025=100",Total,France,2008-10,74.57,e,
ESTAT:PRC_HICP_MINR(1.0),02/10/26 11:00:00,Monthly,"Index, 2025=100",Total,France,2008-11,74.19,e,
ESTAT:PRC_HICP_MINR(1.0),02/10/26 11:00:00,Monthly,"Index, 2025=100",Total,France,2008-12,74.00,e,
ESTAT:PRC_HICP_MINR(1.0),02/10/26 11:00:00,Monthly,"Index, 2025=100",Total,France,2009-01,73.68,e,
ESTAT:PRC_HICP_MINR(1.0),02/10/26 11:00:00,Monthly,"Index, 2025=100",Total,France,2009-02,73.99,e,
ESTAT:PRC_HICP_MINR(1.0),02/10/26 11:00:00,Monthly,"Index, 2025=100",Total,France,2009-03,74.13,e,
ESTAT:PRC_HICP_MINR(1.0),02/10/26 11:00:00,Monthly,"Index, 2025=100",Total,France,2009-04,74.25,e,
ESTAT:PRC_HICP_MINR(1.0),02/10/26 11:00:00,Monthly,"Index, 2025=100",Total,France,2009-05,74.36,e,
ESTAT:PRC_HICP_MINR(1.0),02/10/26 11:00:00,Monthly,"Index, 2025=100",Total,France,2009-06,74.46,e,
ESTAT:PRC_HICP_MINR(1.0),02/10/26 11:00:00,Monthly,"Index, 2025=100",Total,France,2009-07,74.09,e,
ESTAT:PRC_HICP_MINR(1.0),02/10/26 11:00:00,Monthly,"Index, 2025=100",Total,France,2009-08,74.50,e,
ESTAT:PRC_HICP_MINR(1.0),02/10/26 11:00:00,Monthly,"Index, 2025=100",Total,France,2009-09,74.33,e,
ESTAT:PRC_HICP_MINR(1.0),02/10/26 11:00:00,Monthly,"Index, 2025=100",Total,France,2009-10,74.41,e,
ESTAT:PRC_HICP_MINR(1.0),02/10/26 11:00:00,Monthly,"Index, 2025=100",Total,France,2009-11,74.53,e,
ESTAT:PRC_HICP_MINR(1.0),02/10/26 11:00:00,Monthly,"Index, 2025=100",Total,France,2009-12,74.75,e,
ESTAT:PRC_HICP_MINR(1.0),02/10/26 11:00:00,Monthly,"Index, 2025=100",Total,France,2010-01,74.57,e,
ESTAT:PRC_HICP_MINR(1.0),02/10/26 11:00:00,Monthly,"Index, 2025=100",Total,France,2010-02,75.03,e,
ESTAT:PRC_HICP_MINR(1.0),02/10/26 11:00:00,Monthly,"Index, 2025=100",Total,France,2010-03,75.43,e,
ESTAT:PRC_HICP_MINR(1.0),02/10/26 11:00:00,Monthly,"Index, 2025=100",Total,France,2010-04,75.65,e,
ESTAT:PRC_HICP_MINR(1.0),02/10/26 11:00:00,Monthly,"Index, 2025=100",Total,France,2010-05,75.76,e,
ESTAT:PRC_HICP_MINR(1.0),02/10/26 11:00:00,Monthly,"Index, 2025=100",Total,France,2010-06,75.76,e,
ESTAT:PRC_HICP_MINR(1.0),02/10/26 11:00:00,Monthly,"Index, 2025=100",Total,France,2010-07,75.50,e,
ESTAT:PRC_HICP_MINR(1.0),02/10/26 11:00:00,Monthly,"Index, 2025=100",Total,France,2010-08,75.69,e,
ESTAT:PRC_HICP_MINR(1.0),02/10/26 11:00:00,Monthly,"Index, 2025=100",Total,France,2010-09,75.66,e,
ESTAT:PRC_HICP_MINR(1.0),02/10/26 11:00:00,Monthly,"Index, 2025=100",Total,France,2010-10,75.78,e,
ESTAT:PRC_HICP_MINR(1.0),02/10/26 11:00:00,Monthly,"Index, 2025=100",Total,France,2010-11,75.88,e,
ESTAT:PRC_HICP_MINR(1.0),02/10/26 11:00:00,Monthly,"Index, 2025=100",Total,France,2010-12,76.25,e,
ESTAT:PRC_HICP_MINR(1.0),02/10/26 11:00:00,Monthly,"Index, 2025=100",Total,France,2011-01,76.03,e,
ESTAT:PRC_HICP_MINR(1.0),02/10/26 11:00:00,Monthly,"Index, 2025=100",Total,France,2011-02,76.40,e,
ESTAT:PRC_HICP_MINR(1.0),02/10/26 11:00:00,Monthly,"Index, 2025=100",Total,France,2011-03,77.07,e,
ESTAT:PRC_HICP_MINR(1.0),02/10/26 11:00:00,Monthly,"Index, 2025=100",Total,France,2011-04,77.35,e,
ESTAT:PRC_HICP_MINR(1.0),02/10/26 11:00:00,Monthly,"Index, 2025=100",Total,France,2011-05,77.40,e,
ESTAT:PRC_HICP_MINR(1.0),02/10/26 11:00:00,Monthly,"Index, 2025=100",Total,France,2011-06,77.47,e,
ESTAT:PRC_HICP_MINR(1.0),02/10/26 11:00:00,Monthly,"Index, 2025=100",Total,France,2011-07,77.08,e,
ESTAT:PRC_HICP_MINR(1.0),02/10/26 11:00:00,Monthly,"Index, 2025=100",Total,France,2011-08,77.52,e,
ESTAT:PRC_HICP_MINR(1.0),02/10/26 11:00:00,Monthly,"Index, 2025=100",Total,France,2011-09,77.50,e,
ESTAT:PRC_HICP_MINR(1.0),02/10/26 11:00:00,Monthly,"Index, 2025=100",Total,France,2011-10,77.70,e,
ESTAT:PRC_HICP_MINR(1.0),02/10/26 11:00:00,Monthly,"Index, 2025=100",Total,France,2011-11,77.94,e,
ESTAT:PRC_HICP_MINR(1.0),02/10/26 11:00:00,Monthly,"Index, 2025=100",Total,France,2011-12,78.29,e,
ESTAT:PRC_HICP_MINR(1.0),02/10/26 11:00:00,Monthly,"Index, 2025=100",Total,France,2012-01,77.98,e,
ESTAT:PRC_HICP_MINR(1.0),02/10/26 11:00:00,Monthly,"Index, 2025=100",Total,France,2012-02,78.35,e,
ESTAT:PRC_HICP_MINR(1.0),02/10/26 11:00:00,Monthly,"Index, 2025=100",Total,France,2012-03,79.07,e,
ESTAT:PRC_HICP_MINR(1.0),02/10/26 11:00:00,Monthly,"Index, 2025=100",Total,France,2012-04,79.21,e,
ESTAT:PRC_HICP_MINR(1.0),02/10/26 11:00:00,Monthly,"Index, 2025=100",Total,France,2012-05,79.17,e,
ESTAT:PRC_HICP_MINR(1.0),02/10/26 11:00:00,Monthly,"Index, 2025=100",Total,France,2012-06,79.21,e,
ESTAT:PRC_HICP_MINR(1.0),02/10/26 11:00:00,Monthly,"Index, 2025=100",Total,France,2012-07,78.80,e,
ESTAT:PRC_HICP_MINR(1.0),02/10/26 11:00:00,Monthly,"Index, 2025=100",Total,France,2012-08,79.37,e,
ESTAT:PRC_HICP_MINR(1.0),02/10/26 11:00:00,Monthly,"Index, 2025=100",Total,France,2012-09,79.17,e,
ESTAT:PRC_HICP_MINR(1.0),02/10/26 11:00:00,Monthly,"Index, 2025=100",Total,France,2012-10,79.33,e,
ESTAT:PRC_HICP_MINR(1.0),02/10/26 11:00:00,Monthly,"Index, 2025=100",Total,France,2012-11,79.19,e,
ESTAT:PRC_HICP_MINR(1.0),02/10/26 11:00:00,Monthly,"Index, 2025=100",Total,France,2012-12,79.49,e,
ESTAT:PRC_HICP_MINR(1.0),02/10/26 11:00:00,Monthly,"Index, 2025=100",Total,France,2013-01,79.03,e,
ESTAT:PRC_HICP_MINR(1.0),02/10/26 11:00:00,Monthly,"Index, 2025=100",Total,France,2013-02,79.28,e,
ESTAT:PRC_HICP_MINR(1.0),02/10/26 11:00:00,Monthly,"Index, 2025=100",Total,France,2013-03,79.93,e,
ESTAT:PRC_HICP_MINR(1.0),02/10/26 11:00:00,Monthly,"Index, 2025=100",Total,France,2013-04,79.84,e,
ESTAT:PRC_HICP_MINR(1.0),02/10/26 11:00:00,Monthly,"Index, 2025=100",Total,France,2013-05,79.88,e,
ESTAT:PRC_HICP_MINR(1.0),02/10/26 11:00:00,Monthly,"Index, 2025=100",Total,France,2013-06,80.02,e,
ESTAT:PRC_HICP_MINR(1.0),02/10/26 11:00:00,Monthly,"Index, 2025=100",Total,France,2013-07,79.74,e,
ESTAT:PRC_HICP_MINR(1.0),02/10/26 11:00:00,Monthly,"Index, 2025=100",Total,France,2013-08,80.14,e,
ESTAT:PRC_HICP_MINR(1.0),02/10/26 11:00:00,Monthly,"Index, 2025=100",Total,France,2013-09,79.98,e,
ESTAT:PRC_HICP_MINR(1.0),02/10/26 11:00:00,Monthly,"Index, 2025=100",Total,France,2013-10,79.88,e,
ESTAT:PRC_HICP_MINR(1.0),02/10/26 11:00:00,Monthly,"Index, 2025=100",Total,France,2013-11,79.85,e,
ESTAT:PRC_HICP_MINR(1.0),02/10/26 11:00:00,Monthly,"Index, 2025=100",Total,France,2013-12,80.15,e,
ESTAT:PRC_HICP_MINR(1.0),02/10/26 11:00:00,Monthly,"Index, 2025=100",Total,France,2014-01,79.64,e,
ESTAT:PRC_HICP_MINR(1.0),02/10/26 11:00:00,Monthly,"Index, 2025=100",Total,France,2014-02,80.13,e,
ESTAT:PRC_HICP_MINR(1.0),02/10/26 11:00:00,Monthly,"Index, 2025=100",Total,France,2014-03,80.54,e,
ESTAT:PRC_HICP_MINR(1.0),02/10/26 11:00:00,Monthly,"Index, 2025=100",Total,France,2014-04,80.51,e,
ESTAT:PRC_HICP_MINR(1.0),02/10/26 11:00:00,Monthly,"Index, 2025=100",Total,France,2014-05,80.54,e,
ESTAT:PRC_HICP_MINR(1.0),02/10/26 11:00:00,Monthly,"Index, 2025=100",Total,France,2014-06,80.50,e,
ESTAT:PRC_HICP_MINR(1.0),02/10/26 11:00:00,Monthly,"Index, 2025=100",Total,France,2014-07,80.19,e,
ESTAT:PRC_HICP_MINR(1.0),02/10/26 11:00:00,Monthly,"Index, 2025=100",Total,France,2014-08,80.57,e,
ESTAT:PRC_HICP_MINR(1.0),02/10/26 11:00:00,Monthly,"Index, 2025=100",Total,France,2014-09,80.27,e,
ESTAT:PRC_HICP_MINR(1.0),02/10/26 11:00:00,Monthly,"Index, 2025=100",Total,France,2014-10,80.30,e,
ESTAT:PRC_HICP_MINR(1.0),02/10/26 11:00:00,Monthly,"Index, 2025=100",Total,France,2014-11,80.17,e,
ESTAT:PRC_HICP_MINR(1.0),02/10/26 11:00:00,Monthly,"Index, 2025=100",Total,France,2014-12,80.22,e,
ESTAT:PRC_HICP_MINR(1.0),02/10/26 11:00:00,Monthly,"Index, 2025=100",Total,France,2015-01,79.32,e,
ESTAT:PRC_HICP_MINR(1.0),02/10/26 11:00:00,Monthly,"Index, 2025=100",Total,France,2015-02,79.90,e,
ESTAT:PRC_HICP_MINR(1.0),02/10/26 11:00:00,Monthly,"Index, 2025=100",Total,France,2015-03,80.50,e,
ESTAT:PRC_HICP_MINR(1.0),02/10/26 11:00:00,Monthly,"Index, 2025=100",Total,France,2015-04,80.61,e,
ESTAT:PRC_HICP_MINR(1.0),02/10/26 11:00:00,Monthly,"Index, 2025=100",Total,France,2015-05,80.81,e,
ESTAT:PRC_HICP_MINR(1.0),02/10/26 11:00:00,Monthly,"Index, 2025=100",Total,France,2015-06,80.76,e,
ESTAT:PRC_HICP_MINR(1.0),02/10/26 11:00:00,Monthly,"Index, 2025=100",Total,France,2015-07,80.36,e,
ESTAT:PRC_HICP_MINR(1.0),02/10/26 11:00:00,Monthly,"Index, 2025=100",Total,France,2015-08,80.65,e,
ESTAT:PRC_HICP_MINR(1.0),02/10/26 11:00:00,Monthly,"Index, 2025=100",Total,France,2015-09,80.36,e,
ESTAT:PRC_HICP_MINR(1.0),02/10/26 11:00:00,Monthly,"Index, 2025=100",Total,France,2015-10,80.42,e,
ESTAT:PRC_HICP_MINR(1.0),02/10/26 11:00:00,Monthly,"Index, 2025=100",Total,France,2015-11,80.26,e,
ESTAT:PRC_HICP_MINR(1.0),02/10/26 11:00:00,Monthly,"Index, 2025=100",Total,France,2015-12,80.44,e,
ESTAT:PRC_HICP_MINR(1.0),02/10/26 11:00:00,Monthly,"Index, 2025=100",Total,France,2016-01,79.58,,
ESTAT:PRC_HICP_MINR(1.0),02/10/26 11:00:00,Monthly,"Index, 2025=100",Total,France,2016-02,79.81,,
ESTAT:PRC_HICP_MINR(1.0),02/10/26 11:00:00,Monthly,"Index, 2025=100",Total,France,2016-03,80.43,,
ESTAT:PRC_HICP_MINR(1.0),02/10/26 11:00:00,Monthly,"Index, 2025=100",Total,France,2016-04,80.51,,
ESTAT:PRC_HICP_MINR(1.0),02/10/26 11:00:00,Monthly,"Index, 2025=100",Total,France,2016-05,80.89,,
ESTAT:PRC_HICP_MINR(1.0),02/10/26 11:00:00,Monthly,"Index, 2025=100",Total,France,2016-06,81.01,,
ESTAT:PRC_HICP_MINR(1.0),02/10/26 11:00:00,Monthly,"Index, 2025=100",Total,France,2016-07,80.68,,
ESTAT:PRC_HICP_MINR(1.0),02/10/26 11:00:00,Monthly,"Index, 2025=100",Total,France,2016-08,80.96,,
ESTAT:PRC_HICP_MINR(1.0),02/10/26 11:00:00,Monthly,"Index, 2025=100",Total,France,2016-09,80.77,,
ESTAT:PRC_HICP_MINR(1.0),02/10/26 11:00:00,Monthly,"Index, 2025=100",Total,France,2016-10,80.80,,
ESTAT:PRC_HICP_MINR(1.0),02/10/26 11:00:00,Monthly,"Index, 2025=100",Total,France,2016-11,80.81,,
ESTAT:PRC_HICP_MINR(1.0),02/10/26 11:00:00,Monthly,"Index, 2025=100",Total,France,2016-12,81.09,,
ESTAT:PRC_HICP_MINR(1.0),02/10/26 11:00:00,Monthly,"Index, 2025=100",Total,France,2017-01,80.83,,
ESTAT:PRC_HICP_MINR(1.0),02/10/26 11:00:00,Monthly,"Index, 2025=100",Total,France,2017-02,80.95,,
ESTAT:PRC_HICP_MINR(1.0),02/10/26 11:00:00,Monthly,"Index, 2025=100",Total,France,2017-03,81.55,,
ESTAT:PRC_HICP_MINR(1.0),02/10/26 11:00:00,Monthly,"Index, 2025=100",Total,France,2017-04,81.63,,
ESTAT:PRC_HICP_MINR(1.0),02/10/26 11:00:00,Monthly,"Index, 2025=100",Total,France,2017-05,81.65,,
ESTAT:PRC_HICP_MINR(1.0),02/10/26 11:00:00,Monthly,"Index, 2025=100",Total,France,2017-06,81.64,,
ESTAT:PRC_HICP_MINR(1.0),02/10/26 11:00:00,Monthly,"Index, 2025=100",Total,France,2017-07,81.30,,
ESTAT:PRC_HICP_MINR(1.0),02/10/26 11:00:00,Monthly,"Index, 2025=100",Total,France,2017-08,81.76,,
ESTAT:PRC_HICP_MINR(1.0),02/10/26 11:00:00,Monthly,"Index, 2025=100",Total,France,2017-09,81.63,,
ESTAT:PRC_HICP_MINR(1.0),02/10/26 11:00:00,Monthly,"Index, 2025=100",Total,France,2017-10,81.73,,
ESTAT:PRC_HICP_MINR(1.0),02/10/26 11:00:00,Monthly,"Index, 2025=100",Total,France,2017-11,81.81,,
ESTAT:PRC_HICP_MINR(1.0),02/10/26 11:00:00,Monthly,"Index, 2025=100",Total,France,2017-12,82.10,,
ESTAT:PRC_HICP_MINR(1.0),02/10/26 11:00:00,Monthly,"Index, 2025=100",Total,France,2018-01,82.02,,
ESTAT:PRC_HICP_MINR(1.0),02/10/26 11:00:00,Monthly,"Index, 2025=100",Total,France,2018-02,82.02,,
ESTAT:PRC_HICP_MINR(1.0),02/10/26 11:00:00,Monthly,"Index, 2025=100",Total,France,2018-03,82.96,,
ESTAT:PRC_HICP_MINR(1.0),02/10/26 11:00:00,Monthly,"Index, 2025=100",Total,France,2018-04,83.12,,
ESTAT:PRC_HICP_MINR(1.0),02/10/26 11:00:00,Monthly,"Index, 2025=100",Total,France,2018-05,83.51,,
ESTAT:PRC_HICP_MINR(1.0),02/10/26 11:00:00,Monthly,"Index, 2025=100",Total,France,2018-06,83.53,,
ESTAT:PRC_HICP_MINR(1.0),02/10/26 11:00:00,Monthly,"Index, 2025=100",Total,France,2018-07,83.42,,
ESTAT:PRC_HICP_MINR(1.0),02/10/26 11:00:00,Monthly,"Index, 2025=100",Total,France,2018-08,83.86,,
ESTAT:PRC_HICP_MINR(1.0),02/10/26 11:00:00,Monthly,"Index, 2025=100",Total,France,2018-09,83.67,,
ESTAT:PRC_HICP_MINR(1.0),02/10/26 11:00:00,Monthly,"Index, 2025=100",Total,France,2018-10,83.77,,
ESTAT:PRC_HICP_MINR(1.0),02/10/26 11:00:00,Monthly,"Index, 2025=100",Total,France,2018-11,83.58,,
ESTAT:PRC_HICP_MINR(1.0),02/10/26 11:00:00,Monthly,"Index, 2025=100",Total,France,2018-12,83.66,,
ESTAT:PRC_HICP_MINR(1.0),02/10/26 11:00:00,Monthly,"Index, 2025=100",Total,France,2019-01,83.20,,
ESTAT:PRC_HICP_MINR(1.0),02/10/26 11:00:00,Monthly,"Index, 2025=100",Total,France,2019-02,83.29,,
ESTAT:PRC_HICP_MINR(1.0),02/10/26 11:00:00,Monthly,"Index, 2025=100",Total,France,2019-03,84.02,,
ESTAT:PRC_HICP_MINR(1.0),02/10/26 11:00:00,Monthly,"Index, 2025=100",Total,France,2019-04,84.32,,
ESTAT:PRC_HICP_MINR(1.0),02/10/26 11:00:00,Monthly,"Index, 2025=100",Total,France,2019-05,84.43,,
ESTAT:PRC_HICP_MINR(1.0),02/10/26 11:00:00,Monthly,"Index, 2025=100",Total,France,2019-06,84.67,,
ESTAT:PRC_HICP_MINR(1.0),02/10/26 11:00:00,Monthly,"Index, 2025=100",Total,France,2019-07,84.48,,
ESTAT:PRC_HICP_MINR(1.0),02/10/26 11:00:00,Monthly,"Index, 2025=100",Total,France,2019-08,84.93,,
ESTAT:PRC_HICP_MINR(1.0),02/10/26 11:00:00,Monthly,"Index, 2025=100",Total,France,2019-09,84.61,,
ESTAT:PRC_HICP_MINR(1.0),02/10/26 11:00:00,Monthly,"Index, 2025=100",Total,France,2019-10,84.54,,
ESTAT:PRC_HICP_MINR(1.0),02/10/26 11:00:00,Monthly,"Index, 2025=100",Total,France,2019-11,84.60,,
ESTAT:PRC_HICP_MINR(1.0),02/10/26 11:00:00,Monthly,"Index, 2025=100",Total,France,2019-12,85.01,,
ESTAT:PRC_HICP_MINR(1.0),02/10/26 11:00:00,Monthly,"Index, 2025=100",Total,France,2020-01,84.58,,
ESTAT:PRC_HICP_MINR(1.0),02/10/26 11:00:00,Monthly,"Index, 2025=100",Total,France,2020-02,84.60,,
ESTAT:PRC_HICP_MINR(1.0),02/10/26 11:00:00,Monthly,"Index, 2025=100",Total,France,2020-03,84.66,,
ESTAT:PRC_HICP_MINR(1.0),02/10/26 11:00:00,Monthly,"Index, 2025=100",Total,France,2020-04,84.64,,
ESTAT:PRC_HICP_MINR(1.0),02/10/26 11:00:00,Monthly,"Index, 2025=100",Total,France,2020-05,84.78,,
ESTAT:PRC_HICP_MINR(1.0),02/10/26 11:00:00,Monthly,"Index, 2025=100",Total,France,2020-06,84.85,,
ESTAT:PRC_HICP_MINR(1.0),02/10/26 11:00:00,Monthly,"Index, 2025=100",Total,France,2020-07,85.19,,
ESTAT:PRC_HICP_MINR(1.0),02/10/26 11:00:00,Monthly,"Index, 2025=100",Total,France,2020-08,85.10,,
ESTAT:PRC_HICP_MINR(1.0),02/10/26 11:00:00,Monthly,"Index, 2025=100",Total,France,2020-09,84.62,,
ESTAT:PRC_HICP_MINR(1.0),02/10/26 11:00:00,Monthly,"Index, 2025=100",Total,France,2020-10,84.60,,
ESTAT:PRC_HICP_MINR(1.0),02/10/26 11:00:00,Monthly,"Index, 2025=100",Total,France,2020-11,84.79,,
ESTAT:PRC_HICP_MINR(1.0),02/10/26 11:00:00,Monthly,"Index, 2025=100",Total,France,2020-12,84.99,,
ESTAT:PRC_HICP_MINR(1.0),02/10/26 11:00:00,Monthly,"Index, 2025=100",Total,France,2021-01,85.22,,
ESTAT:PRC_HICP_MINR(1.0),02/10/26 11:00:00,Monthly,"Index, 2025=100",Total,France,2021-02,85.24,,
ESTAT:PRC_HICP_MINR(1.0),02/10/26 11:00:00,Monthly,"Index, 2025=100",Total,France,2021-03,85.83,,
ESTAT:PRC_HICP_MINR(1.0),02/10/26 11:00:00,Monthly,"Index, 2025=100",Total,France,2021-04,86.01,,
ESTAT:PRC_HICP_MINR(1.0),02/10/26 11:00:00,Monthly,"Index, 2025=100",Total,France,2021-05,86.30,,
ESTAT:PRC_HICP_MINR(1.0),02/10/26 11:00:00,Monthly,"Index, 2025=100",Total,France,2021-06,86.45,,
ESTAT:PRC_HICP_MINR(1.0),02/10/26 11:00:00,Monthly,"Index, 2025=100",Total,France,2021-07,86.51,,
ESTAT:PRC_HICP_MINR(1.0),02/10/26 11:00:00,Monthly,"Index, 2025=100",Total,France,2021-08,87.10,,
ESTAT:PRC_HICP_MINR(1.0),02/10/26 11:00:00,Monthly,"Index, 2025=100",Total,France,2021-09,86.93,,
ESTAT:PRC_HICP_MINR(1.0),02/10/26 11:00:00,Monthly,"Index, 2025=100",Total,France,2021-10,87.31,,
ESTAT:PRC_HICP_MINR(1.0),02/10/26 11:00:00,Monthly,"Index, 2025=100",Total,France,2021-11,87.67,,
ESTAT:PRC_HICP_MINR(1.0),02/10/26 11:00:00,Monthly,"Index, 2025=100",Total,France,2021-12,87.87,,
ESTAT:PRC_HICP_MINR(1.0),02/10/26 11:00:00,Monthly,"Index, 2025=100",Total,France,2022-01,88.01,,
ESTAT:PRC_HICP_MINR(1.0),02/10/26 11:00:00,Monthly,"Index, 2025=100",Total,France,2022-02,88.80,,
ESTAT:PRC_HICP_MINR(1.0),02/10/26 11:00:00,Monthly,"Index, 2025=100",Total,France,2022-03,90.22,,
ESTAT:PRC_HICP_MINR(1.0),02/10/26 11:00:00,Monthly,"Index, 2025=100",Total,France,2022-04,90.64,,
ESTAT:PRC_HICP_MINR(1.0),02/10/26 11:00:00,Monthly,"Index, 2025=100",Total,France,2022-05,91.32,,
ESTAT:PRC_HICP_MINR(1.0),02/10/26 11:00:00,Monthly,"Index, 2025=100",Total,France,2022-06,92.10,,
ESTAT:PRC_HICP_MINR(1.0),02/10/26 11:00:00,Monthly,"Index, 2025=100",Total,France,2022-07,92.38,,
ESTAT:PRC_HICP_MINR(1.0),02/10/26 11:00:00,Monthly,"Index, 2025=100",Total,France,2022-08,92.81,,
ESTAT:PRC_HICP_MINR(1.0),02/10/26 11:00:00,Monthly,"Index, 2025=100",Total,France,2022-09,92.34,,
ESTAT:PRC_HICP_MINR(1.0),02/10/26 11:00:00,Monthly,"Index, 2025=100",Total,France,2022-10,93.49,,
ESTAT:PRC_HICP_MINR(1.0),02/10/26 11:00:00,Monthly,"Index, 2025=100",Total,France,2022-11,93.88,,
ESTAT:PRC_HICP_MINR(1.0),02/10/26 11:00:00,Monthly,"Index, 2025=100",Total,France,2022-12,93.79,,
ESTAT:PRC_HICP_MINR(1.0),02/10/26 11:00:00,Monthly,"Index, 2025=100",Total,France,2023-01,94.20,,
ESTAT:PRC_HICP_MINR(1.0),02/10/26 11:00:00,Monthly,"Index, 2025=100",Total,France,2023-02,95.27,,
ESTAT:PRC_HICP_MINR(1.0),02/10/26 11:00:00,Monthly,"Index, 2025=100",Total,France,2023-03,96.25,,
ESTAT:PRC_HICP_MINR(1.0),02/10/26 11:00:00,Monthly,"Index, 2025=100",Total,France,2023-04,96.88,,
ESTAT:PRC_HICP_MINR(1.0),02/10/26 11:00:00,Monthly,"Index, 2025=100",Total,France,2023-05,96.81,,
ESTAT:PRC_HICP_MINR(1.0),02/10/26 11:00:00,Monthly,"Index, 2025=100",Total,France,2023-06,97.01,,
ESTAT:PRC_HICP_MINR(1.0),02/10/26 11:00:00,Monthly,"Index, 2025=100",Total,France,2023-07,97.06,,
ESTAT:PRC_HICP_MINR(1.0),02/10/26 11:00:00,Monthly,"Index, 2025=100",Total,France,2023-08,98.13,,
ESTAT:PRC_HICP_MINR(1.0),02/10/26 11:00:00,Monthly,"Index, 2025=100",Total,France,2023-09,97.57,,
ESTAT:PRC_HICP_MINR(1.0),02/10/26 11:00:00,Monthly,"Index, 2025=100",Total,France,2023-10,97.74,,
ESTAT:PRC_HICP_MINR(1.0),02/10/26 11:00:00,Monthly,"Index, 2025=100",Total,France,2023-11,97.50,,
ESTAT:PRC_HICP_MINR(1.0),02/10/26 11:00:00,Monthly,"Index, 2025=100",Total,France,2023-12,97.64,,
ESTAT:PRC_HICP_MINR(1.0),02/10/26 11:00:00,Monthly,"Index, 2025=100",Total,France,2024-01,97.41,,
ESTAT:PRC_HICP_MINR(1.0),02/10/26 11:00:00,Monthly,"Index, 2025=100",Total,France,2024-02,98.33,,
ESTAT:PRC_HICP_MINR(1.0),02/10/26 11:00:00,Monthly,"Index, 2025=100",Total,France,2024-03,98.57,,
ESTAT:PRC_HICP_MINR(1.0),02/10/26 11:00:00,Monthly,"Index, 2025=100",Total,France,2024-04,99.18,,
ESTAT:PRC_HICP_MINR(1.0),02/10/26 11:00:00,Monthly,"Index, 2025=100",Total,France,2024-05,99.32,,
ESTAT:PRC_HICP_MINR(1.0),02/10/26 11:00:00,Monthly,"Index, 2025=100",Total,France,2024-06,99.48,,
ESTAT:PRC_HICP_MINR(1.0),02/10/26 11:00:00,Monthly,"Index, 2025=100",Total,France,2024-07,99.68,,
ESTAT:PRC_HICP_MINR(1.0),02/10/26 11:00:00,Monthly,"Index, 2025=100",Total,France,2024-08,100.27,,
ESTAT:PRC_HICP_MINR(1.0),02/10/26 11:00:00,Monthly,"Index, 2025=100",Total,France,2024-09,98.97,,
ESTAT:PRC_HICP_MINR(1.0),02/10/26 11:00:00,Monthly,"Index, 2025=100",Total,France,2024-10,99.28,,
ESTAT:PRC_HICP_MINR(1.0),02/10/26 11:00:00,Monthly,"Index, 2025=100",Total,France,2024-11,99.14,,
ESTAT:PRC_HICP_MINR(1.0),02/10/26 11:00:00,Monthly,"Index, 2025=100",Total,France,2024-12,99.35,,
ESTAT:PRC_HICP_MINR(1.0),02/10/26 11:00:00,Monthly,"Index, 2025=100",Total,France,2025-01,99.19,,
ESTAT:PRC_HICP_MINR(1.0),02/10/26 11:00:00,Monthly,"Index, 2025=100",Total,France,2025-02,99.24,,
ESTAT:PRC_HICP_MINR(1.0),02/10/26 11:00:00,Monthly,"Index, 2025=100",Total,France,2025-03,99.44,,
ESTAT:PRC_HICP_MINR(1.0),02/10/26 11:00:00,Monthly,"Index, 2025=100",Total,France,2025-04,100.09,,
ESTAT:PRC_HICP_MINR(1.0),02/10/26 11:00:00,Monthly,"Index, 2025=100",Total,France,2025-05,99.91,,
ESTAT:PRC_HICP_MINR(1.0),02/10/26 11:00:00,Monthly,"Index, 2025=100",Total,France,2025-06,100.33,,
ESTAT:PRC_HICP_MINR(1.0),02/10/26 11:00:00,Monthly,"Index, 2025=100",Total,France,2025-07,100.62,,
ESTAT:PRC_HICP_MINR(1.0),02/10/26 11:00:00,Monthly,"Index, 2025=100",Total,France,2025-08,101.10,,
ESTAT:PRC_HICP_MINR(1.0),02/10/26 11:00:00,Monthly,"Index, 2025=100",Total,France,2025-09,100.03,,
ESTAT:PRC_HICP_MINR(1.0),02/10/26 11:00:00,Monthly,"Index, 2025=100",Total,France,2025-10,100.12,,
ESTAT:PRC_HICP_MINR(1.0),02/10/26 11:00:00,Monthly,"Index, 2025=100",Total,France,2025-11,99.92,,
ESTAT:PRC_HICP_MINR(1.0),02/10/26 11:00:00,Monthly,"Index, 2025=100",Total,France,2025-12,100.00,,
ESTAT:PRC_HICP_MINR(1.0),02/10/26 11:00:00,Monthly,"Index, 2025=100",Total,Croatia,2006-01,58.94,,
ESTAT:PRC_HICP_MINR(1.0),02/10/26 11:00:00,Monthly,"Index, 2025=100",Total,Croatia,2006-02,59.34,,
ESTAT:PRC_HICP_MINR(1.0),02/10/26 11:00:00,Monthly,"Index, 2025=100",Total,Croatia,2006-03,59.52,,
ESTAT:PRC_HICP_MINR(1.0),02/10/26 11:00:00,Monthly,"Index, 2025=100",Total,Croatia,2006-04,59.91,,
ESTAT:PRC_HICP_MINR(1.0),02/10/26 11:00:00,Monthly,"Index, 2025=100",Total,Croatia,2006-05,60.28,,
ESTAT:PRC_HICP_MINR(1.0),02/10/26 11:00:00,Monthly,"Index, 2025=100",Total,Croatia,2006-06,60.49,,
ESTAT:PRC_HICP_MINR(1.0),02/10/26 11:00:00,Monthly,"Index, 2025=100",Total,Croatia,2006-07,60.04,,
ESTAT:PRC_HICP_MINR(1.0),02/10/26 11:00:00,Monthly,"Index, 2025=100",Total,Croatia,2006-08,60.06,,
ESTAT:PRC_HICP_MINR(1.0),02/10/26 11:00:00,Monthly,"Index, 2025=100",Total,Croatia,2006-09,59.78,,
ESTAT:PRC_HICP_MINR(1.0),02/10/26 11:00:00,Monthly,"Index, 2025=100",Total,Croatia,2006-10,59.72,,
ESTAT:PRC_HICP_MINR(1.0),02/10/26 11:00:00,Monthly,"Index, 2025=100",Total,Croatia,2006-11,59.93,,
ESTAT:PRC_HICP_MINR(1.0),02/10/26 11:00:00,Monthly,"Index, 2025=100",Total,Croatia,2006-12,59.95,,
ESTAT:PRC_HICP_MINR(1.0),02/10/26 11:00:00,Monthly,"Index, 2025=100",Total,Croatia,2007-01,60.09,,
ESTAT:PRC_HICP_MINR(1.0),02/10/26 11:00:00,Monthly,"Index, 2025=100",Total,Croatia,2007-02,60.25,,
ESTAT:PRC_HICP_MINR(1.0),02/10/26 11:00:00,Monthly,"Index, 2025=100",Total,Croatia,2007-03,60.70,,
ESTAT:PRC_HICP_MINR(1.0),02/10/26 11:00:00,Monthly,"Index, 2025=100",Total,Croatia,2007-04,61.13,,
ESTAT:PRC_HICP_MINR(1.0),02/10/26 11:00:00,Monthly,"Index, 2025=100",Total,Croatia,2007-05,61.46,,
ESTAT:PRC_HICP_MINR(1.0),02/10/26 11:00:00,Monthly,"Index, 2025=100",Total,Croatia,2007-06,61.32,,
ESTAT:PRC_HICP_MINR(1.0),02/10/26 11:00:00,Monthly,"Index, 2025=100",Total,Croatia,2007-07,61.06,,
ESTAT:PRC_HICP_MINR(1.0),02/10/26 11:00:00,Monthly,"Index, 2025=100",Total,Croatia,2007-08,61.39,,
ESTAT:PRC_HICP_MINR(1.0),02/10/26 11:00:00,Monthly,"Index, 2025=100",Total,Croatia,2007-09,61.81,,
ESTAT:PRC_HICP_MINR(1.0),02/10/26 11:00:00,Monthly,"Index, 2025=100",Total,Croatia,2007-10,62.04,,
ESTAT:PRC_HICP_MINR(1.0),02/10/26 11:00:00,Monthly,"Index, 2025=100",Total,Croatia,2007-11,62.61,,
ESTAT:PRC_HICP_MINR(1.0),02/10/26 11:00:00,Monthly,"Index, 2025=100",Total,Croatia,2007-12,63.19,,
ESTAT:PRC_HICP_MINR(1.0),02/10/26 11:00:00,Monthly,"Index, 2025=100",Total,Croatia,2008-01,63.55,,
ESTAT:PRC_HICP_MINR(1.0),02/10/26 11:00:00,Monthly,"Index, 2025=100",Total,Croatia,2008-02,63.52,,
ESTAT:PRC_HICP_MINR(1.0),02/10/26 11:00:00,Monthly,"Index, 2025=100",Total,Croatia,2008-03,63.95,,
ESTAT:PRC_HICP_MINR(1.0),02/10/26 11:00:00,Monthly,"Index, 2025=100",Total,Croatia,2008-04,64.44,,
ESTAT:PRC_HICP_MINR(1.0),02/10/26 11:00:00,Monthly,"Index, 2025=100",Total,Croatia,2008-05,65.21,,
ESTAT:PRC_HICP_MINR(1.0),02/10/26 11:00:00,Monthly,"Index, 2025=100",Total,Croatia,2008-06,65.79,,
ESTAT:PRC_HICP_MINR(1.0),02/10/26 11:00:00,Monthly,"Index, 2025=100",Total,Croatia,2008-07,65.95,,
ESTAT:PRC_HICP_MINR(1.0),02/10/26 11:00:00,Monthly,"Index, 2025=100",Total,Croatia,2008-08,65.75,,
ESTAT:PRC_HICP_MINR(1.0),02/10/26 11:00:00,Monthly,"Index, 2025=100",Total,Croatia,2008-09,65.68,,
ESTAT:PRC_HICP_MINR(1.0),02/10/26 11:00:00,Monthly,"Index, 2025=100",Total,Croatia,2008-10,65.58,,
ESTAT:PRC_HICP_MINR(1.0),02/10/26 11:00:00,Monthly,"Index, 2025=100",Total,Croatia,2008-11,65.42,,
ESTAT:PRC_HICP_MINR(1.0),02/10/26 11:00:00,Monthly,"Index, 2025=100",Total,Croatia,2008-12,64.98,,
ESTAT:PRC_HICP_MINR(1.0),02/10/26 11:00:00,Monthly,"Index, 2025=100",Total,Croatia,2009-01,65.59,,
ESTAT:PRC_HICP_MINR(1.0),02/10/26 11:00:00,Monthly,"Index, 2025=100",Total,Croatia,2009-02,65.96,,
ESTAT:PRC_HICP_MINR(1.0),02/10/26 11:00:00,Monthly,"Index, 2025=100",Total,Croatia,2009-03,66.14,,
ESTAT:PRC_HICP_MINR(1.0),02/10/26 11:00:00,Monthly,"Index, 2025=100",Total,Croatia,2009-04,66.69,,
ESTAT:PRC_HICP_MINR(1.0),02/10/26 11:00:00,Monthly,"Index, 2025=100",Total,Croatia,2009-05,66.82,,
ESTAT:PRC_HICP_MINR(1.0),02/10/26 11:00:00,Monthly,"Index, 2025=100",Total,Croatia,2009-06,67.06,,
ESTAT:PRC_HICP_MINR(1.0),02/10/26 11:00:00,Monthly,"Index, 2025=100",Total,Croatia,2009-07,66.77,,
ESTAT:PRC_HICP_MINR(1.0),02/10/26 11:00:00,Monthly,"Index, 2025=100",Total,Croatia,2009-08,66.74,,
ESTAT:PRC_HICP_MINR(1.0),02/10/26 11:00:00,Monthly,"Index, 2025=100",Total,Croatia,2009-09,66.26,,
ESTAT:PRC_HICP_MINR(1.0),02/10/26 11:00:00,Monthly,"Index, 2025=100",Total,Croatia,2009-10,66.34,,
ESTAT:PRC_HICP_MINR(1.0),02/10/26 11:00:00,Monthly,"Index, 2025=100",Total,Croatia,2009-11,66.59,,
ESTAT:PRC_HICP_MINR(1.0),02/10/26 11:00:00,Monthly,"Index, 2025=100",Total,Croatia,2009-12,66.18,,
ESTAT:PRC_HICP_MINR(1.0),02/10/26 11:00:00,Monthly,"Index, 2025=100",Total,Croatia,2010-01,66.47,,
ESTAT:PRC_HICP_MINR(1.0),02/10/26 11:00:00,Monthly,"Index, 2025=100",Total,Croatia,2010-02,66.57,,
ESTAT:PRC_HICP_MINR(1.0),02/10/26 11:00:00,Monthly,"Index, 2025=100",Total,Croatia,2010-03,66.90,,
ESTAT:PRC_HICP_MINR(1.0),02/10/26 11:00:00,Monthly,"Index, 2025=100",Total,Croatia,2010-04,67.23,,
ESTAT:PRC_HICP_MINR(1.0),02/10/26 11:00:00,Monthly,"Index, 2025=100",Total,Croatia,2010-05,67.41,,
ESTAT:PRC_HICP_MINR(1.0),02/10/26 11:00:00,Monthly,"Index, 2025=100",Total,Croatia,2010-06,67.48,,
ESTAT:PRC_HICP_MINR(1.0),02/10/26 11:00:00,Monthly,"Index, 2025=100",Total,Croatia,2010-07,67.37,,
ESTAT:PRC_HICP_MINR(1.0),02/10/26 11:00:00,Monthly,"Index, 2025=100",Total,Croatia,2010-08,67.26,,
ESTAT:PRC_HICP_MINR(1.0),02/10/26 11:00:00,Monthly,"Index, 2025=100",Total,Croatia,2010-09,67.16,,
ESTAT:PRC_HICP_MINR(1.0),02/10/26 11:00:00,Monthly,"Index, 2025=100",Total,Croatia,2010-10,67.25,,
ESTAT:PRC_HICP_MINR(1.0),02/10/26 11:00:00,Monthly,"Index, 2025=100",Total,Croatia,2010-11,67.39,,
ESTAT:PRC_HICP_MINR(1.0),02/10/26 11:00:00,Monthly,"Index, 2025=100",Total,Croatia,2010-12,67.33,,
ESTAT:PRC_HICP_MINR(1.0),02/10/26 11:00:00,Monthly,"Index, 2025=100",Total,Croatia,2011-01,67.67,,
ESTAT:PRC_HICP_MINR(1.0),02/10/26 11:00:00,Monthly,"Index, 2025=100",Total,Croatia,2011-02,68.00,,
ESTAT:PRC_HICP_MINR(1.0),02/10/26 11:00:00,Monthly,"Index, 2025=100",Total,Croatia,2011-03,68.59,,
ESTAT:PRC_HICP_MINR(1.0),02/10/26 11:00:00,Monthly,"Index, 2025=100",Total,Croatia,2011-04,68.79,,
ESTAT:PRC_HICP_MINR(1.0),02/10/26 11:00:00,Monthly,"Index, 2025=100",Total,Croatia,2011-05,69.07,,
ESTAT:PRC_HICP_MINR(1.0),02/10/26 11:00:00,Monthly,"Index, 2025=100",Total,Croatia,2011-06,68.83,,
ESTAT:PRC_HICP_MINR(1.0),02/10/26 11:00:00,Monthly,"Index, 2025=100",Total,Croatia,2011-07,68.66,,
ESTAT:PRC_HICP_MINR(1.0),02/10/26 11:00:00,Monthly,"Index, 2025=100",Total,Croatia,2011-08,68.65,,
ESTAT:PRC_HICP_MINR(1.0),02/10/26 11:00:00,Monthly,"Index, 2025=100",Total,Croatia,2011-09,68.59,,
ESTAT:PRC_HICP_MINR(1.0),02/10/26 11:00:00,Monthly,"Index, 2025=100",Total,Croatia,2011-10,68.95,,
ESTAT:PRC_HICP_MINR(1.0),02/10/26 11:00:00,Monthly,"Index, 2025=100",Total,Croatia,2011-11,69.05,,
ESTAT:PRC_HICP_MINR(1.0),02/10/26 11:00:00,Monthly,"Index, 2025=100",Total,Croatia,2011-12,68.76,,
ESTAT:PRC_HICP_MINR(1.0),02/10/26 11:00:00,Monthly,"Index, 2025=100",Total,Croatia,2012-01,68.64,,
ESTAT:PRC_HICP_MINR(1.0),02/10/26 11:00:00,Monthly,"Index, 2025=100",Total,Croatia,2012-02,69.07,,
ESTAT:PRC_HICP_MINR(1.0),02/10/26 11:00:00,Monthly,"Index, 2025=100",Total,Croatia,2012-03,69.99,,
ESTAT:PRC_HICP_MINR(1.0),02/10/26 11:00:00,Monthly,"Index, 2025=100",Total,Croatia,2012-04,70.59,,
ESTAT:PRC_HICP_MINR(1.0),02/10/26 11:00:00,Monthly,"Index, 2025=100",Total,Croatia,2012-05,71.49,,
ESTAT:PRC_HICP_MINR(1.0),02/10/26 11:00:00,Monthly,"Index, 2025=100",Total,Croatia,2012-06,71.32,,
ESTAT:PRC_HICP_MINR(1.0),02/10/26 11:00:00,Monthly,"Index, 2025=100",Total,Croatia,2012-07,71.02,,
ESTAT:PRC_HICP_MINR(1.0),02/10/26 11:00:00,Monthly,"Index, 2025=100",Total,Croatia,2012-08,71.48,,
ESTAT:PRC_HICP_MINR(1.0),02/10/26 11:00:00,Monthly,"Index, 2025=100",Total,Croatia,2012-09,71.86,,
ESTAT:PRC_HICP_MINR(1.0),02/10/26 11:00:00,Monthly,"Index, 2025=100",Total,Croatia,2012-10,72.10,,
ESTAT:PRC_HICP_MINR(1.0),02/10/26 11:00:00,Monthly,"Index, 2025=100",Total,Croatia,2012-11,71.88,,
ESTAT:PRC_HICP_MINR(1.0),02/10/26 11:00:00,Monthly,"Index, 2025=100",Total,Croatia,2012-12,71.79,,
ESTAT:PRC_HICP_MINR(1.0),02/10/26 11:00:00,Monthly,"Index, 2025=100",Total,Croatia,2013-01,71.83,,
ESTAT:PRC_HICP_MINR(1.0),02/10/26 11:00:00,Monthly,"Index, 2025=100",Total,Croatia,2013-02,72.13,,
ESTAT:PRC_HICP_MINR(1.0),02/10/26 11:00:00,Monthly,"Index, 2025=100",Total,Croatia,2013-03,72.40,,
ESTAT:PRC_HICP_MINR(1.0),02/10/26 11:00:00,Monthly,"Index, 2025=100",Total,Croatia,2013-04,72.77,,
ESTAT:PRC_HICP_MINR(1.0),02/10/26 11:00:00,Monthly,"Index, 2025=100",Total,Croatia,2013-05,72.77,,
ESTAT:PRC_HICP_MINR(1.0),02/10/26 11:00:00,Monthly,"Index, 2025=100",Total,Croatia,2013-06,72.89,,
ESTAT:PRC_HICP_MINR(1.0),02/10/26 11:00:00,Monthly,"Index, 2025=100",Total,Croatia,2013-07,72.91,,
ESTAT:PRC_HICP_MINR(1.0),02/10/26 11:00:00,Monthly,"Index, 2025=100",Total,Croatia,2013-08,73.17,,
ESTAT:PRC_HICP_MINR(1.0),02/10/26 11:00:00,Monthly,"Index, 2025=100",Total,Croatia,2013-09,73.06,,
ESTAT:PRC_HICP_MINR(1.0),02/10/26 11:00:00,Monthly,"Index, 2025=100",Total,Croatia,2013-10,72.65,,
ESTAT:PRC_HICP_MINR(1.0),02/10/26 11:00:00,Monthly,"Index, 2025=100",Total,Croatia,2013-11,72.35,,
ESTAT:PRC_HICP_MINR(1.0),02/10/26 11:00:00,Monthly,"Index, 2025=100",Total,Croatia,2013-12,72.12,,
ESTAT:PRC_HICP_MINR(1.0),02/10/26 11:00:00,Monthly,"Index, 2025=100",Total,Croatia,2014-01,72.13,,
ESTAT:PRC_HICP_MINR(1.0),02/10/26 11:00:00,Monthly,"Index, 2025=100",Total,Croatia,2014-02,72.01,,
ESTAT:PRC_HICP_MINR(1.0),02/10/26 11:00:00,Monthly,"Index, 2025=100",Total,Croatia,2014-03,72.34,,
ESTAT:PRC_HICP_MINR(1.0),02/10/26 11:00:00,Monthly,"Index, 2025=100",Total,Croatia,2014-04,72.71,,
ESTAT:PRC_HICP_MINR(1.0),02/10/26 11:00:00,Monthly,"Index, 2025=100",Total,Croatia,2014-05,73.04,,
ESTAT:PRC_HICP_MINR(1.0),02/10/26 11:00:00,Monthly,"Index, 2025=100",Total,Croatia,2014-06,73.22,,
ESTAT:PRC_HICP_MINR(1.0),02/10/26 11:00:00,Monthly,"Index, 2025=100",Total,Croatia,2014-07,73.32,,
ESTAT:PRC_HICP_MINR(1.0),02/10/26 11:00:00,Monthly,"Index, 2025=100",Total,Croatia,2014-08,73.37,,
ESTAT:PRC_HICP_MINR(1.0),02/10/26 11:00:00,Monthly,"Index, 2025=100",Total,Croatia,2014-09,73.20,,
ESTAT:PRC_HICP_MINR(1.0),02/10/26 11:00:00,Monthly,"Index, 2025=100",Total,Croatia,2014-10,73.02,,
ESTAT:PRC_HICP_MINR(1.0),02/10/26 11:00:00,Monthly,"Index, 2025=100",Total,Croatia,2014-11,72.55,,
ESTAT:PRC_HICP_MINR(1.0),02/10/26 11:00:00,Monthly,"Index, 2025=100",Total,Croatia,2014-12,72.05,,
ESTAT:PRC_HICP_MINR(1.0),02/10/26 11:00:00,Monthly,"Index, 2025=100",Total,Croatia,2015-01,71.67,,
ESTAT:PRC_HICP_MINR(1.0),02/10/26 11:00:00,Monthly,"Index, 2025=100",Total,Croatia,2015-02,71.75,,
ESTAT:PRC_HICP_MINR(1.0),02/10/26 11:00:00,Monthly,"Index, 2025=100",Total,Croatia,2015-03,72.35,,
ESTAT:PRC_HICP_MINR(1.0),02/10/26 11:00:00,Monthly,"Index, 2025=100",Total,Croatia,2015-04,72.64,,
ESTAT:PRC_HICP_MINR(1.0),02/10/26 11:00:00,Monthly,"Index, 2025=100",Total,Croatia,2015-05,73.05,,
ESTAT:PRC_HICP_MINR(1.0),02/10/26 11:00:00,Monthly,"Index, 2025=100",Total,Croatia,2015-06,73.26,,
ESTAT:PRC_HICP_MINR(1.0),02/10/26 11:00:00,Monthly,"Index, 2025=100",Total,Croatia,2015-07,73.15,,
ESTAT:PRC_HICP_MINR(1.0),02/10/26 11:00:00,Monthly,"Index, 2025=100",Total,Croatia,2015-08,73.30,,
ESTAT:PRC_HICP_MINR(1.0),02/10/26 11:00:00,Monthly,"Index, 2025=100",Total,Croatia,2015-09,72.83,,
ESTAT:PRC_HICP_MINR(1.0),02/10/26 11:00:00,Monthly,"Index, 2025=100",Total,Croatia,2015-10,72.65,,
ESTAT:PRC_HICP_MINR(1.0),02/10/26 11:00:00,Monthly,"Index, 2025=100",Total,Croatia,2015-11,72.23,,
ESTAT:PRC_HICP_MINR(1.0),02/10/26 11:00:00,Monthly,"Index, 2025=100",Total,Croatia,2015-12,71.82,,
ESTAT:PRC_HICP_MINR(1.0),02/10/26 11:00:00,Monthly,"Index, 2025=100",Total,Croatia,2016-01,71.54,,
ESTAT:PRC_HICP_MINR(1.0),02/10/26 11:00:00,Monthly,"Index, 2025=100",Total,Croatia,2016-02,71.34,,
ESTAT:PRC_HICP_MINR(1.0),02/10/26 11:00:00,Monthly,"Index, 2025=100",Total,Croatia,2016-03,71.70,,
ESTAT:PRC_HICP_MINR(1.0),02/10/26 11:00:00,Monthly,"Index, 2025=100",Total,Croatia,2016-04,72.00,,
ESTAT:PRC_HICP_MINR(1.0),02/10/26 11:00:00,Monthly,"Index, 2025=100",Total,Croatia,2016-05,72.19,,
ESTAT:PRC_HICP_MINR(1.0),02/10/26 11:00:00,Monthly,"Index, 2025=100",Total,Croatia,2016-06,72.39,,
ESTAT:PRC_HICP_MINR(1.0),02/10/26 11:00:00,Monthly,"Index, 2025=100",Total,Croatia,2016-07,72.36,,
ESTAT:PRC_HICP_MINR(1.0),02/10/26 11:00:00,Monthly,"Index, 2025=100",Total,Croatia,2016-08,72.23,,
ESTAT:PRC_HICP_MINR(1.0),02/10/26 11:00:00,Monthly,"Index, 2025=100",Total,Croatia,2016-09,72.34,,
ESTAT:PRC_HICP_MINR(1.0),02/10/26 11:00:00,Monthly,"Index, 2025=100",Total,Croatia,2016-10,72.44,,
ESTAT:PRC_HICP_MINR(1.0),02/10/26 11:00:00,Monthly,"Index, 2025=100",Total,Croatia,2016-11,72.36,,
ESTAT:PRC_HICP_MINR(1.0),02/10/26 11:00:00,Monthly,"Index, 2025=100",Total,Croatia,2016-12,72.33,,
ESTAT:PRC_HICP_MINR(1.0),02/10/26 11:00:00,Monthly,"Index, 2025=100",Total,Croatia,2017-01,72.20,,
ESTAT:PRC_HICP_MINR(1.0),02/10/26 11:00:00,Monthly,"Index, 2025=100",Total,Croatia,2017-02,72.34,,
ESTAT:PRC_HICP_MINR(1.0),02/10/26 11:00:00,Monthly,"Index, 2025=100",Total,Croatia,2017-03,72.50,,
ESTAT:PRC_HICP_MINR(1.0),02/10/26 11:00:00,Monthly,"Index, 2025=100",Total,Croatia,2017-04,72.99,,
ESTAT:PRC_HICP_MINR(1.0),02/10/26 11:00:00,Monthly,"Index, 2025=100",Total,Croatia,2017-05,72.88,,
ESTAT:PRC_HICP_MINR(1.0),02/10/26 11:00:00,Monthly,"Index, 2025=100",Total,Croatia,2017-06,73.18,,
ESTAT:PRC_HICP_MINR(1.0),02/10/26 11:00:00,Monthly,"Index, 2025=100",Total,Croatia,2017-07,73.25,,
ESTAT:PRC_HICP_MINR(1.0),02/10/26 11:00:00,Monthly,"Index, 2025=100",Total,Croatia,2017-08,73.29,,
ESTAT:PRC_HICP_MINR(1.0),02/10/26 11:00:00,Monthly,"Index, 2025=100",Total,Croatia,2017-09,73.52,,
ESTAT:PRC_HICP_MINR(1.0),02/10/26 11:00:00,Monthly,"Index, 2025=100",Total,Croatia,2017-10,73.60,,
ESTAT:PRC_HICP_MINR(1.0),02/10/26 11:00:00,Monthly,"Index, 2025=100",Total,Croatia,2017-11,73.49,,
ESTAT:PRC_HICP_MINR(1.0),02/10/26 11:00:00,Monthly,"Index, 2025=100",Total,Croatia,2017-12,73.25,,
ESTAT:PRC_HICP_MINR(1.0),02/10/26 11:00:00,Monthly,"Index, 2025=100",Total,Croatia,2018-01,73.10,,
ESTAT:PRC_HICP_MINR(1.0),02/10/26 11:00:00,Monthly,"Index, 2025=100",Total,Croatia,2018-02,73.01,,
ESTAT:PRC_HICP_MINR(1.0),02/10/26 11:00:00,Monthly,"Index, 2025=100",Total,Croatia,2018-03,73.35,,
ESTAT:PRC_HICP_MINR(1.0),02/10/26 11:00:00,Monthly,"Index, 2025=100",Total,Croatia,2018-04,74.01,,
ESTAT:PRC_HICP_MINR(1.0),02/10/26 11:00:00,Monthly,"Index, 2025=100",Total,Croatia,2018-05,74.21,,
ESTAT:PRC_HICP_MINR(1.0),02/10/26 11:00:00,Monthly,"Index, 2025=100",Total,Croatia,2018-06,74.78,,
ESTAT:PRC_HICP_MINR(1.0),02/10/26 11:00:00,Monthly,"Index, 2025=100",Total,Croatia,2018-07,74.88,,
ESTAT:PRC_HICP_MINR(1.0),02/10/26 11:00:00,Monthly,"Index, 2025=100",Total,Croatia,2018-08,74.85,,
ESTAT:PRC_HICP_MINR(1.0),02/10/26 11:00:00,Monthly,"Index, 2025=100",Total,Croatia,2018-09,74.71,,
ESTAT:PRC_HICP_MINR(1.0),02/10/26 11:00:00,Monthly,"Index, 2025=100",Total,Croatia,2018-10,74.82,,
ESTAT:PRC_HICP_MINR(1.0),02/10/26 11:00:00,Monthly,"Index, 2025=100",Total,Croatia,2018-11,74.45,,
ESTAT:PRC_HICP_MINR(1.0),02/10/26 11:00:00,Monthly,"Index, 2025=100",Total,Croatia,2018-12,73.98,,
ESTAT:PRC_HICP_MINR(1.0),02/10/26 11:00:00,Monthly,"Index, 2025=100",Total,Croatia,2019-01,73.52,,
ESTAT:PRC_HICP_MINR(1.0),02/10/26 11:00:00,Monthly,"Index, 2025=100",Total,Croatia,2019-02,73.58,,
ESTAT:PRC_HICP_MINR(1.0),02/10/26 11:00:00,Monthly,"Index, 2025=100",Total,Croatia,2019-03,74.16,,
ESTAT:PRC_HICP_MINR(1.0),02/10/26 11:00:00,Monthly,"Index, 2025=100",Total,Croatia,2019-04,74.63,,
ESTAT:PRC_HICP_MINR(1.0),02/10/26 11:00:00,Monthly,"Index, 2025=100",Total,Croatia,2019-05,74.95,,
ESTAT:PRC_HICP_MINR(1.0),02/10/26 11:00:00,Monthly,"Index, 2025=100",Total,Croatia,2019-06,75.16,,
ESTAT:PRC_HICP_MINR(1.0),02/10/26 11:00:00,Monthly,"Index, 2025=100",Total,Croatia,2019-07,75.55,,
ESTAT:PRC_HICP_MINR(1.0),02/10/26 11:00:00,Monthly,"Index, 2025=100",Total,Croatia,2019-08,75.26,,
ESTAT:PRC_HICP_MINR(1.0),02/10/26 11:00:00,Monthly,"Index, 2025=100",Total,Croatia,2019-09,75.13,,
ESTAT:PRC_HICP_MINR(1.0),02/10/26 11:00:00,Monthly,"Index, 2025=100",Total,Croatia,2019-10,75.31,,
ESTAT:PRC_HICP_MINR(1.0),02/10/26 11:00:00,Monthly,"Index, 2025=100",Total,Croatia,2019-11,75.02,,
ESTAT:PRC_HICP_MINR(1.0),02/10/26 11:00:00,Monthly,"Index, 2025=100",Total,Croatia,2019-12,74.92,,
ESTAT:PRC_HICP_MINR(1.0),02/10/26 11:00:00,Monthly,"Index, 2025=100",Total,Croatia,2020-01,74.82,,
ESTAT:PRC_HICP_MINR(1.0),02/10/26 11:00:00,Monthly,"Index, 2025=100",Total,Croatia,2020-02,74.48,,
ESTAT:PRC_HICP_MINR(1.0),02/10/26 11:00:00,Monthly,"Index, 2025=100",Total,Croatia,2020-03,74.51,,
ESTAT:PRC_HICP_MINR(1.0),02/10/26 11:00:00,Monthly,"Index, 2025=100",Total,Croatia,2020-04,74.53,,
ESTAT:PRC_HICP_MINR(1.0),02/10/26 11:00:00,Monthly,"Index, 2025=100",Total,Croatia,2020-05,74.43,,
ESTAT:PRC_HICP_MINR(1.0),02/10/26 11:00:00,Monthly,"Index, 2025=100",Total,Croatia,2020-06,74.84,,
ESTAT:PRC_HICP_MINR(1.0),02/10/26 11:00:00,Monthly,"Index, 2025=100",Total,Croatia,2020-07,75.08,,
ESTAT:PRC_HICP_MINR(1.0),02/10/26 11:00:00,Monthly,"Index, 2025=100",Total,Croatia,2020-08,74.93,,
ESTAT:PRC_HICP_MINR(1.0),02/10/26 11:00:00,Monthly,"Index, 2025=100",Total,Croatia,2020-09,74.87,,
ESTAT:PRC_HICP_MINR(1.0),02/10/26 11:00:00,Monthly,"Index, 2025=100",Total,Croatia,2020-10,75.17,,
ESTAT:PRC_HICP_MINR(1.0),02/10/26 11:00:00,Monthly,"Index, 2025=100",Total,Croatia,2020-11,75.00,,
ESTAT:PRC_HICP_MINR(1.0),02/10/26 11:00:00,Monthly,"Index, 2025=100",Total,Croatia,2020-12,74.70,,
ESTAT:PRC_HICP_MINR(1.0),02/10/26 11:00:00,Monthly,"Index, 2025=100",Total,Croatia,2021-01,74.79,,
ESTAT:PRC_HICP_MINR(1.0),02/10/26 11:00:00,Monthly,"Index, 2025=100",Total,Croatia,2021-02,74.97,,
ESTAT:PRC_HICP_MINR(1.0),02/10/26 11:00:00,Monthly,"Index, 2025=100",Total,Croatia,2021-03,75.71,,
ESTAT:PRC_HICP_MINR(1.0),02/10/26 11:00:00,Monthly,"Index, 2025=100",Total,Croatia,2021-04,76.11,,
ESTAT:PRC_HICP_MINR(1.0),02/10/26 11:00:00,Monthly,"Index, 2025=100",Total,Croatia,2021-05,76.20,,
ESTAT:PRC_HICP_MINR(1.0),02/10/26 11:00:00,Monthly,"Index, 2025=100",Total,Croatia,2021-06,76.48,,
ESTAT:PRC_HICP_MINR(1.0),02/10/26 11:00:00,Monthly,"Index, 2025=100",Total,Croatia,2021-07,77.13,,
ESTAT:PRC_HICP_MINR(1.0),02/10/26 11:00:00,Monthly,"Index, 2025=100",Total,Croatia,2021-08,77.29,,
ESTAT:PRC_HICP_MINR(1.0),02/10/26 11:00:00,Monthly,"Index, 2025=100",Total,Croatia,2021-09,77.50,,
ESTAT:PRC_HICP_MINR(1.0),02/10/26 11:00:00,Monthly,"Index, 2025=100",Total,Croatia,2021-10,78.11,,
ESTAT:PRC_HICP_MINR(1.0),02/10/26 11:00:00,Monthly,"Index, 2025=100",Total,Croatia,2021-11,78.50,,
ESTAT:PRC_HICP_MINR(1.0),02/10/26 11:00:00,Monthly,"Index, 2025=100",Total,Croatia,2021-12,78.59,,
ESTAT:PRC_HICP_MINR(1.0),02/10/26 11:00:00,Monthly,"Index, 2025=100",Total,Croatia,2022-01,78.91,,
ESTAT:PRC_HICP_MINR(1.0),02/10/26 11:00:00,Monthly,"Index, 2025=100",Total,Croatia,2022-02,79.67,,
ESTAT:PRC_HICP_MINR(1.0),02/10/26 11:00:00,Monthly,"Index, 2025=100",Total,Croatia,2022-03,81.21,,
ESTAT:PRC_HICP_MINR(1.0),02/10/26 11:00:00,Monthly,"Index, 2025=100",Total,Croatia,2022-04,83.40,,
ESTAT:PRC_HICP_MINR(1.0),02/10/26 11:00:00,Monthly,"Index, 2025=100",Total,Croatia,2022-05,84.37,,
ESTAT:PRC_HICP_MINR(1.0),02/10/26 11:00:00,Monthly,"Index, 2025=100",Total,Croatia,2022-06,85.72,,
ESTAT:PRC_HICP_MINR(1.0),02/10/26 11:00:00,Monthly,"Index, 2025=100",Total,Croatia,2022-07,86.89,,
ESTAT:PRC_HICP_MINR(1.0),02/10/26 11:00:00,Monthly,"Index, 2025=100",Total,Croatia,2022-08,86.99,,
ESTAT:PRC_HICP_MINR(1.0),02/10/26 11:00:00,Monthly,"Index, 2025=100",Total,Croatia,2022-09,87.22,,
ESTAT:PRC_HICP_MINR(1.0),02/10/26 11:00:00,Monthly,"Index, 2025=100",Total,Croatia,2022-10,88.06,,
ESTAT:PRC_HICP_MINR(1.0),02/10/26 11:00:00,Monthly,"Index, 2025=100",Total,Croatia,2022-11,88.66,,
ESTAT:PRC_HICP_MINR(1.0),02/10/26 11:00:00,Monthly,"Index, 2025=100",Total,Croatia,2022-12,88.54,,
ESTAT:PRC_HICP_MINR(1.0),02/10/26 11:00:00,Monthly,"Index, 2025=100",Total,Croatia,2023-01,88.77,,
ESTAT:PRC_HICP_MINR(1.0),02/10/26 11:00:00,Monthly,"Index, 2025=100",Total,Croatia,2023-02,89.02,,
ESTAT:PRC_HICP_MINR(1.0),02/10/26 11:00:00,Monthly,"Index, 2025=100",Total,Croatia,2023-03,89.78,,
ESTAT:PRC_HICP_MINR(1.0),02/10/26 11:00:00,Monthly,"Index, 2025=100",Total,Croatia,2023-04,90.82,,
ESTAT:PRC_HICP_MINR(1.0),02/10/26 11:00:00,Monthly,"Index, 2025=100",Total,Croatia,2023-05,91.33,,
ESTAT:PRC_HICP_MINR(1.0),02/10/26 11:00:00,Monthly,"Index, 2025=100",Total,Croatia,2023-06,92.81,,
ESTAT:PRC_HICP_MINR(1.0),02/10/26 11:00:00,Monthly,"Index, 2025=100",Total,Croatia,2023-07,93.86,,
ESTAT:PRC_HICP_MINR(1.0),02/10/26 11:00:00,Monthly,"Index, 2025=100",Total,Croatia,2023-08,94.33,,
ESTAT:PRC_HICP_MINR(1.0),02/10/26 11:00:00,Monthly,"Index, 2025=100",Total,Croatia,2023-09,93.71,,
ESTAT:PRC_HICP_MINR(1.0),02/10/26 11:00:00,Monthly,"Index, 2025=100",Total,Croatia,2023-10,93.98,,
ESTAT:PRC_HICP_MINR(1.0),02/10/26 11:00:00,Monthly,"Index, 2025=100",Total,Croatia,2023-11,93.56,,
ESTAT:PRC_HICP_MINR(1.0),02/10/26 11:00:00,Monthly,"Index, 2025=100",Total,Croatia,2023-12,93.28,,
ESTAT:PRC_HICP_MINR(1.0),02/10/26 11:00:00,Monthly,"Index, 2025=100",Total,Croatia,2024-01,93.01,,
ESTAT:PRC_HICP_MINR(1.0),02/10/26 11:00:00,Monthly,"Index, 2025=100",Total,Croatia,2024-02,93.29,,
ESTAT:PRC_HICP_MINR(1.0),02/10/26 11:00:00,Monthly,"Index, 2025=100",Total,Croatia,2024-03,94.14,,
ESTAT:PRC_HICP_MINR(1.0),02/10/26 11:00:00,Monthly,"Index, 2025=100",Total,Croatia,2024-04,95.09,,
ESTAT:PRC_HICP_MINR(1.0),02/10/26 11:00:00,Monthly,"Index, 2025=100",Total,Croatia,2024-05,95.28,,
ESTAT:PRC_HICP_MINR(1.0),02/10/26 11:00:00,Monthly,"Index, 2025=100",Total,Croatia,2024-06,96.03,,
ESTAT:PRC_HICP_MINR(1.0),02/10/26 11:00:00,Monthly,"Index, 2025=100",Total,Croatia,2024-07,97.00,,
ESTAT:PRC_HICP_MINR(1.0),02/10/26 11:00:00,Monthly,"Index, 2025=100",Total,Croatia,2024-08,97.12,,
ESTAT:PRC_HICP_MINR(1.0),02/10/26 11:00:00,Monthly,"Index, 2025=100",Total,Croatia,2024-09,96.58,,
ESTAT:PRC_HICP_MINR(1.0),02/10/26 11:00:00,Monthly,"Index, 2025=100",Total,Croatia,2024-10,97.32,,
ESTAT:PRC_HICP_MINR(1.0),02/10/26 11:00:00,Monthly,"Index, 2025=100",Total,Croatia,2024-11,97.30,,
ESTAT:PRC_HICP_MINR(1.0),02/10/26 11:00:00,Monthly,"Index, 2025=100",Total,Croatia,2024-12,97.48,,
ESTAT:PRC_HICP_MINR(1.0),02/10/26 11:00:00,Monthly,"Index, 2025=100",Total,Croatia,2025-01,97.71,,
ESTAT:PRC_HICP_MINR(1.0),02/10/26 11:00:00,Monthly,"Index, 2025=100",Total,Croatia,2025-02,97.72,,
ESTAT:PRC_HICP_MINR(1.0),02/10/26 11:00:00,Monthly,"Index, 2025=100",Total,Croatia,2025-03,98.16,,
ESTAT:PRC_HICP_MINR(1.0),02/10/26 11:00:00,Monthly,"Index, 2025=100",Total,Croatia,2025-04,98.87,,
ESTAT:PRC_HICP_MINR(1.0),02/10/26 11:00:00,Monthly,"Index, 2025=100",Total,Croatia,2025-05,99.40,,
ESTAT:PRC_HICP_MINR(1.0),02/10/26 11:00:00,Monthly,"Index, 2025=100",Total,Croatia,2025-06,100.20,,
ESTAT:PRC_HICP_MINR(1.0),02/10/26 11:00:00,Monthly,"Index, 2025=100",Total,Croatia,2025-07,101.41,,
ESTAT:PRC_HICP_MINR(1.0),02/10/26 11:00:00,Monthly,"Index, 2025=100",Total,Croatia,2025-08,101.63,,
ESTAT:PRC_HICP_MINR(1.0),02/10/26 11:00:00,Monthly,"Index, 2025=100",Total,Croatia,2025-09,101.04,,
ESTAT:PRC_HICP_MINR(1.0),02/10/26 11:00:00,Monthly,"Index, 2025=100",Total,Croatia,2025-10,101.22,,
ESTAT:PRC_HICP_MINR(1.0),02/10/26 11:00:00,Monthly,"Index, 2025=100",Total,Croatia,2025-11,101.49,,
ESTAT:PRC_HICP_MINR(1.0),02/10/26 11:00:00,Monthly,"Index, 2025=100",Total,Croatia,2025-12,101.15,,
ESTAT:PRC_HICP_MINR(1.0),02/10/26 11:00:00,Monthly,"Index, 2025=100",Total,Ireland,2006-01,75.09,,
ESTAT:PRC_HICP_MINR(1.0),02/10/26 11:00:00,Monthly,"Index, 2025=100",Total,Ireland,2006-02,76.00,,
ESTAT:PRC_HICP_MINR(1.0),02/10/26 11:00:00,Monthly,"Index, 2025=100",Total,Ireland,2006-03,76.24,,
ESTAT:PRC_HICP_MINR(1.0),02/10/26 11:00:00,Monthly,"Index, 2025=100",Total,Ireland,2006-04,76.65,,
ESTAT:PRC_HICP_MINR(1.0),02/10/26 11:00:00,Monthly,"Index, 2025=100",Total,Ireland,2006-05,77.06,,
ESTAT:PRC_HICP_MINR(1.0),02/10/26 11:00:00,Monthly,"Index, 2025=100",Total,Ireland,2006-06,77.15,,
ESTAT:PRC_HICP_MINR(1.0),02/10/26 11:00:00,Monthly,"Index, 2025=100",Total,Ireland,2006-07,77.15,,
ESTAT:PRC_HICP_MINR(1.0),02/10/26 11:00:00,Monthly,"Index, 2025=100",Total,Ireland,2006-08,77.64,,
ESTAT:PRC_HICP_MINR(1.0),02/10/26 11:00:00,Monthly,"Index, 2025=100",Total,Ireland,2006-09,77.47,,
ESTAT:PRC_HICP_MINR(1.0),02/10/26 11:00:00,Monthly,"Index, 2025=100",Total,Ireland,2006-10,77.47,,
ESTAT:PRC_HICP_MINR(1.0),02/10/26 11:00:00,Monthly,"Index, 2025=100",Total,Ireland,2006-11,77.47,,
ESTAT:PRC_HICP_MINR(1.0),02/10/26 11:00:00,Monthly,"Index, 2025=100",Total,Ireland,2006-12,77.80,,
ESTAT:PRC_HICP_MINR(1.0),02/10/26 11:00:00,Monthly,"Index, 2025=100",Total,Ireland,2007-01,77.31,,
ESTAT:PRC_HICP_MINR(1.0),02/10/26 11:00:00,Monthly,"Index, 2025=100",Total,Ireland,2007-02,78.01,,
ESTAT:PRC_HICP_MINR(1.0),02/10/26 11:00:00,Monthly,"Index, 2025=100",Total,Ireland,2007-03,78.53,,
ESTAT:PRC_HICP_MINR(1.0),02/10/26 11:00:00,Monthly,"Index, 2025=100",Total,Ireland,2007-04,78.87,,
ESTAT:PRC_HICP_MINR(1.0),02/10/26 11:00:00,Monthly,"Index, 2025=100",Total,Ireland,2007-05,79.15,,
ESTAT:PRC_HICP_MINR(1.0),02/10/26 11:00:00,Monthly,"Index, 2025=100",Total,Ireland,2007-06,79.31,,
ESTAT:PRC_HICP_MINR(1.0),02/10/26 11:00:00,Monthly,"Index, 2025=100",Total,Ireland,2007-07,79.17,,
ESTAT:PRC_HICP_MINR(1.0),02/10/26 11:00:00,Monthly,"Index, 2025=100",Total,Ireland,2007-08,79.51,,
ESTAT:PRC_HICP_MINR(1.0),02/10/26 11:00:00,Monthly,"Index, 2025=100",Total,Ireland,2007-09,79.69,,
ESTAT:PRC_HICP_MINR(1.0),02/10/26 11:00:00,Monthly,"Index, 2025=100",Total,Ireland,2007-10,79.76,,
ESTAT:PRC_HICP_MINR(1.0),02/10/26 11:00:00,Monthly,"Index, 2025=100",Total,Ireland,2007-11,80.20,,
ESTAT:PRC_HICP_MINR(1.0),02/10/26 11:00:00,Monthly,"Index, 2025=100",Total,Ireland,2007-12,80.24,,
ESTAT:PRC_HICP_MINR(1.0),02/10/26 11:00:00,Monthly,"Index, 2025=100",Total,Ireland,2008-01,79.72,,
ESTAT:PRC_HICP_MINR(1.0),02/10/26 11:00:00,Monthly,"Index, 2025=100",Total,Ireland,2008-02,80.71,,
ESTAT:PRC_HICP_MINR(1.0),02/10/26 11:00:00,Monthly,"Index, 2025=100",Total,Ireland,2008-03,81.48,,
ESTAT:PRC_HICP_MINR(1.0),02/10/26 11:00:00,Monthly,"Index, 2025=100",Total,Ireland,2008-04,81.55,,
ESTAT:PRC_HICP_MINR(1.0),02/10/26 11:00:00,Monthly,"Index, 2025=100",Total,Ireland,2008-05,82.04,,
ESTAT:PRC_HICP_MINR(1.0),02/10/26 11:00:00,Monthly,"Index, 2025=100",Total,Ireland,2008-06,82.42,,
ESTAT:PRC_HICP_MINR(1.0),02/10/26 11:00:00,Monthly,"Index, 2025=100",Total,Ireland,2008-07,82.01,,
ESTAT:PRC_HICP_MINR(1.0),02/10/26 11:00:00,Monthly,"Index, 2025=100",Total,Ireland,2008-08,82.07,,
ESTAT:PRC_HICP_MINR(1.0),02/10/26 11:00:00,Monthly,"Index, 2025=100",Total,Ireland,2008-09,82.26,,
ESTAT:PRC_HICP_MINR(1.0),02/10/26 11:00:00,Monthly,"Index, 2025=100",Total,Ireland,2008-10,82.00,,
ESTAT:PRC_HICP_MINR(1.0),02/10/26 11:00:00,Monthly,"Index, 2025=100",Total,Ireland,2008-11,81.87,,
ESTAT:PRC_HICP_MINR(1.0),02/10/26 11:00:00,Monthly,"Index, 2025=100",Total,Ireland,2008-12,81.32,,
ESTAT:PRC_HICP_MINR(1.0),02/10/26 11:00:00,Monthly,"Index, 2025=100",Total,Ireland,2009-01,80.65,,
ESTAT:PRC_HICP_MINR(1.0),02/10/26 11:00:00,Monthly,"Index, 2025=100",Total,Ireland,2009-02,80.79,,
ESTAT:PRC_HICP_MINR(1.0),02/10/26 11:00:00,Monthly,"Index, 2025=100",Total,Ireland,2009-03,80.88,,
ESTAT:PRC_HICP_MINR(1.0),02/10/26 11:00:00,Monthly,"Index, 2025=100",Total,Ireland,2009-04,80.92,,
ESTAT:PRC_HICP_MINR(1.0),02/10/26 11:00:00,Monthly,"Index, 2025=100",Total,Ireland,2009-05,80.65,,
ESTAT:PRC_HICP_MINR(1.0),02/10/26 11:00:00,Monthly,"Index, 2025=100",Total,Ireland,2009-06,80.65,,
ESTAT:PRC_HICP_MINR(1.0),02/10/26 11:00:00,Monthly,"Index, 2025=100",Total,Ireland,2009-07,79.97,,
ESTAT:PRC_HICP_MINR(1.0),02/10/26 11:00:00,Monthly,"Index, 2025=100",Total,Ireland,2009-08,80.13,,
ESTAT:PRC_HICP_MINR(1.0),02/10/26 11:00:00,Monthly,"Index, 2025=100",Total,Ireland,2009-09,79.83,,
ESTAT:PRC_HICP_MINR(1.0),02/10/26 11:00:00,Monthly,"Index, 2025=100",Total,Ireland,2009-10,79.62,,
ESTAT:PRC_HICP_MINR(1.0),02/10/26 11:00:00,Monthly,"Index, 2025=100",Total,Ireland,2009-11,79.60,,
ESTAT:PRC_HICP_MINR(1.0),02/10/26 11:00:00,Monthly,"Index, 2025=100",Total,Ireland,2009-12,79.18,,
ESTAT:PRC_HICP_MINR(1.0),02/10/26 11:00:00,Monthly,"Index, 2025=100",Total,Ireland,2010-01,78.64,,
ESTAT:PRC_HICP_MINR(1.0),02/10/26 11:00:00,Monthly,"Index, 2025=100",Total,Ireland,2010-02,78.79,,
ESTAT:PRC_HICP_MINR(1.0),02/10/26 11:00:00,Monthly,"Index, 2025=100",Total,Ireland,2010-03,78.87,,
ESTAT:PRC_HICP_MINR(1.0),02/10/26 11:00:00,Monthly,"Index, 2025=100",Total,Ireland,2010-04,78.93,,
ESTAT:PRC_HICP_MINR(1.0),02/10/26 11:00:00,Monthly,"Index, 2025=100",Total,Ireland,2010-05,79.13,,
ESTAT:PRC_HICP_MINR(1.0),02/10/26 11:00:00,Monthly,"Index, 2025=100",Total,Ireland,2010-06,79.01,,
ESTAT:PRC_HICP_MINR(1.0),02/10/26 11:00:00,Monthly,"Index, 2025=100",Total,Ireland,2010-07,78.99,,
ESTAT:PRC_HICP_MINR(1.0),02/10/26 11:00:00,Monthly,"Index, 2025=100",Total,Ireland,2010-08,79.15,,
ESTAT:PRC_HICP_MINR(1.0),02/10/26 11:00:00,Monthly,"Index, 2025=100",Total,Ireland,2010-09,78.98,,
ESTAT:PRC_HICP_MINR(1.0),02/10/26 11:00:00,Monthly,"Index, 2025=100",Total,Ireland,2010-10,79.03,,
ESTAT:PRC_HICP_MINR(1.0),02/10/26 11:00:00,Monthly,"Index, 2025=100",Total,Ireland,2010-11,78.87,,
ESTAT:PRC_HICP_MINR(1.0),02/10/26 11:00:00,Monthly,"Index, 2025=100",Total,Ireland,2010-12,79.06,,
ESTAT:PRC_HICP_MINR(1.0),02/10/26 11:00:00,Monthly,"Index, 2025=100",Total,Ireland,2011-01,78.84,,
ESTAT:PRC_HICP_MINR(1.0),02/10/26 11:00:00,Monthly,"Index, 2025=100",Total,Ireland,2011-02,79.49,,
ESTAT:PRC_HICP_MINR(1.0),02/10/26 11:00:00,Monthly,"Index, 2025=100",Total,Ireland,2011-03,79.86,,
ESTAT:PRC_HICP_MINR(1.0),02/10/26 11:00:00,Monthly,"Index, 2025=100",Total,Ireland,2011-04,80.10,,
ESTAT:PRC_HICP_MINR(1.0),02/10/26 11:00:00,Monthly,"Index, 2025=100",Total,Ireland,2011-05,80.12,,
ESTAT:PRC_HICP_MINR(1.0),02/10/26 11:00:00,Monthly,"Index, 2025=100",Total,Ireland,2011-06,79.93,,
ESTAT:PRC_HICP_MINR(1.0),02/10/26 11:00:00,Monthly,"Index, 2025=100",Total,Ireland,2011-07,79.76,,
ESTAT:PRC_HICP_MINR(1.0),02/10/26 11:00:00,Monthly,"Index, 2025=100",Total,Ireland,2011-08,79.95,,
ESTAT:PRC_HICP_MINR(1.0),02/10/26 11:00:00,Monthly,"Index, 2025=100",Total,Ireland,2011-09,80.01,,
ESTAT:PRC_HICP_MINR(1.0),02/10/26 11:00:00,Monthly,"Index, 2025=100",Total,Ireland,2011-10,80.23,,
ESTAT:PRC_HICP_MINR(1.0),02/10/26 11:00:00,Monthly,"Index, 2025=100",Total,Ireland,2011-11,80.24,,
ESTAT:PRC_HICP_MINR(1.0),02/10/26 11:00:00,Monthly,"Index, 2025=100",Total,Ireland,2011-12,80.20,,
ESTAT:PRC_HICP_MINR(1.0),02/10/26 11:00:00,Monthly,"Index, 2025=100",Total,Ireland,2012-01,79.85,,
ESTAT:PRC_HICP_MINR(1.0),02/10/26 11:00:00,Monthly,"Index, 2025=100",Total,Ireland,2012-02,80.75,,
ESTAT:PRC_HICP_MINR(1.0),02/10/26 11:00:00,Monthly,"Index, 2025=100",Total,Ireland,2012-03,81.61,,
ESTAT:PRC_HICP_MINR(1.0),02/10/26 11:00:00,Monthly,"Index, 2025=100",Total,Ireland,2012-04,81.57,,
ESTAT:PRC_HICP_MINR(1.0),02/10/26 11:00:00,Monthly,"Index, 2025=100",Total,Ireland,2012-05,81.56,,
ESTAT:PRC_HICP_MINR(1.0),02/10/26 11:00:00,Monthly,"Index, 2025=100",Total,Ireland,2012-06,81.43,,
ESTAT:PRC_HICP_MINR(1.0),02/10/26 11:00:00,Monthly,"Index, 2025=100",Total,Ireland,2012-07,81.35,,
ESTAT:PRC_HICP_MINR(1.0),02/10/26 11:00:00,Monthly,"Index, 2025=100",Total,Ireland,2012-08,82.02,,
ESTAT:PRC_HICP_MINR(1.0),02/10/26 11:00:00,Monthly,"Index, 2025=100",Total,Ireland,2012-09,81.96,,
ESTAT:PRC_HICP_MINR(1.0),02/10/26 11:00:00,Monthly,"Index, 2025=100",Total,Ireland,2012-10,81.89,,
ESTAT:PRC_HICP_MINR(1.0),02/10/26 11:00:00,Monthly,"Index, 2025=100",Total,Ireland,2012-11,81.49,,
ESTAT:PRC_HICP_MINR(1.0),02/10/26 11:00:00,Monthly,"Index, 2025=100",Total,Ireland,2012-12,81.55,,
ESTAT:PRC_HICP_MINR(1.0),02/10/26 11:00:00,Monthly,"Index, 2025=100",Total,Ireland,2013-01,81.09,,
ESTAT:PRC_HICP_MINR(1.0),02/10/26 11:00:00,Monthly,"Index, 2025=100",Total,Ireland,2013-02,81.76,,
ESTAT:PRC_HICP_MINR(1.0),02/10/26 11:00:00,Monthly,"Index, 2025=100",Total,Ireland,2013-03,82.05,,
ESTAT:PRC_HICP_MINR(1.0),02/10/26 11:00:00,Monthly,"Index, 2025=100",Total,Ireland,2013-04,81.97,,
ESTAT:PRC_HICP_MINR(1.0),02/10/26 11:00:00,Monthly,"Index, 2025=100",Total,Ireland,2013-05,81.94,,
ESTAT:PRC_HICP_MINR(1.0),02/10/26 11:00:00,Monthly,"Index, 2025=100",Total,Ireland,2013-06,82.02,,
ESTAT:PRC_HICP_MINR(1.0),02/10/26 11:00:00,Monthly,"Index, 2025=100",Total,Ireland,2013-07,81.98,,
ESTAT:PRC_HICP_MINR(1.0),02/10/26 11:00:00,Monthly,"Index, 2025=100",Total,Ireland,2013-08,82.05,,
ESTAT:PRC_HICP_MINR(1.0),02/10/26 11:00:00,Monthly,"Index, 2025=100",Total,Ireland,2013-09,82.00,,
ESTAT:PRC_HICP_MINR(1.0),02/10/26 11:00:00,Monthly,"Index, 2025=100",Total,Ireland,2013-10,81.83,,
ESTAT:PRC_HICP_MINR(1.0),02/10/26 11:00:00,Monthly,"Index, 2025=100",Total,Ireland,2013-11,81.73,,
ESTAT:PRC_HICP_MINR(1.0),02/10/26 11:00:00,Monthly,"Index, 2025=100",Total,Ireland,2013-12,81.85,,
ESTAT:PRC_HICP_MINR(1.0),02/10/26 11:00:00,Monthly,"Index, 2025=100",Total,Ireland,2014-01,81.31,,
ESTAT:PRC_HICP_MINR(1.0),02/10/26 11:00:00,Monthly,"Index, 2025=100",Total,Ireland,2014-02,81.83,,
ESTAT:PRC_HICP_MINR(1.0),02/10/26 11:00:00,Monthly,"Index, 2025=100",Total,Ireland,2014-03,82.24,,
ESTAT:PRC_HICP_MINR(1.0),02/10/26 11:00:00,Monthly,"Index, 2025=100",Total,Ireland,2014-04,82.25,,
ESTAT:PRC_HICP_MINR(1.0),02/10/26 11:00:00,Monthly,"Index, 2025=100",Total,Ireland,2014-05,82.24,,
ESTAT:PRC_HICP_MINR(1.0),02/10/26 11:00:00,Monthly,"Index, 2025=100",Total,Ireland,2014-06,82.40,,
ESTAT:PRC_HICP_MINR(1.0),02/10/26 11:00:00,Monthly,"Index, 2025=100",Total,Ireland,2014-07,82.33,,
ESTAT:PRC_HICP_MINR(1.0),02/10/26 11:00:00,Monthly,"Index, 2025=100",Total,Ireland,2014-08,82.57,,
ESTAT:PRC_HICP_MINR(1.0),02/10/26 11:00:00,Monthly,"Index, 2025=100",Total,Ireland,2014-09,82.37,,
ESTAT:PRC_HICP_MINR(1.0),02/10/26 11:00:00,Monthly,"Index, 2025=100",Total,Ireland,2014-10,82.15,,
ESTAT:PRC_HICP_MINR(1.0),02/10/26 11:00:00,Monthly,"Index, 2025=100",Total,Ireland,2014-11,81.90,,
ESTAT:PRC_HICP_MINR(1.0),02/10/26 11:00:00,Monthly,"Index, 2025=100",Total,Ireland,2014-12,81.61,,
ESTAT:PRC_HICP_MINR(1.0),02/10/26 11:00:00,Monthly,"Index, 2025=100",Total,Ireland,2015-01,81.00,,
ESTAT:PRC_HICP_MINR(1.0),02/10/26 11:00:00,Monthly,"Index, 2025=100",Total,Ireland,2015-02,81.48,,
ESTAT:PRC_HICP_MINR(1.0),02/10/26 11:00:00,Monthly,"Index, 2025=100",Total,Ireland,2015-03,82.04,,
ESTAT:PRC_HICP_MINR(1.0),02/10/26 11:00:00,Monthly,"Index, 2025=100",Total,Ireland,2015-04,82.00,,
ESTAT:PRC_HICP_MINR(1.0),02/10/26 11:00:00,Monthly,"Index, 2025=100",Total,Ireland,2015-05,82.39,,
ESTAT:PRC_HICP_MINR(1.0),02/10/26 11:00:00,Monthly,"Index, 2025=100",Total,Ireland,2015-06,82.69,,
ESTAT:PRC_HICP_MINR(1.0),02/10/26 11:00:00,Monthly,"Index, 2025=100",Total,Ireland,2015-07,82.46,,
ESTAT:PRC_HICP_MINR(1.0),02/10/26 11:00:00,Monthly,"Index, 2025=100",Total,Ireland,2015-08,82.74,,
ESTAT:PRC_HICP_MINR(1.0),02/10/26 11:00:00,Monthly,"Index, 2025=100",Total,Ireland,2015-09,82.35,,
ESTAT:PRC_HICP_MINR(1.0),02/10/26 11:00:00,Monthly,"Index, 2025=100",Total,Ireland,2015-10,82.11,,
ESTAT:PRC_HICP_MINR(1.0),02/10/26 11:00:00,Monthly,"Index, 2025=100",Total,Ireland,2015-11,81.83,,
ESTAT:PRC_HICP_MINR(1.0),02/10/26 11:00:00,Monthly,"Index, 2025=100",Total,Ireland,2015-12,81.74,,
ESTAT:PRC_HICP_MINR(1.0),02/10/26 11:00:00,Monthly,"Index, 2025=100",Total,Ireland,2016-01,81.02,,
ESTAT:PRC_HICP_MINR(1.0),02/10/26 11:00:00,Monthly,"Index, 2025=100",Total,Ireland,2016-02,81.34,,
ESTAT:PRC_HICP_MINR(1.0),02/10/26 11:00:00,Monthly,"Index, 2025=100",Total,Ireland,2016-03,81.61,,
ESTAT:PRC_HICP_MINR(1.0),02/10/26 11:00:00,Monthly,"Index, 2025=100",Total,Ireland,2016-04,81.81,,
ESTAT:PRC_HICP_MINR(1.0),02/10/26 11:00:00,Monthly,"Index, 2025=100",Total,Ireland,2016-05,82.20,,
ESTAT:PRC_HICP_MINR(1.0),02/10/26 11:00:00,Monthly,"Index, 2025=100",Total,Ireland,2016-06,82.78,,
ESTAT:PRC_HICP_MINR(1.0),02/10/26 11:00:00,Monthly,"Index, 2025=100",Total,Ireland,2016-07,82.55,,
ESTAT:PRC_HICP_MINR(1.0),02/10/26 11:00:00,Monthly,"Index, 2025=100",Total,Ireland,2016-08,82.39,,
ESTAT:PRC_HICP_MINR(1.0),02/10/26 11:00:00,Monthly,"Index, 2025=100",Total,Ireland,2016-09,82.05,,
ESTAT:PRC_HICP_MINR(1.0),02/10/26 11:00:00,Monthly,"Index, 2025=100",Total,Ireland,2016-10,81.76,,
ESTAT:PRC_HICP_MINR(1.0),02/10/26 11:00:00,Monthly,"Index, 2025=100",Total,Ireland,2016-11,81.63,,
ESTAT:PRC_HICP_MINR(1.0),02/10/26 11:00:00,Monthly,"Index, 2025=100",Total,Ireland,2016-12,81.56,,
ESTAT:PRC_HICP_MINR(1.0),02/10/26 11:00:00,Monthly,"Index, 2025=100",Total,Ireland,2017-01,81.13,,
ESTAT:PRC_HICP_MINR(1.0),02/10/26 11:00:00,Monthly,"Index, 2025=100",Total,Ireland,2017-02,81.60,,
ESTAT:PRC_HICP_MINR(1.0),02/10/26 11:00:00,Monthly,"Index, 2025=100",Total,Ireland,2017-03,82.09,,
ESTAT:PRC_HICP_MINR(1.0),02/10/26 11:00:00,Monthly,"Index, 2025=100",Total,Ireland,2017-04,82.40,,
ESTAT:PRC_HICP_MINR(1.0),02/10/26 11:00:00,Monthly,"Index, 2025=100",Total,Ireland,2017-05,82.23,,
ESTAT:PRC_HICP_MINR(1.0),02/10/26 11:00:00,Monthly,"Index, 2025=100",Total,Ireland,2017-06,82.28,,
ESTAT:PRC_HICP_MINR(1.0),02/10/26 11:00:00,Monthly,"Index, 2025=100",Total,Ireland,2017-07,82.38,,
ESTAT:PRC_HICP_MINR(1.0),02/10/26 11:00:00,Monthly,"Index, 2025=100",Total,Ireland,2017-08,82.71,,
ESTAT:PRC_HICP_MINR(1.0),02/10/26 11:00:00,Monthly,"Index, 2025=100",Total,Ireland,2017-09,82.21,,
ESTAT:PRC_HICP_MINR(1.0),02/10/26 11:00:00,Monthly,"Index, 2025=100",Total,Ireland,2017-10,82.12,,
ESTAT:PRC_HICP_MINR(1.0),02/10/26 11:00:00,Monthly,"Index, 2025=100",Total,Ireland,2017-11,82.07,,
ESTAT:PRC_HICP_MINR(1.0),02/10/26 11:00:00,Monthly,"Index, 2025=100",Total,Ireland,2017-12,81.96,,
ESTAT:PRC_HICP_MINR(1.0),02/10/26 11:00:00,Monthly,"Index, 2025=100",Total,Ireland,2018-01,81.40,,
ESTAT:PRC_HICP_MINR(1.0),02/10/26 11:00:00,Monthly,"Index, 2025=100",Total,Ireland,2018-02,82.12,,
ESTAT:PRC_HICP_MINR(1.0),02/10/26 11:00:00,Monthly,"Index, 2025=100",Total,Ireland,2018-03,82.48,,
ESTAT:PRC_HICP_MINR(1.0),02/10/26 11:00:00,Monthly,"Index, 2025=100",Total,Ireland,2018-04,82.34,,
ESTAT:PRC_HICP_MINR(1.0),02/10/26 11:00:00,Monthly,"Index, 2025=100",Total,Ireland,2018-05,82.83,,
ESTAT:PRC_HICP_MINR(1.0),02/10/26 11:00:00,Monthly,"Index, 2025=100",Total,Ireland,2018-06,82.93,,
ESTAT:PRC_HICP_MINR(1.0),02/10/26 11:00:00,Monthly,"Index, 2025=100",Total,Ireland,2018-07,83.26,,
ESTAT:PRC_HICP_MINR(1.0),02/10/26 11:00:00,Monthly,"Index, 2025=100",Total,Ireland,2018-08,83.49,,
ESTAT:PRC_HICP_MINR(1.0),02/10/26 11:00:00,Monthly,"Index, 2025=100",Total,Ireland,2018-09,83.22,,
ESTAT:PRC_HICP_MINR(1.0),02/10/26 11:00:00,Monthly,"Index, 2025=100",Total,Ireland,2018-10,83.09,,
ESTAT:PRC_HICP_MINR(1.0),02/10/26 11:00:00,Monthly,"Index, 2025=100",Total,Ireland,2018-11,82.73,,
ESTAT:PRC_HICP_MINR(1.0),02/10/26 11:00:00,Monthly,"Index, 2025=100",Total,Ireland,2018-12,82.63,,
ESTAT:PRC_HICP_MINR(1.0),02/10/26 11:00:00,Monthly,"Index, 2025=100",Total,Ireland,2019-01,82.08,,
ESTAT:PRC_HICP_MINR(1.0),02/10/26 11:00:00,Monthly,"Index, 2025=100",Total,Ireland,2019-02,82.74,,
ESTAT:PRC_HICP_MINR(1.0),02/10/26 11:00:00,Monthly,"Index, 2025=100",Total,Ireland,2019-03,83.39,,
ESTAT:PRC_HICP_MINR(1.0),02/10/26 11:00:00,Monthly,"Index, 2025=100",Total,Ireland,2019-04,83.72,,
ESTAT:PRC_HICP_MINR(1.0),02/10/26 11:00:00,Monthly,"Index, 2025=100",Total,Ireland,2019-05,83.63,,
ESTAT:PRC_HICP_MINR(1.0),02/10/26 11:00:00,Monthly,"Index, 2025=100",Total,Ireland,2019-06,83.83,,
ESTAT:PRC_HICP_MINR(1.0),02/10/26 11:00:00,Monthly,"Index, 2025=100",Total,Ireland,2019-07,83.62,,
ESTAT:PRC_HICP_MINR(1.0),02/10/26 11:00:00,Monthly,"Index, 2025=100",Total,Ireland,2019-08,83.92,,
ESTAT:PRC_HICP_MINR(1.0),02/10/26 11:00:00,Monthly,"Index, 2025=100",Total,Ireland,2019-09,83.73,,
ESTAT:PRC_HICP_MINR(1.0),02/10/26 11:00:00,Monthly,"Index, 2025=100",Total,Ireland,2019-10,83.56,,
ESTAT:PRC_HICP_MINR(1.0),02/10/26 11:00:00,Monthly,"Index, 2025=100",Total,Ireland,2019-11,83.41,,
ESTAT:PRC_HICP_MINR(1.0),02/10/26 11:00:00,Monthly,"Index, 2025=100",Total,Ireland,2019-12,83.58,,
ESTAT:PRC_HICP_MINR(1.0),02/10/26 11:00:00,Monthly,"Index, 2025=100",Total,Ireland,2020-01,82.98,,
ESTAT:PRC_HICP_MINR(1.0),02/10/26 11:00:00,Monthly,"Index, 2025=100",Total,Ireland,2020-02,83.47,,
ESTAT:PRC_HICP_MINR(1.0),02/10/26 11:00:00,Monthly,"Index, 2025=100",Total,Ireland,2020-03,83.78,,
ESTAT:PRC_HICP_MINR(1.0),02/10/26 11:00:00,Monthly,"Index, 2025=100",Total,Ireland,2020-04,83.45,,
ESTAT:PRC_HICP_MINR(1.0),02/10/26 11:00:00,Monthly,"Index, 2025=100",Total,Ireland,2020-05,82.96,,
ESTAT:PRC_HICP_MINR(1.0),02/10/26 11:00:00,Monthly,"Index, 2025=100",Total,Ireland,2020-06,83.27,,
ESTAT:PRC_HICP_MINR(1.0),02/10/26 11:00:00,Monthly,"Index, 2025=100",Total,Ireland,2020-07,83.18,,
ESTAT:PRC_HICP_MINR(1.0),02/10/26 11:00:00,Monthly,"Index, 2025=100",Total,Ireland,2020-08,83.03,,
ESTAT:PRC_HICP_MINR(1.0),02/10/26 11:00:00,Monthly,"Index, 2025=100",Total,Ireland,2020-09,82.76,,
ESTAT:PRC_HICP_MINR(1.0),02/10/26 11:00:00,Monthly,"Index, 2025=100",Total,Ireland,2020-10,82.30,,
ESTAT:PRC_HICP_MINR(1.0),02/10/26 11:00:00,Monthly,"Index, 2025=100",Total,Ireland,2020-11,82.55,,
ESTAT:PRC_HICP_MINR(1.0),02/10/26 11:00:00,Monthly,"Index, 2025=100",Total,Ireland,2020-12,82.76,,
ESTAT:PRC_HICP_MINR(1.0),02/10/26 11:00:00,Monthly,"Index, 2025=100",Total,Ireland,2021-01,82.88,,
ESTAT:PRC_HICP_MINR(1.0),02/10/26 11:00:00,Monthly,"Index, 2025=100",Total,Ireland,2021-02,83.14,,
ESTAT:PRC_HICP_MINR(1.0),02/10/26 11:00:00,Monthly,"Index, 2025=100",Total,Ireland,2021-03,83.86,,
ESTAT:PRC_HICP_MINR(1.0),02/10/26 11:00:00,Monthly,"Index, 2025=100",Total,Ireland,2021-04,84.38,,
ESTAT:PRC_HICP_MINR(1.0),02/10/26 11:00:00,Monthly,"Index, 2025=100",Total,Ireland,2021-05,84.53,,
ESTAT:PRC_HICP_MINR(1.0),02/10/26 11:00:00,Monthly,"Index, 2025=100",Total,Ireland,2021-06,84.62,,
ESTAT:PRC_HICP_MINR(1.0),02/10/26 11:00:00,Monthly,"Index, 2025=100",Total,Ireland,2021-07,84.90,,
ESTAT:PRC_HICP_MINR(1.0),02/10/26 11:00:00,Monthly,"Index, 2025=100",Total,Ireland,2021-08,85.48,,
ESTAT:PRC_HICP_MINR(1.0),02/10/26 11:00:00,Monthly,"Index, 2025=100",Total,Ireland,2021-09,85.87,,
ESTAT:PRC_HICP_MINR(1.0),02/10/26 11:00:00,Monthly,"Index, 2025=100",Total,Ireland,2021-10,86.51,,
ESTAT:PRC_HICP_MINR(1.0),02/10/26 11:00:00,Monthly,"Index, 2025=100",Total,Ireland,2021-11,87.03,,
ESTAT:PRC_HICP_MINR(1.0),02/10/26 11:00:00,Monthly,"Index, 2025=100",Total,Ireland,2021-12,87.44,,
ESTAT:PRC_HICP_MINR(1.0),02/10/26 11:00:00,Monthly,"Index, 2025=100",Total,Ireland,2022-01,87.10,,
ESTAT:PRC_HICP_MINR(1.0),02/10/26 11:00:00,Monthly,"Index, 2025=100",Total,Ireland,2022-02,87.92,,
ESTAT:PRC_HICP_MINR(1.0),02/10/26 11:00:00,Monthly,"Index, 2025=100",Total,Ireland,2022-03,89.72,,
ESTAT:PRC_HICP_MINR(1.0),02/10/26 11:00:00,Monthly,"Index, 2025=100",Total,Ireland,2022-04,90.55,,
ESTAT:PRC_HICP_MINR(1.0),02/10/26 11:00:00,Monthly,"Index, 2025=100",Total,Ireland,2022-05,91.47,,
ESTAT:PRC_HICP_MINR(1.0),02/10/26 11:00:00,Monthly,"Index, 2025=100",Total,Ireland,2022-06,92.70,,
ESTAT:PRC_HICP_MINR(1.0),02/10/26 11:00:00,Monthly,"Index, 2025=100",Total,Ireland,2022-07,93.10,,
ESTAT:PRC_HICP_MINR(1.0),02/10/26 11:00:00,Monthly,"Index, 2025=100",Total,Ireland,2022-08,93.24,,
ESTAT:PRC_HICP_MINR(1.0),02/10/26 11:00:00,Monthly,"Index, 2025=100",Total,Ireland,2022-09,93.23,,
ESTAT:PRC_HICP_MINR(1.0),02/10/26 11:00:00,Monthly,"Index, 2025=100",Total,Ireland,2022-10,94.63,,
ESTAT:PRC_HICP_MINR(1.0),02/10/26 11:00:00,Monthly,"Index, 2025=100",Total,Ireland,2022-11,94.82,,
ESTAT:PRC_HICP_MINR(1.0),02/10/26 11:00:00,Monthly,"Index, 2025=100",Total,Ireland,2022-12,94.58,,
ESTAT:PRC_HICP_MINR(1.0),02/10/26 11:00:00,Monthly,"Index, 2025=100",Total,Ireland,2023-01,93.63,,
ESTAT:PRC_HICP_MINR(1.0),02/10/26 11:00:00,Monthly,"Index, 2025=100",Total,Ireland,2023-02,95.03,,
ESTAT:PRC_HICP_MINR(1.0),02/10/26 11:00:00,Monthly,"Index, 2025=100",Total,Ireland,2023-03,95.97,,
ESTAT:PRC_HICP_MINR(1.0),02/10/26 11:00:00,Monthly,"Index, 2025=100",Total,Ireland,2023-04,96.17,,
ESTAT:PRC_HICP_MINR(1.0),02/10/26 11:00:00,Monthly,"Index, 2025=100",Total,Ireland,2023-05,96.43,,
ESTAT:PRC_HICP_MINR(1.0),02/10/26 11:00:00,Monthly,"Index, 2025=100",Total,Ireland,2023-06,97.20,,
ESTAT:PRC_HICP_MINR(1.0),02/10/26 11:00:00,Monthly,"Index, 2025=100",Total,Ireland,2023-07,97.30,,
ESTAT:PRC_HICP_MINR(1.0),02/10/26 11:00:00,Monthly,"Index, 2025=100",Total,Ireland,2023-08,97.82,,
ESTAT:PRC_HICP_MINR(1.0),02/10/26 11:00:00,Monthly,"Index, 2025=100",Total,Ireland,2023-09,97.92,,
ESTAT:PRC_HICP_MINR(1.0),02/10/26 11:00:00,Monthly,"Index, 2025=100",Total,Ireland,2023-10,98.05,,
ESTAT:PRC_HICP_MINR(1.0),02/10/26 11:00:00,Monthly,"Index, 2025=100",Total,Ireland,2023-11,97.14,,
ESTAT:PRC_HICP_MINR(1.0),02/10/26 11:00:00,Monthly,"Index, 2025=100",Total,Ireland,2023-12,97.59,,
ESTAT:PRC_HICP_MINR(1.0),02/10/26 11:00:00,Monthly,"Index, 2025=100",Total,Ireland,2024-01,96.22,,
ESTAT:PRC_HICP_MINR(1.0),02/10/26 11:00:00,Monthly,"Index, 2025=100",Total,Ireland,2024-02,97.22,,
ESTAT:PRC_HICP_MINR(1.0),02/10/26 11:00:00,Monthly,"Index, 2025=100",Total,Ireland,2024-03,97.57,,
ESTAT:PRC_HICP_MINR(1.0),02/10/26 11:00:00,Monthly,"Index, 2025=100",Total,Ireland,2024-04,97.72,,
ESTAT:PRC_HICP_MINR(1.0),02/10/26 11:00:00,Monthly,"Index, 2025=100",Total,Ireland,2024-05,98.28,,
ESTAT:PRC_HICP_MINR(1.0),02/10/26 11:00:00,Monthly,"Index, 2025=100",Total,Ireland,2024-06,98.66,,
ESTAT:PRC_HICP_MINR(1.0),02/10/26 11:00:00,Monthly,"Index, 2025=100",Total,Ireland,2024-07,98.80,,
ESTAT:PRC_HICP_MINR(1.0),02/10/26 11:00:00,Monthly,"Index, 2025=100",Total,Ireland,2024-08,98.90,,
ESTAT:PRC_HICP_MINR(1.0),02/10/26 11:00:00,Monthly,"Index, 2025=100",Total,Ireland,2024-09,97.92,,
ESTAT:PRC_HICP_MINR(1.0),02/10/26 11:00:00,Monthly,"Index, 2025=100",Total,Ireland,2024-10,98.20,,
ESTAT:PRC_HICP_MINR(1.0),02/10/26 11:00:00,Monthly,"Index, 2025=100",Total,Ireland,2024-11,97.67,,
ESTAT:PRC_HICP_MINR(1.0),02/10/26 11:00:00,Monthly,"Index, 2025=100",Total,Ireland,2024-12,98.57,,
ESTAT:PRC_HICP_MINR(1.0),02/10/26 11:00:00,Monthly,"Index, 2025=100",Total,Ireland,2025-01,97.81,,
ESTAT:PRC_HICP_MINR(1.0),02/10/26 11:00:00,Monthly,"Index, 2025=100",Total,Ireland,2025-02,98.64,,
ESTAT:PRC_HICP_MINR(1.0),02/10/26 11:00:00,Monthly,"Index, 2025=100",Total,Ireland,2025-03,99.32,,
ESTAT:PRC_HICP_MINR(1.0),02/10/26 11:00:00,Monthly,"Index, 2025=100",Total,Ireland,2025-04,99.74,,
ESTAT:PRC_HICP_MINR(1.0),02/10/26 11:00:00,Monthly,"Index, 2025=100",Total,Ireland,2025-05,99.70,,
ESTAT:PRC_HICP_MINR(1.0),02/10/26 11:00:00,Monthly,"Index, 2025=100",Total,Ireland,2025-06,100.22,,
ESTAT:PRC_HICP_MINR(1.0),02/10/26 11:00:00,Monthly,"Index, 2025=100",Total,Ireland,2025-07,100.39,,
ESTAT:PRC_HICP_MINR(1.0),02/10/26 11:00:00,Monthly,"Index, 2025=100",Total,Ireland,2025-08,100.74,,
ESTAT:PRC_HICP_MINR(1.0),02/10/26 11:00:00,Monthly,"Index, 2025=100",Total,Ireland,2025-09,100.54,,
ESTAT:PRC_HICP_MINR(1.0),02/10/26 11:00:00,Monthly,"Index, 2025=100",Total,Ireland,2025-10,100.91,,
ESTAT:PRC_HICP_MINR(1.0),02/10/26 11:00:00,Monthly,"Index, 2025=100",Total,Ireland,2025-11,100.73,,
ESTAT:PRC_HICP_MINR(1.0),02/10/26 11:00:00,Monthly,"Index, 2025=100",Total,Ireland,2025-12,101.25,,
ESTAT:PRC_HICP_MINR(1.0),02/10/26 11:00:00,Monthly,"Index, 2025=100",Total,Italy,2006-01,67.6,,
ESTAT:PRC_HICP_MINR(1.0),02/10/26 11:00:00,Monthly,"Index, 2025=100",Total,Italy,2006-02,67.5,,
ESTAT:PRC_HICP_MINR(1.0),02/10/26 11:00:00,Monthly,"Index, 2025=100",Total,Italy,2006-03,68.3,,
ESTAT:PRC_HICP_MINR(1.0),02/10/26 11:00:00,Monthly,"Index, 2025=100",Total,Italy,2006-04,68.9,,
ESTAT:PRC_HICP_MINR(1.0),02/10/26 11:00:00,Monthly,"Index, 2025=100",Total,Italy,2006-05,69.1,,
ESTAT:PRC_HICP_MINR(1.0),02/10/26 11:00:00,Monthly,"Index, 2025=100",Total,Italy,2006-06,69.2,,
ESTAT:PRC_HICP_MINR(1.0),02/10/26 11:00:00,Monthly,"Index, 2025=100",Total,Italy,2006-07,69.0,,
ESTAT:PRC_HICP_MINR(1.0),02/10/26 11:00:00,Monthly,"Index, 2025=100",Total,Italy,2006-08,68.9,,
ESTAT:PRC_HICP_MINR(1.0),02/10/26 11:00:00,Monthly,"Index, 2025=100",Total,Italy,2006-09,69.3,,
ESTAT:PRC_HICP_MINR(1.0),02/10/26 11:00:00,Monthly,"Index, 2025=100",Total,Italy,2006-10,69.5,,
ESTAT:PRC_HICP_MINR(1.0),02/10/26 11:00:00,Monthly,"Index, 2025=100",Total,Italy,2006-11,69.5,,
ESTAT:PRC_HICP_MINR(1.0),02/10/26 11:00:00,Monthly,"Index, 2025=100",Total,Italy,2006-12,69.6,,
ESTAT:PRC_HICP_MINR(1.0),02/10/26 11:00:00,Monthly,"Index, 2025=100",Total,Italy,2007-01,68.9,,
ESTAT:PRC_HICP_MINR(1.0),02/10/26 11:00:00,Monthly,"Index, 2025=100",Total,Italy,2007-02,68.9,,
ESTAT:PRC_HICP_MINR(1.0),02/10/26 11:00:00,Monthly,"Index, 2025=100",Total,Italy,2007-03,69.7,,
ESTAT:PRC_HICP_MINR(1.0),02/10/26 11:00:00,Monthly,"Index, 2025=100",Total,Italy,2007-04,70.1,,
ESTAT:PRC_HICP_MINR(1.0),02/10/26 11:00:00,Monthly,"Index, 2025=100",Total,Italy,2007-05,70.4,,
ESTAT:PRC_HICP_MINR(1.0),02/10/26 11:00:00,Monthly,"Index, 2025=100",Total,Italy,2007-06,70.6,,
ESTAT:PRC_HICP_MINR(1.0),02/10/26 11:00:00,Monthly,"Index, 2025=100",Total,Italy,2007-07,70.1,,
ESTAT:PRC_HICP_MINR(1.0),02/10/26 11:00:00,Monthly,"Index, 2025=100",Total,Italy,2007-08,70.0,,
ESTAT:PRC_HICP_MINR(1.0),02/10/26 11:00:00,Monthly,"Index, 2025=100",Total,Italy,2007-09,70.5,,
ESTAT:PRC_HICP_MINR(1.0),02/10/26 11:00:00,Monthly,"Index, 2025=100",Total,Italy,2007-10,71.1,,
ESTAT:PRC_HICP_MINR(1.0),02/10/26 11:00:00,Monthly,"Index, 2025=100",Total,Italy,2007-11,71.3,,
ESTAT:PRC_HICP_MINR(1.0),02/10/26 11:00:00,Monthly,"Index, 2025=100",Total,Italy,2007-12,71.6,,
ESTAT:PRC_HICP_MINR(1.0),02/10/26 11:00:00,Monthly,"Index, 2025=100",Total,Italy,2008-01,71.0,,
ESTAT:PRC_HICP_MINR(1.0),02/10/26 11:00:00,Monthly,"Index, 2025=100",Total,Italy,2008-02,71.1,,
ESTAT:PRC_HICP_MINR(1.0),02/10/26 11:00:00,Monthly,"Index, 2025=100",Total,Italy,2008-03,72.2,,
ESTAT:PRC_HICP_MINR(1.0),02/10/26 11:00:00,Monthly,"Index, 2025=100",Total,Italy,2008-04,72.6,,
ESTAT:PRC_HICP_MINR(1.0),02/10/26 11:00:00,Monthly,"Index, 2025=100",Total,Italy,2008-05,73.0,,
ESTAT:PRC_HICP_MINR(1.0),02/10/26 11:00:00,Monthly,"Index, 2025=100",Total,Italy,2008-06,73.4,,
ESTAT:PRC_HICP_MINR(1.0),02/10/26 11:00:00,Monthly,"Index, 2025=100",Total,Italy,2008-07,73.0,,
ESTAT:PRC_HICP_MINR(1.0),02/10/26 11:00:00,Monthly,"Index, 2025=100",Total,Italy,2008-08,73.0,,
ESTAT:PRC_HICP_MINR(1.0),02/10/26 11:00:00,Monthly,"Index, 2025=100",Total,Italy,2008-09,73.3,,
ESTAT:PRC_HICP_MINR(1.0),02/10/26 11:00:00,Monthly,"Index, 2025=100",Total,Italy,2008-10,73.6,,
ESTAT:PRC_HICP_MINR(1.0),02/10/26 11:00:00,Monthly,"Index, 2025=100",Total,Italy,2008-11,73.3,,
ESTAT:PRC_HICP_MINR(1.0),02/10/26 11:00:00,Monthly,"Index, 2025=100",Total,Italy,2008-12,73.3,,
ESTAT:PRC_HICP_MINR(1.0),02/10/26 11:00:00,Monthly,"Index, 2025=100",Total,Italy,2009-01,72.0,,
ESTAT:PRC_HICP_MINR(1.0),02/10/26 11:00:00,Monthly,"Index, 2025=100",Total,Italy,2009-02,72.1,,
ESTAT:PRC_HICP_MINR(1.0),02/10/26 11:00:00,Monthly,"Index, 2025=100",Total,Italy,2009-03,73.0,,
ESTAT:PRC_HICP_MINR(1.0),02/10/26 11:00:00,Monthly,"Index, 2025=100",Total,Italy,2009-04,73.5,,
ESTAT:PRC_HICP_MINR(1.0),02/10/26 11:00:00,Monthly,"Index, 2025=100",Total,Italy,2009-05,73.7,,
ESTAT:PRC_HICP_MINR(1.0),02/10/26 11:00:00,Monthly,"Index, 2025=100",Total,Italy,2009-06,73.8,,
ESTAT:PRC_HICP_MINR(1.0),02/10/26 11:00:00,Monthly,"Index, 2025=100",Total,Italy,2009-07,72.9,,
ESTAT:PRC_HICP_MINR(1.0),02/10/26 11:00:00,Monthly,"Index, 2025=100",Total,Italy,2009-08,73.0,,
ESTAT:PRC_HICP_MINR(1.0),02/10/26 11:00:00,Monthly,"Index, 2025=100",Total,Italy,2009-09,73.6,,
ESTAT:PRC_HICP_MINR(1.0),02/10/26 11:00:00,Monthly,"Index, 2025=100",Total,Italy,2009-10,73.9,,
ESTAT:PRC_HICP_MINR(1.0),02/10/26 11:00:00,Monthly,"Index, 2025=100",Total,Italy,2009-11,73.9,,
ESTAT:PRC_HICP_MINR(1.0),02/10/26 11:00:00,Monthly,"Index, 2025=100",Total,Italy,2009-12,74.1,,
ESTAT:PRC_HICP_MINR(1.0),02/10/26 11:00:00,Monthly,"Index, 2025=100",Total,Italy,2010-01,73.0,,
ESTAT:PRC_HICP_MINR(1.0),02/10/26 11:00:00,Monthly,"Index, 2025=100",Total,Italy,2010-02,72.9,,
ESTAT:PRC_HICP_MINR(1.0),02/10/26 11:00:00,Monthly,"Index, 2025=100",Total,Italy,2010-03,74.0,,
ESTAT:PRC_HICP_MINR(1.0),02/10/26 11:00:00,Monthly,"Index, 2025=100",Total,Italy,2010-04,74.7,,
ESTAT:PRC_HICP_MINR(1.0),02/10/26 11:00:00,Monthly,"Index, 2025=100",Total,Italy,2010-05,74.8,,
ESTAT:PRC_HICP_MINR(1.0),02/10/26 11:00:00,Monthly,"Index, 2025=100",Total,Italy,2010-06,74.8,,
ESTAT:PRC_HICP_MINR(1.0),02/10/26 11:00:00,Monthly,"Index, 2025=100",Total,Italy,2010-07,74.2,,
ESTAT:PRC_HICP_MINR(1.0),02/10/26 11:00:00,Monthly,"Index, 2025=100",Total,Italy,2010-08,74.3,,
ESTAT:PRC_HICP_MINR(1.0),02/10/26 11:00:00,Monthly,"Index, 2025=100",Total,Italy,2010-09,74.8,,
ESTAT:PRC_HICP_MINR(1.0),02/10/26 11:00:00,Monthly,"Index, 2025=100",Total,Italy,2010-10,75.3,,
ESTAT:PRC_HICP_MINR(1.0),02/10/26 11:00:00,Monthly,"Index, 2025=100",Total,Italy,2010-11,75.3,,
ESTAT:PRC_HICP_MINR(1.0),02/10/26 11:00:00,Monthly,"Index, 2025=100",Total,Italy,2010-12,75.6,,
ESTAT:PRC_HICP_MINR(1.0),02/10/26 11:00:00,Monthly,"Index, 2025=100",Total,Italy,2011-01,74.4,,
ESTAT:PRC_HICP_MINR(1.0),02/10/26 11:00:00,Monthly,"Index, 2025=100",Total,Italy,2011-02,74.5,,
ESTAT:PRC_HICP_MINR(1.0),02/10/26 11:00:00,Monthly,"Index, 2025=100",Total,Italy,2011-03,76.1,,
ESTAT:PRC_HICP_MINR(1.0),02/10/26 11:00:00,Monthly,"Index, 2025=100",Total,Italy,2011-04,76.9,,
ESTAT:PRC_HICP_MINR(1.0),02/10/26 11:00:00,Monthly,"Index, 2025=100",Total,Italy,2011-05,77.0,,
ESTAT:PRC_HICP_MINR(1.0),02/10/26 11:00:00,Monthly,"Index, 2025=100",Total,Italy,2011-06,77.1,,
ESTAT:PRC_HICP_MINR(1.0),02/10/26 11:00:00,Monthly,"Index, 2025=100",Total,Italy,2011-07,75.7,,
ESTAT:PRC_HICP_MINR(1.0),02/10/26 11:00:00,Monthly,"Index, 2025=100",Total,Italy,2011-08,76.0,,
ESTAT:PRC_HICP_MINR(1.0),02/10/26 11:00:00,Monthly,"Index, 2025=100",Total,Italy,2011-09,77.5,,
ESTAT:PRC_HICP_MINR(1.0),02/10/26 11:00:00,Monthly,"Index, 2025=100",Total,Italy,2011-10,78.1,,
ESTAT:PRC_HICP_MINR(1.0),02/10/26 11:00:00,Monthly,"Index, 2025=100",Total,Italy,2011-11,78.1,,
ESTAT:PRC_HICP_MINR(1.0),02/10/26 11:00:00,Monthly,"Index, 2025=100",Total,Italy,2011-12,78.4,,
ESTAT:PRC_HICP_MINR(1.0),02/10/26 11:00:00,Monthly,"Index, 2025=100",Total,Italy,2012-01,77.0,,
ESTAT:PRC_HICP_MINR(1.0),02/10/26 11:00:00,Monthly,"Index, 2025=100",Total,Italy,2012-02,77.1,,
ESTAT:PRC_HICP_MINR(1.0),02/10/26 11:00:00,Monthly,"Index, 2025=100",Total,Italy,2012-03,79.0,,
ESTAT:PRC_HICP_MINR(1.0),02/10/26 11:00:00,Monthly,"Index, 2025=100",Total,Italy,2012-04,79.7,,
ESTAT:PRC_HICP_MINR(1.0),02/10/26 11:00:00,Monthly,"Index, 2025=100",Total,Italy,2012-05,79.7,,
ESTAT:PRC_HICP_MINR(1.0),02/10/26 11:00:00,Monthly,"Index, 2025=100",Total,Italy,2012-06,79.9,,
ESTAT:PRC_HICP_MINR(1.0),02/10/26 11:00:00,Monthly,"Index, 2025=100",Total,Italy,2012-07,78.5,,
ESTAT:PRC_HICP_MINR(1.0),02/10/26 11:00:00,Monthly,"Index, 2025=100",Total,Italy,2012-08,78.5,,
ESTAT:PRC_HICP_MINR(1.0),02/10/26 11:00:00,Monthly,"Index, 2025=100",Total,Italy,2012-09,80.1,,
ESTAT:PRC_HICP_MINR(1.0),02/10/26 11:00:00,Monthly,"Index, 2025=100",Total,Italy,2012-10,80.3,,
ESTAT:PRC_HICP_MINR(1.0),02/10/26 11:00:00,Monthly,"Index, 2025=100",Total,Italy,2012-11,80.1,,
ESTAT:PRC_HICP_MINR(1.0),02/10/26 11:00:00,Monthly,"Index, 2025=100",Total,Italy,2012-12,80.4,,
ESTAT:PRC_HICP_MINR(1.0),02/10/26 11:00:00,Monthly,"Index, 2025=100",Total,Italy,2013-01,78.8,,
ESTAT:PRC_HICP_MINR(1.0),02/10/26 11:00:00,Monthly,"Index, 2025=100",Total,Italy,2013-02,78.6,,
ESTAT:PRC_HICP_MINR(1.0),02/10/26 11:00:00,Monthly,"Index, 2025=100",Total,Italy,2013-03,80.4,,
ESTAT:PRC_HICP_MINR(1.0),02/10/26 11:00:00,Monthly,"Index, 2025=100",Total,Italy,2013-04,80.7,,
ESTAT:PRC_HICP_MINR(1.0),02/10/26 11:00:00,Monthly,"Index, 2025=100",Total,Italy,2013-05,80.7,,
ESTAT:PRC_HICP_MINR(1.0),02/10/26 11:00:00,Monthly,"Index, 2025=100",Total,Italy,2013-06,80.9,,
ESTAT:PRC_HICP_MINR(1.0),02/10/26 11:00:00,Monthly,"Index, 2025=100",Total,Italy,2013-07,79.4,,
ESTAT:PRC_HICP_MINR(1.0),02/10/26 11:00:00,Monthly,"Index, 2025=100",Total,Italy,2013-08,79.4,,
ESTAT:PRC_HICP_MINR(1.0),02/10/26 11:00:00,Monthly,"Index, 2025=100",Total,Italy,2013-09,80.9,,
ESTAT:PRC_HICP_MINR(1.0),02/10/26 11:00:00,Monthly,"Index, 2025=100",Total,Italy,2013-10,80.9,,
ESTAT:PRC_HICP_MINR(1.0),02/10/26 11:00:00,Monthly,"Index, 2025=100",Total,Italy,2013-11,80.6,,
ESTAT:PRC_HICP_MINR(1.0),02/10/26 11:00:00,Monthly,"Index, 2025=100",Total,Italy,2013-12,80.9,,
ESTAT:PRC_HICP_MINR(1.0),02/10/26 11:00:00,Monthly,"Index, 2025=100",Total,Italy,2014-01,79.2,,
ESTAT:PRC_HICP_MINR(1.0),02/10/26 11:00:00,Monthly,"Index, 2025=100",Total,Italy,2014-02,78.9,,
ESTAT:PRC_HICP_MINR(1.0),02/10/26 11:00:00,Monthly,"Index, 2025=100",Total,Italy,2014-03,80.7,,
ESTAT:PRC_HICP_MINR(1.0),02/10/26 11:00:00,Monthly,"Index, 2025=100",Total,Italy,2014-04,81.1,,
ESTAT:PRC_HICP_MINR(1.0),02/10/26 11:00:00,Monthly,"Index, 2025=100",Total,Italy,2014-05,81.0,,
ESTAT:PRC_HICP_MINR(1.0),02/10/26 11:00:00,Monthly,"Index, 2025=100",Total,Italy,2014-06,81.1,,
ESTAT:PRC_HICP_MINR(1.0),02/10/26 11:00:00,Monthly,"Index, 2025=100",Total,Italy,2014-07,79.4,,
ESTAT:PRC_HICP_MINR(1.0),02/10/26 11:00:00,Monthly,"Index, 2025=100",Total,Italy,2014-08,79.3,,
ESTAT:PRC_HICP_MINR(1.0),02/10/26 11:00:00,Monthly,"Index, 2025=100",Total,Italy,2014-09,80.8,,
ESTAT:PRC_HICP_MINR(1.0),02/10/26 11:00:00,Monthly,"Index, 2025=100",Total,Italy,2014-10,81.0,,
ESTAT:PRC_HICP_MINR(1.0),02/10/26 11:00:00,Monthly,"Index, 2025=100",Total,Italy,2014-11,80.8,,
ESTAT:PRC_HICP_MINR(1.0),02/10/26 11:00:00,Monthly,"Index, 2025=100",Total,Italy,2014-12,80.8,,
ESTAT:PRC_HICP_MINR(1.0),02/10/26 11:00:00,Monthly,"Index, 2025=100",Total,Italy,2015-01,78.9,,
ESTAT:PRC_HICP_MINR(1.0),02/10/26 11:00:00,Monthly,"Index, 2025=100",Total,Italy,2015-02,79.0,,
ESTAT:PRC_HICP_MINR(1.0),02/10/26 11:00:00,Monthly,"Index, 2025=100",Total,Italy,2015-03,80.7,,
ESTAT:PRC_HICP_MINR(1.0),02/10/26 11:00:00,Monthly,"Index, 2025=100",Total,Italy,2015-04,81.1,,
ESTAT:PRC_HICP_MINR(1.0),02/10/26 11:00:00,Monthly,"Index, 2025=100",Total,Italy,2015-05,81.2,,
ESTAT:PRC_HICP_MINR(1.0),02/10/26 11:00:00,Monthly,"Index, 2025=100",Total,Italy,2015-06,81.3,,
ESTAT:PRC_HICP_MINR(1.0),02/10/26 11:00:00,Monthly,"Index, 2025=100",Total,Italy,2015-07,79.7,,
ESTAT:PRC_HICP_MINR(1.0),02/10/26 11:00:00,Monthly,"Index, 2025=100",Total,Italy,2015-08,79.6,,
ESTAT:PRC_HICP_MINR(1.0),02/10/26 11:00:00,Monthly,"Index, 2025=100",Total,Italy,2015-09,80.9,,
ESTAT:PRC_HICP_MINR(1.0),02/10/26 11:00:00,Monthly,"Index, 2025=100",Total,Italy,2015-10,81.3,,
ESTAT:PRC_HICP_MINR(1.0),02/10/26 11:00:00,Monthly,"Index, 2025=100",Total,Italy,2015-11,81.0,,
ESTAT:PRC_HICP_MINR(1.0),02/10/26 11:00:00,Monthly,"Index, 2025=100",Total,Italy,2015-12,80.9,,
ESTAT:PRC_HICP_MINR(1.0),02/10/26 11:00:00,Monthly,"Index, 2025=100",Total,Italy,2016-01,79.2,,
ESTAT:PRC_HICP_MINR(1.0),02/10/26 11:00:00,Monthly,"Index, 2025=100",Total,Italy,2016-02,78.8,,
ESTAT:PRC_HICP_MINR(1.0),02/10/26 11:00:00,Monthly,"Index, 2025=100",Total,Italy,2016-03,80.5,,
ESTAT:PRC_HICP_MINR(1.0),02/10/26 11:00:00,Monthly,"Index, 2025=100",Total,Italy,2016-04,80.7,,
ESTAT:PRC_HICP_MINR(1.0),02/10/26 11:00:00,Monthly,"Index, 2025=100",Total,Italy,2016-05,80.9,,
ESTAT:PRC_HICP_MINR(1.0),02/10/26 11:00:00,Monthly,"Index, 2025=100",Total,Italy,2016-06,81.1,,
ESTAT:PRC_HICP_MINR(1.0),02/10/26 11:00:00,Monthly,"Index, 2025=100",Total,Italy,2016-07,79.6,,
ESTAT:PRC_HICP_MINR(1.0),02/10/26 11:00:00,Monthly,"Index, 2025=100",Total,Italy,2016-08,79.5,,
ESTAT:PRC_HICP_MINR(1.0),02/10/26 11:00:00,Monthly,"Index, 2025=100",Total,Italy,2016-09,81.0,,
ESTAT:PRC_HICP_MINR(1.0),02/10/26 11:00:00,Monthly,"Index, 2025=100",Total,Italy,2016-10,81.2,,
ESTAT:PRC_HICP_MINR(1.0),02/10/26 11:00:00,Monthly,"Index, 2025=100",Total,Italy,2016-11,81.1,,
ESTAT:PRC_HICP_MINR(1.0),02/10/26 11:00:00,Monthly,"Index, 2025=100",Total,Italy,2016-12,81.4,,
ESTAT:PRC_HICP_MINR(1.0),02/10/26 11:00:00,Monthly,"Index, 2025=100",Total,Italy,2017-01,80.0,,
ESTAT:PRC_HICP_MINR(1.0),02/10/26 11:00:00,Monthly,"Index, 2025=100",Total,Italy,2017-02,80.1,,
ESTAT:PRC_HICP_MINR(1.0),02/10/26 11:00:00,Monthly,"Index, 2025=100",Total,Italy,2017-03,81.7,,
ESTAT:PRC_HICP_MINR(1.0),02/10/26 11:00:00,Monthly,"Index, 2025=100",Total,Italy,2017-04,82.3,,
ESTAT:PRC_HICP_MINR(1.0),02/10/26 11:00:00,Monthly,"Index, 2025=100",Total,Italy,2017-05,82.2,,
ESTAT:PRC_HICP_MINR(1.0),02/10/26 11:00:00,Monthly,"Index, 2025=100",Total,Italy,2017-06,82.1,,
ESTAT:PRC_HICP_MINR(1.0),02/10/26 11:00:00,Monthly,"Index, 2025=100",Total,Italy,2017-07,80.5,,
ESTAT:PRC_HICP_MINR(1.0),02/10/26 11:00:00,Monthly,"Index, 2025=100",Total,Italy,2017-08,80.6,,
ESTAT:PRC_HICP_MINR(1.0),02/10/26 11:00:00,Monthly,"Index, 2025=100",Total,Italy,2017-09,82.1,,
ESTAT:PRC_HICP_MINR(1.0),02/10/26 11:00:00,Monthly,"Index, 2025=100",Total,Italy,2017-10,82.1,,
ESTAT:PRC_HICP_MINR(1.0),02/10/26 11:00:00,Monthly,"Index, 2025=100",Total,Italy,2017-11,81.9,,
ESTAT:PRC_HICP_MINR(1.0),02/10/26 11:00:00,Monthly,"Index, 2025=100",Total,Italy,2017-12,82.2,,
ESTAT:PRC_HICP_MINR(1.0),02/10/26 11:00:00,Monthly,"Index, 2025=100",Total,Italy,2018-01,80.9,,
ESTAT:PRC_HICP_MINR(1.0),02/10/26 11:00:00,Monthly,"Index, 2025=100",Total,Italy,2018-02,80.6,,
ESTAT:PRC_HICP_MINR(1.0),02/10/26 11:00:00,Monthly,"Index, 2025=100",Total,Italy,2018-03,82.4,,
ESTAT:PRC_HICP_MINR(1.0),02/10/26 11:00:00,Monthly,"Index, 2025=100",Total,Italy,2018-04,82.8,,
ESTAT:PRC_HICP_MINR(1.0),02/10/26 11:00:00,Monthly,"Index, 2025=100",Total,Italy,2018-05,83.0,,
ESTAT:PRC_HICP_MINR(1.0),02/10/26 11:00:00,Monthly,"Index, 2025=100",Total,Italy,2018-06,83.2,,
ESTAT:PRC_HICP_MINR(1.0),02/10/26 11:00:00,Monthly,"Index, 2025=100",Total,Italy,2018-07,82.1,,
ESTAT:PRC_HICP_MINR(1.0),02/10/26 11:00:00,Monthly,"Index, 2025=100",Total,Italy,2018-08,81.9,,
ESTAT:PRC_HICP_MINR(1.0),02/10/26 11:00:00,Monthly,"Index, 2025=100",Total,Italy,2018-09,83.3,,
ESTAT:PRC_HICP_MINR(1.0),02/10/26 11:00:00,Monthly,"Index, 2025=100",Total,Italy,2018-10,83.4,,
ESTAT:PRC_HICP_MINR(1.0),02/10/26 11:00:00,Monthly,"Index, 2025=100",Total,Italy,2018-11,83.2,,
ESTAT:PRC_HICP_MINR(1.0),02/10/26 11:00:00,Monthly,"Index, 2025=100",Total,Italy,2018-12,83.1,,
ESTAT:PRC_HICP_MINR(1.0),02/10/26 11:00:00,Monthly,"Index, 2025=100",Total,Italy,2019-01,81.7,,
ESTAT:PRC_HICP_MINR(1.0),02/10/26 11:00:00,Monthly,"Index, 2025=100",Total,Italy,2019-02,81.5,,
ESTAT:PRC_HICP_MINR(1.0),02/10/26 11:00:00,Monthly,"Index, 2025=100",Total,Italy,2019-03,83.3,,
ESTAT:PRC_HICP_MINR(1.0),02/10/26 11:00:00,Monthly,"Index, 2025=100",Total,Italy,2019-04,83.7,,
ESTAT:PRC_HICP_MINR(1.0),02/10/26 11:00:00,Monthly,"Index, 2025=100",Total,Italy,2019-05,83.8,,
ESTAT:PRC_HICP_MINR(1.0),02/10/26 11:00:00,Monthly,"Index, 2025=100",Total,Italy,2019-06,83.8,,
ESTAT:PRC_HICP_MINR(1.0),02/10/26 11:00:00,Monthly,"Index, 2025=100",Total,Italy,2019-07,82.3,,
ESTAT:PRC_HICP_MINR(1.0),02/10/26 11:00:00,Monthly,"Index, 2025=100",Total,Italy,2019-08,82.3,,
ESTAT:PRC_HICP_MINR(1.0),02/10/26 11:00:00,Monthly,"Index, 2025=100",Total,Italy,2019-09,83.5,,
ESTAT:PRC_HICP_MINR(1.0),02/10/26 11:00:00,Monthly,"Index, 2025=100",Total,Italy,2019-10,83.6,,
ESTAT:PRC_HICP_MINR(1.0),02/10/26 11:00:00,Monthly,"Index, 2025=100",Total,Italy,2019-11,83.4,,
ESTAT:PRC_HICP_MINR(1.0),02/10/26 11:00:00,Monthly,"Index, 2025=100",Total,Italy,2019-12,83.5,,
ESTAT:PRC_HICP_MINR(1.0),02/10/26 11:00:00,Monthly,"Index, 2025=100",Total,Italy,2020-01,82.0,,
ESTAT:PRC_HICP_MINR(1.0),02/10/26 11:00:00,Monthly,"Index, 2025=100",Total,Italy,2020-02,81.6,,
ESTAT:PRC_HICP_MINR(1.0),02/10/26 11:00:00,Monthly,"Index, 2025=100",Total,Italy,2020-03,83.4,,
ESTAT:PRC_HICP_MINR(1.0),02/10/26 11:00:00,Monthly,"Index, 2025=100",Total,Italy,2020-04,83.8,,
ESTAT:PRC_HICP_MINR(1.0),02/10/26 11:00:00,Monthly,"Index, 2025=100",Total,Italy,2020-05,83.5,,
ESTAT:PRC_HICP_MINR(1.0),02/10/26 11:00:00,Monthly,"Index, 2025=100",Total,Italy,2020-06,83.5,,
ESTAT:PRC_HICP_MINR(1.0),02/10/26 11:00:00,Monthly,"Index, 2025=100",Total,Italy,2020-07,82.9,,
ESTAT:PRC_HICP_MINR(1.0),02/10/26 11:00:00,Monthly,"Index, 2025=100",Total,Italy,2020-08,81.9,,
ESTAT:PRC_HICP_MINR(1.0),02/10/26 11:00:00,Monthly,"Index, 2025=100",Total,Italy,2020-09,82.6,,
ESTAT:PRC_HICP_MINR(1.0),02/10/26 11:00:00,Monthly,"Index, 2025=100",Total,Italy,2020-10,83.1,,
ESTAT:PRC_HICP_MINR(1.0),02/10/26 11:00:00,Monthly,"Index, 2025=100",Total,Italy,2020-11,83.1,,
ESTAT:PRC_HICP_MINR(1.0),02/10/26 11:00:00,Monthly,"Index, 2025=100",Total,Italy,2020-12,83.3,,
ESTAT:PRC_HICP_MINR(1.0),02/10/26 11:00:00,Monthly,"Index, 2025=100",Total,Italy,2021-01,82.6,,
ESTAT:PRC_HICP_MINR(1.0),02/10/26 11:00:00,Monthly,"Index, 2025=100",Total,Italy,2021-02,82.4,,
ESTAT:PRC_HICP_MINR(1.0),02/10/26 11:00:00,Monthly,"Index, 2025=100",Total,Italy,2021-03,83.8,,
ESTAT:PRC_HICP_MINR(1.0),02/10/26 11:00:00,Monthly,"Index, 2025=100",Total,Italy,2021-04,84.5,,
ESTAT:PRC_HICP_MINR(1.0),02/10/26 11:00:00,Monthly,"Index, 2025=100",Total,Italy,2021-05,84.5,,
ESTAT:PRC_HICP_MINR(1.0),02/10/26 11:00:00,Monthly,"Index, 2025=100",Total,Italy,2021-06,84.6,,
ESTAT:PRC_HICP_MINR(1.0),02/10/26 11:00:00,Monthly,"Index, 2025=100",Total,Italy,2021-07,83.8,,
ESTAT:PRC_HICP_MINR(1.0),02/10/26 11:00:00,Monthly,"Index, 2025=100",Total,Italy,2021-08,83.9,,
ESTAT:PRC_HICP_MINR(1.0),02/10/26 11:00:00,Monthly,"Index, 2025=100",Total,Italy,2021-09,85.0,,
ESTAT:PRC_HICP_MINR(1.0),02/10/26 11:00:00,Monthly,"Index, 2025=100",Total,Italy,2021-10,85.8,,
ESTAT:PRC_HICP_MINR(1.0),02/10/26 11:00:00,Monthly,"Index, 2025=100",Total,Italy,2021-11,86.4,,
ESTAT:PRC_HICP_MINR(1.0),02/10/26 11:00:00,Monthly,"Index, 2025=100",Total,Italy,2021-12,86.8,,
ESTAT:PRC_HICP_MINR(1.0),02/10/26 11:00:00,Monthly,"Index, 2025=100",Total,Italy,2022-01,86.7,,
ESTAT:PRC_HICP_MINR(1.0),02/10/26 11:00:00,Monthly,"Index, 2025=100",Total,Italy,2022-02,87.5,,
ESTAT:PRC_HICP_MINR(1.0),02/10/26 11:00:00,Monthly,"Index, 2025=100",Total,Italy,2022-03,89.6,,
ESTAT:PRC_HICP_MINR(1.0),02/10/26 11:00:00,Monthly,"Index, 2025=100",Total,Italy,2022-04,89.9,,
ESTAT:PRC_HICP_MINR(1.0),02/10/26 11:00:00,Monthly,"Index, 2025=100",Total,Italy,2022-05,90.7,,
ESTAT:PRC_HICP_MINR(1.0),02/10/26 11:00:00,Monthly,"Index, 2025=100",Total,Italy,2022-06,91.8,,
ESTAT:PRC_HICP_MINR(1.0),02/10/26 11:00:00,Monthly,"Index, 2025=100",Total,Italy,2022-07,90.8,,
ESTAT:PRC_HICP_MINR(1.0),02/10/26 11:00:00,Monthly,"Index, 2025=100",Total,Italy,2022-08,91.5,,
ESTAT:PRC_HICP_MINR(1.0),02/10/26 11:00:00,Monthly,"Index, 2025=100",Total,Italy,2022-09,93.1,,
ESTAT:PRC_HICP_MINR(1.0),02/10/26 11:00:00,Monthly,"Index, 2025=100",Total,Italy,2022-10,96.6,,
ESTAT:PRC_HICP_MINR(1.0),02/10/26 11:00:00,Monthly,"Index, 2025=100",Total,Italy,2022-11,97.2,,
ESTAT:PRC_HICP_MINR(1.0),02/10/26 11:00:00,Monthly,"Index, 2025=100",Total,Italy,2022-12,97.4,,
ESTAT:PRC_HICP_MINR(1.0),02/10/26 11:00:00,Monthly,"Index, 2025=100",Total,Italy,2023-01,96.0,,
ESTAT:PRC_HICP_MINR(1.0),02/10/26 11:00:00,Monthly,"Index, 2025=100",Total,Italy,2023-02,96.1,,
ESTAT:PRC_HICP_MINR(1.0),02/10/26 11:00:00,Monthly,"Index, 2025=100",Total,Italy,2023-03,96.8,,
ESTAT:PRC_HICP_MINR(1.0),02/10/26 11:00:00,Monthly,"Index, 2025=100",Total,Italy,2023-04,97.6,,
ESTAT:PRC_HICP_MINR(1.0),02/10/26 11:00:00,Monthly,"Index, 2025=100",Total,Italy,2023-05,98.0,,
ESTAT:PRC_HICP_MINR(1.0),02/10/26 11:00:00,Monthly,"Index, 2025=100",Total,Italy,2023-06,98.0,,
ESTAT:PRC_HICP_MINR(1.0),02/10/26 11:00:00,Monthly,"Index, 2025=100",Total,Italy,2023-07,96.5,,
ESTAT:PRC_HICP_MINR(1.0),02/10/26 11:00:00,Monthly,"Index, 2025=100",Total,Italy,2023-08,96.6,,
ESTAT:PRC_HICP_MINR(1.0),02/10/26 11:00:00,Monthly,"Index, 2025=100",Total,Italy,2023-09,98.3,,
ESTAT:PRC_HICP_MINR(1.0),02/10/26 11:00:00,Monthly,"Index, 2025=100",Total,Italy,2023-10,98.3,,
ESTAT:PRC_HICP_MINR(1.0),02/10/26 11:00:00,Monthly,"Index, 2025=100",Total,Italy,2023-11,97.8,,
ESTAT:PRC_HICP_MINR(1.0),02/10/26 11:00:00,Monthly,"Index, 2025=100",Total,Italy,2023-12,98.0,,
ESTAT:PRC_HICP_MINR(1.0),02/10/26 11:00:00,Monthly,"Index, 2025=100",Total,Italy,2024-01,96.9,,
ESTAT:PRC_HICP_MINR(1.0),02/10/26 11:00:00,Monthly,"Index, 2025=100",Total,Italy,2024-02,96.9,,
ESTAT:PRC_HICP_MINR(1.0),02/10/26 11:00:00,Monthly,"Index, 2025=100",Total,Italy,2024-03,98.0,,
ESTAT:PRC_HICP_MINR(1.0),02/10/26 11:00:00,Monthly,"Index, 2025=100",Total,Italy,2024-04,98.5,,
ESTAT:PRC_HICP_MINR(1.0),02/10/26 11:00:00,Monthly,"Index, 2025=100",Total,Italy,2024-05,98.7,,
ESTAT:PRC_HICP_MINR(1.0),02/10/26 11:00:00,Monthly,"Index, 2025=100",Total,Italy,2024-06,98.9,,
ESTAT:PRC_HICP_MINR(1.0),02/10/26 11:00:00,Monthly,"Index, 2025=100",Total,Italy,2024-07,98.0,,
ESTAT:PRC_HICP_MINR(1.0),02/10/26 11:00:00,Monthly,"Index, 2025=100",Total,Italy,2024-08,97.9,,
ESTAT:PRC_HICP_MINR(1.0),02/10/26 11:00:00,Monthly,"Index, 2025=100",Total,Italy,2024-09,99.0,,
ESTAT:PRC_HICP_MINR(1.0),02/10/26 11:00:00,Monthly,"Index, 2025=100",Total,Italy,2024-10,99.3,,
ESTAT:PRC_HICP_MINR(1.0),02/10/26 11:00:00,Monthly,"Index, 2025=100",Total,Italy,2024-11,99.2,,
ESTAT:PRC_HICP_MINR(1.0),02/10/26 11:00:00,Monthly,"Index, 2025=100",Total,Italy,2024-12,99.3,,
ESTAT:PRC_HICP_MINR(1.0),02/10/26 11:00:00,Monthly,"Index, 2025=100",Total,Italy,2025-01,98.5,,
ESTAT:PRC_HICP_MINR(1.0),02/10/26 11:00:00,Monthly,"Index, 2025=100",Total,Italy,2025-02,98.5,,
ESTAT:PRC_HICP_MINR(1.0),02/10/26 11:00:00,Monthly,"Index, 2025=100",Total,Italy,2025-03,100.1,,
ESTAT:PRC_HICP_MINR(1.0),02/10/26 11:00:00,Monthly,"Index, 2025=100",Total,Italy,2025-04,100.5,,
ESTAT:PRC_HICP_MINR(1.0),02/10/26 11:00:00,Monthly,"Index, 2025=100",Total,Italy,2025-05,100.4,,
ESTAT:PRC_HICP_MINR(1.0),02/10/26 11:00:00,Monthly,"Index, 2025=100",Total,Italy,2025-06,100.6,,
ESTAT:PRC_HICP_MINR(1.0),02/10/26 11:00:00,Monthly,"Index, 2025=100",Total,Italy,2025-07,99.7,,
ESTAT:PRC_HICP_MINR(1.0),02/10/26 11:00:00,Monthly,"Index, 2025=100",Total,Italy,2025-08,99.5,,
ESTAT:PRC_HICP_MINR(1.0),02/10/26 11:00:00,Monthly,"Index, 2025=100",Total,Italy,2025-09,100.7,,
ESTAT:PRC_HICP_MINR(1.0),02/10/26 11:00:00,Monthly,"Index, 2025=100",Total,Italy,2025-10,100.6,,
ESTAT:PRC_HICP_MINR(1.0),02/10/26 11:00:00,Monthly,"Index, 2025=100",Total,Italy,2025-11,100.3,,
ESTAT:PRC_HICP_MINR(1.0),02/10/26 11:00:00,Monthly,"Index, 2025=100",Total,Italy,2025-12,100.5,,
ESTAT:PRC_HICP_MINR(1.0),02/10/26 11:00:00,Monthly,"Index, 2025=100",Total,Lithuania,2006-01,46.99,,
ESTAT:PRC_HICP_MINR(1.0),02/10/26 11:00:00,Monthly,"Index, 2025=100",Total,Lithuania,2006-02,47.01,,
ESTAT:PRC_HICP_MINR(1.0),02/10/26 11:00:00,Monthly,"Index, 2025=100",Total,Lithuania,2006-03,47.11,,
ESTAT:PRC_HICP_MINR(1.0),02/10/26 11:00:00,Monthly,"Index, 2025=100",Total,Lithuania,2006-04,47.43,,
ESTAT:PRC_HICP_MINR(1.0),02/10/26 11:00:00,Monthly,"Index, 2025=100",Total,Lithuania,2006-05,47.64,,
ESTAT:PRC_HICP_MINR(1.0),02/10/26 11:00:00,Monthly,"Index, 2025=100",Total,Lithuania,2006-06,47.76,,
ESTAT:PRC_HICP_MINR(1.0),02/10/26 11:00:00,Monthly,"Index, 2025=100",Total,Lithuania,2006-07,48.00,,
ESTAT:PRC_HICP_MINR(1.0),02/10/26 11:00:00,Monthly,"Index, 2025=100",Total,Lithuania,2006-08,47.97,,
ESTAT:PRC_HICP_MINR(1.0),02/10/26 11:00:00,Monthly,"Index, 2025=100",Total,Lithuania,2006-09,47.91,,
ESTAT:PRC_HICP_MINR(1.0),02/10/26 11:00:00,Monthly,"Index, 2025=100",Total,Lithuania,2006-10,48.39,,
ESTAT:PRC_HICP_MINR(1.0),02/10/26 11:00:00,Monthly,"Index, 2025=100",Total,Lithuania,2006-11,48.76,,
ESTAT:PRC_HICP_MINR(1.0),02/10/26 11:00:00,Monthly,"Index, 2025=100",Total,Lithuania,2006-12,48.87,,
ESTAT:PRC_HICP_MINR(1.0),02/10/26 11:00:00,Monthly,"Index, 2025=100",Total,Lithuania,2007-01,48.88,,
ESTAT:PRC_HICP_MINR(1.0),02/10/26 11:00:00,Monthly,"Index, 2025=100",Total,Lithuania,2007-02,49.07,,
ESTAT:PRC_HICP_MINR(1.0),02/10/26 11:00:00,Monthly,"Index, 2025=100",Total,Lithuania,2007-03,49.34,,
ESTAT:PRC_HICP_MINR(1.0),02/10/26 11:00:00,Monthly,"Index, 2025=100",Total,Lithuania,2007-04,49.77,,
ESTAT:PRC_HICP_MINR(1.0),02/10/26 11:00:00,Monthly,"Index, 2025=100",Total,Lithuania,2007-05,50.01,,
ESTAT:PRC_HICP_MINR(1.0),02/10/26 11:00:00,Monthly,"Index, 2025=100",Total,Lithuania,2007-06,50.14,,
ESTAT:PRC_HICP_MINR(1.0),02/10/26 11:00:00,Monthly,"Index, 2025=100",Total,Lithuania,2007-07,50.46,,
ESTAT:PRC_HICP_MINR(1.0),02/10/26 11:00:00,Monthly,"Index, 2025=100",Total,Lithuania,2007-08,50.64,,
ESTAT:PRC_HICP_MINR(1.0),02/10/26 11:00:00,Monthly,"Index, 2025=100",Total,Lithuania,2007-09,51.33,,
ESTAT:PRC_HICP_MINR(1.0),02/10/26 11:00:00,Monthly,"Index, 2025=100",Total,Lithuania,2007-10,52.08,,
ESTAT:PRC_HICP_MINR(1.0),02/10/26 11:00:00,Monthly,"Index, 2025=100",Total,Lithuania,2007-11,52.63,,
ESTAT:PRC_HICP_MINR(1.0),02/10/26 11:00:00,Monthly,"Index, 2025=100",Total,Lithuania,2007-12,52.88,,
ESTAT:PRC_HICP_MINR(1.0),02/10/26 11:00:00,Monthly,"Index, 2025=100",Total,Lithuania,2008-01,53.77,,
ESTAT:PRC_HICP_MINR(1.0),02/10/26 11:00:00,Monthly,"Index, 2025=100",Total,Lithuania,2008-02,54.41,,
ESTAT:PRC_HICP_MINR(1.0),02/10/26 11:00:00,Monthly,"Index, 2025=100",Total,Lithuania,2008-03,54.98,,
ESTAT:PRC_HICP_MINR(1.0),02/10/26 11:00:00,Monthly,"Index, 2025=100",Total,Lithuania,2008-04,55.68,,
ESTAT:PRC_HICP_MINR(1.0),02/10/26 11:00:00,Monthly,"Index, 2025=100",Total,Lithuania,2008-05,56.14,,
ESTAT:PRC_HICP_MINR(1.0),02/10/26 11:00:00,Monthly,"Index, 2025=100",Total,Lithuania,2008-06,56.49,,
ESTAT:PRC_HICP_MINR(1.0),02/10/26 11:00:00,Monthly,"Index, 2025=100",Total,Lithuania,2008-07,56.73,,
ESTAT:PRC_HICP_MINR(1.0),02/10/26 11:00:00,Monthly,"Index, 2025=100",Total,Lithuania,2008-08,56.82,,
ESTAT:PRC_HICP_MINR(1.0),02/10/26 11:00:00,Monthly,"Index, 2025=100",Total,Lithuania,2008-09,57.11,,
ESTAT:PRC_HICP_MINR(1.0),02/10/26 11:00:00,Monthly,"Index, 2025=100",Total,Lithuania,2008-10,57.64,,
ESTAT:PRC_HICP_MINR(1.0),02/10/26 11:00:00,Monthly,"Index, 2025=100",Total,Lithuania,2008-11,57.46,,
ESTAT:PRC_HICP_MINR(1.0),02/10/26 11:00:00,Monthly,"Index, 2025=100",Total,Lithuania,2008-12,57.36,,
ESTAT:PRC_HICP_MINR(1.0),02/10/26 11:00:00,Monthly,"Index, 2025=100",Total,Lithuania,2009-01,58.86,,
ESTAT:PRC_HICP_MINR(1.0),02/10/26 11:00:00,Monthly,"Index, 2025=100",Total,Lithuania,2009-02,59.04,,
ESTAT:PRC_HICP_MINR(1.0),02/10/26 11:00:00,Monthly,"Index, 2025=100",Total,Lithuania,2009-03,59.03,,
ESTAT:PRC_HICP_MINR(1.0),02/10/26 11:00:00,Monthly,"Index, 2025=100",Total,Lithuania,2009-04,58.98,,
ESTAT:PRC_HICP_MINR(1.0),02/10/26 11:00:00,Monthly,"Index, 2025=100",Total,Lithuania,2009-05,58.88,,
ESTAT:PRC_HICP_MINR(1.0),02/10/26 11:00:00,Monthly,"Index, 2025=100",Total,Lithuania,2009-06,58.69,,
ESTAT:PRC_HICP_MINR(1.0),02/10/26 11:00:00,Monthly,"Index, 2025=100",Total,Lithuania,2009-07,58.22,,
ESTAT:PRC_HICP_MINR(1.0),02/10/26 11:00:00,Monthly,"Index, 2025=100",Total,Lithuania,2009-08,58.09,,
ESTAT:PRC_HICP_MINR(1.0),02/10/26 11:00:00,Monthly,"Index, 2025=100",Total,Lithuania,2009-09,58.43,,
ESTAT:PRC_HICP_MINR(1.0),02/10/26 11:00:00,Monthly,"Index, 2025=100",Total,Lithuania,2009-10,58.19,,
ESTAT:PRC_HICP_MINR(1.0),02/10/26 11:00:00,Monthly,"Index, 2025=100",Total,Lithuania,2009-11,58.22,,
ESTAT:PRC_HICP_MINR(1.0),02/10/26 11:00:00,Monthly,"Index, 2025=100",Total,Lithuania,2009-12,58.03,,
ESTAT:PRC_HICP_MINR(1.0),02/10/26 11:00:00,Monthly,"Index, 2025=100",Total,Lithuania,2010-01,58.71,,
ESTAT:PRC_HICP_MINR(1.0),02/10/26 11:00:00,Monthly,"Index, 2025=100",Total,Lithuania,2010-02,58.66,,
ESTAT:PRC_HICP_MINR(1.0),02/10/26 11:00:00,Monthly,"Index, 2025=100",Total,Lithuania,2010-03,58.83,,
ESTAT:PRC_HICP_MINR(1.0),02/10/26 11:00:00,Monthly,"Index, 2025=100",Total,Lithuania,2010-04,59.08,,
ESTAT:PRC_HICP_MINR(1.0),02/10/26 11:00:00,Monthly,"Index, 2025=100",Total,Lithuania,2010-05,59.20,,
ESTAT:PRC_HICP_MINR(1.0),02/10/26 11:00:00,Monthly,"Index, 2025=100",Total,Lithuania,2010-06,59.22,,
ESTAT:PRC_HICP_MINR(1.0),02/10/26 11:00:00,Monthly,"Index, 2025=100",Total,Lithuania,2010-07,59.24,,
ESTAT:PRC_HICP_MINR(1.0),02/10/26 11:00:00,Monthly,"Index, 2025=100",Total,Lithuania,2010-08,59.11,,
ESTAT:PRC_HICP_MINR(1.0),02/10/26 11:00:00,Monthly,"Index, 2025=100",Total,Lithuania,2010-09,59.46,,
ESTAT:PRC_HICP_MINR(1.0),02/10/26 11:00:00,Monthly,"Index, 2025=100",Total,Lithuania,2010-10,59.70,,
ESTAT:PRC_HICP_MINR(1.0),02/10/26 11:00:00,Monthly,"Index, 2025=100",Total,Lithuania,2010-11,59.68,,
ESTAT:PRC_HICP_MINR(1.0),02/10/26 11:00:00,Monthly,"Index, 2025=100",Total,Lithuania,2010-12,60.13,,
ESTAT:PRC_HICP_MINR(1.0),02/10/26 11:00:00,Monthly,"Index, 2025=100",Total,Lithuania,2011-01,60.38,,
ESTAT:PRC_HICP_MINR(1.0),02/10/26 11:00:00,Monthly,"Index, 2025=100",Total,Lithuania,2011-02,60.43,,
ESTAT:PRC_HICP_MINR(1.0),02/10/26 11:00:00,Monthly,"Index, 2025=100",Total,Lithuania,2011-03,61.02,,
ESTAT:PRC_HICP_MINR(1.0),02/10/26 11:00:00,Monthly,"Index, 2025=100",Total,Lithuania,2011-04,61.65,,
ESTAT:PRC_HICP_MINR(1.0),02/10/26 11:00:00,Monthly,"Index, 2025=100",Total,Lithuania,2011-05,62.14,,
ESTAT:PRC_HICP_MINR(1.0),02/10/26 11:00:00,Monthly,"Index, 2025=100",Total,Lithuania,2011-06,62.08,,
ESTAT:PRC_HICP_MINR(1.0),02/10/26 11:00:00,Monthly,"Index, 2025=100",Total,Lithuania,2011-07,61.94,,
ESTAT:PRC_HICP_MINR(1.0),02/10/26 11:00:00,Monthly,"Index, 2025=100",Total,Lithuania,2011-08,61.73,,
ESTAT:PRC_HICP_MINR(1.0),02/10/26 11:00:00,Monthly,"Index, 2025=100",Total,Lithuania,2011-09,62.24,,
ESTAT:PRC_HICP_MINR(1.0),02/10/26 11:00:00,Monthly,"Index, 2025=100",Total,Lithuania,2011-10,62.20,,
ESTAT:PRC_HICP_MINR(1.0),02/10/26 11:00:00,Monthly,"Index, 2025=100",Total,Lithuania,2011-11,62.32,,
ESTAT:PRC_HICP_MINR(1.0),02/10/26 11:00:00,Monthly,"Index, 2025=100",Total,Lithuania,2011-12,62.22,,
ESTAT:PRC_HICP_MINR(1.0),02/10/26 11:00:00,Monthly,"Index, 2025=100",Total,Lithuania,2012-01,62.46,,
ESTAT:PRC_HICP_MINR(1.0),02/10/26 11:00:00,Monthly,"Index, 2025=100",Total,Lithuania,2012-02,62.68,,
ESTAT:PRC_HICP_MINR(1.0),02/10/26 11:00:00,Monthly,"Index, 2025=100",Total,Lithuania,2012-03,63.29,,
ESTAT:PRC_HICP_MINR(1.0),02/10/26 11:00:00,Monthly,"Index, 2025=100",Total,Lithuania,2012-04,63.68,,
ESTAT:PRC_HICP_MINR(1.0),02/10/26 11:00:00,Monthly,"Index, 2025=100",Total,Lithuania,2012-05,63.74,,
ESTAT:PRC_HICP_MINR(1.0),02/10/26 11:00:00,Monthly,"Index, 2025=100",Total,Lithuania,2012-06,63.71,,
ESTAT:PRC_HICP_MINR(1.0),02/10/26 11:00:00,Monthly,"Index, 2025=100",Total,Lithuania,2012-07,63.74,,
ESTAT:PRC_HICP_MINR(1.0),02/10/26 11:00:00,Monthly,"Index, 2025=100",Total,Lithuania,2012-08,63.85,,
ESTAT:PRC_HICP_MINR(1.0),02/10/26 11:00:00,Monthly,"Index, 2025=100",Total,Lithuania,2012-09,64.32,,
ESTAT:PRC_HICP_MINR(1.0),02/10/26 11:00:00,Monthly,"Index, 2025=100",Total,Lithuania,2012-10,64.20,,
ESTAT:PRC_HICP_MINR(1.0),02/10/26 11:00:00,Monthly,"Index, 2025=100",Total,Lithuania,2012-11,64.09,,
ESTAT:PRC_HICP_MINR(1.0),02/10/26 11:00:00,Monthly,"Index, 2025=100",Total,Lithuania,2012-12,64.04,,
ESTAT:PRC_HICP_MINR(1.0),02/10/26 11:00:00,Monthly,"Index, 2025=100",Total,Lithuania,2013-01,64.16,,
ESTAT:PRC_HICP_MINR(1.0),02/10/26 11:00:00,Monthly,"Index, 2025=100",Total,Lithuania,2013-02,64.12,,
ESTAT:PRC_HICP_MINR(1.0),02/10/26 11:00:00,Monthly,"Index, 2025=100",Total,Lithuania,2013-03,64.32,,
ESTAT:PRC_HICP_MINR(1.0),02/10/26 11:00:00,Monthly,"Index, 2025=100",Total,Lithuania,2013-04,64.54,,
ESTAT:PRC_HICP_MINR(1.0),02/10/26 11:00:00,Monthly,"Index, 2025=100",Total,Lithuania,2013-05,64.69,,
ESTAT:PRC_HICP_MINR(1.0),02/10/26 11:00:00,Monthly,"Index, 2025=100",Total,Lithuania,2013-06,64.56,,
ESTAT:PRC_HICP_MINR(1.0),02/10/26 11:00:00,Monthly,"Index, 2025=100",Total,Lithuania,2013-07,64.12,,
ESTAT:PRC_HICP_MINR(1.0),02/10/26 11:00:00,Monthly,"Index, 2025=100",Total,Lithuania,2013-08,64.19,,
ESTAT:PRC_HICP_MINR(1.0),02/10/26 11:00:00,Monthly,"Index, 2025=100",Total,Lithuania,2013-09,64.65,,
ESTAT:PRC_HICP_MINR(1.0),02/10/26 11:00:00,Monthly,"Index, 2025=100",Total,Lithuania,2013-10,64.53,,
ESTAT:PRC_HICP_MINR(1.0),02/10/26 11:00:00,Monthly,"Index, 2025=100",Total,Lithuania,2013-11,64.44,,
ESTAT:PRC_HICP_MINR(1.0),02/10/26 11:00:00,Monthly,"Index, 2025=100",Total,Lithuania,2013-12,64.33,,
ESTAT:PRC_HICP_MINR(1.0),02/10/26 11:00:00,Monthly,"Index, 2025=100",Total,Lithuania,2014-01,64.32,,
ESTAT:PRC_HICP_MINR(1.0),02/10/26 11:00:00,Monthly,"Index, 2025=100",Total,Lithuania,2014-02,64.32,,
ESTAT:PRC_HICP_MINR(1.0),02/10/26 11:00:00,Monthly,"Index, 2025=100",Total,Lithuania,2014-03,64.57,,
ESTAT:PRC_HICP_MINR(1.0),02/10/26 11:00:00,Monthly,"Index, 2025=100",Total,Lithuania,2014-04,64.75,,
ESTAT:PRC_HICP_MINR(1.0),02/10/26 11:00:00,Monthly,"Index, 2025=100",Total,Lithuania,2014-05,64.75,,
ESTAT:PRC_HICP_MINR(1.0),02/10/26 11:00:00,Monthly,"Index, 2025=100",Total,Lithuania,2014-06,64.74,,
ESTAT:PRC_HICP_MINR(1.0),02/10/26 11:00:00,Monthly,"Index, 2025=100",Total,Lithuania,2014-07,64.43,,
ESTAT:PRC_HICP_MINR(1.0),02/10/26 11:00:00,Monthly,"Index, 2025=100",Total,Lithuania,2014-08,64.36,,
ESTAT:PRC_HICP_MINR(1.0),02/10/26 11:00:00,Monthly,"Index, 2025=100",Total,Lithuania,2014-09,64.65,,
ESTAT:PRC_HICP_MINR(1.0),02/10/26 11:00:00,Monthly,"Index, 2025=100",Total,Lithuania,2014-10,64.71,,
ESTAT:PRC_HICP_MINR(1.0),02/10/26 11:00:00,Monthly,"Index, 2025=100",Total,Lithuania,2014-11,64.67,,
ESTAT:PRC_HICP_MINR(1.0),02/10/26 11:00:00,Monthly,"Index, 2025=100",Total,Lithuania,2014-12,64.26,,
ESTAT:PRC_HICP_MINR(1.0),02/10/26 11:00:00,Monthly,"Index, 2025=100",Total,Lithuania,2015-01,63.44,,
ESTAT:PRC_HICP_MINR(1.0),02/10/26 11:00:00,Monthly,"Index, 2025=100",Total,Lithuania,2015-02,63.35,,
ESTAT:PRC_HICP_MINR(1.0),02/10/26 11:00:00,Monthly,"Index, 2025=100",Total,Lithuania,2015-03,63.87,,
ESTAT:PRC_HICP_MINR(1.0),02/10/26 11:00:00,Monthly,"Index, 2025=100",Total,Lithuania,2015-04,64.34,,
ESTAT:PRC_HICP_MINR(1.0),02/10/26 11:00:00,Monthly,"Index, 2025=100",Total,Lithuania,2015-05,64.71,,
ESTAT:PRC_HICP_MINR(1.0),02/10/26 11:00:00,Monthly,"Index, 2025=100",Total,Lithuania,2015-06,64.60,,
ESTAT:PRC_HICP_MINR(1.0),02/10/26 11:00:00,Monthly,"Index, 2025=100",Total,Lithuania,2015-07,64.28,,
ESTAT:PRC_HICP_MINR(1.0),02/10/26 11:00:00,Monthly,"Index, 2025=100",Total,Lithuania,2015-08,63.72,,
ESTAT:PRC_HICP_MINR(1.0),02/10/26 11:00:00,Monthly,"Index, 2025=100",Total,Lithuania,2015-09,64.11,,
ESTAT:PRC_HICP_MINR(1.0),02/10/26 11:00:00,Monthly,"Index, 2025=100",Total,Lithuania,2015-10,64.43,,
ESTAT:PRC_HICP_MINR(1.0),02/10/26 11:00:00,Monthly,"Index, 2025=100",Total,Lithuania,2015-11,64.33,,
ESTAT:PRC_HICP_MINR(1.0),02/10/26 11:00:00,Monthly,"Index, 2025=100",Total,Lithuania,2015-12,64.10,,
ESTAT:PRC_HICP_MINR(1.0),02/10/26 11:00:00,Monthly,"Index, 2025=100",Total,Lithuania,2016-01,63.86,,
ESTAT:PRC_HICP_MINR(1.0),02/10/26 11:00:00,Monthly,"Index, 2025=100",Total,Lithuania,2016-02,63.69,,
ESTAT:PRC_HICP_MINR(1.0),02/10/26 11:00:00,Monthly,"Index, 2025=100",Total,Lithuania,2016-03,64.37,,
ESTAT:PRC_HICP_MINR(1.0),02/10/26 11:00:00,Monthly,"Index, 2025=100",Total,Lithuania,2016-04,64.83,,
ESTAT:PRC_HICP_MINR(1.0),02/10/26 11:00:00,Monthly,"Index, 2025=100",Total,Lithuania,2016-05,64.84,,
ESTAT:PRC_HICP_MINR(1.0),02/10/26 11:00:00,Monthly,"Index, 2025=100",Total,Lithuania,2016-06,64.83,,
ESTAT:PRC_HICP_MINR(1.0),02/10/26 11:00:00,Monthly,"Index, 2025=100",Total,Lithuania,2016-07,64.31,,
ESTAT:PRC_HICP_MINR(1.0),02/10/26 11:00:00,Monthly,"Index, 2025=100",Total,Lithuania,2016-08,64.02,,
ESTAT:PRC_HICP_MINR(1.0),02/10/26 11:00:00,Monthly,"Index, 2025=100",Total,Lithuania,2016-09,64.51,,
ESTAT:PRC_HICP_MINR(1.0),02/10/26 11:00:00,Monthly,"Index, 2025=100",Total,Lithuania,2016-10,64.85,,
ESTAT:PRC_HICP_MINR(1.0),02/10/26 11:00:00,Monthly,"Index, 2025=100",Total,Lithuania,2016-11,65.04,,
ESTAT:PRC_HICP_MINR(1.0),02/10/26 11:00:00,Monthly,"Index, 2025=100",Total,Lithuania,2016-12,65.35,,
ESTAT:PRC_HICP_MINR(1.0),02/10/26 11:00:00,Monthly,"Index, 2025=100",Total,Lithuania,2017-01,65.49,,
ESTAT:PRC_HICP_MINR(1.0),02/10/26 11:00:00,Monthly,"Index, 2025=100",Total,Lithuania,2017-02,65.70,,
ESTAT:PRC_HICP_MINR(1.0),02/10/26 11:00:00,Monthly,"Index, 2025=100",Total,Lithuania,2017-03,66.40,,
ESTAT:PRC_HICP_MINR(1.0),02/10/26 11:00:00,Monthly,"Index, 2025=100",Total,Lithuania,2017-04,67.08,,
ESTAT:PRC_HICP_MINR(1.0),02/10/26 11:00:00,Monthly,"Index, 2025=100",Total,Lithuania,2017-05,66.94,,
ESTAT:PRC_HICP_MINR(1.0),02/10/26 11:00:00,Monthly,"Index, 2025=100",Total,Lithuania,2017-06,67.10,,
ESTAT:PRC_HICP_MINR(1.0),02/10/26 11:00:00,Monthly,"Index, 2025=100",Total,Lithuania,2017-07,66.97,,
ESTAT:PRC_HICP_MINR(1.0),02/10/26 11:00:00,Monthly,"Index, 2025=100",Total,Lithuania,2017-08,66.96,,
ESTAT:PRC_HICP_MINR(1.0),02/10/26 11:00:00,Monthly,"Index, 2025=100",Total,Lithuania,2017-09,67.50,,
ESTAT:PRC_HICP_MINR(1.0),02/10/26 11:00:00,Monthly,"Index, 2025=100",Total,Lithuania,2017-10,67.58,,
ESTAT:PRC_HICP_MINR(1.0),02/10/26 11:00:00,Monthly,"Index, 2025=100",Total,Lithuania,2017-11,67.75,,
ESTAT:PRC_HICP_MINR(1.0),02/10/26 11:00:00,Monthly,"Index, 2025=100",Total,Lithuania,2017-12,67.84,,
ESTAT:PRC_HICP_MINR(1.0),02/10/26 11:00:00,Monthly,"Index, 2025=100",Total,Lithuania,2018-01,67.87,,
ESTAT:PRC_HICP_MINR(1.0),02/10/26 11:00:00,Monthly,"Index, 2025=100",Total,Lithuania,2018-02,67.78,,
ESTAT:PRC_HICP_MINR(1.0),02/10/26 11:00:00,Monthly,"Index, 2025=100",Total,Lithuania,2018-03,68.05,,
ESTAT:PRC_HICP_MINR(1.0),02/10/26 11:00:00,Monthly,"Index, 2025=100",Total,Lithuania,2018-04,68.54,,
ESTAT:PRC_HICP_MINR(1.0),02/10/26 11:00:00,Monthly,"Index, 2025=100",Total,Lithuania,2018-05,68.87,,
ESTAT:PRC_HICP_MINR(1.0),02/10/26 11:00:00,Monthly,"Index, 2025=100",Total,Lithuania,2018-06,68.81,,
ESTAT:PRC_HICP_MINR(1.0),02/10/26 11:00:00,Monthly,"Index, 2025=100",Total,Lithuania,2018-07,68.48,,
ESTAT:PRC_HICP_MINR(1.0),02/10/26 11:00:00,Monthly,"Index, 2025=100",Total,Lithuania,2018-08,68.19,,
ESTAT:PRC_HICP_MINR(1.0),02/10/26 11:00:00,Monthly,"Index, 2025=100",Total,Lithuania,2018-09,69.14,,
ESTAT:PRC_HICP_MINR(1.0),02/10/26 11:00:00,Monthly,"Index, 2025=100",Total,Lithuania,2018-10,69.51,,
ESTAT:PRC_HICP_MINR(1.0),02/10/26 11:00:00,Monthly,"Index, 2025=100",Total,Lithuania,2018-11,69.38,,
ESTAT:PRC_HICP_MINR(1.0),02/10/26 11:00:00,Monthly,"Index, 2025=100",Total,Lithuania,2018-12,69.03,,
ESTAT:PRC_HICP_MINR(1.0),02/10/26 11:00:00,Monthly,"Index, 2025=100",Total,Lithuania,2019-01,68.98,,
ESTAT:PRC_HICP_MINR(1.0),02/10/26 11:00:00,Monthly,"Index, 2025=100",Total,Lithuania,2019-02,69.15,,
ESTAT:PRC_HICP_MINR(1.0),02/10/26 11:00:00,Monthly,"Index, 2025=100",Total,Lithuania,2019-03,69.80,,
ESTAT:PRC_HICP_MINR(1.0),02/10/26 11:00:00,Monthly,"Index, 2025=100",Total,Lithuania,2019-04,70.42,,
ESTAT:PRC_HICP_MINR(1.0),02/10/26 11:00:00,Monthly,"Index, 2025=100",Total,Lithuania,2019-05,70.61,,
ESTAT:PRC_HICP_MINR(1.0),02/10/26 11:00:00,Monthly,"Index, 2025=100",Total,Lithuania,2019-06,70.44,,
ESTAT:PRC_HICP_MINR(1.0),02/10/26 11:00:00,Monthly,"Index, 2025=100",Total,Lithuania,2019-07,70.20,,
ESTAT:PRC_HICP_MINR(1.0),02/10/26 11:00:00,Monthly,"Index, 2025=100",Total,Lithuania,2019-08,69.90,,
ESTAT:PRC_HICP_MINR(1.0),02/10/26 11:00:00,Monthly,"Index, 2025=100",Total,Lithuania,2019-09,70.53,,
ESTAT:PRC_HICP_MINR(1.0),02/10/26 11:00:00,Monthly,"Index, 2025=100",Total,Lithuania,2019-10,70.58,,
ESTAT:PRC_HICP_MINR(1.0),02/10/26 11:00:00,Monthly,"Index, 2025=100",Total,Lithuania,2019-11,70.58,,
ESTAT:PRC_HICP_MINR(1.0),02/10/26 11:00:00,Monthly,"Index, 2025=100",Total,Lithuania,2019-12,70.91,,
ESTAT:PRC_HICP_MINR(1.0),02/10/26 11:00:00,Monthly,"Index, 2025=100",Total,Lithuania,2020-01,71.04,,
ESTAT:PRC_HICP_MINR(1.0),02/10/26 11:00:00,Monthly,"Index, 2025=100",Total,Lithuania,2020-02,71.06,,
ESTAT:PRC_HICP_MINR(1.0),02/10/26 11:00:00,Monthly,"Index, 2025=100",Total,Lithuania,2020-03,70.96,,
ESTAT:PRC_HICP_MINR(1.0),02/10/26 11:00:00,Monthly,"Index, 2025=100",Total,Lithuania,2020-04,71.07,,
ESTAT:PRC_HICP_MINR(1.0),02/10/26 11:00:00,Monthly,"Index, 2025=100",Total,Lithuania,2020-05,70.74,,
ESTAT:PRC_HICP_MINR(1.0),02/10/26 11:00:00,Monthly,"Index, 2025=100",Total,Lithuania,2020-06,71.04,,
ESTAT:PRC_HICP_MINR(1.0),02/10/26 11:00:00,Monthly,"Index, 2025=100",Total,Lithuania,2020-07,70.86,,
ESTAT:PRC_HICP_MINR(1.0),02/10/26 11:00:00,Monthly,"Index, 2025=100",Total,Lithuania,2020-08,70.72,,
ESTAT:PRC_HICP_MINR(1.0),02/10/26 11:00:00,Monthly,"Index, 2025=100",Total,Lithuania,2020-09,70.94,,
ESTAT:PRC_HICP_MINR(1.0),02/10/26 11:00:00,Monthly,"Index, 2025=100",Total,Lithuania,2020-10,70.93,,
ESTAT:PRC_HICP_MINR(1.0),02/10/26 11:00:00,Monthly,"Index, 2025=100",Total,Lithuania,2020-11,70.83,,
ESTAT:PRC_HICP_MINR(1.0),02/10/26 11:00:00,Monthly,"Index, 2025=100",Total,Lithuania,2020-12,70.86,,
ESTAT:PRC_HICP_MINR(1.0),02/10/26 11:00:00,Monthly,"Index, 2025=100",Total,Lithuania,2021-01,71.19,,
ESTAT:PRC_HICP_MINR(1.0),02/10/26 11:00:00,Monthly,"Index, 2025=100",Total,Lithuania,2021-02,71.37,,
ESTAT:PRC_HICP_MINR(1.0),02/10/26 11:00:00,Monthly,"Index, 2025=100",Total,Lithuania,2021-03,72.08,,
ESTAT:PRC_HICP_MINR(1.0),02/10/26 11:00:00,Monthly,"Index, 2025=100",Total,Lithuania,2021-04,72.81,,
ESTAT:PRC_HICP_MINR(1.0),02/10/26 11:00:00,Monthly,"Index, 2025=100",Total,Lithuania,2021-05,73.21,,
ESTAT:PRC_HICP_MINR(1.0),02/10/26 11:00:00,Monthly,"Index, 2025=100",Total,Lithuania,2021-06,73.56,,
ESTAT:PRC_HICP_MINR(1.0),02/10/26 11:00:00,Monthly,"Index, 2025=100",Total,Lithuania,2021-07,73.92,,
ESTAT:PRC_HICP_MINR(1.0),02/10/26 11:00:00,Monthly,"Index, 2025=100",Total,Lithuania,2021-08,74.23,,
ESTAT:PRC_HICP_MINR(1.0),02/10/26 11:00:00,Monthly,"Index, 2025=100",Total,Lithuania,2021-09,75.47,,
ESTAT:PRC_HICP_MINR(1.0),02/10/26 11:00:00,Monthly,"Index, 2025=100",Total,Lithuania,2021-10,76.73,,
ESTAT:PRC_HICP_MINR(1.0),02/10/26 11:00:00,Monthly,"Index, 2025=100",Total,Lithuania,2021-11,77.42,,
ESTAT:PRC_HICP_MINR(1.0),02/10/26 11:00:00,Monthly,"Index, 2025=100",Total,Lithuania,2021-12,78.45,,
ESTAT:PRC_HICP_MINR(1.0),02/10/26 11:00:00,Monthly,"Index, 2025=100",Total,Lithuania,2022-01,79.93,,
ESTAT:PRC_HICP_MINR(1.0),02/10/26 11:00:00,Monthly,"Index, 2025=100",Total,Lithuania,2022-02,81.33,,
ESTAT:PRC_HICP_MINR(1.0),02/10/26 11:00:00,Monthly,"Index, 2025=100",Total,Lithuania,2022-03,83.29,,
ESTAT:PRC_HICP_MINR(1.0),02/10/26 11:00:00,Monthly,"Index, 2025=100",Total,Lithuania,2022-04,84.88,,
ESTAT:PRC_HICP_MINR(1.0),02/10/26 11:00:00,Monthly,"Index, 2025=100",Total,Lithuania,2022-05,86.74,,
ESTAT:PRC_HICP_MINR(1.0),02/10/26 11:00:00,Monthly,"Index, 2025=100",Total,Lithuania,2022-06,88.67,,
ESTAT:PRC_HICP_MINR(1.0),02/10/26 11:00:00,Monthly,"Index, 2025=100",Total,Lithuania,2022-07,89.34,,
ESTAT:PRC_HICP_MINR(1.0),02/10/26 11:00:00,Monthly,"Index, 2025=100",Total,Lithuania,2022-08,89.87,,
ESTAT:PRC_HICP_MINR(1.0),02/10/26 11:00:00,Monthly,"Index, 2025=100",Total,Lithuania,2022-09,92.46,,
ESTAT:PRC_HICP_MINR(1.0),02/10/26 11:00:00,Monthly,"Index, 2025=100",Total,Lithuania,2022-10,93.69,,
ESTAT:PRC_HICP_MINR(1.0),02/10/26 11:00:00,Monthly,"Index, 2025=100",Total,Lithuania,2022-11,94.00,,
ESTAT:PRC_HICP_MINR(1.0),02/10/26 11:00:00,Monthly,"Index, 2025=100",Total,Lithuania,2022-12,94.12,,
ESTAT:PRC_HICP_MINR(1.0),02/10/26 11:00:00,Monthly,"Index, 2025=100",Total,Lithuania,2023-01,94.72,,
ESTAT:PRC_HICP_MINR(1.0),02/10/26 11:00:00,Monthly,"Index, 2025=100",Total,Lithuania,2023-02,95.35,,
ESTAT:PRC_HICP_MINR(1.0),02/10/26 11:00:00,Monthly,"Index, 2025=100",Total,Lithuania,2023-03,95.97,,
ESTAT:PRC_HICP_MINR(1.0),02/10/26 11:00:00,Monthly,"Index, 2025=100",Total,Lithuania,2023-04,96.16,,
ESTAT:PRC_HICP_MINR(1.0),02/10/26 11:00:00,Monthly,"Index, 2025=100",Total,Lithuania,2023-05,96.05,,
ESTAT:PRC_HICP_MINR(1.0),02/10/26 11:00:00,Monthly,"Index, 2025=100",Total,Lithuania,2023-06,95.95,,
ESTAT:PRC_HICP_MINR(1.0),02/10/26 11:00:00,Monthly,"Index, 2025=100",Total,Lithuania,2023-07,95.75,,
ESTAT:PRC_HICP_MINR(1.0),02/10/26 11:00:00,Monthly,"Index, 2025=100",Total,Lithuania,2023-08,95.60,,
ESTAT:PRC_HICP_MINR(1.0),02/10/26 11:00:00,Monthly,"Index, 2025=100",Total,Lithuania,2023-09,96.27,,
ESTAT:PRC_HICP_MINR(1.0),02/10/26 11:00:00,Monthly,"Index, 2025=100",Total,Lithuania,2023-10,96.60,,
ESTAT:PRC_HICP_MINR(1.0),02/10/26 11:00:00,Monthly,"Index, 2025=100",Total,Lithuania,2023-11,96.21,,
ESTAT:PRC_HICP_MINR(1.0),02/10/26 11:00:00,Monthly,"Index, 2025=100",Total,Lithuania,2023-12,95.63,,
ESTAT:PRC_HICP_MINR(1.0),02/10/26 11:00:00,Monthly,"Index, 2025=100",Total,Lithuania,2024-01,95.74,,
ESTAT:PRC_HICP_MINR(1.0),02/10/26 11:00:00,Monthly,"Index, 2025=100",Total,Lithuania,2024-02,96.41,,
ESTAT:PRC_HICP_MINR(1.0),02/10/26 11:00:00,Monthly,"Index, 2025=100",Total,Lithuania,2024-03,96.33,,
ESTAT:PRC_HICP_MINR(1.0),02/10/26 11:00:00,Monthly,"Index, 2025=100",Total,Lithuania,2024-04,96.58,,
ESTAT:PRC_HICP_MINR(1.0),02/10/26 11:00:00,Monthly,"Index, 2025=100",Total,Lithuania,2024-05,96.88,,
ESTAT:PRC_HICP_MINR(1.0),02/10/26 11:00:00,Monthly,"Index, 2025=100",Total,Lithuania,2024-06,96.92,,
ESTAT:PRC_HICP_MINR(1.0),02/10/26 11:00:00,Monthly,"Index, 2025=100",Total,Lithuania,2024-07,96.80,,
ESTAT:PRC_HICP_MINR(1.0),02/10/26 11:00:00,Monthly,"Index, 2025=100",Total,Lithuania,2024-08,96.32,,
ESTAT:PRC_HICP_MINR(1.0),02/10/26 11:00:00,Monthly,"Index, 2025=100",Total,Lithuania,2024-09,96.67,,
ESTAT:PRC_HICP_MINR(1.0),02/10/26 11:00:00,Monthly,"Index, 2025=100",Total,Lithuania,2024-10,96.73,,
ESTAT:PRC_HICP_MINR(1.0),02/10/26 11:00:00,Monthly,"Index, 2025=100",Total,Lithuania,2024-11,97.27,,
ESTAT:PRC_HICP_MINR(1.0),02/10/26 11:00:00,Monthly,"Index, 2025=100",Total,Lithuania,2024-12,97.41,,
ESTAT:PRC_HICP_MINR(1.0),02/10/26 11:00:00,Monthly,"Index, 2025=100",Total,Lithuania,2025-01,98.99,,
ESTAT:PRC_HICP_MINR(1.0),02/10/26 11:00:00,Monthly,"Index, 2025=100",Total,Lithuania,2025-02,99.46,,
ESTAT:PRC_HICP_MINR(1.0),02/10/26 11:00:00,Monthly,"Index, 2025=100",Total,Lithuania,2025-03,99.87,,
ESTAT:PRC_HICP_MINR(1.0),02/10/26 11:00:00,Monthly,"Index, 2025=100",Total,Lithuania,2025-04,100.07,,
ESTAT:PRC_HICP_MINR(1.0),02/10/26 11:00:00,Monthly,"Index, 2025=100",Total,Lithuania,2025-05,99.79,,
ESTAT:PRC_HICP_MINR(1.0),02/10/26 11:00:00,Monthly,"Index, 2025=100",Total,Lithuania,2025-06,100.01,,
ESTAT:PRC_HICP_MINR(1.0),02/10/26 11:00:00,Monthly,"Index, 2025=100",Total,Lithuania,2025-07,100.13,,
ESTAT:PRC_HICP_MINR(1.0),02/10/26 11:00:00,Monthly,"Index, 2025=100",Total,Lithuania,2025-08,99.82,,
ESTAT:PRC_HICP_MINR(1.0),02/10/26 11:00:00,Monthly,"Index, 2025=100",Total,Lithuania,2025-09,100.24,,
ESTAT:PRC_HICP_MINR(1.0),02/10/26 11:00:00,Monthly,"Index, 2025=100",Total,Lithuania,2025-10,100.34,,
ESTAT:PRC_HICP_MINR(1.0),02/10/26 11:00:00,Monthly,"Index, 2025=100",Total,Lithuania,2025-11,100.73,,
ESTAT:PRC_HICP_MINR(1.0),02/10/26 11:00:00,Monthly,"Index, 2025=100",Total,Lithuania,2025-12,100.54,,
ESTAT:PRC_HICP_MINR(1.0),02/10/26 11:00:00,Monthly,"Index, 2025=100",Total,Luxembourg,2006-01,63.59,,
ESTAT:PRC_HICP_MINR(1.0),02/10/26 11:00:00,Monthly,"Index, 2025=100",Total,Luxembourg,2006-02,64.54,,
ESTAT:PRC_HICP_MINR(1.0),02/10/26 11:00:00,Monthly,"Index, 2025=100",Total,Luxembourg,2006-03,64.65,,
ESTAT:PRC_HICP_MINR(1.0),02/10/26 11:00:00,Monthly,"Index, 2025=100",Total,Luxembourg,2006-04,64.97,,
ESTAT:PRC_HICP_MINR(1.0),02/10/26 11:00:00,Monthly,"Index, 2025=100",Total,Luxembourg,2006-05,65.36,,
ESTAT:PRC_HICP_MINR(1.0),02/10/26 11:00:00,Monthly,"Index, 2025=100",Total,Luxembourg,2006-06,65.54,,
ESTAT:PRC_HICP_MINR(1.0),02/10/26 11:00:00,Monthly,"Index, 2025=100",Total,Luxembourg,2006-07,65.14,,
ESTAT:PRC_HICP_MINR(1.0),02/10/26 11:00:00,Monthly,"Index, 2025=100",Total,Luxembourg,2006-08,65.87,,
ESTAT:PRC_HICP_MINR(1.0),02/10/26 11:00:00,Monthly,"Index, 2025=100",Total,Luxembourg,2006-09,65.51,,
ESTAT:PRC_HICP_MINR(1.0),02/10/26 11:00:00,Monthly,"Index, 2025=100",Total,Luxembourg,2006-10,65.14,,
ESTAT:PRC_HICP_MINR(1.0),02/10/26 11:00:00,Monthly,"Index, 2025=100",Total,Luxembourg,2006-11,65.21,,
ESTAT:PRC_HICP_MINR(1.0),02/10/26 11:00:00,Monthly,"Index, 2025=100",Total,Luxembourg,2006-12,65.27,,
ESTAT:PRC_HICP_MINR(1.0),02/10/26 11:00:00,Monthly,"Index, 2025=100",Total,Luxembourg,2007-01,65.05,,
ESTAT:PRC_HICP_MINR(1.0),02/10/26 11:00:00,Monthly,"Index, 2025=100",Total,Luxembourg,2007-02,65.73,,
ESTAT:PRC_HICP_MINR(1.0),02/10/26 11:00:00,Monthly,"Index, 2025=100",Total,Luxembourg,2007-03,66.18,,
ESTAT:PRC_HICP_MINR(1.0),02/10/26 11:00:00,Monthly,"Index, 2025=100",Total,Luxembourg,2007-04,66.56,,
ESTAT:PRC_HICP_MINR(1.0),02/10/26 11:00:00,Monthly,"Index, 2025=100",Total,Luxembourg,2007-05,66.85,,
ESTAT:PRC_HICP_MINR(1.0),02/10/26 11:00:00,Monthly,"Index, 2025=100",Total,Luxembourg,2007-06,67.01,,
ESTAT:PRC_HICP_MINR(1.0),02/10/26 11:00:00,Monthly,"Index, 2025=100",Total,Luxembourg,2007-07,66.48,,
ESTAT:PRC_HICP_MINR(1.0),02/10/26 11:00:00,Monthly,"Index, 2025=100",Total,Luxembourg,2007-08,67.09,,
ESTAT:PRC_HICP_MINR(1.0),02/10/26 11:00:00,Monthly,"Index, 2025=100",Total,Luxembourg,2007-09,67.14,,
ESTAT:PRC_HICP_MINR(1.0),02/10/26 11:00:00,Monthly,"Index, 2025=100",Total,Luxembourg,2007-10,67.50,,
ESTAT:PRC_HICP_MINR(1.0),02/10/26 11:00:00,Monthly,"Index, 2025=100",Total,Luxembourg,2007-11,67.83,,
ESTAT:PRC_HICP_MINR(1.0),02/10/26 11:00:00,Monthly,"Index, 2025=100",Total,Luxembourg,2007-12,68.08,,
ESTAT:PRC_HICP_MINR(1.0),02/10/26 11:00:00,Monthly,"Index, 2025=100",Total,Luxembourg,2008-01,67.78,,
ESTAT:PRC_HICP_MINR(1.0),02/10/26 11:00:00,Monthly,"Index, 2025=100",Total,Luxembourg,2008-02,68.46,,
ESTAT:PRC_HICP_MINR(1.0),02/10/26 11:00:00,Monthly,"Index, 2025=100",Total,Luxembourg,2008-03,69.07,,
ESTAT:PRC_HICP_MINR(1.0),02/10/26 11:00:00,Monthly,"Index, 2025=100",Total,Luxembourg,2008-04,69.39,,
ESTAT:PRC_HICP_MINR(1.0),02/10/26 11:00:00,Monthly,"Index, 2025=100",Total,Luxembourg,2008-05,70.09,,
ESTAT:PRC_HICP_MINR(1.0),02/10/26 11:00:00,Monthly,"Index, 2025=100",Total,Luxembourg,2008-06,70.59,,
ESTAT:PRC_HICP_MINR(1.0),02/10/26 11:00:00,Monthly,"Index, 2025=100",Total,Luxembourg,2008-07,70.33,,
ESTAT:PRC_HICP_MINR(1.0),02/10/26 11:00:00,Monthly,"Index, 2025=100",Total,Luxembourg,2008-08,70.33,,
ESTAT:PRC_HICP_MINR(1.0),02/10/26 11:00:00,Monthly,"Index, 2025=100",Total,Luxembourg,2008-09,70.39,,
ESTAT:PRC_HICP_MINR(1.0),02/10/26 11:00:00,Monthly,"Index, 2025=100",Total,Luxembourg,2008-10,70.10,,
ESTAT:PRC_HICP_MINR(1.0),02/10/26 11:00:00,Monthly,"Index, 2025=100",Total,Luxembourg,2008-11,69.18,,
ESTAT:PRC_HICP_MINR(1.0),02/10/26 11:00:00,Monthly,"Index, 2025=100",Total,Luxembourg,2008-12,68.56,,
ESTAT:PRC_HICP_MINR(1.0),02/10/26 11:00:00,Monthly,"Index, 2025=100",Total,Luxembourg,2009-01,67.78,,
ESTAT:PRC_HICP_MINR(1.0),02/10/26 11:00:00,Monthly,"Index, 2025=100",Total,Luxembourg,2009-02,68.98,,
ESTAT:PRC_HICP_MINR(1.0),02/10/26 11:00:00,Monthly,"Index, 2025=100",Total,Luxembourg,2009-03,68.89,,
ESTAT:PRC_HICP_MINR(1.0),02/10/26 11:00:00,Monthly,"Index, 2025=100",Total,Luxembourg,2009-04,69.22,,
ESTAT:PRC_HICP_MINR(1.0),02/10/26 11:00:00,Monthly,"Index, 2025=100",Total,Luxembourg,2009-05,69.43,,
ESTAT:PRC_HICP_MINR(1.0),02/10/26 11:00:00,Monthly,"Index, 2025=100",Total,Luxembourg,2009-06,69.90,,
ESTAT:PRC_HICP_MINR(1.0),02/10/26 11:00:00,Monthly,"Index, 2025=100",Total,Luxembourg,2009-07,69.28,,
ESTAT:PRC_HICP_MINR(1.0),02/10/26 11:00:00,Monthly,"Index, 2025=100",Total,Luxembourg,2009-08,70.19,,
ESTAT:PRC_HICP_MINR(1.0),02/10/26 11:00:00,Monthly,"Index, 2025=100",Total,Luxembourg,2009-09,70.09,,
ESTAT:PRC_HICP_MINR(1.0),02/10/26 11:00:00,Monthly,"Index, 2025=100",Total,Luxembourg,2009-10,69.97,,
ESTAT:PRC_HICP_MINR(1.0),02/10/26 11:00:00,Monthly,"Index, 2025=100",Total,Luxembourg,2009-11,70.36,,
ESTAT:PRC_HICP_MINR(1.0),02/10/26 11:00:00,Monthly,"Index, 2025=100",Total,Luxembourg,2009-12,70.28,,
ESTAT:PRC_HICP_MINR(1.0),02/10/26 11:00:00,Monthly,"Index, 2025=100",Total,Luxembourg,2010-01,69.83,,
ESTAT:PRC_HICP_MINR(1.0),02/10/26 11:00:00,Monthly,"Index, 2025=100",Total,Luxembourg,2010-02,70.56,,
ESTAT:PRC_HICP_MINR(1.0),02/10/26 11:00:00,Monthly,"Index, 2025=100",Total,Luxembourg,2010-03,71.07,,
ESTAT:PRC_HICP_MINR(1.0),02/10/26 11:00:00,Monthly,"Index, 2025=100",Total,Luxembourg,2010-04,71.37,,
ESTAT:PRC_HICP_MINR(1.0),02/10/26 11:00:00,Monthly,"Index, 2025=100",Total,Luxembourg,2010-05,71.58,,
ESTAT:PRC_HICP_MINR(1.0),02/10/26 11:00:00,Monthly,"Index, 2025=100",Total,Luxembourg,2010-06,71.52,,
ESTAT:PRC_HICP_MINR(1.0),02/10/26 11:00:00,Monthly,"Index, 2025=100",Total,Luxembourg,2010-07,71.26,,
ESTAT:PRC_HICP_MINR(1.0),02/10/26 11:00:00,Monthly,"Index, 2025=100",Total,Luxembourg,2010-08,71.95,,
ESTAT:PRC_HICP_MINR(1.0),02/10/26 11:00:00,Monthly,"Index, 2025=100",Total,Luxembourg,2010-09,71.94,,
ESTAT:PRC_HICP_MINR(1.0),02/10/26 11:00:00,Monthly,"Index, 2025=100",Total,Luxembourg,2010-10,72.02,,
ESTAT:PRC_HICP_MINR(1.0),02/10/26 11:00:00,Monthly,"Index, 2025=100",Total,Luxembourg,2010-11,72.13,,
ESTAT:PRC_HICP_MINR(1.0),02/10/26 11:00:00,Monthly,"Index, 2025=100",Total,Luxembourg,2010-12,72.47,,
ESTAT:PRC_HICP_MINR(1.0),02/10/26 11:00:00,Monthly,"Index, 2025=100",Total,Luxembourg,2011-01,72.21,,
ESTAT:PRC_HICP_MINR(1.0),02/10/26 11:00:00,Monthly,"Index, 2025=100",Total,Luxembourg,2011-02,73.32,,
ESTAT:PRC_HICP_MINR(1.0),02/10/26 11:00:00,Monthly,"Index, 2025=100",Total,Luxembourg,2011-03,73.94,,
ESTAT:PRC_HICP_MINR(1.0),02/10/26 11:00:00,Monthly,"Index, 2025=100",Total,Luxembourg,2011-04,74.20,,
ESTAT:PRC_HICP_MINR(1.0),02/10/26 11:00:00,Monthly,"Index, 2025=100",Total,Luxembourg,2011-05,74.29,,
ESTAT:PRC_HICP_MINR(1.0),02/10/26 11:00:00,Monthly,"Index, 2025=100",Total,Luxembourg,2011-06,74.24,,
ESTAT:PRC_HICP_MINR(1.0),02/10/26 11:00:00,Monthly,"Index, 2025=100",Total,Luxembourg,2011-07,73.56,,
ESTAT:PRC_HICP_MINR(1.0),02/10/26 11:00:00,Monthly,"Index, 2025=100",Total,Luxembourg,2011-08,74.58,,
ESTAT:PRC_HICP_MINR(1.0),02/10/26 11:00:00,Monthly,"Index, 2025=100",Total,Luxembourg,2011-09,74.69,,
ESTAT:PRC_HICP_MINR(1.0),02/10/26 11:00:00,Monthly,"Index, 2025=100",Total,Luxembourg,2011-10,74.75,,
ESTAT:PRC_HICP_MINR(1.0),02/10/26 11:00:00,Monthly,"Index, 2025=100",Total,Luxembourg,2011-11,74.98,,
ESTAT:PRC_HICP_MINR(1.0),02/10/26 11:00:00,Monthly,"Index, 2025=100",Total,Luxembourg,2011-12,74.94,,
ESTAT:PRC_HICP_MINR(1.0),02/10/26 11:00:00,Monthly,"Index, 2025=100",Total,Luxembourg,2012-01,74.54,,
ESTAT:PRC_HICP_MINR(1.0),02/10/26 11:00:00,Monthly,"Index, 2025=100",Total,Luxembourg,2012-02,75.72,,
ESTAT:PRC_HICP_MINR(1.0),02/10/26 11:00:00,Monthly,"Index, 2025=100",Total,Luxembourg,2012-03,76.08,,
ESTAT:PRC_HICP_MINR(1.0),02/10/26 11:00:00,Monthly,"Index, 2025=100",Total,Luxembourg,2012-04,76.41,,
ESTAT:PRC_HICP_MINR(1.0),02/10/26 11:00:00,Monthly,"Index, 2025=100",Total,Luxembourg,2012-05,76.28,,
ESTAT:PRC_HICP_MINR(1.0),02/10/26 11:00:00,Monthly,"Index, 2025=100",Total,Luxembourg,2012-06,76.16,,
ESTAT:PRC_HICP_MINR(1.0),02/10/26 11:00:00,Monthly,"Index, 2025=100",Total,Luxembourg,2012-07,75.53,,
ESTAT:PRC_HICP_MINR(1.0),02/10/26 11:00:00,Monthly,"Index, 2025=100",Total,Luxembourg,2012-08,76.69,,
ESTAT:PRC_HICP_MINR(1.0),02/10/26 11:00:00,Monthly,"Index, 2025=100",Total,Luxembourg,2012-09,77.09,,
ESTAT:PRC_HICP_MINR(1.0),02/10/26 11:00:00,Monthly,"Index, 2025=100",Total,Luxembourg,2012-10,77.13,,
ESTAT:PRC_HICP_MINR(1.0),02/10/26 11:00:00,Monthly,"Index, 2025=100",Total,Luxembourg,2012-11,77.00,,
ESTAT:PRC_HICP_MINR(1.0),02/10/26 11:00:00,Monthly,"Index, 2025=100",Total,Luxembourg,2012-12,76.80,,
ESTAT:PRC_HICP_MINR(1.0),02/10/26 11:00:00,Monthly,"Index, 2025=100",Total,Luxembourg,2013-01,76.14,,
ESTAT:PRC_HICP_MINR(1.0),02/10/26 11:00:00,Monthly,"Index, 2025=100",Total,Luxembourg,2013-02,77.57,,
ESTAT:PRC_HICP_MINR(1.0),02/10/26 11:00:00,Monthly,"Index, 2025=100",Total,Luxembourg,2013-03,77.62,,
ESTAT:PRC_HICP_MINR(1.0),02/10/26 11:00:00,Monthly,"Index, 2025=100",Total,Luxembourg,2013-04,77.71,,
ESTAT:PRC_HICP_MINR(1.0),02/10/26 11:00:00,Monthly,"Index, 2025=100",Total,Luxembourg,2013-05,77.35,,
ESTAT:PRC_HICP_MINR(1.0),02/10/26 11:00:00,Monthly,"Index, 2025=100",Total,Luxembourg,2013-06,77.68,,
ESTAT:PRC_HICP_MINR(1.0),02/10/26 11:00:00,Monthly,"Index, 2025=100",Total,Luxembourg,2013-07,76.88,,
ESTAT:PRC_HICP_MINR(1.0),02/10/26 11:00:00,Monthly,"Index, 2025=100",Total,Luxembourg,2013-08,77.99,,
ESTAT:PRC_HICP_MINR(1.0),02/10/26 11:00:00,Monthly,"Index, 2025=100",Total,Luxembourg,2013-09,78.29,,
ESTAT:PRC_HICP_MINR(1.0),02/10/26 11:00:00,Monthly,"Index, 2025=100",Total,Luxembourg,2013-10,77.94,,
ESTAT:PRC_HICP_MINR(1.0),02/10/26 11:00:00,Monthly,"Index, 2025=100",Total,Luxembourg,2013-11,77.86,,
ESTAT:PRC_HICP_MINR(1.0),02/10/26 11:00:00,Monthly,"Index, 2025=100",Total,Luxembourg,2013-12,77.98,,
ESTAT:PRC_HICP_MINR(1.0),02/10/26 11:00:00,Monthly,"Index, 2025=100",Total,Luxembourg,2014-01,77.25,,
ESTAT:PRC_HICP_MINR(1.0),02/10/26 11:00:00,Monthly,"Index, 2025=100",Total,Luxembourg,2014-02,78.18,,
ESTAT:PRC_HICP_MINR(1.0),02/10/26 11:00:00,Monthly,"Index, 2025=100",Total,Luxembourg,2014-03,78.21,,
ESTAT:PRC_HICP_MINR(1.0),02/10/26 11:00:00,Monthly,"Index, 2025=100",Total,Luxembourg,2014-04,78.39,,
ESTAT:PRC_HICP_MINR(1.0),02/10/26 11:00:00,Monthly,"Index, 2025=100",Total,Luxembourg,2014-05,78.45,,
ESTAT:PRC_HICP_MINR(1.0),02/10/26 11:00:00,Monthly,"Index, 2025=100",Total,Luxembourg,2014-06,78.60,,
ESTAT:PRC_HICP_MINR(1.0),02/10/26 11:00:00,Monthly,"Index, 2025=100",Total,Luxembourg,2014-07,77.83,,
ESTAT:PRC_HICP_MINR(1.0),02/10/26 11:00:00,Monthly,"Index, 2025=100",Total,Luxembourg,2014-08,78.53,,
ESTAT:PRC_HICP_MINR(1.0),02/10/26 11:00:00,Monthly,"Index, 2025=100",Total,Luxembourg,2014-09,78.52,,
ESTAT:PRC_HICP_MINR(1.0),02/10/26 11:00:00,Monthly,"Index, 2025=100",Total,Luxembourg,2014-10,78.28,,
ESTAT:PRC_HICP_MINR(1.0),02/10/26 11:00:00,Monthly,"Index, 2025=100",Total,Luxembourg,2014-11,77.98,,
ESTAT:PRC_HICP_MINR(1.0),02/10/26 11:00:00,Monthly,"Index, 2025=100",Total,Luxembourg,2014-12,77.25,,
ESTAT:PRC_HICP_MINR(1.0),02/10/26 11:00:00,Monthly,"Index, 2025=100",Total,Luxembourg,2015-01,76.36,,
ESTAT:PRC_HICP_MINR(1.0),02/10/26 11:00:00,Monthly,"Index, 2025=100",Total,Luxembourg,2015-02,77.92,,
ESTAT:PRC_HICP_MINR(1.0),02/10/26 11:00:00,Monthly,"Index, 2025=100",Total,Luxembourg,2015-03,78.26,,
ESTAT:PRC_HICP_MINR(1.0),02/10/26 11:00:00,Monthly,"Index, 2025=100",Total,Luxembourg,2015-04,78.36,,
ESTAT:PRC_HICP_MINR(1.0),02/10/26 11:00:00,Monthly,"Index, 2025=100",Total,Luxembourg,2015-05,78.79,,
ESTAT:PRC_HICP_MINR(1.0),02/10/26 11:00:00,Monthly,"Index, 2025=100",Total,Luxembourg,2015-06,78.96,,
ESTAT:PRC_HICP_MINR(1.0),02/10/26 11:00:00,Monthly,"Index, 2025=100",Total,Luxembourg,2015-07,77.96,,
ESTAT:PRC_HICP_MINR(1.0),02/10/26 11:00:00,Monthly,"Index, 2025=100",Total,Luxembourg,2015-08,78.59,,
ESTAT:PRC_HICP_MINR(1.0),02/10/26 11:00:00,Monthly,"Index, 2025=100",Total,Luxembourg,2015-09,78.37,,
ESTAT:PRC_HICP_MINR(1.0),02/10/26 11:00:00,Monthly,"Index, 2025=100",Total,Luxembourg,2015-10,78.21,,
ESTAT:PRC_HICP_MINR(1.0),02/10/26 11:00:00,Monthly,"Index, 2025=100",Total,Luxembourg,2015-11,78.31,,
ESTAT:PRC_HICP_MINR(1.0),02/10/26 11:00:00,Monthly,"Index, 2025=100",Total,Luxembourg,2015-12,77.91,,
ESTAT:PRC_HICP_MINR(1.0),02/10/26 11:00:00,Monthly,"Index, 2025=100",Total,Luxembourg,2016-01,76.71,,
ESTAT:PRC_HICP_MINR(1.0),02/10/26 11:00:00,Monthly,"Index, 2025=100",Total,Luxembourg,2016-02,77.67,,
ESTAT:PRC_HICP_MINR(1.0),02/10/26 11:00:00,Monthly,"Index, 2025=100",Total,Luxembourg,2016-03,77.77,,
ESTAT:PRC_HICP_MINR(1.0),02/10/26 11:00:00,Monthly,"Index, 2025=100",Total,Luxembourg,2016-04,77.88,,
ESTAT:PRC_HICP_MINR(1.0),02/10/26 11:00:00,Monthly,"Index, 2025=100",Total,Luxembourg,2016-05,78.30,,
ESTAT:PRC_HICP_MINR(1.0),02/10/26 11:00:00,Monthly,"Index, 2025=100",Total,Luxembourg,2016-06,78.64,,
ESTAT:PRC_HICP_MINR(1.0),02/10/26 11:00:00,Monthly,"Index, 2025=100",Total,Luxembourg,2016-07,77.65,,
ESTAT:PRC_HICP_MINR(1.0),02/10/26 11:00:00,Monthly,"Index, 2025=100",Total,Luxembourg,2016-08,78.41,,
ESTAT:PRC_HICP_MINR(1.0),02/10/26 11:00:00,Monthly,"Index, 2025=100",Total,Luxembourg,2016-09,78.63,,
ESTAT:PRC_HICP_MINR(1.0),02/10/26 11:00:00,Monthly,"Index, 2025=100",Total,Luxembourg,2016-10,78.77,,
ESTAT:PRC_HICP_MINR(1.0),02/10/26 11:00:00,Monthly,"Index, 2025=100",Total,Luxembourg,2016-11,78.81,,
ESTAT:PRC_HICP_MINR(1.0),02/10/26 11:00:00,Monthly,"Index, 2025=100",Total,Luxembourg,2016-12,79.13,,
ESTAT:PRC_HICP_MINR(1.0),02/10/26 11:00:00,Monthly,"Index, 2025=100",Total,Luxembourg,2017-01,78.63,,
ESTAT:PRC_HICP_MINR(1.0),02/10/26 11:00:00,Monthly,"Index, 2025=100",Total,Luxembourg,2017-02,79.77,,
ESTAT:PRC_HICP_MINR(1.0),02/10/26 11:00:00,Monthly,"Index, 2025=100",Total,Luxembourg,2017-03,79.71,,
ESTAT:PRC_HICP_MINR(1.0),02/10/26 11:00:00,Monthly,"Index, 2025=100",Total,Luxembourg,2017-04,79.91,,
ESTAT:PRC_HICP_MINR(1.0),02/10/26 11:00:00,Monthly,"Index, 2025=100",Total,Luxembourg,2017-05,79.82,,
ESTAT:PRC_HICP_MINR(1.0),02/10/26 11:00:00,Monthly,"Index, 2025=100",Total,Luxembourg,2017-06,79.80,,
ESTAT:PRC_HICP_MINR(1.0),02/10/26 11:00:00,Monthly,"Index, 2025=100",Total,Luxembourg,2017-07,79.05,,
ESTAT:PRC_HICP_MINR(1.0),02/10/26 11:00:00,Monthly,"Index, 2025=100",Total,Luxembourg,2017-08,80.18,,
ESTAT:PRC_HICP_MINR(1.0),02/10/26 11:00:00,Monthly,"Index, 2025=100",Total,Luxembourg,2017-09,80.20,,
ESTAT:PRC_HICP_MINR(1.0),02/10/26 11:00:00,Monthly,"Index, 2025=100",Total,Luxembourg,2017-10,80.35,,
ESTAT:PRC_HICP_MINR(1.0),02/10/26 11:00:00,Monthly,"Index, 2025=100",Total,Luxembourg,2017-11,80.36,,
ESTAT:PRC_HICP_MINR(1.0),02/10/26 11:00:00,Monthly,"Index, 2025=100",Total,Luxembourg,2017-12,80.38,,
ESTAT:PRC_HICP_MINR(1.0),02/10/26 11:00:00,Monthly,"Index, 2025=100",Total,Luxembourg,2018-01,79.65,,
ESTAT:PRC_HICP_MINR(1.0),02/10/26 11:00:00,Monthly,"Index, 2025=100",Total,Luxembourg,2018-02,80.62,,
ESTAT:PRC_HICP_MINR(1.0),02/10/26 11:00:00,Monthly,"Index, 2025=100",Total,Luxembourg,2018-03,80.63,,
ESTAT:PRC_HICP_MINR(1.0),02/10/26 11:00:00,Monthly,"Index, 2025=100",Total,Luxembourg,2018-04,80.98,,
ESTAT:PRC_HICP_MINR(1.0),02/10/26 11:00:00,Monthly,"Index, 2025=100",Total,Luxembourg,2018-05,81.47,,
ESTAT:PRC_HICP_MINR(1.0),02/10/26 11:00:00,Monthly,"Index, 2025=100",Total,Luxembourg,2018-06,81.71,,
ESTAT:PRC_HICP_MINR(1.0),02/10/26 11:00:00,Monthly,"Index, 2025=100",Total,Luxembourg,2018-07,81.00,,
ESTAT:PRC_HICP_MINR(1.0),02/10/26 11:00:00,Monthly,"Index, 2025=100",Total,Luxembourg,2018-08,82.12,,
ESTAT:PRC_HICP_MINR(1.0),02/10/26 11:00:00,Monthly,"Index, 2025=100",Total,Luxembourg,2018-09,82.37,,
ESTAT:PRC_HICP_MINR(1.0),02/10/26 11:00:00,Monthly,"Index, 2025=100",Total,Luxembourg,2018-10,82.58,,
ESTAT:PRC_HICP_MINR(1.0),02/10/26 11:00:00,Monthly,"Index, 2025=100",Total,Luxembourg,2018-11,82.44,,
ESTAT:PRC_HICP_MINR(1.0),02/10/26 11:00:00,Monthly,"Index, 2025=100",Total,Luxembourg,2018-12,81.91,,
ESTAT:PRC_HICP_MINR(1.0),02/10/26 11:00:00,Monthly,"Index, 2025=100",Total,Luxembourg,2019-01,80.97,,
ESTAT:PRC_HICP_MINR(1.0),02/10/26 11:00:00,Monthly,"Index, 2025=100",Total,Luxembourg,2019-02,82.32,,
ESTAT:PRC_HICP_MINR(1.0),02/10/26 11:00:00,Monthly,"Index, 2025=100",Total,Luxembourg,2019-03,82.57,,
ESTAT:PRC_HICP_MINR(1.0),02/10/26 11:00:00,Monthly,"Index, 2025=100",Total,Luxembourg,2019-04,82.80,,
ESTAT:PRC_HICP_MINR(1.0),02/10/26 11:00:00,Monthly,"Index, 2025=100",Total,Luxembourg,2019-05,83.22,,
ESTAT:PRC_HICP_MINR(1.0),02/10/26 11:00:00,Monthly,"Index, 2025=100",Total,Luxembourg,2019-06,82.94,,
ESTAT:PRC_HICP_MINR(1.0),02/10/26 11:00:00,Monthly,"Index, 2025=100",Total,Luxembourg,2019-07,82.31,,
ESTAT:PRC_HICP_MINR(1.0),02/10/26 11:00:00,Monthly,"Index, 2025=100",Total,Luxembourg,2019-08,83.28,,
ESTAT:PRC_HICP_MINR(1.0),02/10/26 11:00:00,Monthly,"Index, 2025=100",Total,Luxembourg,2019-09,83.25,,
ESTAT:PRC_HICP_MINR(1.0),02/10/26 11:00:00,Monthly,"Index, 2025=100",Total,Luxembourg,2019-10,83.27,,
ESTAT:PRC_HICP_MINR(1.0),02/10/26 11:00:00,Monthly,"Index, 2025=100",Total,Luxembourg,2019-11,83.29,,
ESTAT:PRC_HICP_MINR(1.0),02/10/26 11:00:00,Monthly,"Index, 2025=100",Total,Luxembourg,2019-12,83.39,,
ESTAT:PRC_HICP_MINR(1.0),02/10/26 11:00:00,Monthly,"Index, 2025=100",Total,Luxembourg,2020-01,83.03,,
ESTAT:PRC_HICP_MINR(1.0),02/10/26 11:00:00,Monthly,"Index, 2025=100",Total,Luxembourg,2020-02,83.83,,
ESTAT:PRC_HICP_MINR(1.0),02/10/26 11:00:00,Monthly,"Index, 2025=100",Total,Luxembourg,2020-03,82.85,,
ESTAT:PRC_HICP_MINR(1.0),02/10/26 11:00:00,Monthly,"Index, 2025=100",Total,Luxembourg,2020-04,82.16,,
ESTAT:PRC_HICP_MINR(1.0),02/10/26 11:00:00,Monthly,"Index, 2025=100",Total,Luxembourg,2020-05,81.90,,
ESTAT:PRC_HICP_MINR(1.0),02/10/26 11:00:00,Monthly,"Index, 2025=100",Total,Luxembourg,2020-06,82.64,,
ESTAT:PRC_HICP_MINR(1.0),02/10/26 11:00:00,Monthly,"Index, 2025=100",Total,Luxembourg,2020-07,82.39,,
ESTAT:PRC_HICP_MINR(1.0),02/10/26 11:00:00,Monthly,"Index, 2025=100",Total,Luxembourg,2020-08,83.12,,
ESTAT:PRC_HICP_MINR(1.0),02/10/26 11:00:00,Monthly,"Index, 2025=100",Total,Luxembourg,2020-09,82.96,,
ESTAT:PRC_HICP_MINR(1.0),02/10/26 11:00:00,Monthly,"Index, 2025=100",Total,Luxembourg,2020-10,82.92,,
ESTAT:PRC_HICP_MINR(1.0),02/10/26 11:00:00,Monthly,"Index, 2025=100",Total,Luxembourg,2020-11,82.75,,
ESTAT:PRC_HICP_MINR(1.0),02/10/26 11:00:00,Monthly,"Index, 2025=100",Total,Luxembourg,2020-12,83.10,,
ESTAT:PRC_HICP_MINR(1.0),02/10/26 11:00:00,Monthly,"Index, 2025=100",Total,Luxembourg,2021-01,83.90,,
ESTAT:PRC_HICP_MINR(1.0),02/10/26 11:00:00,Monthly,"Index, 2025=100",Total,Luxembourg,2021-02,83.38,,
ESTAT:PRC_HICP_MINR(1.0),02/10/26 11:00:00,Monthly,"Index, 2025=100",Total,Luxembourg,2021-03,84.88,,
ESTAT:PRC_HICP_MINR(1.0),02/10/26 11:00:00,Monthly,"Index, 2025=100",Total,Luxembourg,2021-04,84.86,,
ESTAT:PRC_HICP_MINR(1.0),02/10/26 11:00:00,Monthly,"Index, 2025=100",Total,Luxembourg,2021-05,85.22,,
ESTAT:PRC_HICP_MINR(1.0),02/10/26 11:00:00,Monthly,"Index, 2025=100",Total,Luxembourg,2021-06,85.47,,
ESTAT:PRC_HICP_MINR(1.0),02/10/26 11:00:00,Monthly,"Index, 2025=100",Total,Luxembourg,2021-07,85.14,,
ESTAT:PRC_HICP_MINR(1.0),02/10/26 11:00:00,Monthly,"Index, 2025=100",Total,Luxembourg,2021-08,86.05,,
ESTAT:PRC_HICP_MINR(1.0),02/10/26 11:00:00,Monthly,"Index, 2025=100",Total,Luxembourg,2021-09,86.30,,
ESTAT:PRC_HICP_MINR(1.0),02/10/26 11:00:00,Monthly,"Index, 2025=100",Total,Luxembourg,2021-10,87.35,,
ESTAT:PRC_HICP_MINR(1.0),02/10/26 11:00:00,Monthly,"Index, 2025=100",Total,Luxembourg,2021-11,87.98,,
ESTAT:PRC_HICP_MINR(1.0),02/10/26 11:00:00,Monthly,"Index, 2025=100",Total,Luxembourg,2021-12,87.64,,
ESTAT:PRC_HICP_MINR(1.0),02/10/26 11:00:00,Monthly,"Index, 2025=100",Total,Luxembourg,2022-01,87.78,,
ESTAT:PRC_HICP_MINR(1.0),02/10/26 11:00:00,Monthly,"Index, 2025=100",Total,Luxembourg,2022-02,89.88,,
ESTAT:PRC_HICP_MINR(1.0),02/10/26 11:00:00,Monthly,"Index, 2025=100",Total,Luxembourg,2022-03,91.63,,
ESTAT:PRC_HICP_MINR(1.0),02/10/26 11:00:00,Monthly,"Index, 2025=100",Total,Luxembourg,2022-04,92.47,,
ESTAT:PRC_HICP_MINR(1.0),02/10/26 11:00:00,Monthly,"Index, 2025=100",Total,Luxembourg,2022-05,92.98,,
ESTAT:PRC_HICP_MINR(1.0),02/10/26 11:00:00,Monthly,"Index, 2025=100",Total,Luxembourg,2022-06,94.31,,
ESTAT:PRC_HICP_MINR(1.0),02/10/26 11:00:00,Monthly,"Index, 2025=100",Total,Luxembourg,2022-07,93.05,,
ESTAT:PRC_HICP_MINR(1.0),02/10/26 11:00:00,Monthly,"Index, 2025=100",Total,Luxembourg,2022-08,93.44,,
ESTAT:PRC_HICP_MINR(1.0),02/10/26 11:00:00,Monthly,"Index, 2025=100",Total,Luxembourg,2022-09,93.92,,
ESTAT:PRC_HICP_MINR(1.0),02/10/26 11:00:00,Monthly,"Index, 2025=100",Total,Luxembourg,2022-10,95.07,,
ESTAT:PRC_HICP_MINR(1.0),02/10/26 11:00:00,Monthly,"Index, 2025=100",Total,Luxembourg,2022-11,94.42,,
ESTAT:PRC_HICP_MINR(1.0),02/10/26 11:00:00,Monthly,"Index, 2025=100",Total,Luxembourg,2022-12,93.09,,
ESTAT:PRC_HICP_MINR(1.0),02/10/26 11:00:00,Monthly,"Index, 2025=100",Total,Luxembourg,2023-01,92.85,,
ESTAT:PRC_HICP_MINR(1.0),02/10/26 11:00:00,Monthly,"Index, 2025=100",Total,Luxembourg,2023-02,94.15,,
ESTAT:PRC_HICP_MINR(1.0),02/10/26 11:00:00,Monthly,"Index, 2025=100",Total,Luxembourg,2023-03,94.32,,
ESTAT:PRC_HICP_MINR(1.0),02/10/26 11:00:00,Monthly,"Index, 2025=100",Total,Luxembourg,2023-04,94.97,,
ESTAT:PRC_HICP_MINR(1.0),02/10/26 11:00:00,Monthly,"Index, 2025=100",Total,Luxembourg,2023-05,94.80,,
ESTAT:PRC_HICP_MINR(1.0),02/10/26 11:00:00,Monthly,"Index, 2025=100",Total,Luxembourg,2023-06,95.22,,
ESTAT:PRC_HICP_MINR(1.0),02/10/26 11:00:00,Monthly,"Index, 2025=100",Total,Luxembourg,2023-07,94.95,,
ESTAT:PRC_HICP_MINR(1.0),02/10/26 11:00:00,Monthly,"Index, 2025=100",Total,Luxembourg,2023-08,96.73,,
ESTAT:PRC_HICP_MINR(1.0),02/10/26 11:00:00,Monthly,"Index, 2025=100",Total,Luxembourg,2023-09,97.09,,
ESTAT:PRC_HICP_MINR(1.0),02/10/26 11:00:00,Monthly,"Index, 2025=100",Total,Luxembourg,2023-10,97.02,,
ESTAT:PRC_HICP_MINR(1.0),02/10/26 11:00:00,Monthly,"Index, 2025=100",Total,Luxembourg,2023-11,96.42,,
ESTAT:PRC_HICP_MINR(1.0),02/10/26 11:00:00,Monthly,"Index, 2025=100",Total,Luxembourg,2023-12,96.03,,
ESTAT:PRC_HICP_MINR(1.0),02/10/26 11:00:00,Monthly,"Index, 2025=100",Total,Luxembourg,2024-01,95.61,,
ESTAT:PRC_HICP_MINR(1.0),02/10/26 11:00:00,Monthly,"Index, 2025=100",Total,Luxembourg,2024-02,97.19,,
ESTAT:PRC_HICP_MINR(1.0),02/10/26 11:00:00,Monthly,"Index, 2025=100",Total,Luxembourg,2024-03,97.36,,
ESTAT:PRC_HICP_MINR(1.0),02/10/26 11:00:00,Monthly,"Index, 2025=100",Total,Luxembourg,2024-04,97.81,,
ESTAT:PRC_HICP_MINR(1.0),02/10/26 11:00:00,Monthly,"Index, 2025=100",Total,Luxembourg,2024-05,97.86,,
ESTAT:PRC_HICP_MINR(1.0),02/10/26 11:00:00,Monthly,"Index, 2025=100",Total,Luxembourg,2024-06,97.86,,
ESTAT:PRC_HICP_MINR(1.0),02/10/26 11:00:00,Monthly,"Index, 2025=100",Total,Luxembourg,2024-07,97.46,,
ESTAT:PRC_HICP_MINR(1.0),02/10/26 11:00:00,Monthly,"Index, 2025=100",Total,Luxembourg,2024-08,98.39,,
ESTAT:PRC_HICP_MINR(1.0),02/10/26 11:00:00,Monthly,"Index, 2025=100",Total,Luxembourg,2024-09,97.91,,
ESTAT:PRC_HICP_MINR(1.0),02/10/26 11:00:00,Monthly,"Index, 2025=100",Total,Luxembourg,2024-10,97.85,,
ESTAT:PRC_HICP_MINR(1.0),02/10/26 11:00:00,Monthly,"Index, 2025=100",Total,Luxembourg,2024-11,97.47,,
ESTAT:PRC_HICP_MINR(1.0),02/10/26 11:00:00,Monthly,"Index, 2025=100",Total,Luxembourg,2024-12,97.58,,
ESTAT:PRC_HICP_MINR(1.0),02/10/26 11:00:00,Monthly,"Index, 2025=100",Total,Luxembourg,2025-01,97.90,,
ESTAT:PRC_HICP_MINR(1.0),02/10/26 11:00:00,Monthly,"Index, 2025=100",Total,Luxembourg,2025-02,99.00,,
ESTAT:PRC_HICP_MINR(1.0),02/10/26 11:00:00,Monthly,"Index, 2025=100",Total,Luxembourg,2025-03,98.87,,
ESTAT:PRC_HICP_MINR(1.0),02/10/26 11:00:00,Monthly,"Index, 2025=100",Total,Luxembourg,2025-04,99.48,,
ESTAT:PRC_HICP_MINR(1.0),02/10/26 11:00:00,Monthly,"Index, 2025=100",Total,Luxembourg,2025-05,99.96,,
ESTAT:PRC_HICP_MINR(1.0),02/10/26 11:00:00,Monthly,"Index, 2025=100",Total,Luxembourg,2025-06,100.23,,
ESTAT:PRC_HICP_MINR(1.0),02/10/26 11:00:00,Monthly,"Index, 2025=100",Total,Luxembourg,2025-07,99.95,,
ESTAT:PRC_HICP_MINR(1.0),02/10/26 11:00:00,Monthly,"Index, 2025=100",Total,Luxembourg,2025-08,101.10,,
ESTAT:PRC_HICP_MINR(1.0),02/10/26 11:00:00,Monthly,"Index, 2025=100",Total,Luxembourg,2025-09,100.97,,
ESTAT:PRC_HICP_MINR(1.0),02/10/26 11:00:00,Monthly,"Index, 2025=100",Total,Luxembourg,2025-10,100.83,,
ESTAT:PRC_HICP_MINR(1.0),02/10/26 11:00:00,Monthly,"Index, 2025=100",Total,Luxembourg,2025-11,100.93,,
ESTAT:PRC_HICP_MINR(1.0),02/10/26 11:00:00,Monthly,"Index, 2025=100",Total,Luxembourg,2025-12,100.77,,
ESTAT:PRC_HICP_MINR(1.0),02/10/26 11:00:00,Monthly,"Index, 2025=100",Total,Latvia,2006-01,46.32,,
ESTAT:PRC_HICP_MINR(1.0),02/10/26 11:00:00,Monthly,"Index, 2025=100",Total,Latvia,2006-02,46.51,,
ESTAT:PRC_HICP_MINR(1.0),02/10/26 11:00:00,Monthly,"Index, 2025=100",Total,Latvia,2006-03,46.60,,
ESTAT:PRC_HICP_MINR(1.0),02/10/26 11:00:00,Monthly,"Index, 2025=100",Total,Latvia,2006-04,46.90,,
ESTAT:PRC_HICP_MINR(1.0),02/10/26 11:00:00,Monthly,"Index, 2025=100",Total,Latvia,2006-05,47.67,,
ESTAT:PRC_HICP_MINR(1.0),02/10/26 11:00:00,Monthly,"Index, 2025=100",Total,Latvia,2006-06,47.62,,
ESTAT:PRC_HICP_MINR(1.0),02/10/26 11:00:00,Monthly,"Index, 2025=100",Total,Latvia,2006-07,47.91,,
ESTAT:PRC_HICP_MINR(1.0),02/10/26 11:00:00,Monthly,"Index, 2025=100",Total,Latvia,2006-08,47.79,,
ESTAT:PRC_HICP_MINR(1.0),02/10/26 11:00:00,Monthly,"Index, 2025=100",Total,Latvia,2006-09,48.11,,
ESTAT:PRC_HICP_MINR(1.0),02/10/26 11:00:00,Monthly,"Index, 2025=100",Total,Latvia,2006-10,48.30,,
ESTAT:PRC_HICP_MINR(1.0),02/10/26 11:00:00,Monthly,"Index, 2025=100",Total,Latvia,2006-11,48.77,,
ESTAT:PRC_HICP_MINR(1.0),02/10/26 11:00:00,Monthly,"Index, 2025=100",Total,Latvia,2006-12,48.92,,
ESTAT:PRC_HICP_MINR(1.0),02/10/26 11:00:00,Monthly,"Index, 2025=100",Total,Latvia,2007-01,49.60,,
ESTAT:PRC_HICP_MINR(1.0),02/10/26 11:00:00,Monthly,"Index, 2025=100",Total,Latvia,2007-02,49.88,,
ESTAT:PRC_HICP_MINR(1.0),02/10/26 11:00:00,Monthly,"Index, 2025=100",Total,Latvia,2007-03,50.56,,
ESTAT:PRC_HICP_MINR(1.0),02/10/26 11:00:00,Monthly,"Index, 2025=100",Total,Latvia,2007-04,51.03,,
ESTAT:PRC_HICP_MINR(1.0),02/10/26 11:00:00,Monthly,"Index, 2025=100",Total,Latvia,2007-05,51.41,,
ESTAT:PRC_HICP_MINR(1.0),02/10/26 11:00:00,Monthly,"Index, 2025=100",Total,Latvia,2007-06,51.85,,
ESTAT:PRC_HICP_MINR(1.0),02/10/26 11:00:00,Monthly,"Index, 2025=100",Total,Latvia,2007-07,52.46,,
ESTAT:PRC_HICP_MINR(1.0),02/10/26 11:00:00,Monthly,"Index, 2025=100",Total,Latvia,2007-08,52.67,,
ESTAT:PRC_HICP_MINR(1.0),02/10/26 11:00:00,Monthly,"Index, 2025=100",Total,Latvia,2007-09,53.64,,
ESTAT:PRC_HICP_MINR(1.0),02/10/26 11:00:00,Monthly,"Index, 2025=100",Total,Latvia,2007-10,54.69,,
ESTAT:PRC_HICP_MINR(1.0),02/10/26 11:00:00,Monthly,"Index, 2025=100",Total,Latvia,2007-11,55.45,,
ESTAT:PRC_HICP_MINR(1.0),02/10/26 11:00:00,Monthly,"Index, 2025=100",Total,Latvia,2007-12,55.78,,
ESTAT:PRC_HICP_MINR(1.0),02/10/26 11:00:00,Monthly,"Index, 2025=100",Total,Latvia,2008-01,57.35,,
ESTAT:PRC_HICP_MINR(1.0),02/10/26 11:00:00,Monthly,"Index, 2025=100",Total,Latvia,2008-02,58.12,,
ESTAT:PRC_HICP_MINR(1.0),02/10/26 11:00:00,Monthly,"Index, 2025=100",Total,Latvia,2008-03,58.96,,
ESTAT:PRC_HICP_MINR(1.0),02/10/26 11:00:00,Monthly,"Index, 2025=100",Total,Latvia,2008-04,59.90,,
ESTAT:PRC_HICP_MINR(1.0),02/10/26 11:00:00,Monthly,"Index, 2025=100",Total,Latvia,2008-05,60.51,,
ESTAT:PRC_HICP_MINR(1.0),02/10/26 11:00:00,Monthly,"Index, 2025=100",Total,Latvia,2008-06,60.93,,
ESTAT:PRC_HICP_MINR(1.0),02/10/26 11:00:00,Monthly,"Index, 2025=100",Total,Latvia,2008-07,61.14,,
ESTAT:PRC_HICP_MINR(1.0),02/10/26 11:00:00,Monthly,"Index, 2025=100",Total,Latvia,2008-08,60.87,,
ESTAT:PRC_HICP_MINR(1.0),02/10/26 11:00:00,Monthly,"Index, 2025=100",Total,Latvia,2008-09,61.55,,
ESTAT:PRC_HICP_MINR(1.0),02/10/26 11:00:00,Monthly,"Index, 2025=100",Total,Latvia,2008-10,62.19,,
ESTAT:PRC_HICP_MINR(1.0),02/10/26 11:00:00,Monthly,"Index, 2025=100",Total,Latvia,2008-11,61.88,,
ESTAT:PRC_HICP_MINR(1.0),02/10/26 11:00:00,Monthly,"Index, 2025=100",Total,Latvia,2008-12,61.59,,
ESTAT:PRC_HICP_MINR(1.0),02/10/26 11:00:00,Monthly,"Index, 2025=100",Total,Latvia,2009-01,62.91,,
ESTAT:PRC_HICP_MINR(1.0),02/10/26 11:00:00,Monthly,"Index, 2025=100",Total,Latvia,2009-02,63.59,,
ESTAT:PRC_HICP_MINR(1.0),02/10/26 11:00:00,Monthly,"Index, 2025=100",Total,Latvia,2009-03,63.63,,
ESTAT:PRC_HICP_MINR(1.0),02/10/26 11:00:00,Monthly,"Index, 2025=100",Total,Latvia,2009-04,63.41,,
ESTAT:PRC_HICP_MINR(1.0),02/10/26 11:00:00,Monthly,"Index, 2025=100",Total,Latvia,2009-05,63.15,,
ESTAT:PRC_HICP_MINR(1.0),02/10/26 11:00:00,Monthly,"Index, 2025=100",Total,Latvia,2009-06,62.83,,
ESTAT:PRC_HICP_MINR(1.0),02/10/26 11:00:00,Monthly,"Index, 2025=100",Total,Latvia,2009-07,62.42,,
ESTAT:PRC_HICP_MINR(1.0),02/10/26 11:00:00,Monthly,"Index, 2025=100",Total,Latvia,2009-08,61.81,,
ESTAT:PRC_HICP_MINR(1.0),02/10/26 11:00:00,Monthly,"Index, 2025=100",Total,Latvia,2009-09,61.63,,
ESTAT:PRC_HICP_MINR(1.0),02/10/26 11:00:00,Monthly,"Index, 2025=100",Total,Latvia,2009-10,61.47,,
ESTAT:PRC_HICP_MINR(1.0),02/10/26 11:00:00,Monthly,"Index, 2025=100",Total,Latvia,2009-11,61.04,,
ESTAT:PRC_HICP_MINR(1.0),02/10/26 11:00:00,Monthly,"Index, 2025=100",Total,Latvia,2009-12,60.74,,
ESTAT:PRC_HICP_MINR(1.0),02/10/26 11:00:00,Monthly,"Index, 2025=100",Total,Latvia,2010-01,60.84,,
ESTAT:PRC_HICP_MINR(1.0),02/10/26 11:00:00,Monthly,"Index, 2025=100",Total,Latvia,2010-02,60.82,,
ESTAT:PRC_HICP_MINR(1.0),02/10/26 11:00:00,Monthly,"Index, 2025=100",Total,Latvia,2010-03,61.10,,
ESTAT:PRC_HICP_MINR(1.0),02/10/26 11:00:00,Monthly,"Index, 2025=100",Total,Latvia,2010-04,61.62,,
ESTAT:PRC_HICP_MINR(1.0),02/10/26 11:00:00,Monthly,"Index, 2025=100",Total,Latvia,2010-05,61.61,,
ESTAT:PRC_HICP_MINR(1.0),02/10/26 11:00:00,Monthly,"Index, 2025=100",Total,Latvia,2010-06,61.84,,
ESTAT:PRC_HICP_MINR(1.0),02/10/26 11:00:00,Monthly,"Index, 2025=100",Total,Latvia,2010-07,61.97,,
ESTAT:PRC_HICP_MINR(1.0),02/10/26 11:00:00,Monthly,"Index, 2025=100",Total,Latvia,2010-08,61.53,,
ESTAT:PRC_HICP_MINR(1.0),02/10/26 11:00:00,Monthly,"Index, 2025=100",Total,Latvia,2010-09,61.80,,
ESTAT:PRC_HICP_MINR(1.0),02/10/26 11:00:00,Monthly,"Index, 2025=100",Total,Latvia,2010-10,61.99,,
ESTAT:PRC_HICP_MINR(1.0),02/10/26 11:00:00,Monthly,"Index, 2025=100",Total,Latvia,2010-11,62.10,,
ESTAT:PRC_HICP_MINR(1.0),02/10/26 11:00:00,Monthly,"Index, 2025=100",Total,Latvia,2010-12,62.20,,
ESTAT:PRC_HICP_MINR(1.0),02/10/26 11:00:00,Monthly,"Index, 2025=100",Total,Latvia,2011-01,62.98,,
ESTAT:PRC_HICP_MINR(1.0),02/10/26 11:00:00,Monthly,"Index, 2025=100",Total,Latvia,2011-02,63.16,,
ESTAT:PRC_HICP_MINR(1.0),02/10/26 11:00:00,Monthly,"Index, 2025=100",Total,Latvia,2011-03,63.59,,
ESTAT:PRC_HICP_MINR(1.0),02/10/26 11:00:00,Monthly,"Index, 2025=100",Total,Latvia,2011-04,64.28,,
ESTAT:PRC_HICP_MINR(1.0),02/10/26 11:00:00,Monthly,"Index, 2025=100",Total,Latvia,2011-05,64.56,,
ESTAT:PRC_HICP_MINR(1.0),02/10/26 11:00:00,Monthly,"Index, 2025=100",Total,Latvia,2011-06,64.72,,
ESTAT:PRC_HICP_MINR(1.0),02/10/26 11:00:00,Monthly,"Index, 2025=100",Total,Latvia,2011-07,64.60,,
ESTAT:PRC_HICP_MINR(1.0),02/10/26 11:00:00,Monthly,"Index, 2025=100",Total,Latvia,2011-08,64.35,,
ESTAT:PRC_HICP_MINR(1.0),02/10/26 11:00:00,Monthly,"Index, 2025=100",Total,Latvia,2011-09,64.55,,
ESTAT:PRC_HICP_MINR(1.0),02/10/26 11:00:00,Monthly,"Index, 2025=100",Total,Latvia,2011-10,64.65,,
ESTAT:PRC_HICP_MINR(1.0),02/10/26 11:00:00,Monthly,"Index, 2025=100",Total,Latvia,2011-11,64.60,,
ESTAT:PRC_HICP_MINR(1.0),02/10/26 11:00:00,Monthly,"Index, 2025=100",Total,Latvia,2011-12,64.61,,
ESTAT:PRC_HICP_MINR(1.0),02/10/26 11:00:00,Monthly,"Index, 2025=100",Total,Latvia,2012-01,65.13,,
ESTAT:PRC_HICP_MINR(1.0),02/10/26 11:00:00,Monthly,"Index, 2025=100",Total,Latvia,2012-02,65.23,,
ESTAT:PRC_HICP_MINR(1.0),02/10/26 11:00:00,Monthly,"Index, 2025=100",Total,Latvia,2012-03,65.61,,
ESTAT:PRC_HICP_MINR(1.0),02/10/26 11:00:00,Monthly,"Index, 2025=100",Total,Latvia,2012-04,66.06,,
ESTAT:PRC_HICP_MINR(1.0),02/10/26 11:00:00,Monthly,"Index, 2025=100",Total,Latvia,2012-05,66.07,,
ESTAT:PRC_HICP_MINR(1.0),02/10/26 11:00:00,Monthly,"Index, 2025=100",Total,Latvia,2012-06,66.08,,
ESTAT:PRC_HICP_MINR(1.0),02/10/26 11:00:00,Monthly,"Index, 2025=100",Total,Latvia,2012-07,65.81,,
ESTAT:PRC_HICP_MINR(1.0),02/10/26 11:00:00,Monthly,"Index, 2025=100",Total,Latvia,2012-08,65.57,,
ESTAT:PRC_HICP_MINR(1.0),02/10/26 11:00:00,Monthly,"Index, 2025=100",Total,Latvia,2012-09,65.80,,
ESTAT:PRC_HICP_MINR(1.0),02/10/26 11:00:00,Monthly,"Index, 2025=100",Total,Latvia,2012-10,65.68,,
ESTAT:PRC_HICP_MINR(1.0),02/10/26 11:00:00,Monthly,"Index, 2025=100",Total,Latvia,2012-11,65.59,,
ESTAT:PRC_HICP_MINR(1.0),02/10/26 11:00:00,Monthly,"Index, 2025=100",Total,Latvia,2012-12,65.64,,
ESTAT:PRC_HICP_MINR(1.0),02/10/26 11:00:00,Monthly,"Index, 2025=100",Total,Latvia,2013-01,65.51,,
ESTAT:PRC_HICP_MINR(1.0),02/10/26 11:00:00,Monthly,"Index, 2025=100",Total,Latvia,2013-02,65.46,,
ESTAT:PRC_HICP_MINR(1.0),02/10/26 11:00:00,Monthly,"Index, 2025=100",Total,Latvia,2013-03,65.78,,
ESTAT:PRC_HICP_MINR(1.0),02/10/26 11:00:00,Monthly,"Index, 2025=100",Total,Latvia,2013-04,65.80,,
ESTAT:PRC_HICP_MINR(1.0),02/10/26 11:00:00,Monthly,"Index, 2025=100",Total,Latvia,2013-05,65.97,,
ESTAT:PRC_HICP_MINR(1.0),02/10/26 11:00:00,Monthly,"Index, 2025=100",Total,Latvia,2013-06,66.23,,
ESTAT:PRC_HICP_MINR(1.0),02/10/26 11:00:00,Monthly,"Index, 2025=100",Total,Latvia,2013-07,66.17,,
ESTAT:PRC_HICP_MINR(1.0),02/10/26 11:00:00,Monthly,"Index, 2025=100",Total,Latvia,2013-08,65.51,,
ESTAT:PRC_HICP_MINR(1.0),02/10/26 11:00:00,Monthly,"Index, 2025=100",Total,Latvia,2013-09,65.53,,
ESTAT:PRC_HICP_MINR(1.0),02/10/26 11:00:00,Monthly,"Index, 2025=100",Total,Latvia,2013-10,65.66,,
ESTAT:PRC_HICP_MINR(1.0),02/10/26 11:00:00,Monthly,"Index, 2025=100",Total,Latvia,2013-11,65.38,,
ESTAT:PRC_HICP_MINR(1.0),02/10/26 11:00:00,Monthly,"Index, 2025=100",Total,Latvia,2013-12,65.37,,
ESTAT:PRC_HICP_MINR(1.0),02/10/26 11:00:00,Monthly,"Index, 2025=100",Total,Latvia,2014-01,65.82,,
ESTAT:PRC_HICP_MINR(1.0),02/10/26 11:00:00,Monthly,"Index, 2025=100",Total,Latvia,2014-02,65.81,,
ESTAT:PRC_HICP_MINR(1.0),02/10/26 11:00:00,Monthly,"Index, 2025=100",Total,Latvia,2014-03,66.01,,
ESTAT:PRC_HICP_MINR(1.0),02/10/26 11:00:00,Monthly,"Index, 2025=100",Total,Latvia,2014-04,66.34,,
ESTAT:PRC_HICP_MINR(1.0),02/10/26 11:00:00,Monthly,"Index, 2025=100",Total,Latvia,2014-05,66.48,,
ESTAT:PRC_HICP_MINR(1.0),02/10/26 11:00:00,Monthly,"Index, 2025=100",Total,Latvia,2014-06,66.74,,
ESTAT:PRC_HICP_MINR(1.0),02/10/26 11:00:00,Monthly,"Index, 2025=100",Total,Latvia,2014-07,66.58,,
ESTAT:PRC_HICP_MINR(1.0),02/10/26 11:00:00,Monthly,"Index, 2025=100",Total,Latvia,2014-08,66.06,,
ESTAT:PRC_HICP_MINR(1.0),02/10/26 11:00:00,Monthly,"Index, 2025=100",Total,Latvia,2014-09,66.30,,
ESTAT:PRC_HICP_MINR(1.0),02/10/26 11:00:00,Monthly,"Index, 2025=100",Total,Latvia,2014-10,66.15,,
ESTAT:PRC_HICP_MINR(1.0),02/10/26 11:00:00,Monthly,"Index, 2025=100",Total,Latvia,2014-11,65.99,,
ESTAT:PRC_HICP_MINR(1.0),02/10/26 11:00:00,Monthly,"Index, 2025=100",Total,Latvia,2014-12,65.55,,
ESTAT:PRC_HICP_MINR(1.0),02/10/26 11:00:00,Monthly,"Index, 2025=100",Total,Latvia,2015-01,65.59,,
ESTAT:PRC_HICP_MINR(1.0),02/10/26 11:00:00,Monthly,"Index, 2025=100",Total,Latvia,2015-02,65.82,,
ESTAT:PRC_HICP_MINR(1.0),02/10/26 11:00:00,Monthly,"Index, 2025=100",Total,Latvia,2015-03,66.35,,
ESTAT:PRC_HICP_MINR(1.0),02/10/26 11:00:00,Monthly,"Index, 2025=100",Total,Latvia,2015-04,66.72,,
ESTAT:PRC_HICP_MINR(1.0),02/10/26 11:00:00,Monthly,"Index, 2025=100",Total,Latvia,2015-05,67.26,,
ESTAT:PRC_HICP_MINR(1.0),02/10/26 11:00:00,Monthly,"Index, 2025=100",Total,Latvia,2015-06,67.18,,
ESTAT:PRC_HICP_MINR(1.0),02/10/26 11:00:00,Monthly,"Index, 2025=100",Total,Latvia,2015-07,66.47,,
ESTAT:PRC_HICP_MINR(1.0),02/10/26 11:00:00,Monthly,"Index, 2025=100",Total,Latvia,2015-08,66.19,,
ESTAT:PRC_HICP_MINR(1.0),02/10/26 11:00:00,Monthly,"Index, 2025=100",Total,Latvia,2015-09,66.04,,
ESTAT:PRC_HICP_MINR(1.0),02/10/26 11:00:00,Monthly,"Index, 2025=100",Total,Latvia,2015-10,66.05,,
ESTAT:PRC_HICP_MINR(1.0),02/10/26 11:00:00,Monthly,"Index, 2025=100",Total,Latvia,2015-11,66.00,,
ESTAT:PRC_HICP_MINR(1.0),02/10/26 11:00:00,Monthly,"Index, 2025=100",Total,Latvia,2015-12,65.82,,
ESTAT:PRC_HICP_MINR(1.0),02/10/26 11:00:00,Monthly,"Index, 2025=100",Total,Latvia,2016-01,65.39,,
ESTAT:PRC_HICP_MINR(1.0),02/10/26 11:00:00,Monthly,"Index, 2025=100",Total,Latvia,2016-02,65.44,,
ESTAT:PRC_HICP_MINR(1.0),02/10/26 11:00:00,Monthly,"Index, 2025=100",Total,Latvia,2016-03,65.94,,
ESTAT:PRC_HICP_MINR(1.0),02/10/26 11:00:00,Monthly,"Index, 2025=100",Total,Latvia,2016-04,66.23,,
ESTAT:PRC_HICP_MINR(1.0),02/10/26 11:00:00,Monthly,"Index, 2025=100",Total,Latvia,2016-05,66.72,,
ESTAT:PRC_HICP_MINR(1.0),02/10/26 11:00:00,Monthly,"Index, 2025=100",Total,Latvia,2016-06,66.76,,
ESTAT:PRC_HICP_MINR(1.0),02/10/26 11:00:00,Monthly,"Index, 2025=100",Total,Latvia,2016-07,66.56,,
ESTAT:PRC_HICP_MINR(1.0),02/10/26 11:00:00,Monthly,"Index, 2025=100",Total,Latvia,2016-08,66.12,,
ESTAT:PRC_HICP_MINR(1.0),02/10/26 11:00:00,Monthly,"Index, 2025=100",Total,Latvia,2016-09,66.35,,
ESTAT:PRC_HICP_MINR(1.0),02/10/26 11:00:00,Monthly,"Index, 2025=100",Total,Latvia,2016-10,66.76,,
ESTAT:PRC_HICP_MINR(1.0),02/10/26 11:00:00,Monthly,"Index, 2025=100",Total,Latvia,2016-11,66.81,,
ESTAT:PRC_HICP_MINR(1.0),02/10/26 11:00:00,Monthly,"Index, 2025=100",Total,Latvia,2016-12,67.21,,
ESTAT:PRC_HICP_MINR(1.0),02/10/26 11:00:00,Monthly,"Index, 2025=100",Total,Latvia,2017-01,67.25,,
ESTAT:PRC_HICP_MINR(1.0),02/10/26 11:00:00,Monthly,"Index, 2025=100",Total,Latvia,2017-02,67.52,,
ESTAT:PRC_HICP_MINR(1.0),02/10/26 11:00:00,Monthly,"Index, 2025=100",Total,Latvia,2017-03,68.11,,
ESTAT:PRC_HICP_MINR(1.0),02/10/26 11:00:00,Monthly,"Index, 2025=100",Total,Latvia,2017-04,68.40,,
ESTAT:PRC_HICP_MINR(1.0),02/10/26 11:00:00,Monthly,"Index, 2025=100",Total,Latvia,2017-05,68.54,,
ESTAT:PRC_HICP_MINR(1.0),02/10/26 11:00:00,Monthly,"Index, 2025=100",Total,Latvia,2017-06,68.82,,
ESTAT:PRC_HICP_MINR(1.0),02/10/26 11:00:00,Monthly,"Index, 2025=100",Total,Latvia,2017-07,68.28,,
ESTAT:PRC_HICP_MINR(1.0),02/10/26 11:00:00,Monthly,"Index, 2025=100",Total,Latvia,2017-08,68.21,,
ESTAT:PRC_HICP_MINR(1.0),02/10/26 11:00:00,Monthly,"Index, 2025=100",Total,Latvia,2017-09,68.33,,
ESTAT:PRC_HICP_MINR(1.0),02/10/26 11:00:00,Monthly,"Index, 2025=100",Total,Latvia,2017-10,68.57,,
ESTAT:PRC_HICP_MINR(1.0),02/10/26 11:00:00,Monthly,"Index, 2025=100",Total,Latvia,2017-11,68.64,,
ESTAT:PRC_HICP_MINR(1.0),02/10/26 11:00:00,Monthly,"Index, 2025=100",Total,Latvia,2017-12,68.66,,
ESTAT:PRC_HICP_MINR(1.0),02/10/26 11:00:00,Monthly,"Index, 2025=100",Total,Latvia,2018-01,68.60,,
ESTAT:PRC_HICP_MINR(1.0),02/10/26 11:00:00,Monthly,"Index, 2025=100",Total,Latvia,2018-02,68.76,,
ESTAT:PRC_HICP_MINR(1.0),02/10/26 11:00:00,Monthly,"Index, 2025=100",Total,Latvia,2018-03,69.64,,
ESTAT:PRC_HICP_MINR(1.0),02/10/26 11:00:00,Monthly,"Index, 2025=100",Total,Latvia,2018-04,69.83,,
ESTAT:PRC_HICP_MINR(1.0),02/10/26 11:00:00,Monthly,"Index, 2025=100",Total,Latvia,2018-05,70.16,,
ESTAT:PRC_HICP_MINR(1.0),02/10/26 11:00:00,Monthly,"Index, 2025=100",Total,Latvia,2018-06,70.66,,
ESTAT:PRC_HICP_MINR(1.0),02/10/26 11:00:00,Monthly,"Index, 2025=100",Total,Latvia,2018-07,70.10,,
ESTAT:PRC_HICP_MINR(1.0),02/10/26 11:00:00,Monthly,"Index, 2025=100",Total,Latvia,2018-08,70.12,,
ESTAT:PRC_HICP_MINR(1.0),02/10/26 11:00:00,Monthly,"Index, 2025=100",Total,Latvia,2018-09,70.56,,
ESTAT:PRC_HICP_MINR(1.0),02/10/26 11:00:00,Monthly,"Index, 2025=100",Total,Latvia,2018-10,70.77,,
ESTAT:PRC_HICP_MINR(1.0),02/10/26 11:00:00,Monthly,"Index, 2025=100",Total,Latvia,2018-11,70.65,,
ESTAT:PRC_HICP_MINR(1.0),02/10/26 11:00:00,Monthly,"Index, 2025=100",Total,Latvia,2018-12,70.41,,
ESTAT:PRC_HICP_MINR(1.0),02/10/26 11:00:00,Monthly,"Index, 2025=100",Total,Latvia,2019-01,70.62,,
ESTAT:PRC_HICP_MINR(1.0),02/10/26 11:00:00,Monthly,"Index, 2025=100",Total,Latvia,2019-02,70.69,,
ESTAT:PRC_HICP_MINR(1.0),02/10/26 11:00:00,Monthly,"Index, 2025=100",Total,Latvia,2019-03,71.49,,
ESTAT:PRC_HICP_MINR(1.0),02/10/26 11:00:00,Monthly,"Index, 2025=100",Total,Latvia,2019-04,72.17,,
ESTAT:PRC_HICP_MINR(1.0),02/10/26 11:00:00,Monthly,"Index, 2025=100",Total,Latvia,2019-05,72.61,,
ESTAT:PRC_HICP_MINR(1.0),02/10/26 11:00:00,Monthly,"Index, 2025=100",Total,Latvia,2019-06,72.82,,
ESTAT:PRC_HICP_MINR(1.0),02/10/26 11:00:00,Monthly,"Index, 2025=100",Total,Latvia,2019-07,72.18,,
ESTAT:PRC_HICP_MINR(1.0),02/10/26 11:00:00,Monthly,"Index, 2025=100",Total,Latvia,2019-08,72.31,,
ESTAT:PRC_HICP_MINR(1.0),02/10/26 11:00:00,Monthly,"Index, 2025=100",Total,Latvia,2019-09,72.19,,
ESTAT:PRC_HICP_MINR(1.0),02/10/26 11:00:00,Monthly,"Index, 2025=100",Total,Latvia,2019-10,72.30,,
ESTAT:PRC_HICP_MINR(1.0),02/10/26 11:00:00,Monthly,"Index, 2025=100",Total,Latvia,2019-11,72.05,,
ESTAT:PRC_HICP_MINR(1.0),02/10/26 11:00:00,Monthly,"Index, 2025=100",Total,Latvia,2019-12,71.91,,
ESTAT:PRC_HICP_MINR(1.0),02/10/26 11:00:00,Monthly,"Index, 2025=100",Total,Latvia,2020-01,72.16,,
ESTAT:PRC_HICP_MINR(1.0),02/10/26 11:00:00,Monthly,"Index, 2025=100",Total,Latvia,2020-02,72.28,,
ESTAT:PRC_HICP_MINR(1.0),02/10/26 11:00:00,Monthly,"Index, 2025=100",Total,Latvia,2020-03,72.49,,
ESTAT:PRC_HICP_MINR(1.0),02/10/26 11:00:00,Monthly,"Index, 2025=100",Total,Latvia,2020-04,72.11,,
ESTAT:PRC_HICP_MINR(1.0),02/10/26 11:00:00,Monthly,"Index, 2025=100",Total,Latvia,2020-05,71.92,,
ESTAT:PRC_HICP_MINR(1.0),02/10/26 11:00:00,Monthly,"Index, 2025=100",Total,Latvia,2020-06,72.05,,
ESTAT:PRC_HICP_MINR(1.0),02/10/26 11:00:00,Monthly,"Index, 2025=100",Total,Latvia,2020-07,72.25,,
ESTAT:PRC_HICP_MINR(1.0),02/10/26 11:00:00,Monthly,"Index, 2025=100",Total,Latvia,2020-08,71.94,,
ESTAT:PRC_HICP_MINR(1.0),02/10/26 11:00:00,Monthly,"Index, 2025=100",Total,Latvia,2020-09,71.89,,
ESTAT:PRC_HICP_MINR(1.0),02/10/26 11:00:00,Monthly,"Index, 2025=100",Total,Latvia,2020-10,71.81,,
ESTAT:PRC_HICP_MINR(1.0),02/10/26 11:00:00,Monthly,"Index, 2025=100",Total,Latvia,2020-11,71.58,,
ESTAT:PRC_HICP_MINR(1.0),02/10/26 11:00:00,Monthly,"Index, 2025=100",Total,Latvia,2020-12,71.56,,
ESTAT:PRC_HICP_MINR(1.0),02/10/26 11:00:00,Monthly,"Index, 2025=100",Total,Latvia,2021-01,71.84,,
ESTAT:PRC_HICP_MINR(1.0),02/10/26 11:00:00,Monthly,"Index, 2025=100",Total,Latvia,2021-02,72.14,,
ESTAT:PRC_HICP_MINR(1.0),02/10/26 11:00:00,Monthly,"Index, 2025=100",Total,Latvia,2021-03,72.69,,
ESTAT:PRC_HICP_MINR(1.0),02/10/26 11:00:00,Monthly,"Index, 2025=100",Total,Latvia,2021-04,73.35,,
ESTAT:PRC_HICP_MINR(1.0),02/10/26 11:00:00,Monthly,"Index, 2025=100",Total,Latvia,2021-05,73.76,,
ESTAT:PRC_HICP_MINR(1.0),02/10/26 11:00:00,Monthly,"Index, 2025=100",Total,Latvia,2021-06,73.98,,
ESTAT:PRC_HICP_MINR(1.0),02/10/26 11:00:00,Monthly,"Index, 2025=100",Total,Latvia,2021-07,74.27,,
ESTAT:PRC_HICP_MINR(1.0),02/10/26 11:00:00,Monthly,"Index, 2025=100",Total,Latvia,2021-08,74.55,,
ESTAT:PRC_HICP_MINR(1.0),02/10/26 11:00:00,Monthly,"Index, 2025=100",Total,Latvia,2021-09,75.26,,
ESTAT:PRC_HICP_MINR(1.0),02/10/26 11:00:00,Monthly,"Index, 2025=100",Total,Latvia,2021-10,76.09,,
ESTAT:PRC_HICP_MINR(1.0),02/10/26 11:00:00,Monthly,"Index, 2025=100",Total,Latvia,2021-11,76.89,,
ESTAT:PRC_HICP_MINR(1.0),02/10/26 11:00:00,Monthly,"Index, 2025=100",Total,Latvia,2021-12,77.20,,
ESTAT:PRC_HICP_MINR(1.0),02/10/26 11:00:00,Monthly,"Index, 2025=100",Total,Latvia,2022-01,77.19,,
ESTAT:PRC_HICP_MINR(1.0),02/10/26 11:00:00,Monthly,"Index, 2025=100",Total,Latvia,2022-02,78.48,,
ESTAT:PRC_HICP_MINR(1.0),02/10/26 11:00:00,Monthly,"Index, 2025=100",Total,Latvia,2022-03,81.03,,
ESTAT:PRC_HICP_MINR(1.0),02/10/26 11:00:00,Monthly,"Index, 2025=100",Total,Latvia,2022-04,82.92,,
ESTAT:PRC_HICP_MINR(1.0),02/10/26 11:00:00,Monthly,"Index, 2025=100",Total,Latvia,2022-05,86.13,,
ESTAT:PRC_HICP_MINR(1.0),02/10/26 11:00:00,Monthly,"Index, 2025=100",Total,Latvia,2022-06,88.22,,
ESTAT:PRC_HICP_MINR(1.0),02/10/26 11:00:00,Monthly,"Index, 2025=100",Total,Latvia,2022-07,90.12,,
ESTAT:PRC_HICP_MINR(1.0),02/10/26 11:00:00,Monthly,"Index, 2025=100",Total,Latvia,2022-08,90.49,,
ESTAT:PRC_HICP_MINR(1.0),02/10/26 11:00:00,Monthly,"Index, 2025=100",Total,Latvia,2022-09,91.85,,
ESTAT:PRC_HICP_MINR(1.0),02/10/26 11:00:00,Monthly,"Index, 2025=100",Total,Latvia,2022-10,92.62,,
ESTAT:PRC_HICP_MINR(1.0),02/10/26 11:00:00,Monthly,"Index, 2025=100",Total,Latvia,2022-11,93.60,,
ESTAT:PRC_HICP_MINR(1.0),02/10/26 11:00:00,Monthly,"Index, 2025=100",Total,Latvia,2022-12,93.19,,
ESTAT:PRC_HICP_MINR(1.0),02/10/26 11:00:00,Monthly,"Index, 2025=100",Total,Latvia,2023-01,93.67,,
ESTAT:PRC_HICP_MINR(1.0),02/10/26 11:00:00,Monthly,"Index, 2025=100",Total,Latvia,2023-02,94.26,,
ESTAT:PRC_HICP_MINR(1.0),02/10/26 11:00:00,Monthly,"Index, 2025=100",Total,Latvia,2023-03,94.97,,
ESTAT:PRC_HICP_MINR(1.0),02/10/26 11:00:00,Monthly,"Index, 2025=100",Total,Latvia,2023-04,95.34,,
ESTAT:PRC_HICP_MINR(1.0),02/10/26 11:00:00,Monthly,"Index, 2025=100",Total,Latvia,2023-05,96.73,,
ESTAT:PRC_HICP_MINR(1.0),02/10/26 11:00:00,Monthly,"Index, 2025=100",Total,Latvia,2023-06,95.39,,
ESTAT:PRC_HICP_MINR(1.0),02/10/26 11:00:00,Monthly,"Index, 2025=100",Total,Latvia,2023-07,96.11,,
ESTAT:PRC_HICP_MINR(1.0),02/10/26 11:00:00,Monthly,"Index, 2025=100",Total,Latvia,2023-08,95.59,,
ESTAT:PRC_HICP_MINR(1.0),02/10/26 11:00:00,Monthly,"Index, 2025=100",Total,Latvia,2023-09,95.11,,
ESTAT:PRC_HICP_MINR(1.0),02/10/26 11:00:00,Monthly,"Index, 2025=100",Total,Latvia,2023-10,94.75,,
ESTAT:PRC_HICP_MINR(1.0),02/10/26 11:00:00,Monthly,"Index, 2025=100",Total,Latvia,2023-11,94.67,,
ESTAT:PRC_HICP_MINR(1.0),02/10/26 11:00:00,Monthly,"Index, 2025=100",Total,Latvia,2023-12,93.98,,
ESTAT:PRC_HICP_MINR(1.0),02/10/26 11:00:00,Monthly,"Index, 2025=100",Total,Latvia,2024-01,94.71,,
ESTAT:PRC_HICP_MINR(1.0),02/10/26 11:00:00,Monthly,"Index, 2025=100",Total,Latvia,2024-02,94.79,,
ESTAT:PRC_HICP_MINR(1.0),02/10/26 11:00:00,Monthly,"Index, 2025=100",Total,Latvia,2024-03,95.90,,
ESTAT:PRC_HICP_MINR(1.0),02/10/26 11:00:00,Monthly,"Index, 2025=100",Total,Latvia,2024-04,96.41,,
ESTAT:PRC_HICP_MINR(1.0),02/10/26 11:00:00,Monthly,"Index, 2025=100",Total,Latvia,2024-05,96.78,,
ESTAT:PRC_HICP_MINR(1.0),02/10/26 11:00:00,Monthly,"Index, 2025=100",Total,Latvia,2024-06,96.78,,
ESTAT:PRC_HICP_MINR(1.0),02/10/26 11:00:00,Monthly,"Index, 2025=100",Total,Latvia,2024-07,96.84,,
ESTAT:PRC_HICP_MINR(1.0),02/10/26 11:00:00,Monthly,"Index, 2025=100",Total,Latvia,2024-08,96.44,,
ESTAT:PRC_HICP_MINR(1.0),02/10/26 11:00:00,Monthly,"Index, 2025=100",Total,Latvia,2024-09,96.60,,
ESTAT:PRC_HICP_MINR(1.0),02/10/26 11:00:00,Monthly,"Index, 2025=100",Total,Latvia,2024-10,96.73,,
ESTAT:PRC_HICP_MINR(1.0),02/10/26 11:00:00,Monthly,"Index, 2025=100",Total,Latvia,2024-11,96.84,,
ESTAT:PRC_HICP_MINR(1.0),02/10/26 11:00:00,Monthly,"Index, 2025=100",Total,Latvia,2024-12,97.14,,
ESTAT:PRC_HICP_MINR(1.0),02/10/26 11:00:00,Monthly,"Index, 2025=100",Total,Latvia,2025-01,97.60,,
ESTAT:PRC_HICP_MINR(1.0),02/10/26 11:00:00,Monthly,"Index, 2025=100",Total,Latvia,2025-02,98.33,,
ESTAT:PRC_HICP_MINR(1.0),02/10/26 11:00:00,Monthly,"Index, 2025=100",Total,Latvia,2025-03,99.22,,
ESTAT:PRC_HICP_MINR(1.0),02/10/26 11:00:00,Monthly,"Index, 2025=100",Total,Latvia,2025-04,100.30,,
ESTAT:PRC_HICP_MINR(1.0),02/10/26 11:00:00,Monthly,"Index, 2025=100",Total,Latvia,2025-05,100.34,,
ESTAT:PRC_HICP_MINR(1.0),02/10/26 11:00:00,Monthly,"Index, 2025=100",Total,Latvia,2025-06,100.56,,
ESTAT:PRC_HICP_MINR(1.0),02/10/26 11:00:00,Monthly,"Index, 2025=100",Total,Latvia,2025-07,100.65,,
ESTAT:PRC_HICP_MINR(1.0),02/10/26 11:00:00,Monthly,"Index, 2025=100",Total,Latvia,2025-08,100.49,,
ESTAT:PRC_HICP_MINR(1.0),02/10/26 11:00:00,Monthly,"Index, 2025=100",Total,Latvia,2025-09,100.62,,
ESTAT:PRC_HICP_MINR(1.0),02/10/26 11:00:00,Monthly,"Index, 2025=100",Total,Latvia,2025-10,100.87,,
ESTAT:PRC_HICP_MINR(1.0),02/10/26 11:00:00,Monthly,"Index, 2025=100",Total,Latvia,2025-11,100.53,,
ESTAT:PRC_HICP_MINR(1.0),02/10/26 11:00:00,Monthly,"Index, 2025=100",Total,Latvia,2025-12,100.48,,
ESTAT:PRC_HICP_MINR(1.0),02/10/26 11:00:00,Monthly,"Index, 2025=100",Total,Netherlands,2006-01,63.16,,
ESTAT:PRC_HICP_MINR(1.0),02/10/26 11:00:00,Monthly,"Index, 2025=100",Total,Netherlands,2006-02,63.48,,
ESTAT:PRC_HICP_MINR(1.0),02/10/26 11:00:00,Monthly,"Index, 2025=100",Total,Netherlands,2006-03,63.98,,
ESTAT:PRC_HICP_MINR(1.0),02/10/26 11:00:00,Monthly,"Index, 2025=100",Total,Netherlands,2006-04,64.29,,
ESTAT:PRC_HICP_MINR(1.0),02/10/26 11:00:00,Monthly,"Index, 2025=100",Total,Netherlands,2006-05,64.26,,
ESTAT:PRC_HICP_MINR(1.0),02/10/26 11:00:00,Monthly,"Index, 2025=100",Total,Netherlands,2006-06,64.04,,
ESTAT:PRC_HICP_MINR(1.0),02/10/26 11:00:00,Monthly,"Index, 2025=100",Total,Netherlands,2006-07,63.82,,
ESTAT:PRC_HICP_MINR(1.0),02/10/26 11:00:00,Monthly,"Index, 2025=100",Total,Netherlands,2006-08,64.13,,
ESTAT:PRC_HICP_MINR(1.0),02/10/26 11:00:00,Monthly,"Index, 2025=100",Total,Netherlands,2006-09,64.44,,
ESTAT:PRC_HICP_MINR(1.0),02/10/26 11:00:00,Monthly,"Index, 2025=100",Total,Netherlands,2006-10,64.32,,
ESTAT:PRC_HICP_MINR(1.0),02/10/26 11:00:00,Monthly,"Index, 2025=100",Total,Netherlands,2006-11,64.31,,
ESTAT:PRC_HICP_MINR(1.0),02/10/26 11:00:00,Monthly,"Index, 2025=100",Total,Netherlands,2006-12,64.09,,
ESTAT:PRC_HICP_MINR(1.0),02/10/26 11:00:00,Monthly,"Index, 2025=100",Total,Netherlands,2007-01,63.93,,
ESTAT:PRC_HICP_MINR(1.0),02/10/26 11:00:00,Monthly,"Index, 2025=100",Total,Netherlands,2007-02,64.35,,
ESTAT:PRC_HICP_MINR(1.0),02/10/26 11:00:00,Monthly,"Index, 2025=100",Total,Netherlands,2007-03,65.18,,
ESTAT:PRC_HICP_MINR(1.0),02/10/26 11:00:00,Monthly,"Index, 2025=100",Total,Netherlands,2007-04,65.54,,
ESTAT:PRC_HICP_MINR(1.0),02/10/26 11:00:00,Monthly,"Index, 2025=100",Total,Netherlands,2007-05,65.56,,
ESTAT:PRC_HICP_MINR(1.0),02/10/26 11:00:00,Monthly,"Index, 2025=100",Total,Netherlands,2007-06,65.22,,
ESTAT:PRC_HICP_MINR(1.0),02/10/26 11:00:00,Monthly,"Index, 2025=100",Total,Netherlands,2007-07,64.73,,
ESTAT:PRC_HICP_MINR(1.0),02/10/26 11:00:00,Monthly,"Index, 2025=100",Total,Netherlands,2007-08,64.81,,
ESTAT:PRC_HICP_MINR(1.0),02/10/26 11:00:00,Monthly,"Index, 2025=100",Total,Netherlands,2007-09,65.26,,
ESTAT:PRC_HICP_MINR(1.0),02/10/26 11:00:00,Monthly,"Index, 2025=100",Total,Netherlands,2007-10,65.36,,
ESTAT:PRC_HICP_MINR(1.0),02/10/26 11:00:00,Monthly,"Index, 2025=100",Total,Netherlands,2007-11,65.46,,
ESTAT:PRC_HICP_MINR(1.0),02/10/26 11:00:00,Monthly,"Index, 2025=100",Total,Netherlands,2007-12,65.10,,
ESTAT:PRC_HICP_MINR(1.0),02/10/26 11:00:00,Monthly,"Index, 2025=100",Total,Netherlands,2008-01,65.08,,
ESTAT:PRC_HICP_MINR(1.0),02/10/26 11:00:00,Monthly,"Index, 2025=100",Total,Netherlands,2008-02,65.63,,
ESTAT:PRC_HICP_MINR(1.0),02/10/26 11:00:00,Monthly,"Index, 2025=100",Total,Netherlands,2008-03,66.41,,
ESTAT:PRC_HICP_MINR(1.0),02/10/26 11:00:00,Monthly,"Index, 2025=100",Total,Netherlands,2008-04,66.65,,
ESTAT:PRC_HICP_MINR(1.0),02/10/26 11:00:00,Monthly,"Index, 2025=100",Total,Netherlands,2008-05,66.92,,
ESTAT:PRC_HICP_MINR(1.0),02/10/26 11:00:00,Monthly,"Index, 2025=100",Total,Netherlands,2008-06,66.73,,
ESTAT:PRC_HICP_MINR(1.0),02/10/26 11:00:00,Monthly,"Index, 2025=100",Total,Netherlands,2008-07,66.65,,
ESTAT:PRC_HICP_MINR(1.0),02/10/26 11:00:00,Monthly,"Index, 2025=100",Total,Netherlands,2008-08,66.74,,
ESTAT:PRC_HICP_MINR(1.0),02/10/26 11:00:00,Monthly,"Index, 2025=100",Total,Netherlands,2008-09,67.08,,
ESTAT:PRC_HICP_MINR(1.0),02/10/26 11:00:00,Monthly,"Index, 2025=100",Total,Netherlands,2008-10,66.97,,
ESTAT:PRC_HICP_MINR(1.0),02/10/26 11:00:00,Monthly,"Index, 2025=100",Total,Netherlands,2008-11,66.69,,
ESTAT:PRC_HICP_MINR(1.0),02/10/26 11:00:00,Monthly,"Index, 2025=100",Total,Netherlands,2008-12,66.18,,
ESTAT:PRC_HICP_MINR(1.0),02/10/26 11:00:00,Monthly,"Index, 2025=100",Total,Netherlands,2009-01,66.21,,
ESTAT:PRC_HICP_MINR(1.0),02/10/26 11:00:00,Monthly,"Index, 2025=100",Total,Netherlands,2009-02,66.86,,
ESTAT:PRC_HICP_MINR(1.0),02/10/26 11:00:00,Monthly,"Index, 2025=100",Total,Netherlands,2009-03,67.64,,
ESTAT:PRC_HICP_MINR(1.0),02/10/26 11:00:00,Monthly,"Index, 2025=100",Total,Netherlands,2009-04,67.87,,
ESTAT:PRC_HICP_MINR(1.0),02/10/26 11:00:00,Monthly,"Index, 2025=100",Total,Netherlands,2009-05,67.94,,
ESTAT:PRC_HICP_MINR(1.0),02/10/26 11:00:00,Monthly,"Index, 2025=100",Total,Netherlands,2009-06,67.64,,
ESTAT:PRC_HICP_MINR(1.0),02/10/26 11:00:00,Monthly,"Index, 2025=100",Total,Netherlands,2009-07,66.56,,
ESTAT:PRC_HICP_MINR(1.0),02/10/26 11:00:00,Monthly,"Index, 2025=100",Total,Netherlands,2009-08,66.70,,
ESTAT:PRC_HICP_MINR(1.0),02/10/26 11:00:00,Monthly,"Index, 2025=100",Total,Netherlands,2009-09,67.06,,
ESTAT:PRC_HICP_MINR(1.0),02/10/26 11:00:00,Monthly,"Index, 2025=100",Total,Netherlands,2009-10,67.24,,
ESTAT:PRC_HICP_MINR(1.0),02/10/26 11:00:00,Monthly,"Index, 2025=100",Total,Netherlands,2009-11,67.14,,
ESTAT:PRC_HICP_MINR(1.0),02/10/26 11:00:00,Monthly,"Index, 2025=100",Total,Netherlands,2009-12,66.66,,
ESTAT:PRC_HICP_MINR(1.0),02/10/26 11:00:00,Monthly,"Index, 2025=100",Total,Netherlands,2010-01,66.47,,
ESTAT:PRC_HICP_MINR(1.0),02/10/26 11:00:00,Monthly,"Index, 2025=100",Total,Netherlands,2010-02,67.09,,
ESTAT:PRC_HICP_MINR(1.0),02/10/26 11:00:00,Monthly,"Index, 2025=100",Total,Netherlands,2010-03,68.08,,
ESTAT:PRC_HICP_MINR(1.0),02/10/26 11:00:00,Monthly,"Index, 2025=100",Total,Netherlands,2010-04,68.31,,
ESTAT:PRC_HICP_MINR(1.0),02/10/26 11:00:00,Monthly,"Index, 2025=100",Total,Netherlands,2010-05,68.25,,
ESTAT:PRC_HICP_MINR(1.0),02/10/26 11:00:00,Monthly,"Index, 2025=100",Total,Netherlands,2010-06,67.80,,
ESTAT:PRC_HICP_MINR(1.0),02/10/26 11:00:00,Monthly,"Index, 2025=100",Total,Netherlands,2010-07,67.40,,
ESTAT:PRC_HICP_MINR(1.0),02/10/26 11:00:00,Monthly,"Index, 2025=100",Total,Netherlands,2010-08,67.50,,
ESTAT:PRC_HICP_MINR(1.0),02/10/26 11:00:00,Monthly,"Index, 2025=100",Total,Netherlands,2010-09,68.01,,
ESTAT:PRC_HICP_MINR(1.0),02/10/26 11:00:00,Monthly,"Index, 2025=100",Total,Netherlands,2010-10,68.16,,
ESTAT:PRC_HICP_MINR(1.0),02/10/26 11:00:00,Monthly,"Index, 2025=100",Total,Netherlands,2010-11,68.06,,
ESTAT:PRC_HICP_MINR(1.0),02/10/26 11:00:00,Monthly,"Index, 2025=100",Total,Netherlands,2010-12,67.88,,
ESTAT:PRC_HICP_MINR(1.0),02/10/26 11:00:00,Monthly,"Index, 2025=100",Total,Netherlands,2011-01,67.73,,
ESTAT:PRC_HICP_MINR(1.0),02/10/26 11:00:00,Monthly,"Index, 2025=100",Total,Netherlands,2011-02,68.41,,
ESTAT:PRC_HICP_MINR(1.0),02/10/26 11:00:00,Monthly,"Index, 2025=100",Total,Netherlands,2011-03,69.33,,
ESTAT:PRC_HICP_MINR(1.0),02/10/26 11:00:00,Monthly,"Index, 2025=100",Total,Netherlands,2011-04,69.76,,
ESTAT:PRC_HICP_MINR(1.0),02/10/26 11:00:00,Monthly,"Index, 2025=100",Total,Netherlands,2011-05,69.81,,
ESTAT:PRC_HICP_MINR(1.0),02/10/26 11:00:00,Monthly,"Index, 2025=100",Total,Netherlands,2011-06,69.36,,
ESTAT:PRC_HICP_MINR(1.0),02/10/26 11:00:00,Monthly,"Index, 2025=100",Total,Netherlands,2011-07,69.59,,
ESTAT:PRC_HICP_MINR(1.0),02/10/26 11:00:00,Monthly,"Index, 2025=100",Total,Netherlands,2011-08,69.67,,
ESTAT:PRC_HICP_MINR(1.0),02/10/26 11:00:00,Monthly,"Index, 2025=100",Total,Netherlands,2011-09,70.01,,
ESTAT:PRC_HICP_MINR(1.0),02/10/26 11:00:00,Monthly,"Index, 2025=100",Total,Netherlands,2011-10,70.09,,
ESTAT:PRC_HICP_MINR(1.0),02/10/26 11:00:00,Monthly,"Index, 2025=100",Total,Netherlands,2011-11,69.81,,
ESTAT:PRC_HICP_MINR(1.0),02/10/26 11:00:00,Monthly,"Index, 2025=100",Total,Netherlands,2011-12,69.59,,
ESTAT:PRC_HICP_MINR(1.0),02/10/26 11:00:00,Monthly,"Index, 2025=100",Total,Netherlands,2012-01,69.67,,
ESTAT:PRC_HICP_MINR(1.0),02/10/26 11:00:00,Monthly,"Index, 2025=100",Total,Netherlands,2012-02,70.37,,
ESTAT:PRC_HICP_MINR(1.0),02/10/26 11:00:00,Monthly,"Index, 2025=100",Total,Netherlands,2012-03,71.34,,
ESTAT:PRC_HICP_MINR(1.0),02/10/26 11:00:00,Monthly,"Index, 2025=100",Total,Netherlands,2012-04,71.69,,
ESTAT:PRC_HICP_MINR(1.0),02/10/26 11:00:00,Monthly,"Index, 2025=100",Total,Netherlands,2012-05,71.53,,
ESTAT:PRC_HICP_MINR(1.0),02/10/26 11:00:00,Monthly,"Index, 2025=100",Total,Netherlands,2012-06,71.10,,
ESTAT:PRC_HICP_MINR(1.0),02/10/26 11:00:00,Monthly,"Index, 2025=100",Total,Netherlands,2012-07,71.40,,
ESTAT:PRC_HICP_MINR(1.0),02/10/26 11:00:00,Monthly,"Index, 2025=100",Total,Netherlands,2012-08,71.45,,
ESTAT:PRC_HICP_MINR(1.0),02/10/26 11:00:00,Monthly,"Index, 2025=100",Total,Netherlands,2012-09,71.79,,
ESTAT:PRC_HICP_MINR(1.0),02/10/26 11:00:00,Monthly,"Index, 2025=100",Total,Netherlands,2012-10,72.37,,
ESTAT:PRC_HICP_MINR(1.0),02/10/26 11:00:00,Monthly,"Index, 2025=100",Total,Netherlands,2012-11,72.03,,
ESTAT:PRC_HICP_MINR(1.0),02/10/26 11:00:00,Monthly,"Index, 2025=100",Total,Netherlands,2012-12,71.93,,
ESTAT:PRC_HICP_MINR(1.0),02/10/26 11:00:00,Monthly,"Index, 2025=100",Total,Netherlands,2013-01,71.91,,
ESTAT:PRC_HICP_MINR(1.0),02/10/26 11:00:00,Monthly,"Index, 2025=100",Total,Netherlands,2013-02,72.65,,
ESTAT:PRC_HICP_MINR(1.0),02/10/26 11:00:00,Monthly,"Index, 2025=100",Total,Netherlands,2013-03,73.62,,
ESTAT:PRC_HICP_MINR(1.0),02/10/26 11:00:00,Monthly,"Index, 2025=100",Total,Netherlands,2013-04,73.68,,
ESTAT:PRC_HICP_MINR(1.0),02/10/26 11:00:00,Monthly,"Index, 2025=100",Total,Netherlands,2013-05,73.71,,
ESTAT:PRC_HICP_MINR(1.0),02/10/26 11:00:00,Monthly,"Index, 2025=100",Total,Netherlands,2013-06,73.35,,
ESTAT:PRC_HICP_MINR(1.0),02/10/26 11:00:00,Monthly,"Index, 2025=100",Total,Netherlands,2013-07,73.61,,
ESTAT:PRC_HICP_MINR(1.0),02/10/26 11:00:00,Monthly,"Index, 2025=100",Total,Netherlands,2013-08,73.45,,
ESTAT:PRC_HICP_MINR(1.0),02/10/26 11:00:00,Monthly,"Index, 2025=100",Total,Netherlands,2013-09,73.51,,
ESTAT:PRC_HICP_MINR(1.0),02/10/26 11:00:00,Monthly,"Index, 2025=100",Total,Netherlands,2013-10,73.32,,
ESTAT:PRC_HICP_MINR(1.0),02/10/26 11:00:00,Monthly,"Index, 2025=100",Total,Netherlands,2013-11,72.88,,
ESTAT:PRC_HICP_MINR(1.0),02/10/26 11:00:00,Monthly,"Index, 2025=100",Total,Netherlands,2013-12,72.94,,
ESTAT:PRC_HICP_MINR(1.0),02/10/26 11:00:00,Monthly,"Index, 2025=100",Total,Netherlands,2014-01,72.49,,
ESTAT:PRC_HICP_MINR(1.0),02/10/26 11:00:00,Monthly,"Index, 2025=100",Total,Netherlands,2014-02,72.92,,
ESTAT:PRC_HICP_MINR(1.0),02/10/26 11:00:00,Monthly,"Index, 2025=100",Total,Netherlands,2014-03,73.72,,
ESTAT:PRC_HICP_MINR(1.0),02/10/26 11:00:00,Monthly,"Index, 2025=100",Total,Netherlands,2014-04,74.15,,
ESTAT:PRC_HICP_MINR(1.0),02/10/26 11:00:00,Monthly,"Index, 2025=100",Total,Netherlands,2014-05,73.81,,
ESTAT:PRC_HICP_MINR(1.0),02/10/26 11:00:00,Monthly,"Index, 2025=100",Total,Netherlands,2014-06,73.55,,
ESTAT:PRC_HICP_MINR(1.0),02/10/26 11:00:00,Monthly,"Index, 2025=100",Total,Netherlands,2014-07,73.80,,
ESTAT:PRC_HICP_MINR(1.0),02/10/26 11:00:00,Monthly,"Index, 2025=100",Total,Netherlands,2014-08,73.71,,
ESTAT:PRC_HICP_MINR(1.0),02/10/26 11:00:00,Monthly,"Index, 2025=100",Total,Netherlands,2014-09,73.69,,
ESTAT:PRC_HICP_MINR(1.0),02/10/26 11:00:00,Monthly,"Index, 2025=100",Total,Netherlands,2014-10,73.61,,
ESTAT:PRC_HICP_MINR(1.0),02/10/26 11:00:00,Monthly,"Index, 2025=100",Total,Netherlands,2014-11,73.07,,
ESTAT:PRC_HICP_MINR(1.0),02/10/26 11:00:00,Monthly,"Index, 2025=100",Total,Netherlands,2014-12,72.90,,
ESTAT:PRC_HICP_MINR(1.0),02/10/26 11:00:00,Monthly,"Index, 2025=100",Total,Netherlands,2015-01,72.00,,
ESTAT:PRC_HICP_MINR(1.0),02/10/26 11:00:00,Monthly,"Index, 2025=100",Total,Netherlands,2015-02,72.59,,
ESTAT:PRC_HICP_MINR(1.0),02/10/26 11:00:00,Monthly,"Index, 2025=100",Total,Netherlands,2015-03,73.52,,
ESTAT:PRC_HICP_MINR(1.0),02/10/26 11:00:00,Monthly,"Index, 2025=100",Total,Netherlands,2015-04,74.13,,
ESTAT:PRC_HICP_MINR(1.0),02/10/26 11:00:00,Monthly,"Index, 2025=100",Total,Netherlands,2015-05,74.32,,
ESTAT:PRC_HICP_MINR(1.0),02/10/26 11:00:00,Monthly,"Index, 2025=100",Total,Netherlands,2015-06,73.90,,
ESTAT:PRC_HICP_MINR(1.0),02/10/26 11:00:00,Monthly,"Index, 2025=100",Total,Netherlands,2015-07,74.39,,
ESTAT:PRC_HICP_MINR(1.0),02/10/26 11:00:00,Monthly,"Index, 2025=100",Total,Netherlands,2015-08,74.03,,
ESTAT:PRC_HICP_MINR(1.0),02/10/26 11:00:00,Monthly,"Index, 2025=100",Total,Netherlands,2015-09,73.90,,
ESTAT:PRC_HICP_MINR(1.0),02/10/26 11:00:00,Monthly,"Index, 2025=100",Total,Netherlands,2015-10,73.90,,
ESTAT:PRC_HICP_MINR(1.0),02/10/26 11:00:00,Monthly,"Index, 2025=100",Total,Netherlands,2015-11,73.34,,
ESTAT:PRC_HICP_MINR(1.0),02/10/26 11:00:00,Monthly,"Index, 2025=100",Total,Netherlands,2015-12,73.26,,
ESTAT:PRC_HICP_MINR(1.0),02/10/26 11:00:00,Monthly,"Index, 2025=100",Total,Netherlands,2016-01,72.16,,
ESTAT:PRC_HICP_MINR(1.0),02/10/26 11:00:00,Monthly,"Index, 2025=100",Total,Netherlands,2016-02,72.82,,
ESTAT:PRC_HICP_MINR(1.0),02/10/26 11:00:00,Monthly,"Index, 2025=100",Total,Netherlands,2016-03,73.90,,
ESTAT:PRC_HICP_MINR(1.0),02/10/26 11:00:00,Monthly,"Index, 2025=100",Total,Netherlands,2016-04,73.98,,
ESTAT:PRC_HICP_MINR(1.0),02/10/26 11:00:00,Monthly,"Index, 2025=100",Total,Netherlands,2016-05,74.16,,
ESTAT:PRC_HICP_MINR(1.0),02/10/26 11:00:00,Monthly,"Index, 2025=100",Total,Netherlands,2016-06,73.75,,
ESTAT:PRC_HICP_MINR(1.0),02/10/26 11:00:00,Monthly,"Index, 2025=100",Total,Netherlands,2016-07,73.97,,
ESTAT:PRC_HICP_MINR(1.0),02/10/26 11:00:00,Monthly,"Index, 2025=100",Total,Netherlands,2016-08,74.10,,
ESTAT:PRC_HICP_MINR(1.0),02/10/26 11:00:00,Monthly,"Index, 2025=100",Total,Netherlands,2016-09,73.84,,
ESTAT:PRC_HICP_MINR(1.0),02/10/26 11:00:00,Monthly,"Index, 2025=100",Total,Netherlands,2016-10,74.10,,
ESTAT:PRC_HICP_MINR(1.0),02/10/26 11:00:00,Monthly,"Index, 2025=100",Total,Netherlands,2016-11,73.62,,
ESTAT:PRC_HICP_MINR(1.0),02/10/26 11:00:00,Monthly,"Index, 2025=100",Total,Netherlands,2016-12,73.81,,
ESTAT:PRC_HICP_MINR(1.0),02/10/26 11:00:00,Monthly,"Index, 2025=100",Total,Netherlands,2017-01,73.34,,
ESTAT:PRC_HICP_MINR(1.0),02/10/26 11:00:00,Monthly,"Index, 2025=100",Total,Netherlands,2017-02,74.04,,
ESTAT:PRC_HICP_MINR(1.0),02/10/26 11:00:00,Monthly,"Index, 2025=100",Total,Netherlands,2017-03,74.36,,
ESTAT:PRC_HICP_MINR(1.0),02/10/26 11:00:00,Monthly,"Index, 2025=100",Total,Netherlands,2017-04,75.03,,
ESTAT:PRC_HICP_MINR(1.0),02/10/26 11:00:00,Monthly,"Index, 2025=100",Total,Netherlands,2017-05,74.71,,
ESTAT:PRC_HICP_MINR(1.0),02/10/26 11:00:00,Monthly,"Index, 2025=100",Total,Netherlands,2017-06,74.47,,
ESTAT:PRC_HICP_MINR(1.0),02/10/26 11:00:00,Monthly,"Index, 2025=100",Total,Netherlands,2017-07,75.08,,
ESTAT:PRC_HICP_MINR(1.0),02/10/26 11:00:00,Monthly,"Index, 2025=100",Total,Netherlands,2017-08,75.21,,
ESTAT:PRC_HICP_MINR(1.0),02/10/26 11:00:00,Monthly,"Index, 2025=100",Total,Netherlands,2017-09,74.89,,
ESTAT:PRC_HICP_MINR(1.0),02/10/26 11:00:00,Monthly,"Index, 2025=100",Total,Netherlands,2017-10,75.06,,
ESTAT:PRC_HICP_MINR(1.0),02/10/26 11:00:00,Monthly,"Index, 2025=100",Total,Netherlands,2017-11,74.76,,
ESTAT:PRC_HICP_MINR(1.0),02/10/26 11:00:00,Monthly,"Index, 2025=100",Total,Netherlands,2017-12,74.71,,
ESTAT:PRC_HICP_MINR(1.0),02/10/26 11:00:00,Monthly,"Index, 2025=100",Total,Netherlands,2018-01,74.43,,
ESTAT:PRC_HICP_MINR(1.0),02/10/26 11:00:00,Monthly,"Index, 2025=100",Total,Netherlands,2018-02,74.96,,
ESTAT:PRC_HICP_MINR(1.0),02/10/26 11:00:00,Monthly,"Index, 2025=100",Total,Netherlands,2018-03,75.12,,
ESTAT:PRC_HICP_MINR(1.0),02/10/26 11:00:00,Monthly,"Index, 2025=100",Total,Netherlands,2018-04,75.80,,
ESTAT:PRC_HICP_MINR(1.0),02/10/26 11:00:00,Monthly,"Index, 2025=100",Total,Netherlands,2018-05,76.11,,
ESTAT:PRC_HICP_MINR(1.0),02/10/26 11:00:00,Monthly,"Index, 2025=100",Total,Netherlands,2018-06,75.70,,
ESTAT:PRC_HICP_MINR(1.0),02/10/26 11:00:00,Monthly,"Index, 2025=100",Total,Netherlands,2018-07,76.52,,
ESTAT:PRC_HICP_MINR(1.0),02/10/26 11:00:00,Monthly,"Index, 2025=100",Total,Netherlands,2018-08,76.62,,
ESTAT:PRC_HICP_MINR(1.0),02/10/26 11:00:00,Monthly,"Index, 2025=100",Total,Netherlands,2018-09,76.08,,
ESTAT:PRC_HICP_MINR(1.0),02/10/26 11:00:00,Monthly,"Index, 2025=100",Total,Netherlands,2018-10,76.47,,
ESTAT:PRC_HICP_MINR(1.0),02/10/26 11:00:00,Monthly,"Index, 2025=100",Total,Netherlands,2018-11,76.09,,
ESTAT:PRC_HICP_MINR(1.0),02/10/26 11:00:00,Monthly,"Index, 2025=100",Total,Netherlands,2018-12,76.07,,
ESTAT:PRC_HICP_MINR(1.0),02/10/26 11:00:00,Monthly,"Index, 2025=100",Total,Netherlands,2019-01,75.91,,
ESTAT:PRC_HICP_MINR(1.0),02/10/26 11:00:00,Monthly,"Index, 2025=100",Total,Netherlands,2019-02,76.88,,
ESTAT:PRC_HICP_MINR(1.0),02/10/26 11:00:00,Monthly,"Index, 2025=100",Total,Netherlands,2019-03,77.27,,
ESTAT:PRC_HICP_MINR(1.0),02/10/26 11:00:00,Monthly,"Index, 2025=100",Total,Netherlands,2019-04,78.10,,
ESTAT:PRC_HICP_MINR(1.0),02/10/26 11:00:00,Monthly,"Index, 2025=100",Total,Netherlands,2019-05,77.89,,
ESTAT:PRC_HICP_MINR(1.0),02/10/26 11:00:00,Monthly,"Index, 2025=100",Total,Netherlands,2019-06,77.78,,
ESTAT:PRC_HICP_MINR(1.0),02/10/26 11:00:00,Monthly,"Index, 2025=100",Total,Netherlands,2019-07,78.51,,
ESTAT:PRC_HICP_MINR(1.0),02/10/26 11:00:00,Monthly,"Index, 2025=100",Total,Netherlands,2019-08,79.00,,
ESTAT:PRC_HICP_MINR(1.0),02/10/26 11:00:00,Monthly,"Index, 2025=100",Total,Netherlands,2019-09,78.14,,
ESTAT:PRC_HICP_MINR(1.0),02/10/26 11:00:00,Monthly,"Index, 2025=100",Total,Netherlands,2019-10,78.63,,
ESTAT:PRC_HICP_MINR(1.0),02/10/26 11:00:00,Monthly,"Index, 2025=100",Total,Netherlands,2019-11,78.03,,
ESTAT:PRC_HICP_MINR(1.0),02/10/26 11:00:00,Monthly,"Index, 2025=100",Total,Netherlands,2019-12,78.20,,
ESTAT:PRC_HICP_MINR(1.0),02/10/26 11:00:00,Monthly,"Index, 2025=100",Total,Netherlands,2020-01,77.18,,
ESTAT:PRC_HICP_MINR(1.0),02/10/26 11:00:00,Monthly,"Index, 2025=100",Total,Netherlands,2020-02,77.85,,
ESTAT:PRC_HICP_MINR(1.0),02/10/26 11:00:00,Monthly,"Index, 2025=100",Total,Netherlands,2020-03,78.09,,
ESTAT:PRC_HICP_MINR(1.0),02/10/26 11:00:00,Monthly,"Index, 2025=100",Total,Netherlands,2020-04,78.86,,
ESTAT:PRC_HICP_MINR(1.0),02/10/26 11:00:00,Monthly,"Index, 2025=100",Total,Netherlands,2020-05,78.72,,
ESTAT:PRC_HICP_MINR(1.0),02/10/26 11:00:00,Monthly,"Index, 2025=100",Total,Netherlands,2020-06,79.09,,
ESTAT:PRC_HICP_MINR(1.0),02/10/26 11:00:00,Monthly,"Index, 2025=100",Total,Netherlands,2020-07,79.80,,
ESTAT:PRC_HICP_MINR(1.0),02/10/26 11:00:00,Monthly,"Index, 2025=100",Total,Netherlands,2020-08,79.24,,
ESTAT:PRC_HICP_MINR(1.0),02/10/26 11:00:00,Monthly,"Index, 2025=100",Total,Netherlands,2020-09,78.90,,
ESTAT:PRC_HICP_MINR(1.0),02/10/26 11:00:00,Monthly,"Index, 2025=100",Total,Netherlands,2020-10,79.53,,
ESTAT:PRC_HICP_MINR(1.0),02/10/26 11:00:00,Monthly,"Index, 2025=100",Total,Netherlands,2020-11,78.55,,
ESTAT:PRC_HICP_MINR(1.0),02/10/26 11:00:00,Monthly,"Index, 2025=100",Total,Netherlands,2020-12,78.92,,
ESTAT:PRC_HICP_MINR(1.0),02/10/26 11:00:00,Monthly,"Index, 2025=100",Total,Netherlands,2021-01,78.40,,
ESTAT:PRC_HICP_MINR(1.0),02/10/26 11:00:00,Monthly,"Index, 2025=100",Total,Netherlands,2021-02,79.31,,
ESTAT:PRC_HICP_MINR(1.0),02/10/26 11:00:00,Monthly,"Index, 2025=100",Total,Netherlands,2021-03,79.56,,
ESTAT:PRC_HICP_MINR(1.0),02/10/26 11:00:00,Monthly,"Index, 2025=100",Total,Netherlands,2021-04,80.19,,
ESTAT:PRC_HICP_MINR(1.0),02/10/26 11:00:00,Monthly,"Index, 2025=100",Total,Netherlands,2021-05,80.31,,
ESTAT:PRC_HICP_MINR(1.0),02/10/26 11:00:00,Monthly,"Index, 2025=100",Total,Netherlands,2021-06,80.43,,
ESTAT:PRC_HICP_MINR(1.0),02/10/26 11:00:00,Monthly,"Index, 2025=100",Total,Netherlands,2021-07,80.93,,
ESTAT:PRC_HICP_MINR(1.0),02/10/26 11:00:00,Monthly,"Index, 2025=100",Total,Netherlands,2021-08,81.36,,
ESTAT:PRC_HICP_MINR(1.0),02/10/26 11:00:00,Monthly,"Index, 2025=100",Total,Netherlands,2021-09,81.24,,
ESTAT:PRC_HICP_MINR(1.0),02/10/26 11:00:00,Monthly,"Index, 2025=100",Total,Netherlands,2021-10,82.51,,
ESTAT:PRC_HICP_MINR(1.0),02/10/26 11:00:00,Monthly,"Index, 2025=100",Total,Netherlands,2021-11,83.19,,
ESTAT:PRC_HICP_MINR(1.0),02/10/26 11:00:00,Monthly,"Index, 2025=100",Total,Netherlands,2021-12,83.97,,
ESTAT:PRC_HICP_MINR(1.0),02/10/26 11:00:00,Monthly,"Index, 2025=100",Total,Netherlands,2022-01,84.36,,
ESTAT:PRC_HICP_MINR(1.0),02/10/26 11:00:00,Monthly,"Index, 2025=100",Total,Netherlands,2022-02,85.07,,
ESTAT:PRC_HICP_MINR(1.0),02/10/26 11:00:00,Monthly,"Index, 2025=100",Total,Netherlands,2022-03,88.84,,
ESTAT:PRC_HICP_MINR(1.0),02/10/26 11:00:00,Monthly,"Index, 2025=100",Total,Netherlands,2022-04,89.18,,
ESTAT:PRC_HICP_MINR(1.0),02/10/26 11:00:00,Monthly,"Index, 2025=100",Total,Netherlands,2022-05,88.48,,
ESTAT:PRC_HICP_MINR(1.0),02/10/26 11:00:00,Monthly,"Index, 2025=100",Total,Netherlands,2022-06,88.43,,
ESTAT:PRC_HICP_MINR(1.0),02/10/26 11:00:00,Monthly,"Index, 2025=100",Total,Netherlands,2022-07,90.35,,
ESTAT:PRC_HICP_MINR(1.0),02/10/26 11:00:00,Monthly,"Index, 2025=100",Total,Netherlands,2022-08,92.47,,
ESTAT:PRC_HICP_MINR(1.0),02/10/26 11:00:00,Monthly,"Index, 2025=100",Total,Netherlands,2022-09,95.10,,
ESTAT:PRC_HICP_MINR(1.0),02/10/26 11:00:00,Monthly,"Index, 2025=100",Total,Netherlands,2022-10,96.36,,
ESTAT:PRC_HICP_MINR(1.0),02/10/26 11:00:00,Monthly,"Index, 2025=100",Total,Netherlands,2022-11,92.60,,
ESTAT:PRC_HICP_MINR(1.0),02/10/26 11:00:00,Monthly,"Index, 2025=100",Total,Netherlands,2022-12,93.22,,
ESTAT:PRC_HICP_MINR(1.0),02/10/26 11:00:00,Monthly,"Index, 2025=100",Total,Netherlands,2023-01,91.44,,
ESTAT:PRC_HICP_MINR(1.0),02/10/26 11:00:00,Monthly,"Index, 2025=100",Total,Netherlands,2023-02,92.67,,
ESTAT:PRC_HICP_MINR(1.0),02/10/26 11:00:00,Monthly,"Index, 2025=100",Total,Netherlands,2023-03,92.86,,
ESTAT:PRC_HICP_MINR(1.0),02/10/26 11:00:00,Monthly,"Index, 2025=100",Total,Netherlands,2023-04,94.34,,
ESTAT:PRC_HICP_MINR(1.0),02/10/26 11:00:00,Monthly,"Index, 2025=100",Total,Netherlands,2023-05,94.52,,
ESTAT:PRC_HICP_MINR(1.0),02/10/26 11:00:00,Monthly,"Index, 2025=100",Total,Netherlands,2023-06,94.05,,
ESTAT:PRC_HICP_MINR(1.0),02/10/26 11:00:00,Monthly,"Index, 2025=100",Total,Netherlands,2023-07,95.13,,
ESTAT:PRC_HICP_MINR(1.0),02/10/26 11:00:00,Monthly,"Index, 2025=100",Total,Netherlands,2023-08,95.61,,
ESTAT:PRC_HICP_MINR(1.0),02/10/26 11:00:00,Monthly,"Index, 2025=100",Total,Netherlands,2023-09,94.81,,
ESTAT:PRC_HICP_MINR(1.0),02/10/26 11:00:00,Monthly,"Index, 2025=100",Total,Netherlands,2023-10,95.36,,
ESTAT:PRC_HICP_MINR(1.0),02/10/26 11:00:00,Monthly,"Index, 2025=100",Total,Netherlands,2023-11,93.94,,
ESTAT:PRC_HICP_MINR(1.0),02/10/26 11:00:00,Monthly,"Index, 2025=100",Total,Netherlands,2023-12,94.13,,
ESTAT:PRC_HICP_MINR(1.0),02/10/26 11:00:00,Monthly,"Index, 2025=100",Total,Netherlands,2024-01,94.28,,
ESTAT:PRC_HICP_MINR(1.0),02/10/26 11:00:00,Monthly,"Index, 2025=100",Total,Netherlands,2024-02,95.17,,
ESTAT:PRC_HICP_MINR(1.0),02/10/26 11:00:00,Monthly,"Index, 2025=100",Total,Netherlands,2024-03,95.76,,
ESTAT:PRC_HICP_MINR(1.0),02/10/26 11:00:00,Monthly,"Index, 2025=100",Total,Netherlands,2024-04,96.77,,
ESTAT:PRC_HICP_MINR(1.0),02/10/26 11:00:00,Monthly,"Index, 2025=100",Total,Netherlands,2024-05,97.05,,
ESTAT:PRC_HICP_MINR(1.0),02/10/26 11:00:00,Monthly,"Index, 2025=100",Total,Netherlands,2024-06,97.21,,
ESTAT:PRC_HICP_MINR(1.0),02/10/26 11:00:00,Monthly,"Index, 2025=100",Total,Netherlands,2024-07,98.43,,
ESTAT:PRC_HICP_MINR(1.0),02/10/26 11:00:00,Monthly,"Index, 2025=100",Total,Netherlands,2024-08,98.79,,
ESTAT:PRC_HICP_MINR(1.0),02/10/26 11:00:00,Monthly,"Index, 2025=100",Total,Netherlands,2024-09,97.91,,
ESTAT:PRC_HICP_MINR(1.0),02/10/26 11:00:00,Monthly,"Index, 2025=100",Total,Netherlands,2024-10,98.52,,
ESTAT:PRC_HICP_MINR(1.0),02/10/26 11:00:00,Monthly,"Index, 2025=100",Total,Netherlands,2024-11,97.50,,
ESTAT:PRC_HICP_MINR(1.0),02/10/26 11:00:00,Monthly,"Index, 2025=100",Total,Netherlands,2024-12,97.84,,
ESTAT:PRC_HICP_MINR(1.0),02/10/26 11:00:00,Monthly,"Index, 2025=100",Total,Netherlands,2025-01,97.09,,
ESTAT:PRC_HICP_MINR(1.0),02/10/26 11:00:00,Monthly,"Index, 2025=100",Total,Netherlands,2025-02,98.47,,
ESTAT:PRC_HICP_MINR(1.0),02/10/26 11:00:00,Monthly,"Index, 2025=100",Total,Netherlands,2025-03,99.00,,
ESTAT:PRC_HICP_MINR(1.0),02/10/26 11:00:00,Monthly,"Index, 2025=100",Total,Netherlands,2025-04,100.76,,
ESTAT:PRC_HICP_MINR(1.0),02/10/26 11:00:00,Monthly,"Index, 2025=100",Total,Netherlands,2025-05,99.82,,
ESTAT:PRC_HICP_MINR(1.0),02/10/26 11:00:00,Monthly,"Index, 2025=100",Total,Netherlands,2025-06,99.81,,
ESTAT:PRC_HICP_MINR(1.0),02/10/26 11:00:00,Monthly,"Index, 2025=100",Total,Netherlands,2025-07,100.94,,
ESTAT:PRC_HICP_MINR(1.0),02/10/26 11:00:00,Monthly,"Index, 2025=100",Total,Netherlands,2025-08,101.18,,
ESTAT:PRC_HICP_MINR(1.0),02/10/26 11:00:00,Monthly,"Index, 2025=100",Total,Netherlands,2025-09,100.81,,
ESTAT:PRC_HICP_MINR(1.0),02/10/26 11:00:00,Monthly,"Index, 2025=100",Total,Netherlands,2025-10,101.52,,
ESTAT:PRC_HICP_MINR(1.0),02/10/26 11:00:00,Monthly,"Index, 2025=100",Total,Netherlands,2025-11,100.06,,
ESTAT:PRC_HICP_MINR(1.0),02/10/26 11:00:00,Monthly,"Index, 2025=100",Total,Netherlands,2025-12,100.53,,
ESTAT:PRC_HICP_MINR(1.0),02/10/26 11:00:00,Monthly,"Index, 2025=100",Total,Poland,2006-01,52.31,,
ESTAT:PRC_HICP_MINR(1.0),02/10/26 11:00:00,Monthly,"Index, 2025=100",Total,Poland,2006-02,52.33,,
ESTAT:PRC_HICP_MINR(1.0),02/10/26 11:00:00,Monthly,"Index, 2025=100",Total,Poland,2006-03,52.38,,
ESTAT:PRC_HICP_MINR(1.0),02/10/26 11:00:00,Monthly,"Index, 2025=100",Total,Poland,2006-04,52.75,,
ESTAT:PRC_HICP_MINR(1.0),02/10/26 11:00:00,Monthly,"Index, 2025=100",Total,Poland,2006-05,53.01,,
ESTAT:PRC_HICP_MINR(1.0),02/10/26 11:00:00,Monthly,"Index, 2025=100",Total,Poland,2006-06,52.92,,
ESTAT:PRC_HICP_MINR(1.0),02/10/26 11:00:00,Monthly,"Index, 2025=100",Total,Poland,2006-07,52.90,,
ESTAT:PRC_HICP_MINR(1.0),02/10/26 11:00:00,Monthly,"Index, 2025=100",Total,Poland,2006-08,53.07,,
ESTAT:PRC_HICP_MINR(1.0),02/10/26 11:00:00,Monthly,"Index, 2025=100",Total,Poland,2006-09,53.12,,
ESTAT:PRC_HICP_MINR(1.0),02/10/26 11:00:00,Monthly,"Index, 2025=100",Total,Poland,2006-10,53.08,,
ESTAT:PRC_HICP_MINR(1.0),02/10/26 11:00:00,Monthly,"Index, 2025=100",Total,Poland,2006-11,53.08,,
ESTAT:PRC_HICP_MINR(1.0),02/10/26 11:00:00,Monthly,"Index, 2025=100",Total,Poland,2006-12,52.99,,
ESTAT:PRC_HICP_MINR(1.0),02/10/26 11:00:00,Monthly,"Index, 2025=100",Total,Poland,2007-01,53.18,,
ESTAT:PRC_HICP_MINR(1.0),02/10/26 11:00:00,Monthly,"Index, 2025=100",Total,Poland,2007-02,53.33,,
ESTAT:PRC_HICP_MINR(1.0),02/10/26 11:00:00,Monthly,"Index, 2025=100",Total,Poland,2007-03,53.61,,
ESTAT:PRC_HICP_MINR(1.0),02/10/26 11:00:00,Monthly,"Index, 2025=100",Total,Poland,2007-04,53.90,,
ESTAT:PRC_HICP_MINR(1.0),02/10/26 11:00:00,Monthly,"Index, 2025=100",Total,Poland,2007-05,54.18,,
ESTAT:PRC_HICP_MINR(1.0),02/10/26 11:00:00,Monthly,"Index, 2025=100",Total,Poland,2007-06,54.28,,
ESTAT:PRC_HICP_MINR(1.0),02/10/26 11:00:00,Monthly,"Index, 2025=100",Total,Poland,2007-07,54.22,,
ESTAT:PRC_HICP_MINR(1.0),02/10/26 11:00:00,Monthly,"Index, 2025=100",Total,Poland,2007-08,54.13,,
ESTAT:PRC_HICP_MINR(1.0),02/10/26 11:00:00,Monthly,"Index, 2025=100",Total,Poland,2007-09,54.50,,
ESTAT:PRC_HICP_MINR(1.0),02/10/26 11:00:00,Monthly,"Index, 2025=100",Total,Poland,2007-10,54.78,,
ESTAT:PRC_HICP_MINR(1.0),02/10/26 11:00:00,Monthly,"Index, 2025=100",Total,Poland,2007-11,55.10,,
ESTAT:PRC_HICP_MINR(1.0),02/10/26 11:00:00,Monthly,"Index, 2025=100",Total,Poland,2007-12,55.23,,
ESTAT:PRC_HICP_MINR(1.0),02/10/26 11:00:00,Monthly,"Index, 2025=100",Total,Poland,2008-01,55.51,,
ESTAT:PRC_HICP_MINR(1.0),02/10/26 11:00:00,Monthly,"Index, 2025=100",Total,Poland,2008-02,55.77,,
ESTAT:PRC_HICP_MINR(1.0),02/10/26 11:00:00,Monthly,"Index, 2025=100",Total,Poland,2008-03,55.98,,
ESTAT:PRC_HICP_MINR(1.0),02/10/26 11:00:00,Monthly,"Index, 2025=100",Total,Poland,2008-04,56.16,,
ESTAT:PRC_HICP_MINR(1.0),02/10/26 11:00:00,Monthly,"Index, 2025=100",Total,Poland,2008-05,56.55,,
ESTAT:PRC_HICP_MINR(1.0),02/10/26 11:00:00,Monthly,"Index, 2025=100",Total,Poland,2008-06,56.65,,
ESTAT:PRC_HICP_MINR(1.0),02/10/26 11:00:00,Monthly,"Index, 2025=100",Total,Poland,2008-07,56.66,,
ESTAT:PRC_HICP_MINR(1.0),02/10/26 11:00:00,Monthly,"Index, 2025=100",Total,Poland,2008-08,56.53,,
ESTAT:PRC_HICP_MINR(1.0),02/10/26 11:00:00,Monthly,"Index, 2025=100",Total,Poland,2008-09,56.73,,
ESTAT:PRC_HICP_MINR(1.0),02/10/26 11:00:00,Monthly,"Index, 2025=100",Total,Poland,2008-10,56.96,,
ESTAT:PRC_HICP_MINR(1.0),02/10/26 11:00:00,Monthly,"Index, 2025=100",Total,Poland,2008-11,57.08,,
ESTAT:PRC_HICP_MINR(1.0),02/10/26 11:00:00,Monthly,"Index, 2025=100",Total,Poland,2008-12,57.05,,
ESTAT:PRC_HICP_MINR(1.0),02/10/26 11:00:00,Monthly,"Index, 2025=100",Total,Poland,2009-01,57.26,,
ESTAT:PRC_HICP_MINR(1.0),02/10/26 11:00:00,Monthly,"Index, 2025=100",Total,Poland,2009-02,57.75,,
ESTAT:PRC_HICP_MINR(1.0),02/10/26 11:00:00,Monthly,"Index, 2025=100",Total,Poland,2009-03,58.22,,
ESTAT:PRC_HICP_MINR(1.0),02/10/26 11:00:00,Monthly,"Index, 2025=100",Total,Poland,2009-04,58.60,,
ESTAT:PRC_HICP_MINR(1.0),02/10/26 11:00:00,Monthly,"Index, 2025=100",Total,Poland,2009-05,58.95,,
ESTAT:PRC_HICP_MINR(1.0),02/10/26 11:00:00,Monthly,"Index, 2025=100",Total,Poland,2009-06,59.06,,
ESTAT:PRC_HICP_MINR(1.0),02/10/26 11:00:00,Monthly,"Index, 2025=100",Total,Poland,2009-07,59.22,,
ESTAT:PRC_HICP_MINR(1.0),02/10/26 11:00:00,Monthly,"Index, 2025=100",Total,Poland,2009-08,59.02,,
ESTAT:PRC_HICP_MINR(1.0),02/10/26 11:00:00,Monthly,"Index, 2025=100",Total,Poland,2009-09,59.01,,
ESTAT:PRC_HICP_MINR(1.0),02/10/26 11:00:00,Monthly,"Index, 2025=100",Total,Poland,2009-10,59.08,,
ESTAT:PRC_HICP_MINR(1.0),02/10/26 11:00:00,Monthly,"Index, 2025=100",Total,Poland,2009-11,59.26,,
ESTAT:PRC_HICP_MINR(1.0),02/10/26 11:00:00,Monthly,"Index, 2025=100",Total,Poland,2009-12,59.27,,
ESTAT:PRC_HICP_MINR(1.0),02/10/26 11:00:00,Monthly,"Index, 2025=100",Total,Poland,2010-01,59.54,,
ESTAT:PRC_HICP_MINR(1.0),02/10/26 11:00:00,Monthly,"Index, 2025=100",Total,Poland,2010-02,59.71,,
ESTAT:PRC_HICP_MINR(1.0),02/10/26 11:00:00,Monthly,"Index, 2025=100",Total,Poland,2010-03,59.89,,
ESTAT:PRC_HICP_MINR(1.0),02/10/26 11:00:00,Monthly,"Index, 2025=100",Total,Poland,2010-04,60.12,,
ESTAT:PRC_HICP_MINR(1.0),02/10/26 11:00:00,Monthly,"Index, 2025=100",Total,Poland,2010-05,60.30,,
ESTAT:PRC_HICP_MINR(1.0),02/10/26 11:00:00,Monthly,"Index, 2025=100",Total,Poland,2010-06,60.47,,
ESTAT:PRC_HICP_MINR(1.0),02/10/26 11:00:00,Monthly,"Index, 2025=100",Total,Poland,2010-07,60.37,,
ESTAT:PRC_HICP_MINR(1.0),02/10/26 11:00:00,Monthly,"Index, 2025=100",Total,Poland,2010-08,60.15,,
ESTAT:PRC_HICP_MINR(1.0),02/10/26 11:00:00,Monthly,"Index, 2025=100",Total,Poland,2010-09,60.44,,
ESTAT:PRC_HICP_MINR(1.0),02/10/26 11:00:00,Monthly,"Index, 2025=100",Total,Poland,2010-10,60.68,,
ESTAT:PRC_HICP_MINR(1.0),02/10/26 11:00:00,Monthly,"Index, 2025=100",Total,Poland,2010-11,60.75,,
ESTAT:PRC_HICP_MINR(1.0),02/10/26 11:00:00,Monthly,"Index, 2025=100",Total,Poland,2010-12,60.96,,
ESTAT:PRC_HICP_MINR(1.0),02/10/26 11:00:00,Monthly,"Index, 2025=100",Total,Poland,2011-01,61.60,,
ESTAT:PRC_HICP_MINR(1.0),02/10/26 11:00:00,Monthly,"Index, 2025=100",Total,Poland,2011-02,61.73,,
ESTAT:PRC_HICP_MINR(1.0),02/10/26 11:00:00,Monthly,"Index, 2025=100",Total,Poland,2011-03,62.26,,
ESTAT:PRC_HICP_MINR(1.0),02/10/26 11:00:00,Monthly,"Index, 2025=100",Total,Poland,2011-04,62.57,,
ESTAT:PRC_HICP_MINR(1.0),02/10/26 11:00:00,Monthly,"Index, 2025=100",Total,Poland,2011-05,62.91,,
ESTAT:PRC_HICP_MINR(1.0),02/10/26 11:00:00,Monthly,"Index, 2025=100",Total,Poland,2011-06,62.69,,
ESTAT:PRC_HICP_MINR(1.0),02/10/26 11:00:00,Monthly,"Index, 2025=100",Total,Poland,2011-07,62.56,,
ESTAT:PRC_HICP_MINR(1.0),02/10/26 11:00:00,Monthly,"Index, 2025=100",Total,Poland,2011-08,62.55,,
ESTAT:PRC_HICP_MINR(1.0),02/10/26 11:00:00,Monthly,"Index, 2025=100",Total,Poland,2011-09,62.56,,
ESTAT:PRC_HICP_MINR(1.0),02/10/26 11:00:00,Monthly,"Index, 2025=100",Total,Poland,2011-10,62.96,,
ESTAT:PRC_HICP_MINR(1.0),02/10/26 11:00:00,Monthly,"Index, 2025=100",Total,Poland,2011-11,63.44,,
ESTAT:PRC_HICP_MINR(1.0),02/10/26 11:00:00,Monthly,"Index, 2025=100",Total,Poland,2011-12,63.75,,
ESTAT:PRC_HICP_MINR(1.0),02/10/26 11:00:00,Monthly,"Index, 2025=100",Total,Poland,2012-01,64.14,,
ESTAT:PRC_HICP_MINR(1.0),02/10/26 11:00:00,Monthly,"Index, 2025=100",Total,Poland,2012-02,64.41,,
ESTAT:PRC_HICP_MINR(1.0),02/10/26 11:00:00,Monthly,"Index, 2025=100",Total,Poland,2012-03,64.73,,
ESTAT:PRC_HICP_MINR(1.0),02/10/26 11:00:00,Monthly,"Index, 2025=100",Total,Poland,2012-04,65.08,,
ESTAT:PRC_HICP_MINR(1.0),02/10/26 11:00:00,Monthly,"Index, 2025=100",Total,Poland,2012-05,65.19,,
ESTAT:PRC_HICP_MINR(1.0),02/10/26 11:00:00,Monthly,"Index, 2025=100",Total,Poland,2012-06,65.34,,
ESTAT:PRC_HICP_MINR(1.0),02/10/26 11:00:00,Monthly,"Index, 2025=100",Total,Poland,2012-07,65.06,,
ESTAT:PRC_HICP_MINR(1.0),02/10/26 11:00:00,Monthly,"Index, 2025=100",Total,Poland,2012-08,64.91,,
ESTAT:PRC_HICP_MINR(1.0),02/10/26 11:00:00,Monthly,"Index, 2025=100",Total,Poland,2012-09,64.94,,
ESTAT:PRC_HICP_MINR(1.0),02/10/26 11:00:00,Monthly,"Index, 2025=100",Total,Poland,2012-10,65.12,,
ESTAT:PRC_HICP_MINR(1.0),02/10/26 11:00:00,Monthly,"Index, 2025=100",Total,Poland,2012-11,65.14,,
ESTAT:PRC_HICP_MINR(1.0),02/10/26 11:00:00,Monthly,"Index, 2025=100",Total,Poland,2012-12,65.15,,
ESTAT:PRC_HICP_MINR(1.0),02/10/26 11:00:00,Monthly,"Index, 2025=100",Total,Poland,2013-01,65.18,,
ESTAT:PRC_HICP_MINR(1.0),02/10/26 11:00:00,Monthly,"Index, 2025=100",Total,Poland,2013-02,65.22,,
ESTAT:PRC_HICP_MINR(1.0),02/10/26 11:00:00,Monthly,"Index, 2025=100",Total,Poland,2013-03,65.39,,
ESTAT:PRC_HICP_MINR(1.0),02/10/26 11:00:00,Monthly,"Index, 2025=100",Total,Poland,2013-04,65.61,,
ESTAT:PRC_HICP_MINR(1.0),02/10/26 11:00:00,Monthly,"Index, 2025=100",Total,Poland,2013-05,65.50,,
ESTAT:PRC_HICP_MINR(1.0),02/10/26 11:00:00,Monthly,"Index, 2025=100",Total,Poland,2013-06,65.49,,
ESTAT:PRC_HICP_MINR(1.0),02/10/26 11:00:00,Monthly,"Index, 2025=100",Total,Poland,2013-07,65.62,,
ESTAT:PRC_HICP_MINR(1.0),02/10/26 11:00:00,Monthly,"Index, 2025=100",Total,Poland,2013-08,65.47,,
ESTAT:PRC_HICP_MINR(1.0),02/10/26 11:00:00,Monthly,"Index, 2025=100",Total,Poland,2013-09,65.50,,
ESTAT:PRC_HICP_MINR(1.0),02/10/26 11:00:00,Monthly,"Index, 2025=100",Total,Poland,2013-10,65.58,,
ESTAT:PRC_HICP_MINR(1.0),02/10/26 11:00:00,Monthly,"Index, 2025=100",Total,Poland,2013-11,65.48,,
ESTAT:PRC_HICP_MINR(1.0),02/10/26 11:00:00,Monthly,"Index, 2025=100",Total,Poland,2013-12,65.54,,
ESTAT:PRC_HICP_MINR(1.0),02/10/26 11:00:00,Monthly,"Index, 2025=100",Total,Poland,2014-01,65.58,,
ESTAT:PRC_HICP_MINR(1.0),02/10/26 11:00:00,Monthly,"Index, 2025=100",Total,Poland,2014-02,65.66,,
ESTAT:PRC_HICP_MINR(1.0),02/10/26 11:00:00,Monthly,"Index, 2025=100",Total,Poland,2014-03,65.77,,
ESTAT:PRC_HICP_MINR(1.0),02/10/26 11:00:00,Monthly,"Index, 2025=100",Total,Poland,2014-04,65.80,,
ESTAT:PRC_HICP_MINR(1.0),02/10/26 11:00:00,Monthly,"Index, 2025=100",Total,Poland,2014-05,65.74,,
ESTAT:PRC_HICP_MINR(1.0),02/10/26 11:00:00,Monthly,"Index, 2025=100",Total,Poland,2014-06,65.71,,
ESTAT:PRC_HICP_MINR(1.0),02/10/26 11:00:00,Monthly,"Index, 2025=100",Total,Poland,2014-07,65.62,,
ESTAT:PRC_HICP_MINR(1.0),02/10/26 11:00:00,Monthly,"Index, 2025=100",Total,Poland,2014-08,65.39,,
ESTAT:PRC_HICP_MINR(1.0),02/10/26 11:00:00,Monthly,"Index, 2025=100",Total,Poland,2014-09,65.36,,
ESTAT:PRC_HICP_MINR(1.0),02/10/26 11:00:00,Monthly,"Index, 2025=100",Total,Poland,2014-10,65.38,,
ESTAT:PRC_HICP_MINR(1.0),02/10/26 11:00:00,Monthly,"Index, 2025=100",Total,Poland,2014-11,65.25,,
ESTAT:PRC_HICP_MINR(1.0),02/10/26 11:00:00,Monthly,"Index, 2025=100",Total,Poland,2014-12,65.08,,
ESTAT:PRC_HICP_MINR(1.0),02/10/26 11:00:00,Monthly,"Index, 2025=100",Total,Poland,2015-01,64.90,,
ESTAT:PRC_HICP_MINR(1.0),02/10/26 11:00:00,Monthly,"Index, 2025=100",Total,Poland,2015-02,64.83,,
ESTAT:PRC_HICP_MINR(1.0),02/10/26 11:00:00,Monthly,"Index, 2025=100",Total,Poland,2015-03,64.99,,
ESTAT:PRC_HICP_MINR(1.0),02/10/26 11:00:00,Monthly,"Index, 2025=100",Total,Poland,2015-04,65.25,,
ESTAT:PRC_HICP_MINR(1.0),02/10/26 11:00:00,Monthly,"Index, 2025=100",Total,Poland,2015-05,65.30,,
ESTAT:PRC_HICP_MINR(1.0),02/10/26 11:00:00,Monthly,"Index, 2025=100",Total,Poland,2015-06,65.37,,
ESTAT:PRC_HICP_MINR(1.0),02/10/26 11:00:00,Monthly,"Index, 2025=100",Total,Poland,2015-07,65.34,,
ESTAT:PRC_HICP_MINR(1.0),02/10/26 11:00:00,Monthly,"Index, 2025=100",Total,Poland,2015-08,65.13,,
ESTAT:PRC_HICP_MINR(1.0),02/10/26 11:00:00,Monthly,"Index, 2025=100",Total,Poland,2015-09,64.97,,
ESTAT:PRC_HICP_MINR(1.0),02/10/26 11:00:00,Monthly,"Index, 2025=100",Total,Poland,2015-10,65.01,,
ESTAT:PRC_HICP_MINR(1.0),02/10/26 11:00:00,Monthly,"Index, 2025=100",Total,Poland,2015-11,64.93,,
ESTAT:PRC_HICP_MINR(1.0),02/10/26 11:00:00,Monthly,"Index, 2025=100",Total,Poland,2015-12,64.80,,
ESTAT:PRC_HICP_MINR(1.0),02/10/26 11:00:00,Monthly,"Index, 2025=100",Total,Poland,2016-01,64.70,,
ESTAT:PRC_HICP_MINR(1.0),02/10/26 11:00:00,Monthly,"Index, 2025=100",Total,Poland,2016-02,64.67,,
ESTAT:PRC_HICP_MINR(1.0),02/10/26 11:00:00,Monthly,"Index, 2025=100",Total,Poland,2016-03,64.76,,
ESTAT:PRC_HICP_MINR(1.0),02/10/26 11:00:00,Monthly,"Index, 2025=100",Total,Poland,2016-04,64.95,,
ESTAT:PRC_HICP_MINR(1.0),02/10/26 11:00:00,Monthly,"Index, 2025=100",Total,Poland,2016-05,65.05,,
ESTAT:PRC_HICP_MINR(1.0),02/10/26 11:00:00,Monthly,"Index, 2025=100",Total,Poland,2016-06,65.16,,
ESTAT:PRC_HICP_MINR(1.0),02/10/26 11:00:00,Monthly,"Index, 2025=100",Total,Poland,2016-07,64.95,,
ESTAT:PRC_HICP_MINR(1.0),02/10/26 11:00:00,Monthly,"Index, 2025=100",Total,Poland,2016-08,64.80,,
ESTAT:PRC_HICP_MINR(1.0),02/10/26 11:00:00,Monthly,"Index, 2025=100",Total,Poland,2016-09,64.78,,
ESTAT:PRC_HICP_MINR(1.0),02/10/26 11:00:00,Monthly,"Index, 2025=100",Total,Poland,2016-10,65.05,,
ESTAT:PRC_HICP_MINR(1.0),02/10/26 11:00:00,Monthly,"Index, 2025=100",Total,Poland,2016-11,65.09,,
ESTAT:PRC_HICP_MINR(1.0),02/10/26 11:00:00,Monthly,"Index, 2025=100",Total,Poland,2016-12,65.41,,
ESTAT:PRC_HICP_MINR(1.0),02/10/26 11:00:00,Monthly,"Index, 2025=100",Total,Poland,2017-01,65.59,,
ESTAT:PRC_HICP_MINR(1.0),02/10/26 11:00:00,Monthly,"Index, 2025=100",Total,Poland,2017-02,65.91,,
ESTAT:PRC_HICP_MINR(1.0),02/10/26 11:00:00,Monthly,"Index, 2025=100",Total,Poland,2017-03,65.91,,
ESTAT:PRC_HICP_MINR(1.0),02/10/26 11:00:00,Monthly,"Index, 2025=100",Total,Poland,2017-04,66.12,,
ESTAT:PRC_HICP_MINR(1.0),02/10/26 11:00:00,Monthly,"Index, 2025=100",Total,Poland,2017-05,66.05,,
ESTAT:PRC_HICP_MINR(1.0),02/10/26 11:00:00,Monthly,"Index, 2025=100",Total,Poland,2017-06,65.98,,
ESTAT:PRC_HICP_MINR(1.0),02/10/26 11:00:00,Monthly,"Index, 2025=100",Total,Poland,2017-07,65.83,,
ESTAT:PRC_HICP_MINR(1.0),02/10/26 11:00:00,Monthly,"Index, 2025=100",Total,Poland,2017-08,65.73,,
ESTAT:PRC_HICP_MINR(1.0),02/10/26 11:00:00,Monthly,"Index, 2025=100",Total,Poland,2017-09,65.87,,
ESTAT:PRC_HICP_MINR(1.0),02/10/26 11:00:00,Monthly,"Index, 2025=100",Total,Poland,2017-10,66.14,,
ESTAT:PRC_HICP_MINR(1.0),02/10/26 11:00:00,Monthly,"Index, 2025=100",Total,Poland,2017-11,66.39,,
ESTAT:PRC_HICP_MINR(1.0),02/10/26 11:00:00,Monthly,"Index, 2025=100",Total,Poland,2017-12,66.50,,
ESTAT:PRC_HICP_MINR(1.0),02/10/26 11:00:00,Monthly,"Index, 2025=100",Total,Poland,2018-01,66.63,,
ESTAT:PRC_HICP_MINR(1.0),02/10/26 11:00:00,Monthly,"Index, 2025=100",Total,Poland,2018-02,66.38,,
ESTAT:PRC_HICP_MINR(1.0),02/10/26 11:00:00,Monthly,"Index, 2025=100",Total,Poland,2018-03,66.36,,
ESTAT:PRC_HICP_MINR(1.0),02/10/26 11:00:00,Monthly,"Index, 2025=100",Total,Poland,2018-04,66.71,,
ESTAT:PRC_HICP_MINR(1.0),02/10/26 11:00:00,Monthly,"Index, 2025=100",Total,Poland,2018-05,66.81,,
ESTAT:PRC_HICP_MINR(1.0),02/10/26 11:00:00,Monthly,"Index, 2025=100",Total,Poland,2018-06,66.86,,
ESTAT:PRC_HICP_MINR(1.0),02/10/26 11:00:00,Monthly,"Index, 2025=100",Total,Poland,2018-07,66.74,,
ESTAT:PRC_HICP_MINR(1.0),02/10/26 11:00:00,Monthly,"Index, 2025=100",Total,Poland,2018-08,66.66,,
ESTAT:PRC_HICP_MINR(1.0),02/10/26 11:00:00,Monthly,"Index, 2025=100",Total,Poland,2018-09,66.82,,
ESTAT:PRC_HICP_MINR(1.0),02/10/26 11:00:00,Monthly,"Index, 2025=100",Total,Poland,2018-10,67.06,,
ESTAT:PRC_HICP_MINR(1.0),02/10/26 11:00:00,Monthly,"Index, 2025=100",Total,Poland,2018-11,67.08,,
ESTAT:PRC_HICP_MINR(1.0),02/10/26 11:00:00,Monthly,"Index, 2025=100",Total,Poland,2018-12,67.11,,
ESTAT:PRC_HICP_MINR(1.0),02/10/26 11:00:00,Monthly,"Index, 2025=100",Total,Poland,2019-01,67.05,,
ESTAT:PRC_HICP_MINR(1.0),02/10/26 11:00:00,Monthly,"Index, 2025=100",Total,Poland,2019-02,67.24,,
ESTAT:PRC_HICP_MINR(1.0),02/10/26 11:00:00,Monthly,"Index, 2025=100",Total,Poland,2019-03,67.49,,
ESTAT:PRC_HICP_MINR(1.0),02/10/26 11:00:00,Monthly,"Index, 2025=100",Total,Poland,2019-04,68.14,,
ESTAT:PRC_HICP_MINR(1.0),02/10/26 11:00:00,Monthly,"Index, 2025=100",Total,Poland,2019-05,68.30,,
ESTAT:PRC_HICP_MINR(1.0),02/10/26 11:00:00,Monthly,"Index, 2025=100",Total,Poland,2019-06,68.46,,
ESTAT:PRC_HICP_MINR(1.0),02/10/26 11:00:00,Monthly,"Index, 2025=100",Total,Poland,2019-07,68.47,,
ESTAT:PRC_HICP_MINR(1.0),02/10/26 11:00:00,Monthly,"Index, 2025=100",Total,Poland,2019-08,68.40,,
ESTAT:PRC_HICP_MINR(1.0),02/10/26 11:00:00,Monthly,"Index, 2025=100",Total,Poland,2019-09,68.45,,
ESTAT:PRC_HICP_MINR(1.0),02/10/26 11:00:00,Monthly,"Index, 2025=100",Total,Poland,2019-10,68.64,,
ESTAT:PRC_HICP_MINR(1.0),02/10/26 11:00:00,Monthly,"Index, 2025=100",Total,Poland,2019-11,68.74,,
ESTAT:PRC_HICP_MINR(1.0),02/10/26 11:00:00,Monthly,"Index, 2025=100",Total,Poland,2019-12,69.11,,
ESTAT:PRC_HICP_MINR(1.0),02/10/26 11:00:00,Monthly,"Index, 2025=100",Total,Poland,2020-01,69.56,,
ESTAT:PRC_HICP_MINR(1.0),02/10/26 11:00:00,Monthly,"Index, 2025=100",Total,Poland,2020-02,69.95,,
ESTAT:PRC_HICP_MINR(1.0),02/10/26 11:00:00,Monthly,"Index, 2025=100",Total,Poland,2020-03,70.08,,
ESTAT:PRC_HICP_MINR(1.0),02/10/26 11:00:00,Monthly,"Index, 2025=100",Total,Poland,2020-04,70.10,,
ESTAT:PRC_HICP_MINR(1.0),02/10/26 11:00:00,Monthly,"Index, 2025=100",Total,Poland,2020-05,70.67,,
ESTAT:PRC_HICP_MINR(1.0),02/10/26 11:00:00,Monthly,"Index, 2025=100",Total,Poland,2020-06,71.06,,
ESTAT:PRC_HICP_MINR(1.0),02/10/26 11:00:00,Monthly,"Index, 2025=100",Total,Poland,2020-07,70.96,,
ESTAT:PRC_HICP_MINR(1.0),02/10/26 11:00:00,Monthly,"Index, 2025=100",Total,Poland,2020-08,70.90,,
ESTAT:PRC_HICP_MINR(1.0),02/10/26 11:00:00,Monthly,"Index, 2025=100",Total,Poland,2020-09,71.06,,
ESTAT:PRC_HICP_MINR(1.0),02/10/26 11:00:00,Monthly,"Index, 2025=100",Total,Poland,2020-10,71.25,,
ESTAT:PRC_HICP_MINR(1.0),02/10/26 11:00:00,Monthly,"Index, 2025=100",Total,Poland,2020-11,71.26,,
ESTAT:PRC_HICP_MINR(1.0),02/10/26 11:00:00,Monthly,"Index, 2025=100",Total,Poland,2020-12,71.43,,
ESTAT:PRC_HICP_MINR(1.0),02/10/26 11:00:00,Monthly,"Index, 2025=100",Total,Poland,2021-01,72.11,,
ESTAT:PRC_HICP_MINR(1.0),02/10/26 11:00:00,Monthly,"Index, 2025=100",Total,Poland,2021-02,72.51,,
ESTAT:PRC_HICP_MINR(1.0),02/10/26 11:00:00,Monthly,"Index, 2025=100",Total,Poland,2021-03,73.11,,
ESTAT:PRC_HICP_MINR(1.0),02/10/26 11:00:00,Monthly,"Index, 2025=100",Total,Poland,2021-04,73.67,,
ESTAT:PRC_HICP_MINR(1.0),02/10/26 11:00:00,Monthly,"Index, 2025=100",Total,Poland,2021-05,73.91,,
ESTAT:PRC_HICP_MINR(1.0),02/10/26 11:00:00,Monthly,"Index, 2025=100",Total,Poland,2021-06,74.01,,
ESTAT:PRC_HICP_MINR(1.0),02/10/26 11:00:00,Monthly,"Index, 2025=100",Total,Poland,2021-07,74.33,,
ESTAT:PRC_HICP_MINR(1.0),02/10/26 11:00:00,Monthly,"Index, 2025=100",Total,Poland,2021-08,74.52,,
ESTAT:PRC_HICP_MINR(1.0),02/10/26 11:00:00,Monthly,"Index, 2025=100",Total,Poland,2021-09,75.01,,
ESTAT:PRC_HICP_MINR(1.0),02/10/26 11:00:00,Monthly,"Index, 2025=100",Total,Poland,2021-10,75.83,,
ESTAT:PRC_HICP_MINR(1.0),02/10/26 11:00:00,Monthly,"Index, 2025=100",Total,Poland,2021-11,76.54,,
ESTAT:PRC_HICP_MINR(1.0),02/10/26 11:00:00,Monthly,"Index, 2025=100",Total,Poland,2021-12,77.17,,
ESTAT:PRC_HICP_MINR(1.0),02/10/26 11:00:00,Monthly,"Index, 2025=100",Total,Poland,2022-01,78.36,,
ESTAT:PRC_HICP_MINR(1.0),02/10/26 11:00:00,Monthly,"Index, 2025=100",Total,Poland,2022-02,78.34,,
ESTAT:PRC_HICP_MINR(1.0),02/10/26 11:00:00,Monthly,"Index, 2025=100",Total,Poland,2022-03,80.62,,
ESTAT:PRC_HICP_MINR(1.0),02/10/26 11:00:00,Monthly,"Index, 2025=100",Total,Poland,2022-04,82.07,,
ESTAT:PRC_HICP_MINR(1.0),02/10/26 11:00:00,Monthly,"Index, 2025=100",Total,Poland,2022-05,83.38,,
ESTAT:PRC_HICP_MINR(1.0),02/10/26 11:00:00,Monthly,"Index, 2025=100",Total,Poland,2022-06,84.51,,
ESTAT:PRC_HICP_MINR(1.0),02/10/26 11:00:00,Monthly,"Index, 2025=100",Total,Poland,2022-07,84.87,,
ESTAT:PRC_HICP_MINR(1.0),02/10/26 11:00:00,Monthly,"Index, 2025=100",Total,Poland,2022-08,85.50,,
ESTAT:PRC_HICP_MINR(1.0),02/10/26 11:00:00,Monthly,"Index, 2025=100",Total,Poland,2022-09,86.78,,
ESTAT:PRC_HICP_MINR(1.0),02/10/26 11:00:00,Monthly,"Index, 2025=100",Total,Poland,2022-10,88.24,,
ESTAT:PRC_HICP_MINR(1.0),02/10/26 11:00:00,Monthly,"Index, 2025=100",Total,Poland,2022-11,88.83,,
ESTAT:PRC_HICP_MINR(1.0),02/10/26 11:00:00,Monthly,"Index, 2025=100",Total,Poland,2022-12,89.02,,
ESTAT:PRC_HICP_MINR(1.0),02/10/26 11:00:00,Monthly,"Index, 2025=100",Total,Poland,2023-01,90.76,,
ESTAT:PRC_HICP_MINR(1.0),02/10/26 11:00:00,Monthly,"Index, 2025=100",Total,Poland,2023-02,91.82,,
ESTAT:PRC_HICP_MINR(1.0),02/10/26 11:00:00,Monthly,"Index, 2025=100",Total,Poland,2023-03,92.88,,
ESTAT:PRC_HICP_MINR(1.0),02/10/26 11:00:00,Monthly,"Index, 2025=100",Total,Poland,2023-04,93.58,,
ESTAT:PRC_HICP_MINR(1.0),02/10/26 11:00:00,Monthly,"Index, 2025=100",Total,Poland,2023-05,93.76,,
ESTAT:PRC_HICP_MINR(1.0),02/10/26 11:00:00,Monthly,"Index, 2025=100",Total,Poland,2023-06,93.81,,
ESTAT:PRC_HICP_MINR(1.0),02/10/26 11:00:00,Monthly,"Index, 2025=100",Total,Poland,2023-07,93.60,,
ESTAT:PRC_HICP_MINR(1.0),02/10/26 11:00:00,Monthly,"Index, 2025=100",Total,Poland,2023-08,93.64,,
ESTAT:PRC_HICP_MINR(1.0),02/10/26 11:00:00,Monthly,"Index, 2025=100",Total,Poland,2023-09,93.48,,
ESTAT:PRC_HICP_MINR(1.0),02/10/26 11:00:00,Monthly,"Index, 2025=100",Total,Poland,2023-10,93.81,,
ESTAT:PRC_HICP_MINR(1.0),02/10/26 11:00:00,Monthly,"Index, 2025=100",Total,Poland,2023-11,94.40,,
ESTAT:PRC_HICP_MINR(1.0),02/10/26 11:00:00,Monthly,"Index, 2025=100",Total,Poland,2023-12,94.53,,
ESTAT:PRC_HICP_MINR(1.0),02/10/26 11:00:00,Monthly,"Index, 2025=100",Total,Poland,2024-01,94.89,,
ESTAT:PRC_HICP_MINR(1.0),02/10/26 11:00:00,Monthly,"Index, 2025=100",Total,Poland,2024-02,95.17,,
ESTAT:PRC_HICP_MINR(1.0),02/10/26 11:00:00,Monthly,"Index, 2025=100",Total,Poland,2024-03,95.40,,
ESTAT:PRC_HICP_MINR(1.0),02/10/26 11:00:00,Monthly,"Index, 2025=100",Total,Poland,2024-04,96.35,,
ESTAT:PRC_HICP_MINR(1.0),02/10/26 11:00:00,Monthly,"Index, 2025=100",Total,Poland,2024-05,96.40,,
ESTAT:PRC_HICP_MINR(1.0),02/10/26 11:00:00,Monthly,"Index, 2025=100",Total,Poland,2024-06,96.56,,
ESTAT:PRC_HICP_MINR(1.0),02/10/26 11:00:00,Monthly,"Index, 2025=100",Total,Poland,2024-07,97.35,,
ESTAT:PRC_HICP_MINR(1.0),02/10/26 11:00:00,Monthly,"Index, 2025=100",Total,Poland,2024-08,97.42,,
ESTAT:PRC_HICP_MINR(1.0),02/10/26 11:00:00,Monthly,"Index, 2025=100",Total,Poland,2024-09,97.46,,
ESTAT:PRC_HICP_MINR(1.0),02/10/26 11:00:00,Monthly,"Index, 2025=100",Total,Poland,2024-10,97.81,,
ESTAT:PRC_HICP_MINR(1.0),02/10/26 11:00:00,Monthly,"Index, 2025=100",Total,Poland,2024-11,98.13,,
ESTAT:PRC_HICP_MINR(1.0),02/10/26 11:00:00,Monthly,"Index, 2025=100",Total,Poland,2024-12,98.16,,
ESTAT:PRC_HICP_MINR(1.0),02/10/26 11:00:00,Monthly,"Index, 2025=100",Total,Poland,2025-01,98.98,,
ESTAT:PRC_HICP_MINR(1.0),02/10/26 11:00:00,Monthly,"Index, 2025=100",Total,Poland,2025-02,99.31,,
ESTAT:PRC_HICP_MINR(1.0),02/10/26 11:00:00,Monthly,"Index, 2025=100",Total,Poland,2025-03,99.59,,
ESTAT:PRC_HICP_MINR(1.0),02/10/26 11:00:00,Monthly,"Index, 2025=100",Total,Poland,2025-04,99.94,,
ESTAT:PRC_HICP_MINR(1.0),02/10/26 11:00:00,Monthly,"Index, 2025=100",Total,Poland,2025-05,99.84,,
ESTAT:PRC_HICP_MINR(1.0),02/10/26 11:00:00,Monthly,"Index, 2025=100",Total,Poland,2025-06,99.89,,
ESTAT:PRC_HICP_MINR(1.0),02/10/26 11:00:00,Monthly,"Index, 2025=100",Total,Poland,2025-07,100.17,,
ESTAT:PRC_HICP_MINR(1.0),02/10/26 11:00:00,Monthly,"Index, 2025=100",Total,Poland,2025-08,100.10,,
ESTAT:PRC_HICP_MINR(1.0),02/10/26 11:00:00,Monthly,"Index, 2025=100",Total,Poland,2025-09,100.27,,
ESTAT:PRC_HICP_MINR(1.0),02/10/26 11:00:00,Monthly,"Index, 2025=100",Total,Poland,2025-10,100.58,,
ESTAT:PRC_HICP_MINR(1.0),02/10/26 11:00:00,Monthly,"Index, 2025=100",Total,Poland,2025-11,100.65,,
ESTAT:PRC_HICP_MINR(1.0),02/10/26 11:00:00,Monthly,"Index, 2025=100",Total,Poland,2025-12,100.67,,
ESTAT:PRC_HICP_MINR(1.0),02/10/26 11:00:00,Monthly,"Index, 2025=100",Total,Portugal,2006-01,69.30,,
ESTAT:PRC_HICP_MINR(1.0),02/10/26 11:00:00,Monthly,"Index, 2025=100",Total,Portugal,2006-02,69.44,,
ESTAT:PRC_HICP_MINR(1.0),02/10/26 11:00:00,Monthly,"Index, 2025=100",Total,Portugal,2006-03,70.27,,
ESTAT:PRC_HICP_MINR(1.0),02/10/26 11:00:00,Monthly,"Index, 2025=100",Total,Portugal,2006-04,70.67,,
ESTAT:PRC_HICP_MINR(1.0),02/10/26 11:00:00,Monthly,"Index, 2025=100",Total,Portugal,2006-05,71.05,,
ESTAT:PRC_HICP_MINR(1.0),02/10/26 11:00:00,Monthly,"Index, 2025=100",Total,Portugal,2006-06,71.02,,
ESTAT:PRC_HICP_MINR(1.0),02/10/26 11:00:00,Monthly,"Index, 2025=100",Total,Portugal,2006-07,70.92,,
ESTAT:PRC_HICP_MINR(1.0),02/10/26 11:00:00,Monthly,"Index, 2025=100",Total,Portugal,2006-08,70.86,,
ESTAT:PRC_HICP_MINR(1.0),02/10/26 11:00:00,Monthly,"Index, 2025=100",Total,Portugal,2006-09,71.15,,
ESTAT:PRC_HICP_MINR(1.0),02/10/26 11:00:00,Monthly,"Index, 2025=100",Total,Portugal,2006-10,71.16,,
ESTAT:PRC_HICP_MINR(1.0),02/10/26 11:00:00,Monthly,"Index, 2025=100",Total,Portugal,2006-11,71.17,,
ESTAT:PRC_HICP_MINR(1.0),02/10/26 11:00:00,Monthly,"Index, 2025=100",Total,Portugal,2006-12,71.30,,
ESTAT:PRC_HICP_MINR(1.0),02/10/26 11:00:00,Monthly,"Index, 2025=100",Total,Portugal,2007-01,71.09,,
ESTAT:PRC_HICP_MINR(1.0),02/10/26 11:00:00,Monthly,"Index, 2025=100",Total,Portugal,2007-02,71.06,,
ESTAT:PRC_HICP_MINR(1.0),02/10/26 11:00:00,Monthly,"Index, 2025=100",Total,Portugal,2007-03,71.95,,
ESTAT:PRC_HICP_MINR(1.0),02/10/26 11:00:00,Monthly,"Index, 2025=100",Total,Portugal,2007-04,72.62,,
ESTAT:PRC_HICP_MINR(1.0),02/10/26 11:00:00,Monthly,"Index, 2025=100",Total,Portugal,2007-05,72.75,,
ESTAT:PRC_HICP_MINR(1.0),02/10/26 11:00:00,Monthly,"Index, 2025=100",Total,Portugal,2007-06,72.72,,
ESTAT:PRC_HICP_MINR(1.0),02/10/26 11:00:00,Monthly,"Index, 2025=100",Total,Portugal,2007-07,72.54,,
ESTAT:PRC_HICP_MINR(1.0),02/10/26 11:00:00,Monthly,"Index, 2025=100",Total,Portugal,2007-08,72.24,,
ESTAT:PRC_HICP_MINR(1.0),02/10/26 11:00:00,Monthly,"Index, 2025=100",Total,Portugal,2007-09,72.55,,
ESTAT:PRC_HICP_MINR(1.0),02/10/26 11:00:00,Monthly,"Index, 2025=100",Total,Portugal,2007-10,72.93,,
ESTAT:PRC_HICP_MINR(1.0),02/10/26 11:00:00,Monthly,"Index, 2025=100",Total,Portugal,2007-11,73.16,,
ESTAT:PRC_HICP_MINR(1.0),02/10/26 11:00:00,Monthly,"Index, 2025=100",Total,Portugal,2007-12,73.25,,
ESTAT:PRC_HICP_MINR(1.0),02/10/26 11:00:00,Monthly,"Index, 2025=100",Total,Portugal,2008-01,73.14,,
ESTAT:PRC_HICP_MINR(1.0),02/10/26 11:00:00,Monthly,"Index, 2025=100",Total,Portugal,2008-02,73.15,,
ESTAT:PRC_HICP_MINR(1.0),02/10/26 11:00:00,Monthly,"Index, 2025=100",Total,Portugal,2008-03,74.22,,
ESTAT:PRC_HICP_MINR(1.0),02/10/26 11:00:00,Monthly,"Index, 2025=100",Total,Portugal,2008-04,74.45,,
ESTAT:PRC_HICP_MINR(1.0),02/10/26 11:00:00,Monthly,"Index, 2025=100",Total,Portugal,2008-05,74.81,,
ESTAT:PRC_HICP_MINR(1.0),02/10/26 11:00:00,Monthly,"Index, 2025=100",Total,Portugal,2008-06,75.19,,
ESTAT:PRC_HICP_MINR(1.0),02/10/26 11:00:00,Monthly,"Index, 2025=100",Total,Portugal,2008-07,74.81,,
ESTAT:PRC_HICP_MINR(1.0),02/10/26 11:00:00,Monthly,"Index, 2025=100",Total,Portugal,2008-08,74.47,,
ESTAT:PRC_HICP_MINR(1.0),02/10/26 11:00:00,Monthly,"Index, 2025=100",Total,Portugal,2008-09,74.86,,
ESTAT:PRC_HICP_MINR(1.0),02/10/26 11:00:00,Monthly,"Index, 2025=100",Total,Portugal,2008-10,74.72,,
ESTAT:PRC_HICP_MINR(1.0),02/10/26 11:00:00,Monthly,"Index, 2025=100",Total,Portugal,2008-11,74.20,,
ESTAT:PRC_HICP_MINR(1.0),02/10/26 11:00:00,Monthly,"Index, 2025=100",Total,Portugal,2008-12,73.86,,
ESTAT:PRC_HICP_MINR(1.0),02/10/26 11:00:00,Monthly,"Index, 2025=100",Total,Portugal,2009-01,73.23,,
ESTAT:PRC_HICP_MINR(1.0),02/10/26 11:00:00,Monthly,"Index, 2025=100",Total,Portugal,2009-02,73.20,,
ESTAT:PRC_HICP_MINR(1.0),02/10/26 11:00:00,Monthly,"Index, 2025=100",Total,Portugal,2009-03,73.78,,
ESTAT:PRC_HICP_MINR(1.0),02/10/26 11:00:00,Monthly,"Index, 2025=100",Total,Portugal,2009-04,74.04,,
ESTAT:PRC_HICP_MINR(1.0),02/10/26 11:00:00,Monthly,"Index, 2025=100",Total,Portugal,2009-05,73.87,,
ESTAT:PRC_HICP_MINR(1.0),02/10/26 11:00:00,Monthly,"Index, 2025=100",Total,Portugal,2009-06,74.00,,
ESTAT:PRC_HICP_MINR(1.0),02/10/26 11:00:00,Monthly,"Index, 2025=100",Total,Portugal,2009-07,73.72,,
ESTAT:PRC_HICP_MINR(1.0),02/10/26 11:00:00,Monthly,"Index, 2025=100",Total,Portugal,2009-08,73.57,,
ESTAT:PRC_HICP_MINR(1.0),02/10/26 11:00:00,Monthly,"Index, 2025=100",Total,Portugal,2009-09,73.51,,
ESTAT:PRC_HICP_MINR(1.0),02/10/26 11:00:00,Monthly,"Index, 2025=100",Total,Portugal,2009-10,73.52,,
ESTAT:PRC_HICP_MINR(1.0),02/10/26 11:00:00,Monthly,"Index, 2025=100",Total,Portugal,2009-11,73.63,,
ESTAT:PRC_HICP_MINR(1.0),02/10/26 11:00:00,Monthly,"Index, 2025=100",Total,Portugal,2009-12,73.76,,
ESTAT:PRC_HICP_MINR(1.0),02/10/26 11:00:00,Monthly,"Index, 2025=100",Total,Portugal,2010-01,73.29,,
ESTAT:PRC_HICP_MINR(1.0),02/10/26 11:00:00,Monthly,"Index, 2025=100",Total,Portugal,2010-02,73.33,,
ESTAT:PRC_HICP_MINR(1.0),02/10/26 11:00:00,Monthly,"Index, 2025=100",Total,Portugal,2010-03,74.23,,
ESTAT:PRC_HICP_MINR(1.0),02/10/26 11:00:00,Monthly,"Index, 2025=100",Total,Portugal,2010-04,74.55,,
ESTAT:PRC_HICP_MINR(1.0),02/10/26 11:00:00,Monthly,"Index, 2025=100",Total,Portugal,2010-05,74.68,,
ESTAT:PRC_HICP_MINR(1.0),02/10/26 11:00:00,Monthly,"Index, 2025=100",Total,Portugal,2010-06,74.84,,
ESTAT:PRC_HICP_MINR(1.0),02/10/26 11:00:00,Monthly,"Index, 2025=100",Total,Portugal,2010-07,75.13,,
ESTAT:PRC_HICP_MINR(1.0),02/10/26 11:00:00,Monthly,"Index, 2025=100",Total,Portugal,2010-08,75.03,,
ESTAT:PRC_HICP_MINR(1.0),02/10/26 11:00:00,Monthly,"Index, 2025=100",Total,Portugal,2010-09,74.96,,
ESTAT:PRC_HICP_MINR(1.0),02/10/26 11:00:00,Monthly,"Index, 2025=100",Total,Portugal,2010-10,75.23,,
ESTAT:PRC_HICP_MINR(1.0),02/10/26 11:00:00,Monthly,"Index, 2025=100",Total,Portugal,2010-11,75.28,,
ESTAT:PRC_HICP_MINR(1.0),02/10/26 11:00:00,Monthly,"Index, 2025=100",Total,Portugal,2010-12,75.56,,
ESTAT:PRC_HICP_MINR(1.0),02/10/26 11:00:00,Monthly,"Index, 2025=100",Total,Portugal,2011-01,75.93,,
ESTAT:PRC_HICP_MINR(1.0),02/10/26 11:00:00,Monthly,"Index, 2025=100",Total,Portugal,2011-02,75.89,,
ESTAT:PRC_HICP_MINR(1.0),02/10/26 11:00:00,Monthly,"Index, 2025=100",Total,Portugal,2011-03,77.12,,
ESTAT:PRC_HICP_MINR(1.0),02/10/26 11:00:00,Monthly,"Index, 2025=100",Total,Portugal,2011-04,77.54,,
ESTAT:PRC_HICP_MINR(1.0),02/10/26 11:00:00,Monthly,"Index, 2025=100",Total,Portugal,2011-05,77.47,,
ESTAT:PRC_HICP_MINR(1.0),02/10/26 11:00:00,Monthly,"Index, 2025=100",Total,Portugal,2011-06,77.32,,
ESTAT:PRC_HICP_MINR(1.0),02/10/26 11:00:00,Monthly,"Index, 2025=100",Total,Portugal,2011-07,77.42,,
ESTAT:PRC_HICP_MINR(1.0),02/10/26 11:00:00,Monthly,"Index, 2025=100",Total,Portugal,2011-08,77.10,,
ESTAT:PRC_HICP_MINR(1.0),02/10/26 11:00:00,Monthly,"Index, 2025=100",Total,Portugal,2011-09,77.57,,
ESTAT:PRC_HICP_MINR(1.0),02/10/26 11:00:00,Monthly,"Index, 2025=100",Total,Portugal,2011-10,78.27,,
ESTAT:PRC_HICP_MINR(1.0),02/10/26 11:00:00,Monthly,"Index, 2025=100",Total,Portugal,2011-11,78.16,,
ESTAT:PRC_HICP_MINR(1.0),02/10/26 11:00:00,Monthly,"Index, 2025=100",Total,Portugal,2011-12,78.21,,
ESTAT:PRC_HICP_MINR(1.0),02/10/26 11:00:00,Monthly,"Index, 2025=100",Total,Portugal,2012-01,78.47,,
ESTAT:PRC_HICP_MINR(1.0),02/10/26 11:00:00,Monthly,"Index, 2025=100",Total,Portugal,2012-02,78.58,,
ESTAT:PRC_HICP_MINR(1.0),02/10/26 11:00:00,Monthly,"Index, 2025=100",Total,Portugal,2012-03,79.54,,
ESTAT:PRC_HICP_MINR(1.0),02/10/26 11:00:00,Monthly,"Index, 2025=100",Total,Portugal,2012-04,79.81,,
ESTAT:PRC_HICP_MINR(1.0),02/10/26 11:00:00,Monthly,"Index, 2025=100",Total,Portugal,2012-05,79.56,,
ESTAT:PRC_HICP_MINR(1.0),02/10/26 11:00:00,Monthly,"Index, 2025=100",Total,Portugal,2012-06,79.42,,
ESTAT:PRC_HICP_MINR(1.0),02/10/26 11:00:00,Monthly,"Index, 2025=100",Total,Portugal,2012-07,79.57,,
ESTAT:PRC_HICP_MINR(1.0),02/10/26 11:00:00,Monthly,"Index, 2025=100",Total,Portugal,2012-08,79.52,,
ESTAT:PRC_HICP_MINR(1.0),02/10/26 11:00:00,Monthly,"Index, 2025=100",Total,Portugal,2012-09,79.84,,
ESTAT:PRC_HICP_MINR(1.0),02/10/26 11:00:00,Monthly,"Index, 2025=100",Total,Portugal,2012-10,79.95,,
ESTAT:PRC_HICP_MINR(1.0),02/10/26 11:00:00,Monthly,"Index, 2025=100",Total,Portugal,2012-11,79.65,,
ESTAT:PRC_HICP_MINR(1.0),02/10/26 11:00:00,Monthly,"Index, 2025=100",Total,Portugal,2012-12,79.84,,
ESTAT:PRC_HICP_MINR(1.0),02/10/26 11:00:00,Monthly,"Index, 2025=100",Total,Portugal,2013-01,78.82,,
ESTAT:PRC_HICP_MINR(1.0),02/10/26 11:00:00,Monthly,"Index, 2025=100",Total,Portugal,2013-02,78.73,,
ESTAT:PRC_HICP_MINR(1.0),02/10/26 11:00:00,Monthly,"Index, 2025=100",Total,Portugal,2013-03,80.07,,
ESTAT:PRC_HICP_MINR(1.0),02/10/26 11:00:00,Monthly,"Index, 2025=100",Total,Portugal,2013-04,80.12,,
ESTAT:PRC_HICP_MINR(1.0),02/10/26 11:00:00,Monthly,"Index, 2025=100",Total,Portugal,2013-05,80.31,,
ESTAT:PRC_HICP_MINR(1.0),02/10/26 11:00:00,Monthly,"Index, 2025=100",Total,Portugal,2013-06,80.35,,
ESTAT:PRC_HICP_MINR(1.0),02/10/26 11:00:00,Monthly,"Index, 2025=100",Total,Portugal,2013-07,80.20,,
ESTAT:PRC_HICP_MINR(1.0),02/10/26 11:00:00,Monthly,"Index, 2025=100",Total,Portugal,2013-08,79.65,,
ESTAT:PRC_HICP_MINR(1.0),02/10/26 11:00:00,Monthly,"Index, 2025=100",Total,Portugal,2013-09,80.05,,
ESTAT:PRC_HICP_MINR(1.0),02/10/26 11:00:00,Monthly,"Index, 2025=100",Total,Portugal,2013-10,79.95,,
ESTAT:PRC_HICP_MINR(1.0),02/10/26 11:00:00,Monthly,"Index, 2025=100",Total,Portugal,2013-11,79.70,,
ESTAT:PRC_HICP_MINR(1.0),02/10/26 11:00:00,Monthly,"Index, 2025=100",Total,Portugal,2013-12,79.98,,
ESTAT:PRC_HICP_MINR(1.0),02/10/26 11:00:00,Monthly,"Index, 2025=100",Total,Portugal,2014-01,78.87,,
ESTAT:PRC_HICP_MINR(1.0),02/10/26 11:00:00,Monthly,"Index, 2025=100",Total,Portugal,2014-02,78.67,,
ESTAT:PRC_HICP_MINR(1.0),02/10/26 11:00:00,Monthly,"Index, 2025=100",Total,Portugal,2014-03,79.76,,
ESTAT:PRC_HICP_MINR(1.0),02/10/26 11:00:00,Monthly,"Index, 2025=100",Total,Portugal,2014-04,80.03,,
ESTAT:PRC_HICP_MINR(1.0),02/10/26 11:00:00,Monthly,"Index, 2025=100",Total,Portugal,2014-05,80.09,,
ESTAT:PRC_HICP_MINR(1.0),02/10/26 11:00:00,Monthly,"Index, 2025=100",Total,Portugal,2014-06,80.15,,
ESTAT:PRC_HICP_MINR(1.0),02/10/26 11:00:00,Monthly,"Index, 2025=100",Total,Portugal,2014-07,79.66,,
ESTAT:PRC_HICP_MINR(1.0),02/10/26 11:00:00,Monthly,"Index, 2025=100",Total,Portugal,2014-08,79.60,,
ESTAT:PRC_HICP_MINR(1.0),02/10/26 11:00:00,Monthly,"Index, 2025=100",Total,Portugal,2014-09,80.02,,
ESTAT:PRC_HICP_MINR(1.0),02/10/26 11:00:00,Monthly,"Index, 2025=100",Total,Portugal,2014-10,80.05,,
ESTAT:PRC_HICP_MINR(1.0),02/10/26 11:00:00,Monthly,"Index, 2025=100",Total,Portugal,2014-11,79.76,,
ESTAT:PRC_HICP_MINR(1.0),02/10/26 11:00:00,Monthly,"Index, 2025=100",Total,Portugal,2014-12,79.76,,
ESTAT:PRC_HICP_MINR(1.0),02/10/26 11:00:00,Monthly,"Index, 2025=100",Total,Portugal,2015-01,78.58,,
ESTAT:PRC_HICP_MINR(1.0),02/10/26 11:00:00,Monthly,"Index, 2025=100",Total,Portugal,2015-02,78.59,,
ESTAT:PRC_HICP_MINR(1.0),02/10/26 11:00:00,Monthly,"Index, 2025=100",Total,Portugal,2015-03,80.11,,
ESTAT:PRC_HICP_MINR(1.0),02/10/26 11:00:00,Monthly,"Index, 2025=100",Total,Portugal,2015-04,80.43,,
ESTAT:PRC_HICP_MINR(1.0),02/10/26 11:00:00,Monthly,"Index, 2025=100",Total,Portugal,2015-05,80.85,,
ESTAT:PRC_HICP_MINR(1.0),02/10/26 11:00:00,Monthly,"Index, 2025=100",Total,Portugal,2015-06,80.76,,
ESTAT:PRC_HICP_MINR(1.0),02/10/26 11:00:00,Monthly,"Index, 2025=100",Total,Portugal,2015-07,80.22,,
ESTAT:PRC_HICP_MINR(1.0),02/10/26 11:00:00,Monthly,"Index, 2025=100",Total,Portugal,2015-08,80.13,,
ESTAT:PRC_HICP_MINR(1.0),02/10/26 11:00:00,Monthly,"Index, 2025=100",Total,Portugal,2015-09,80.73,,
ESTAT:PRC_HICP_MINR(1.0),02/10/26 11:00:00,Monthly,"Index, 2025=100",Total,Portugal,2015-10,80.61,,
ESTAT:PRC_HICP_MINR(1.0),02/10/26 11:00:00,Monthly,"Index, 2025=100",Total,Portugal,2015-11,80.26,,
ESTAT:PRC_HICP_MINR(1.0),02/10/26 11:00:00,Monthly,"Index, 2025=100",Total,Portugal,2015-12,79.99,,
ESTAT:PRC_HICP_MINR(1.0),02/10/26 11:00:00,Monthly,"Index, 2025=100",Total,Portugal,2016-01,79.13,,
ESTAT:PRC_HICP_MINR(1.0),02/10/26 11:00:00,Monthly,"Index, 2025=100",Total,Portugal,2016-02,78.72,,
ESTAT:PRC_HICP_MINR(1.0),02/10/26 11:00:00,Monthly,"Index, 2025=100",Total,Portugal,2016-03,80.49,,
ESTAT:PRC_HICP_MINR(1.0),02/10/26 11:00:00,Monthly,"Index, 2025=100",Total,Portugal,2016-04,80.85,,
ESTAT:PRC_HICP_MINR(1.0),02/10/26 11:00:00,Monthly,"Index, 2025=100",Total,Portugal,2016-05,81.17,,
ESTAT:PRC_HICP_MINR(1.0),02/10/26 11:00:00,Monthly,"Index, 2025=100",Total,Portugal,2016-06,81.31,,
ESTAT:PRC_HICP_MINR(1.0),02/10/26 11:00:00,Monthly,"Index, 2025=100",Total,Portugal,2016-07,80.80,,
ESTAT:PRC_HICP_MINR(1.0),02/10/26 11:00:00,Monthly,"Index, 2025=100",Total,Portugal,2016-08,80.77,,
ESTAT:PRC_HICP_MINR(1.0),02/10/26 11:00:00,Monthly,"Index, 2025=100",Total,Portugal,2016-09,81.30,,
ESTAT:PRC_HICP_MINR(1.0),02/10/26 11:00:00,Monthly,"Index, 2025=100",Total,Portugal,2016-10,81.46,,
ESTAT:PRC_HICP_MINR(1.0),02/10/26 11:00:00,Monthly,"Index, 2025=100",Total,Portugal,2016-11,80.68,,
ESTAT:PRC_HICP_MINR(1.0),02/10/26 11:00:00,Monthly,"Index, 2025=100",Total,Portugal,2016-12,80.70,,
ESTAT:PRC_HICP_MINR(1.0),02/10/26 11:00:00,Monthly,"Index, 2025=100",Total,Portugal,2017-01,80.15,,
ESTAT:PRC_HICP_MINR(1.0),02/10/26 11:00:00,Monthly,"Index, 2025=100",Total,Portugal,2017-02,79.99,,
ESTAT:PRC_HICP_MINR(1.0),02/10/26 11:00:00,Monthly,"Index, 2025=100",Total,Portugal,2017-03,81.60,,
ESTAT:PRC_HICP_MINR(1.0),02/10/26 11:00:00,Monthly,"Index, 2025=100",Total,Portugal,2017-04,82.79,,
ESTAT:PRC_HICP_MINR(1.0),02/10/26 11:00:00,Monthly,"Index, 2025=100",Total,Portugal,2017-05,82.58,,
ESTAT:PRC_HICP_MINR(1.0),02/10/26 11:00:00,Monthly,"Index, 2025=100",Total,Portugal,2017-06,82.13,,
ESTAT:PRC_HICP_MINR(1.0),02/10/26 11:00:00,Monthly,"Index, 2025=100",Total,Portugal,2017-07,81.62,,
ESTAT:PRC_HICP_MINR(1.0),02/10/26 11:00:00,Monthly,"Index, 2025=100",Total,Portugal,2017-08,81.81,,
ESTAT:PRC_HICP_MINR(1.0),02/10/26 11:00:00,Monthly,"Index, 2025=100",Total,Portugal,2017-09,82.63,,
ESTAT:PRC_HICP_MINR(1.0),02/10/26 11:00:00,Monthly,"Index, 2025=100",Total,Portugal,2017-10,83.02,,
ESTAT:PRC_HICP_MINR(1.0),02/10/26 11:00:00,Monthly,"Index, 2025=100",Total,Portugal,2017-11,82.14,,
ESTAT:PRC_HICP_MINR(1.0),02/10/26 11:00:00,Monthly,"Index, 2025=100",Total,Portugal,2017-12,82.00,,
ESTAT:PRC_HICP_MINR(1.0),02/10/26 11:00:00,Monthly,"Index, 2025=100",Total,Portugal,2018-01,81.03,,
ESTAT:PRC_HICP_MINR(1.0),02/10/26 11:00:00,Monthly,"Index, 2025=100",Total,Portugal,2018-02,80.51,,
ESTAT:PRC_HICP_MINR(1.0),02/10/26 11:00:00,Monthly,"Index, 2025=100",Total,Portugal,2018-03,82.26,,
ESTAT:PRC_HICP_MINR(1.0),02/10/26 11:00:00,Monthly,"Index, 2025=100",Total,Portugal,2018-04,83.06,,
ESTAT:PRC_HICP_MINR(1.0),02/10/26 11:00:00,Monthly,"Index, 2025=100",Total,Portugal,2018-05,83.75,,
ESTAT:PRC_HICP_MINR(1.0),02/10/26 11:00:00,Monthly,"Index, 2025=100",Total,Portugal,2018-06,83.77,,
ESTAT:PRC_HICP_MINR(1.0),02/10/26 11:00:00,Monthly,"Index, 2025=100",Total,Portugal,2018-07,83.44,,
ESTAT:PRC_HICP_MINR(1.0),02/10/26 11:00:00,Monthly,"Index, 2025=100",Total,Portugal,2018-08,82.88,,
ESTAT:PRC_HICP_MINR(1.0),02/10/26 11:00:00,Monthly,"Index, 2025=100",Total,Portugal,2018-09,84.14,,
ESTAT:PRC_HICP_MINR(1.0),02/10/26 11:00:00,Monthly,"Index, 2025=100",Total,Portugal,2018-10,83.71,,
ESTAT:PRC_HICP_MINR(1.0),02/10/26 11:00:00,Monthly,"Index, 2025=100",Total,Portugal,2018-11,82.86,,
ESTAT:PRC_HICP_MINR(1.0),02/10/26 11:00:00,Monthly,"Index, 2025=100",Total,Portugal,2018-12,82.52,,
ESTAT:PRC_HICP_MINR(1.0),02/10/26 11:00:00,Monthly,"Index, 2025=100",Total,Portugal,2019-01,81.49,,
ESTAT:PRC_HICP_MINR(1.0),02/10/26 11:00:00,Monthly,"Index, 2025=100",Total,Portugal,2019-02,81.27,,
ESTAT:PRC_HICP_MINR(1.0),02/10/26 11:00:00,Monthly,"Index, 2025=100",Total,Portugal,2019-03,82.93,,
ESTAT:PRC_HICP_MINR(1.0),02/10/26 11:00:00,Monthly,"Index, 2025=100",Total,Portugal,2019-04,83.79,,
ESTAT:PRC_HICP_MINR(1.0),02/10/26 11:00:00,Monthly,"Index, 2025=100",Total,Portugal,2019-05,84.01,,
ESTAT:PRC_HICP_MINR(1.0),02/10/26 11:00:00,Monthly,"Index, 2025=100",Total,Portugal,2019-06,84.33,,
ESTAT:PRC_HICP_MINR(1.0),02/10/26 11:00:00,Monthly,"Index, 2025=100",Total,Portugal,2019-07,82.88,,
ESTAT:PRC_HICP_MINR(1.0),02/10/26 11:00:00,Monthly,"Index, 2025=100",Total,Portugal,2019-08,82.78,,
ESTAT:PRC_HICP_MINR(1.0),02/10/26 11:00:00,Monthly,"Index, 2025=100",Total,Portugal,2019-09,83.92,,
ESTAT:PRC_HICP_MINR(1.0),02/10/26 11:00:00,Monthly,"Index, 2025=100",Total,Portugal,2019-10,83.62,,
ESTAT:PRC_HICP_MINR(1.0),02/10/26 11:00:00,Monthly,"Index, 2025=100",Total,Portugal,2019-11,83.04,,
ESTAT:PRC_HICP_MINR(1.0),02/10/26 11:00:00,Monthly,"Index, 2025=100",Total,Portugal,2019-12,82.83,,
ESTAT:PRC_HICP_MINR(1.0),02/10/26 11:00:00,Monthly,"Index, 2025=100",Total,Portugal,2020-01,82.17,,
ESTAT:PRC_HICP_MINR(1.0),02/10/26 11:00:00,Monthly,"Index, 2025=100",Total,Portugal,2020-02,81.70,,
ESTAT:PRC_HICP_MINR(1.0),02/10/26 11:00:00,Monthly,"Index, 2025=100",Total,Portugal,2020-03,83.05,,
ESTAT:PRC_HICP_MINR(1.0),02/10/26 11:00:00,Monthly,"Index, 2025=100",Total,Portugal,2020-04,83.68,,
ESTAT:PRC_HICP_MINR(1.0),02/10/26 11:00:00,Monthly,"Index, 2025=100",Total,Portugal,2020-05,83.47,,
ESTAT:PRC_HICP_MINR(1.0),02/10/26 11:00:00,Monthly,"Index, 2025=100",Total,Portugal,2020-06,84.51,,
ESTAT:PRC_HICP_MINR(1.0),02/10/26 11:00:00,Monthly,"Index, 2025=100",Total,Portugal,2020-07,82.81,,
ESTAT:PRC_HICP_MINR(1.0),02/10/26 11:00:00,Monthly,"Index, 2025=100",Total,Portugal,2020-08,82.61,,
ESTAT:PRC_HICP_MINR(1.0),02/10/26 11:00:00,Monthly,"Index, 2025=100",Total,Portugal,2020-09,83.25,,
ESTAT:PRC_HICP_MINR(1.0),02/10/26 11:00:00,Monthly,"Index, 2025=100",Total,Portugal,2020-10,83.15,,
ESTAT:PRC_HICP_MINR(1.0),02/10/26 11:00:00,Monthly,"Index, 2025=100",Total,Portugal,2020-11,82.70,,
ESTAT:PRC_HICP_MINR(1.0),02/10/26 11:00:00,Monthly,"Index, 2025=100",Total,Portugal,2020-12,82.59,,
ESTAT:PRC_HICP_MINR(1.0),02/10/26 11:00:00,Monthly,"Index, 2025=100",Total,Portugal,2021-01,82.32,,
ESTAT:PRC_HICP_MINR(1.0),02/10/26 11:00:00,Monthly,"Index, 2025=100",Total,Portugal,2021-02,81.93,,
ESTAT:PRC_HICP_MINR(1.0),02/10/26 11:00:00,Monthly,"Index, 2025=100",Total,Portugal,2021-03,83.15,,
ESTAT:PRC_HICP_MINR(1.0),02/10/26 11:00:00,Monthly,"Index, 2025=100",Total,Portugal,2021-04,83.60,,
ESTAT:PRC_HICP_MINR(1.0),02/10/26 11:00:00,Monthly,"Index, 2025=100",Total,Portugal,2021-05,83.87,,
ESTAT:PRC_HICP_MINR(1.0),02/10/26 11:00:00,Monthly,"Index, 2025=100",Total,Portugal,2021-06,84.04,,
ESTAT:PRC_HICP_MINR(1.0),02/10/26 11:00:00,Monthly,"Index, 2025=100",Total,Portugal,2021-07,83.74,,
ESTAT:PRC_HICP_MINR(1.0),02/10/26 11:00:00,Monthly,"Index, 2025=100",Total,Portugal,2021-08,83.64,,
ESTAT:PRC_HICP_MINR(1.0),02/10/26 11:00:00,Monthly,"Index, 2025=100",Total,Portugal,2021-09,84.35,,
ESTAT:PRC_HICP_MINR(1.0),02/10/26 11:00:00,Monthly,"Index, 2025=100",Total,Portugal,2021-10,84.67,,
ESTAT:PRC_HICP_MINR(1.0),02/10/26 11:00:00,Monthly,"Index, 2025=100",Total,Portugal,2021-11,84.88,,
ESTAT:PRC_HICP_MINR(1.0),02/10/26 11:00:00,Monthly,"Index, 2025=100",Total,Portugal,2021-12,84.89,,
ESTAT:PRC_HICP_MINR(1.0),02/10/26 11:00:00,Monthly,"Index, 2025=100",Total,Portugal,2022-01,85.11,,
ESTAT:PRC_HICP_MINR(1.0),02/10/26 11:00:00,Monthly,"Index, 2025=100",Total,Portugal,2022-02,85.51,,
ESTAT:PRC_HICP_MINR(1.0),02/10/26 11:00:00,Monthly,"Index, 2025=100",Total,Portugal,2022-03,87.70,,
ESTAT:PRC_HICP_MINR(1.0),02/10/26 11:00:00,Monthly,"Index, 2025=100",Total,Portugal,2022-04,89.78,,
ESTAT:PRC_HICP_MINR(1.0),02/10/26 11:00:00,Monthly,"Index, 2025=100",Total,Portugal,2022-05,90.66,,
ESTAT:PRC_HICP_MINR(1.0),02/10/26 11:00:00,Monthly,"Index, 2025=100",Total,Portugal,2022-06,91.62,,
ESTAT:PRC_HICP_MINR(1.0),02/10/26 11:00:00,Monthly,"Index, 2025=100",Total,Portugal,2022-07,91.63,,
ESTAT:PRC_HICP_MINR(1.0),02/10/26 11:00:00,Monthly,"Index, 2025=100",Total,Portugal,2022-08,91.46,,
ESTAT:PRC_HICP_MINR(1.0),02/10/26 11:00:00,Monthly,"Index, 2025=100",Total,Portugal,2022-09,92.62,,
ESTAT:PRC_HICP_MINR(1.0),02/10/26 11:00:00,Monthly,"Index, 2025=100",Total,Portugal,2022-10,93.61,,
ESTAT:PRC_HICP_MINR(1.0),02/10/26 11:00:00,Monthly,"Index, 2025=100",Total,Portugal,2022-11,93.58,,
ESTAT:PRC_HICP_MINR(1.0),02/10/26 11:00:00,Monthly,"Index, 2025=100",Total,Portugal,2022-12,93.21,,
ESTAT:PRC_HICP_MINR(1.0),02/10/26 11:00:00,Monthly,"Index, 2025=100",Total,Portugal,2023-01,92.48,,
ESTAT:PRC_HICP_MINR(1.0),02/10/26 11:00:00,Monthly,"Index, 2025=100",Total,Portugal,2023-02,92.84,,
ESTAT:PRC_HICP_MINR(1.0),02/10/26 11:00:00,Monthly,"Index, 2025=100",Total,Portugal,2023-03,94.70,,
ESTAT:PRC_HICP_MINR(1.0),02/10/26 11:00:00,Monthly,"Index, 2025=100",Total,Portugal,2023-04,95.93,,
ESTAT:PRC_HICP_MINR(1.0),02/10/26 11:00:00,Monthly,"Index, 2025=100",Total,Portugal,2023-05,95.54,,
ESTAT:PRC_HICP_MINR(1.0),02/10/26 11:00:00,Monthly,"Index, 2025=100",Total,Portugal,2023-06,95.96,,
ESTAT:PRC_HICP_MINR(1.0),02/10/26 11:00:00,Monthly,"Index, 2025=100",Total,Portugal,2023-07,95.59,,
ESTAT:PRC_HICP_MINR(1.0),02/10/26 11:00:00,Monthly,"Index, 2025=100",Total,Portugal,2023-08,96.32,,
ESTAT:PRC_HICP_MINR(1.0),02/10/26 11:00:00,Monthly,"Index, 2025=100",Total,Portugal,2023-09,97.07,,
ESTAT:PRC_HICP_MINR(1.0),02/10/26 11:00:00,Monthly,"Index, 2025=100",Total,Portugal,2023-10,96.65,,
ESTAT:PRC_HICP_MINR(1.0),02/10/26 11:00:00,Monthly,"Index, 2025=100",Total,Portugal,2023-11,95.64,,
ESTAT:PRC_HICP_MINR(1.0),02/10/26 11:00:00,Monthly,"Index, 2025=100",Total,Portugal,2023-12,94.97,,
ESTAT:PRC_HICP_MINR(1.0),02/10/26 11:00:00,Monthly,"Index, 2025=100",Total,Portugal,2024-01,94.81,,
ESTAT:PRC_HICP_MINR(1.0),02/10/26 11:00:00,Monthly,"Index, 2025=100",Total,Portugal,2024-02,94.96,,
ESTAT:PRC_HICP_MINR(1.0),02/10/26 11:00:00,Monthly,"Index, 2025=100",Total,Portugal,2024-03,97.14,,
ESTAT:PRC_HICP_MINR(1.0),02/10/26 11:00:00,Monthly,"Index, 2025=100",Total,Portugal,2024-04,98.17,,
ESTAT:PRC_HICP_MINR(1.0),02/10/26 11:00:00,Monthly,"Index, 2025=100",Total,Portugal,2024-05,99.20,,
ESTAT:PRC_HICP_MINR(1.0),02/10/26 11:00:00,Monthly,"Index, 2025=100",Total,Portugal,2024-06,98.90,,
ESTAT:PRC_HICP_MINR(1.0),02/10/26 11:00:00,Monthly,"Index, 2025=100",Total,Portugal,2024-07,98.15,,
ESTAT:PRC_HICP_MINR(1.0),02/10/26 11:00:00,Monthly,"Index, 2025=100",Total,Portugal,2024-08,98.03,,
ESTAT:PRC_HICP_MINR(1.0),02/10/26 11:00:00,Monthly,"Index, 2025=100",Total,Portugal,2024-09,99.56,,
ESTAT:PRC_HICP_MINR(1.0),02/10/26 11:00:00,Monthly,"Index, 2025=100",Total,Portugal,2024-10,99.20,,
ESTAT:PRC_HICP_MINR(1.0),02/10/26 11:00:00,Monthly,"Index, 2025=100",Total,Portugal,2024-11,98.20,,
ESTAT:PRC_HICP_MINR(1.0),02/10/26 11:00:00,Monthly,"Index, 2025=100",Total,Portugal,2024-12,97.92,,
ESTAT:PRC_HICP_MINR(1.0),02/10/26 11:00:00,Monthly,"Index, 2025=100",Total,Portugal,2025-01,97.37,,
ESTAT:PRC_HICP_MINR(1.0),02/10/26 11:00:00,Monthly,"Index, 2025=100",Total,Portugal,2025-02,97.30,,
ESTAT:PRC_HICP_MINR(1.0),02/10/26 11:00:00,Monthly,"Index, 2025=100",Total,Portugal,2025-03,98.97,,
ESTAT:PRC_HICP_MINR(1.0),02/10/26 11:00:00,Monthly,"Index, 2025=100",Total,Portugal,2025-04,100.25,,
ESTAT:PRC_HICP_MINR(1.0),02/10/26 11:00:00,Monthly,"Index, 2025=100",Total,Portugal,2025-05,100.88,,
ESTAT:PRC_HICP_MINR(1.0),02/10/26 11:00:00,Monthly,"Index, 2025=100",Total,Portugal,2025-06,100.95,,
ESTAT:PRC_HICP_MINR(1.0),02/10/26 11:00:00,Monthly,"Index, 2025=100",Total,Portugal,2025-07,100.60,,
ESTAT:PRC_HICP_MINR(1.0),02/10/26 11:00:00,Monthly,"Index, 2025=100",Total,Portugal,2025-08,100.50,,
ESTAT:PRC_HICP_MINR(1.0),02/10/26 11:00:00,Monthly,"Index, 2025=100",Total,Portugal,2025-09,101.47,,
ESTAT:PRC_HICP_MINR(1.0),02/10/26 11:00:00,Monthly,"Index, 2025=100",Total,Portugal,2025-10,101.16,,
ESTAT:PRC_HICP_MINR(1.0),02/10/26 11:00:00,Monthly,"Index, 2025=100",Total,Portugal,2025-11,100.30,,
ESTAT:PRC_HICP_MINR(1.0),02/10/26 11:00:00,Monthly,"Index, 2025=100",Total,Portugal,2025-12,100.26,,
ESTAT:PRC_HICP_MINR(1.0),02/10/26 11:00:00,Monthly,"Index, 2025=100",Total,Romania,2006-01,42.56,,
ESTAT:PRC_HICP_MINR(1.0),02/10/26 11:00:00,Monthly,"Index, 2025=100",Total,Romania,2006-02,42.66,,
ESTAT:PRC_HICP_MINR(1.0),02/10/26 11:00:00,Monthly,"Index, 2025=100",Total,Romania,2006-03,42.75,,
ESTAT:PRC_HICP_MINR(1.0),02/10/26 11:00:00,Monthly,"Index, 2025=100",Total,Romania,2006-04,42.93,,
ESTAT:PRC_HICP_MINR(1.0),02/10/26 11:00:00,Monthly,"Index, 2025=100",Total,Romania,2006-05,43.19,,
ESTAT:PRC_HICP_MINR(1.0),02/10/26 11:00:00,Monthly,"Index, 2025=100",Total,Romania,2006-06,43.26,,
ESTAT:PRC_HICP_MINR(1.0),02/10/26 11:00:00,Monthly,"Index, 2025=100",Total,Romania,2006-07,43.31,,
ESTAT:PRC_HICP_MINR(1.0),02/10/26 11:00:00,Monthly,"Index, 2025=100",Total,Romania,2006-08,43.28,,
ESTAT:PRC_HICP_MINR(1.0),02/10/26 11:00:00,Monthly,"Index, 2025=100",Total,Romania,2006-09,43.31,,
ESTAT:PRC_HICP_MINR(1.0),02/10/26 11:00:00,Monthly,"Index, 2025=100",Total,Romania,2006-10,43.40,,
ESTAT:PRC_HICP_MINR(1.0),02/10/26 11:00:00,Monthly,"Index, 2025=100",Total,Romania,2006-11,43.87,,
ESTAT:PRC_HICP_MINR(1.0),02/10/26 11:00:00,Monthly,"Index, 2025=100",Total,Romania,2006-12,44.20,,
ESTAT:PRC_HICP_MINR(1.0),02/10/26 11:00:00,Monthly,"Index, 2025=100",Total,Romania,2007-01,44.29,,
ESTAT:PRC_HICP_MINR(1.0),02/10/26 11:00:00,Monthly,"Index, 2025=100",Total,Romania,2007-02,44.31,,
ESTAT:PRC_HICP_MINR(1.0),02/10/26 11:00:00,Monthly,"Index, 2025=100",Total,Romania,2007-03,44.35,,
ESTAT:PRC_HICP_MINR(1.0),02/10/26 11:00:00,Monthly,"Index, 2025=100",Total,Romania,2007-04,44.58,,
ESTAT:PRC_HICP_MINR(1.0),02/10/26 11:00:00,Monthly,"Index, 2025=100",Total,Romania,2007-05,44.87,,
ESTAT:PRC_HICP_MINR(1.0),02/10/26 11:00:00,Monthly,"Index, 2025=100",Total,Romania,2007-06,44.94,,
ESTAT:PRC_HICP_MINR(1.0),02/10/26 11:00:00,Monthly,"Index, 2025=100",Total,Romania,2007-07,45.07,,
ESTAT:PRC_HICP_MINR(1.0),02/10/26 11:00:00,Monthly,"Index, 2025=100",Total,Romania,2007-08,45.46,,
ESTAT:PRC_HICP_MINR(1.0),02/10/26 11:00:00,Monthly,"Index, 2025=100",Total,Romania,2007-09,45.95,,
ESTAT:PRC_HICP_MINR(1.0),02/10/26 11:00:00,Monthly,"Index, 2025=100",Total,Romania,2007-10,46.40,,
ESTAT:PRC_HICP_MINR(1.0),02/10/26 11:00:00,Monthly,"Index, 2025=100",Total,Romania,2007-11,46.84,,
ESTAT:PRC_HICP_MINR(1.0),02/10/26 11:00:00,Monthly,"Index, 2025=100",Total,Romania,2007-12,47.14,,
ESTAT:PRC_HICP_MINR(1.0),02/10/26 11:00:00,Monthly,"Index, 2025=100",Total,Romania,2008-01,47.54,,
ESTAT:PRC_HICP_MINR(1.0),02/10/26 11:00:00,Monthly,"Index, 2025=100",Total,Romania,2008-02,47.88,,
ESTAT:PRC_HICP_MINR(1.0),02/10/26 11:00:00,Monthly,"Index, 2025=100",Total,Romania,2008-03,48.20,,
ESTAT:PRC_HICP_MINR(1.0),02/10/26 11:00:00,Monthly,"Index, 2025=100",Total,Romania,2008-04,48.46,,
ESTAT:PRC_HICP_MINR(1.0),02/10/26 11:00:00,Monthly,"Index, 2025=100",Total,Romania,2008-05,48.69,,
ESTAT:PRC_HICP_MINR(1.0),02/10/26 11:00:00,Monthly,"Index, 2025=100",Total,Romania,2008-06,48.83,,
ESTAT:PRC_HICP_MINR(1.0),02/10/26 11:00:00,Monthly,"Index, 2025=100",Total,Romania,2008-07,49.17,,
ESTAT:PRC_HICP_MINR(1.0),02/10/26 11:00:00,Monthly,"Index, 2025=100",Total,Romania,2008-08,49.13,,
ESTAT:PRC_HICP_MINR(1.0),02/10/26 11:00:00,Monthly,"Index, 2025=100",Total,Romania,2008-09,49.33,,
ESTAT:PRC_HICP_MINR(1.0),02/10/26 11:00:00,Monthly,"Index, 2025=100",Total,Romania,2008-10,49.86,,
ESTAT:PRC_HICP_MINR(1.0),02/10/26 11:00:00,Monthly,"Index, 2025=100",Total,Romania,2008-11,50.02,,
ESTAT:PRC_HICP_MINR(1.0),02/10/26 11:00:00,Monthly,"Index, 2025=100",Total,Romania,2008-12,50.14,,
ESTAT:PRC_HICP_MINR(1.0),02/10/26 11:00:00,Monthly,"Index, 2025=100",Total,Romania,2009-01,50.77,,
ESTAT:PRC_HICP_MINR(1.0),02/10/26 11:00:00,Monthly,"Index, 2025=100",Total,Romania,2009-02,51.19,,
ESTAT:PRC_HICP_MINR(1.0),02/10/26 11:00:00,Monthly,"Index, 2025=100",Total,Romania,2009-03,51.44,,
ESTAT:PRC_HICP_MINR(1.0),02/10/26 11:00:00,Monthly,"Index, 2025=100",Total,Romania,2009-04,51.58,,
ESTAT:PRC_HICP_MINR(1.0),02/10/26 11:00:00,Monthly,"Index, 2025=100",Total,Romania,2009-05,51.59,,
ESTAT:PRC_HICP_MINR(1.0),02/10/26 11:00:00,Monthly,"Index, 2025=100",Total,Romania,2009-06,51.69,,
ESTAT:PRC_HICP_MINR(1.0),02/10/26 11:00:00,Monthly,"Index, 2025=100",Total,Romania,2009-07,51.66,,
ESTAT:PRC_HICP_MINR(1.0),02/10/26 11:00:00,Monthly,"Index, 2025=100",Total,Romania,2009-08,51.56,,
ESTAT:PRC_HICP_MINR(1.0),02/10/26 11:00:00,Monthly,"Index, 2025=100",Total,Romania,2009-09,51.76,,
ESTAT:PRC_HICP_MINR(1.0),02/10/26 11:00:00,Monthly,"Index, 2025=100",Total,Romania,2009-10,51.99,,
ESTAT:PRC_HICP_MINR(1.0),02/10/26 11:00:00,Monthly,"Index, 2025=100",Total,Romania,2009-11,52.34,,
ESTAT:PRC_HICP_MINR(1.0),02/10/26 11:00:00,Monthly,"Index, 2025=100",Total,Romania,2009-12,52.50,,
ESTAT:PRC_HICP_MINR(1.0),02/10/26 11:00:00,Monthly,"Index, 2025=100",Total,Romania,2010-01,53.39,,
ESTAT:PRC_HICP_MINR(1.0),02/10/26 11:00:00,Monthly,"Index, 2025=100",Total,Romania,2010-02,53.49,,
ESTAT:PRC_HICP_MINR(1.0),02/10/26 11:00:00,Monthly,"Index, 2025=100",Total,Romania,2010-03,53.61,,
ESTAT:PRC_HICP_MINR(1.0),02/10/26 11:00:00,Monthly,"Index, 2025=100",Total,Romania,2010-04,53.77,,
ESTAT:PRC_HICP_MINR(1.0),02/10/26 11:00:00,Monthly,"Index, 2025=100",Total,Romania,2010-05,53.85,,
ESTAT:PRC_HICP_MINR(1.0),02/10/26 11:00:00,Monthly,"Index, 2025=100",Total,Romania,2010-06,53.93,,
ESTAT:PRC_HICP_MINR(1.0),02/10/26 11:00:00,Monthly,"Index, 2025=100",Total,Romania,2010-07,55.33,,
ESTAT:PRC_HICP_MINR(1.0),02/10/26 11:00:00,Monthly,"Index, 2025=100",Total,Romania,2010-08,55.46,,
ESTAT:PRC_HICP_MINR(1.0),02/10/26 11:00:00,Monthly,"Index, 2025=100",Total,Romania,2010-09,55.77,,
ESTAT:PRC_HICP_MINR(1.0),02/10/26 11:00:00,Monthly,"Index, 2025=100",Total,Romania,2010-10,56.08,,
ESTAT:PRC_HICP_MINR(1.0),02/10/26 11:00:00,Monthly,"Index, 2025=100",Total,Romania,2010-11,56.37,,
ESTAT:PRC_HICP_MINR(1.0),02/10/26 11:00:00,Monthly,"Index, 2025=100",Total,Romania,2010-12,56.67,,
ESTAT:PRC_HICP_MINR(1.0),02/10/26 11:00:00,Monthly,"Index, 2025=100",Total,Romania,2011-01,57.11,,
ESTAT:PRC_HICP_MINR(1.0),02/10/26 11:00:00,Monthly,"Index, 2025=100",Total,Romania,2011-02,57.56,,
ESTAT:PRC_HICP_MINR(1.0),02/10/26 11:00:00,Monthly,"Index, 2025=100",Total,Romania,2011-03,57.91,,
ESTAT:PRC_HICP_MINR(1.0),02/10/26 11:00:00,Monthly,"Index, 2025=100",Total,Romania,2011-04,58.29,,
ESTAT:PRC_HICP_MINR(1.0),02/10/26 11:00:00,Monthly,"Index, 2025=100",Total,Romania,2011-05,58.42,,
ESTAT:PRC_HICP_MINR(1.0),02/10/26 11:00:00,Monthly,"Index, 2025=100",Total,Romania,2011-06,58.25,,
ESTAT:PRC_HICP_MINR(1.0),02/10/26 11:00:00,Monthly,"Index, 2025=100",Total,Romania,2011-07,58.04,,
ESTAT:PRC_HICP_MINR(1.0),02/10/26 11:00:00,Monthly,"Index, 2025=100",Total,Romania,2011-08,57.84,,
ESTAT:PRC_HICP_MINR(1.0),02/10/26 11:00:00,Monthly,"Index, 2025=100",Total,Romania,2011-09,57.72,,
ESTAT:PRC_HICP_MINR(1.0),02/10/26 11:00:00,Monthly,"Index, 2025=100",Total,Romania,2011-10,58.09,,
ESTAT:PRC_HICP_MINR(1.0),02/10/26 11:00:00,Monthly,"Index, 2025=100",Total,Romania,2011-11,58.34,,
ESTAT:PRC_HICP_MINR(1.0),02/10/26 11:00:00,Monthly,"Index, 2025=100",Total,Romania,2011-12,58.47,,
ESTAT:PRC_HICP_MINR(1.0),02/10/26 11:00:00,Monthly,"Index, 2025=100",Total,Romania,2012-01,58.71,,
ESTAT:PRC_HICP_MINR(1.0),02/10/26 11:00:00,Monthly,"Index, 2025=100",Total,Romania,2012-02,59.11,,
ESTAT:PRC_HICP_MINR(1.0),02/10/26 11:00:00,Monthly,"Index, 2025=100",Total,Romania,2012-03,59.37,,
ESTAT:PRC_HICP_MINR(1.0),02/10/26 11:00:00,Monthly,"Index, 2025=100",Total,Romania,2012-04,59.41,,
ESTAT:PRC_HICP_MINR(1.0),02/10/26 11:00:00,Monthly,"Index, 2025=100",Total,Romania,2012-05,59.58,,
ESTAT:PRC_HICP_MINR(1.0),02/10/26 11:00:00,Monthly,"Index, 2025=100",Total,Romania,2012-06,59.55,,
ESTAT:PRC_HICP_MINR(1.0),02/10/26 11:00:00,Monthly,"Index, 2025=100",Total,Romania,2012-07,59.83,,
ESTAT:PRC_HICP_MINR(1.0),02/10/26 11:00:00,Monthly,"Index, 2025=100",Total,Romania,2012-08,60.15,,
ESTAT:PRC_HICP_MINR(1.0),02/10/26 11:00:00,Monthly,"Index, 2025=100",Total,Romania,2012-09,60.83,,
ESTAT:PRC_HICP_MINR(1.0),02/10/26 11:00:00,Monthly,"Index, 2025=100",Total,Romania,2012-10,60.97,,
ESTAT:PRC_HICP_MINR(1.0),02/10/26 11:00:00,Monthly,"Index, 2025=100",Total,Romania,2012-11,60.93,,
ESTAT:PRC_HICP_MINR(1.0),02/10/26 11:00:00,Monthly,"Index, 2025=100",Total,Romania,2012-12,61.14,,
ESTAT:PRC_HICP_MINR(1.0),02/10/26 11:00:00,Monthly,"Index, 2025=100",Total,Romania,2013-01,61.72,,
ESTAT:PRC_HICP_MINR(1.0),02/10/26 11:00:00,Monthly,"Index, 2025=100",Total,Romania,2013-02,61.97,,
ESTAT:PRC_HICP_MINR(1.0),02/10/26 11:00:00,Monthly,"Index, 2025=100",Total,Romania,2013-03,62.01,,
ESTAT:PRC_HICP_MINR(1.0),02/10/26 11:00:00,Monthly,"Index, 2025=100",Total,Romania,2013-04,62.03,,
ESTAT:PRC_HICP_MINR(1.0),02/10/26 11:00:00,Monthly,"Index, 2025=100",Total,Romania,2013-05,62.19,,
ESTAT:PRC_HICP_MINR(1.0),02/10/26 11:00:00,Monthly,"Index, 2025=100",Total,Romania,2013-06,62.21,,
ESTAT:PRC_HICP_MINR(1.0),02/10/26 11:00:00,Monthly,"Index, 2025=100",Total,Romania,2013-07,61.87,,
ESTAT:PRC_HICP_MINR(1.0),02/10/26 11:00:00,Monthly,"Index, 2025=100",Total,Romania,2013-08,61.73,,
ESTAT:PRC_HICP_MINR(1.0),02/10/26 11:00:00,Monthly,"Index, 2025=100",Total,Romania,2013-09,61.49,,
ESTAT:PRC_HICP_MINR(1.0),02/10/26 11:00:00,Monthly,"Index, 2025=100",Total,Romania,2013-10,61.69,,
ESTAT:PRC_HICP_MINR(1.0),02/10/26 11:00:00,Monthly,"Index, 2025=100",Total,Romania,2013-11,61.70,,
ESTAT:PRC_HICP_MINR(1.0),02/10/26 11:00:00,Monthly,"Index, 2025=100",Total,Romania,2013-12,61.95,,
ESTAT:PRC_HICP_MINR(1.0),02/10/26 11:00:00,Monthly,"Index, 2025=100",Total,Romania,2014-01,62.45,,
ESTAT:PRC_HICP_MINR(1.0),02/10/26 11:00:00,Monthly,"Index, 2025=100",Total,Romania,2014-02,62.77,,
ESTAT:PRC_HICP_MINR(1.0),02/10/26 11:00:00,Monthly,"Index, 2025=100",Total,Romania,2014-03,62.81,,
ESTAT:PRC_HICP_MINR(1.0),02/10/26 11:00:00,Monthly,"Index, 2025=100",Total,Romania,2014-04,63.02,,
ESTAT:PRC_HICP_MINR(1.0),02/10/26 11:00:00,Monthly,"Index, 2025=100",Total,Romania,2014-05,63.00,,
ESTAT:PRC_HICP_MINR(1.0),02/10/26 11:00:00,Monthly,"Index, 2025=100",Total,Romania,2014-06,62.79,,
ESTAT:PRC_HICP_MINR(1.0),02/10/26 11:00:00,Monthly,"Index, 2025=100",Total,Romania,2014-07,62.78,,
ESTAT:PRC_HICP_MINR(1.0),02/10/26 11:00:00,Monthly,"Index, 2025=100",Total,Romania,2014-08,62.56,,
ESTAT:PRC_HICP_MINR(1.0),02/10/26 11:00:00,Monthly,"Index, 2025=100",Total,Romania,2014-09,62.63,,
ESTAT:PRC_HICP_MINR(1.0),02/10/26 11:00:00,Monthly,"Index, 2025=100",Total,Romania,2014-10,62.78,,
ESTAT:PRC_HICP_MINR(1.0),02/10/26 11:00:00,Monthly,"Index, 2025=100",Total,Romania,2014-11,62.65,,
ESTAT:PRC_HICP_MINR(1.0),02/10/26 11:00:00,Monthly,"Index, 2025=100",Total,Romania,2014-12,62.59,,
ESTAT:PRC_HICP_MINR(1.0),02/10/26 11:00:00,Monthly,"Index, 2025=100",Total,Romania,2015-01,62.76,,
ESTAT:PRC_HICP_MINR(1.0),02/10/26 11:00:00,Monthly,"Index, 2025=100",Total,Romania,2015-02,63.00,,
ESTAT:PRC_HICP_MINR(1.0),02/10/26 11:00:00,Monthly,"Index, 2025=100",Total,Romania,2015-03,63.29,,
ESTAT:PRC_HICP_MINR(1.0),02/10/26 11:00:00,Monthly,"Index, 2025=100",Total,Romania,2015-04,63.42,,
ESTAT:PRC_HICP_MINR(1.0),02/10/26 11:00:00,Monthly,"Index, 2025=100",Total,Romania,2015-05,63.83,,
ESTAT:PRC_HICP_MINR(1.0),02/10/26 11:00:00,Monthly,"Index, 2025=100",Total,Romania,2015-06,62.22,,
ESTAT:PRC_HICP_MINR(1.0),02/10/26 11:00:00,Monthly,"Index, 2025=100",Total,Romania,2015-07,61.90,,
ESTAT:PRC_HICP_MINR(1.0),02/10/26 11:00:00,Monthly,"Index, 2025=100",Total,Romania,2015-08,61.51,,
ESTAT:PRC_HICP_MINR(1.0),02/10/26 11:00:00,Monthly,"Index, 2025=100",Total,Romania,2015-09,61.68,,
ESTAT:PRC_HICP_MINR(1.0),02/10/26 11:00:00,Monthly,"Index, 2025=100",Total,Romania,2015-10,61.87,,
ESTAT:PRC_HICP_MINR(1.0),02/10/26 11:00:00,Monthly,"Index, 2025=100",Total,Romania,2015-11,62.07,,
ESTAT:PRC_HICP_MINR(1.0),02/10/26 11:00:00,Monthly,"Index, 2025=100",Total,Romania,2015-12,62.16,,
ESTAT:PRC_HICP_MINR(1.0),02/10/26 11:00:00,Monthly,"Index, 2025=100",Total,Romania,2016-01,61.82,,
ESTAT:PRC_HICP_MINR(1.0),02/10/26 11:00:00,Monthly,"Index, 2025=100",Total,Romania,2016-02,61.66,,
ESTAT:PRC_HICP_MINR(1.0),02/10/26 11:00:00,Monthly,"Index, 2025=100",Total,Romania,2016-03,61.76,,
ESTAT:PRC_HICP_MINR(1.0),02/10/26 11:00:00,Monthly,"Index, 2025=100",Total,Romania,2016-04,61.74,,
ESTAT:PRC_HICP_MINR(1.0),02/10/26 11:00:00,Monthly,"Index, 2025=100",Total,Romania,2016-05,61.95,,
ESTAT:PRC_HICP_MINR(1.0),02/10/26 11:00:00,Monthly,"Index, 2025=100",Total,Romania,2016-06,61.82,,
ESTAT:PRC_HICP_MINR(1.0),02/10/26 11:00:00,Monthly,"Index, 2025=100",Total,Romania,2016-07,61.69,,
ESTAT:PRC_HICP_MINR(1.0),02/10/26 11:00:00,Monthly,"Index, 2025=100",Total,Romania,2016-08,61.69,,
ESTAT:PRC_HICP_MINR(1.0),02/10/26 11:00:00,Monthly,"Index, 2025=100",Total,Romania,2016-09,61.59,,
ESTAT:PRC_HICP_MINR(1.0),02/10/26 11:00:00,Monthly,"Index, 2025=100",Total,Romania,2016-10,61.91,,
ESTAT:PRC_HICP_MINR(1.0),02/10/26 11:00:00,Monthly,"Index, 2025=100",Total,Romania,2016-11,61.93,,
ESTAT:PRC_HICP_MINR(1.0),02/10/26 11:00:00,Monthly,"Index, 2025=100",Total,Romania,2016-12,62.11,,
ESTAT:PRC_HICP_MINR(1.0),02/10/26 11:00:00,Monthly,"Index, 2025=100",Total,Romania,2017-01,62.03,,
ESTAT:PRC_HICP_MINR(1.0),02/10/26 11:00:00,Monthly,"Index, 2025=100",Total,Romania,2017-02,61.96,,
ESTAT:PRC_HICP_MINR(1.0),02/10/26 11:00:00,Monthly,"Index, 2025=100",Total,Romania,2017-03,62.01,,
ESTAT:PRC_HICP_MINR(1.0),02/10/26 11:00:00,Monthly,"Index, 2025=100",Total,Romania,2017-04,62.14,,
ESTAT:PRC_HICP_MINR(1.0),02/10/26 11:00:00,Monthly,"Index, 2025=100",Total,Romania,2017-05,62.28,,
ESTAT:PRC_HICP_MINR(1.0),02/10/26 11:00:00,Monthly,"Index, 2025=100",Total,Romania,2017-06,62.23,,
ESTAT:PRC_HICP_MINR(1.0),02/10/26 11:00:00,Monthly,"Index, 2025=100",Total,Romania,2017-07,62.23,,
ESTAT:PRC_HICP_MINR(1.0),02/10/26 11:00:00,Monthly,"Index, 2025=100",Total,Romania,2017-08,62.08,,
ESTAT:PRC_HICP_MINR(1.0),02/10/26 11:00:00,Monthly,"Index, 2025=100",Total,Romania,2017-09,62.43,,
ESTAT:PRC_HICP_MINR(1.0),02/10/26 11:00:00,Monthly,"Index, 2025=100",Total,Romania,2017-10,63.12,,
ESTAT:PRC_HICP_MINR(1.0),02/10/26 11:00:00,Monthly,"Index, 2025=100",Total,Romania,2017-11,63.53,,
ESTAT:PRC_HICP_MINR(1.0),02/10/26 11:00:00,Monthly,"Index, 2025=100",Total,Romania,2017-12,63.72,,
ESTAT:PRC_HICP_MINR(1.0),02/10/26 11:00:00,Monthly,"Index, 2025=100",Total,Romania,2018-01,64.14,,
ESTAT:PRC_HICP_MINR(1.0),02/10/26 11:00:00,Monthly,"Index, 2025=100",Total,Romania,2018-02,64.29,,
ESTAT:PRC_HICP_MINR(1.0),02/10/26 11:00:00,Monthly,"Index, 2025=100",Total,Romania,2018-03,64.49,,
ESTAT:PRC_HICP_MINR(1.0),02/10/26 11:00:00,Monthly,"Index, 2025=100",Total,Romania,2018-04,64.78,,
ESTAT:PRC_HICP_MINR(1.0),02/10/26 11:00:00,Monthly,"Index, 2025=100",Total,Romania,2018-05,65.15,,
ESTAT:PRC_HICP_MINR(1.0),02/10/26 11:00:00,Monthly,"Index, 2025=100",Total,Romania,2018-06,65.18,,
ESTAT:PRC_HICP_MINR(1.0),02/10/26 11:00:00,Monthly,"Index, 2025=100",Total,Romania,2018-07,64.94,,
ESTAT:PRC_HICP_MINR(1.0),02/10/26 11:00:00,Monthly,"Index, 2025=100",Total,Romania,2018-08,64.99,,
ESTAT:PRC_HICP_MINR(1.0),02/10/26 11:00:00,Monthly,"Index, 2025=100",Total,Romania,2018-09,65.36,,
ESTAT:PRC_HICP_MINR(1.0),02/10/26 11:00:00,Monthly,"Index, 2025=100",Total,Romania,2018-10,65.76,,
ESTAT:PRC_HICP_MINR(1.0),02/10/26 11:00:00,Monthly,"Index, 2025=100",Total,Romania,2018-11,65.58,,
ESTAT:PRC_HICP_MINR(1.0),02/10/26 11:00:00,Monthly,"Index, 2025=100",Total,Romania,2018-12,65.64,,
ESTAT:PRC_HICP_MINR(1.0),02/10/26 11:00:00,Monthly,"Index, 2025=100",Total,Romania,2019-01,66.21,,
ESTAT:PRC_HICP_MINR(1.0),02/10/26 11:00:00,Monthly,"Index, 2025=100",Total,Romania,2019-02,66.85,,
ESTAT:PRC_HICP_MINR(1.0),02/10/26 11:00:00,Monthly,"Index, 2025=100",Total,Romania,2019-03,67.21,,
ESTAT:PRC_HICP_MINR(1.0),02/10/26 11:00:00,Monthly,"Index, 2025=100",Total,Romania,2019-04,67.66,,
ESTAT:PRC_HICP_MINR(1.0),02/10/26 11:00:00,Monthly,"Index, 2025=100",Total,Romania,2019-05,68.01,,
ESTAT:PRC_HICP_MINR(1.0),02/10/26 11:00:00,Monthly,"Index, 2025=100",Total,Romania,2019-06,67.74,,
ESTAT:PRC_HICP_MINR(1.0),02/10/26 11:00:00,Monthly,"Index, 2025=100",Total,Romania,2019-07,67.62,,
ESTAT:PRC_HICP_MINR(1.0),02/10/26 11:00:00,Monthly,"Index, 2025=100",Total,Romania,2019-08,67.62,,
ESTAT:PRC_HICP_MINR(1.0),02/10/26 11:00:00,Monthly,"Index, 2025=100",Total,Romania,2019-09,67.66,,
ESTAT:PRC_HICP_MINR(1.0),02/10/26 11:00:00,Monthly,"Index, 2025=100",Total,Romania,2019-10,67.90,,
ESTAT:PRC_HICP_MINR(1.0),02/10/26 11:00:00,Monthly,"Index, 2025=100",Total,Romania,2019-11,68.04,,
ESTAT:PRC_HICP_MINR(1.0),02/10/26 11:00:00,Monthly,"Index, 2025=100",Total,Romania,2019-12,68.30,,
ESTAT:PRC_HICP_MINR(1.0),02/10/26 11:00:00,Monthly,"Index, 2025=100",Total,Romania,2020-01,68.78,,
ESTAT:PRC_HICP_MINR(1.0),02/10/26 11:00:00,Monthly,"Index, 2025=100",Total,Romania,2020-02,68.76,,
ESTAT:PRC_HICP_MINR(1.0),02/10/26 11:00:00,Monthly,"Index, 2025=100",Total,Romania,2020-03,69.02,,
ESTAT:PRC_HICP_MINR(1.0),02/10/26 11:00:00,Monthly,"Index, 2025=100",Total,Romania,2020-04,69.20,,
ESTAT:PRC_HICP_MINR(1.0),02/10/26 11:00:00,Monthly,"Index, 2025=100",Total,Romania,2020-05,69.20,,
ESTAT:PRC_HICP_MINR(1.0),02/10/26 11:00:00,Monthly,"Index, 2025=100",Total,Romania,2020-06,69.21,,
ESTAT:PRC_HICP_MINR(1.0),02/10/26 11:00:00,Monthly,"Index, 2025=100",Total,Romania,2020-07,69.32,,
ESTAT:PRC_HICP_MINR(1.0),02/10/26 11:00:00,Monthly,"Index, 2025=100",Total,Romania,2020-08,69.30,,
ESTAT:PRC_HICP_MINR(1.0),02/10/26 11:00:00,Monthly,"Index, 2025=100",Total,Romania,2020-09,69.06,,
ESTAT:PRC_HICP_MINR(1.0),02/10/26 11:00:00,Monthly,"Index, 2025=100",Total,Romania,2020-10,69.14,,
ESTAT:PRC_HICP_MINR(1.0),02/10/26 11:00:00,Monthly,"Index, 2025=100",Total,Romania,2020-11,69.16,,
ESTAT:PRC_HICP_MINR(1.0),02/10/26 11:00:00,Monthly,"Index, 2025=100",Total,Romania,2020-12,69.55,,
ESTAT:PRC_HICP_MINR(1.0),02/10/26 11:00:00,Monthly,"Index, 2025=100",Total,Romania,2021-01,70.16,,
ESTAT:PRC_HICP_MINR(1.0),02/10/26 11:00:00,Monthly,"Index, 2025=100",Total,Romania,2021-02,70.45,,
ESTAT:PRC_HICP_MINR(1.0),02/10/26 11:00:00,Monthly,"Index, 2025=100",Total,Romania,2021-03,70.74,,
ESTAT:PRC_HICP_MINR(1.0),02/10/26 11:00:00,Monthly,"Index, 2025=100",Total,Romania,2021-04,71.04,,
ESTAT:PRC_HICP_MINR(1.0),02/10/26 11:00:00,Monthly,"Index, 2025=100",Total,Romania,2021-05,71.44,,
ESTAT:PRC_HICP_MINR(1.0),02/10/26 11:00:00,Monthly,"Index, 2025=100",Total,Romania,2021-06,71.61,,
ESTAT:PRC_HICP_MINR(1.0),02/10/26 11:00:00,Monthly,"Index, 2025=100",Total,Romania,2021-07,71.94,,
ESTAT:PRC_HICP_MINR(1.0),02/10/26 11:00:00,Monthly,"Index, 2025=100",Total,Romania,2021-08,72.07,,
ESTAT:PRC_HICP_MINR(1.0),02/10/26 11:00:00,Monthly,"Index, 2025=100",Total,Romania,2021-09,72.67,,
ESTAT:PRC_HICP_MINR(1.0),02/10/26 11:00:00,Monthly,"Index, 2025=100",Total,Romania,2021-10,73.63,,
ESTAT:PRC_HICP_MINR(1.0),02/10/26 11:00:00,Monthly,"Index, 2025=100",Total,Romania,2021-11,73.82,,
ESTAT:PRC_HICP_MINR(1.0),02/10/26 11:00:00,Monthly,"Index, 2025=100",Total,Romania,2021-12,74.20,,
ESTAT:PRC_HICP_MINR(1.0),02/10/26 11:00:00,Monthly,"Index, 2025=100",Total,Romania,2022-01,75.24,,
ESTAT:PRC_HICP_MINR(1.0),02/10/26 11:00:00,Monthly,"Index, 2025=100",Total,Romania,2022-02,76.02,,
ESTAT:PRC_HICP_MINR(1.0),02/10/26 11:00:00,Monthly,"Index, 2025=100",Total,Romania,2022-03,77.51,,
ESTAT:PRC_HICP_MINR(1.0),02/10/26 11:00:00,Monthly,"Index, 2025=100",Total,Romania,2022-04,79.34,,
ESTAT:PRC_HICP_MINR(1.0),02/10/26 11:00:00,Monthly,"Index, 2025=100",Total,Romania,2022-05,80.31,,
ESTAT:PRC_HICP_MINR(1.0),02/10/26 11:00:00,Monthly,"Index, 2025=100",Total,Romania,2022-06,80.94,,
ESTAT:PRC_HICP_MINR(1.0),02/10/26 11:00:00,Monthly,"Index, 2025=100",Total,Romania,2022-07,81.31,,
ESTAT:PRC_HICP_MINR(1.0),02/10/26 11:00:00,Monthly,"Index, 2025=100",Total,Romania,2022-08,81.67,,
ESTAT:PRC_HICP_MINR(1.0),02/10/26 11:00:00,Monthly,"Index, 2025=100",Total,Romania,2022-09,82.43,,
ESTAT:PRC_HICP_MINR(1.0),02/10/26 11:00:00,Monthly,"Index, 2025=100",Total,Romania,2022-10,83.55,,
ESTAT:PRC_HICP_MINR(1.0),02/10/26 11:00:00,Monthly,"Index, 2025=100",Total,Romania,2022-11,84.59,,
ESTAT:PRC_HICP_MINR(1.0),02/10/26 11:00:00,Monthly,"Index, 2025=100",Total,Romania,2022-12,84.68,,
ESTAT:PRC_HICP_MINR(1.0),02/10/26 11:00:00,Monthly,"Index, 2025=100",Total,Romania,2023-01,85.35,,
ESTAT:PRC_HICP_MINR(1.0),02/10/26 11:00:00,Monthly,"Index, 2025=100",Total,Romania,2023-02,86.19,,
ESTAT:PRC_HICP_MINR(1.0),02/10/26 11:00:00,Monthly,"Index, 2025=100",Total,Romania,2023-03,86.92,,
ESTAT:PRC_HICP_MINR(1.0),02/10/26 11:00:00,Monthly,"Index, 2025=100",Total,Romania,2023-04,87.60,,
ESTAT:PRC_HICP_MINR(1.0),02/10/26 11:00:00,Monthly,"Index, 2025=100",Total,Romania,2023-05,88.02,,
ESTAT:PRC_HICP_MINR(1.0),02/10/26 11:00:00,Monthly,"Index, 2025=100",Total,Romania,2023-06,88.43,,
ESTAT:PRC_HICP_MINR(1.0),02/10/26 11:00:00,Monthly,"Index, 2025=100",Total,Romania,2023-07,88.57,,
ESTAT:PRC_HICP_MINR(1.0),02/10/26 11:00:00,Monthly,"Index, 2025=100",Total,Romania,2023-08,89.26,,
ESTAT:PRC_HICP_MINR(1.0),02/10/26 11:00:00,Monthly,"Index, 2025=100",Total,Romania,2023-09,89.99,,
ESTAT:PRC_HICP_MINR(1.0),02/10/26 11:00:00,Monthly,"Index, 2025=100",Total,Romania,2023-10,90.51,,
ESTAT:PRC_HICP_MINR(1.0),02/10/26 11:00:00,Monthly,"Index, 2025=100",Total,Romania,2023-11,90.42,,
ESTAT:PRC_HICP_MINR(1.0),02/10/26 11:00:00,Monthly,"Index, 2025=100",Total,Romania,2023-12,90.62,,
ESTAT:PRC_HICP_MINR(1.0),02/10/26 11:00:00,Monthly,"Index, 2025=100",Total,Romania,2024-01,91.62,,
ESTAT:PRC_HICP_MINR(1.0),02/10/26 11:00:00,Monthly,"Index, 2025=100",Total,Romania,2024-02,92.33,,
ESTAT:PRC_HICP_MINR(1.0),02/10/26 11:00:00,Monthly,"Index, 2025=100",Total,Romania,2024-03,92.74,,
ESTAT:PRC_HICP_MINR(1.0),02/10/26 11:00:00,Monthly,"Index, 2025=100",Total,Romania,2024-04,93.07,,
ESTAT:PRC_HICP_MINR(1.0),02/10/26 11:00:00,Monthly,"Index, 2025=100",Total,Romania,2024-05,93.10,,
ESTAT:PRC_HICP_MINR(1.0),02/10/26 11:00:00,Monthly,"Index, 2025=100",Total,Romania,2024-06,93.16,,
ESTAT:PRC_HICP_MINR(1.0),02/10/26 11:00:00,Monthly,"Index, 2025=100",Total,Romania,2024-07,93.71,,
ESTAT:PRC_HICP_MINR(1.0),02/10/26 11:00:00,Monthly,"Index, 2025=100",Total,Romania,2024-08,93.97,,
ESTAT:PRC_HICP_MINR(1.0),02/10/26 11:00:00,Monthly,"Index, 2025=100",Total,Romania,2024-09,94.35,,
ESTAT:PRC_HICP_MINR(1.0),02/10/26 11:00:00,Monthly,"Index, 2025=100",Total,Romania,2024-10,95.02,,
ESTAT:PRC_HICP_MINR(1.0),02/10/26 11:00:00,Monthly,"Index, 2025=100",Total,Romania,2024-11,95.32,,
ESTAT:PRC_HICP_MINR(1.0),02/10/26 11:00:00,Monthly,"Index, 2025=100",Total,Romania,2024-12,95.56,,
ESTAT:PRC_HICP_MINR(1.0),02/10/26 11:00:00,Monthly,"Index, 2025=100",Total,Romania,2025-01,96.45,,
ESTAT:PRC_HICP_MINR(1.0),02/10/26 11:00:00,Monthly,"Index, 2025=100",Total,Romania,2025-02,97.11,,
ESTAT:PRC_HICP_MINR(1.0),02/10/26 11:00:00,Monthly,"Index, 2025=100",Total,Romania,2025-03,97.45,,
ESTAT:PRC_HICP_MINR(1.0),02/10/26 11:00:00,Monthly,"Index, 2025=100",Total,Romania,2025-04,97.65,,
ESTAT:PRC_HICP_MINR(1.0),02/10/26 11:00:00,Monthly,"Index, 2025=100",Total,Romania,2025-05,98.13,,
ESTAT:PRC_HICP_MINR(1.0),02/10/26 11:00:00,Monthly,"Index, 2025=100",Total,Romania,2025-06,98.55,,
ESTAT:PRC_HICP_MINR(1.0),02/10/26 11:00:00,Monthly,"Index, 2025=100",Total,Romania,2025-07,99.88,,
ESTAT:PRC_HICP_MINR(1.0),02/10/26 11:00:00,Monthly,"Index, 2025=100",Total,Romania,2025-08,101.97,,
ESTAT:PRC_HICP_MINR(1.0),02/10/26 11:00:00,Monthly,"Index, 2025=100",Total,Romania,2025-09,102.48,,
ESTAT:PRC_HICP_MINR(1.0),02/10/26 11:00:00,Monthly,"Index, 2025=100",Total,Romania,2025-10,103.04,,
ESTAT:PRC_HICP_MINR(1.0),02/10/26 11:00:00,Monthly,"Index, 2025=100",Total,Romania,2025-11,103.54,,
ESTAT:PRC_HICP_MINR(1.0),02/10/26 11:00:00,Monthly,"Index, 2025=100",Total,Romania,2025-12,103.78,,
ESTAT:PRC_HICP_MINR(1.0),02/10/26 11:00:00,Monthly,"Index, 2025=100",Total,Sweden,2006-01,65.77,,
ESTAT:PRC_HICP_MINR(1.0),02/10/26 11:00:00,Monthly,"Index, 2025=100",Total,Sweden,2006-02,66.00,,
ESTAT:PRC_HICP_MINR(1.0),02/10/26 11:00:00,Monthly,"Index, 2025=100",Total,Sweden,2006-03,66.44,,
ESTAT:PRC_HICP_MINR(1.0),02/10/26 11:00:00,Monthly,"Index, 2025=100",Total,Sweden,2006-04,66.80,,
ESTAT:PRC_HICP_MINR(1.0),02/10/26 11:00:00,Monthly,"Index, 2025=100",Total,Sweden,2006-05,66.93,,
ESTAT:PRC_HICP_MINR(1.0),02/10/26 11:00:00,Monthly,"Index, 2025=100",Total,Sweden,2006-06,66.93,,
ESTAT:PRC_HICP_MINR(1.0),02/10/26 11:00:00,Monthly,"Index, 2025=100",Total,Sweden,2006-07,66.71,,
ESTAT:PRC_HICP_MINR(1.0),02/10/26 11:00:00,Monthly,"Index, 2025=100",Total,Sweden,2006-08,66.73,,
ESTAT:PRC_HICP_MINR(1.0),02/10/26 11:00:00,Monthly,"Index, 2025=100",Total,Sweden,2006-09,67.05,,
ESTAT:PRC_HICP_MINR(1.0),02/10/26 11:00:00,Monthly,"Index, 2025=100",Total,Sweden,2006-10,67.19,,
ESTAT:PRC_HICP_MINR(1.0),02/10/26 11:00:00,Monthly,"Index, 2025=100",Total,Sweden,2006-11,67.19,,
ESTAT:PRC_HICP_MINR(1.0),02/10/26 11:00:00,Monthly,"Index, 2025=100",Total,Sweden,2006-12,67.18,,
ESTAT:PRC_HICP_MINR(1.0),02/10/26 11:00:00,Monthly,"Index, 2025=100",Total,Sweden,2007-01,66.84,,
ESTAT:PRC_HICP_MINR(1.0),02/10/26 11:00:00,Monthly,"Index, 2025=100",Total,Sweden,2007-02,67.15,,
ESTAT:PRC_HICP_MINR(1.0),02/10/26 11:00:00,Monthly,"Index, 2025=100",Total,Sweden,2007-03,67.53,,
ESTAT:PRC_HICP_MINR(1.0),02/10/26 11:00:00,Monthly,"Index, 2025=100",Total,Sweden,2007-04,67.84,,
ESTAT:PRC_HICP_MINR(1.0),02/10/26 11:00:00,Monthly,"Index, 2025=100",Total,Sweden,2007-05,67.75,,
ESTAT:PRC_HICP_MINR(1.0),02/10/26 11:00:00,Monthly,"Index, 2025=100",Total,Sweden,2007-06,67.83,,
ESTAT:PRC_HICP_MINR(1.0),02/10/26 11:00:00,Monthly,"Index, 2025=100",Total,Sweden,2007-07,67.62,,
ESTAT:PRC_HICP_MINR(1.0),02/10/26 11:00:00,Monthly,"Index, 2025=100",Total,Sweden,2007-08,67.54,,
ESTAT:PRC_HICP_MINR(1.0),02/10/26 11:00:00,Monthly,"Index, 2025=100",Total,Sweden,2007-09,68.11,,
ESTAT:PRC_HICP_MINR(1.0),02/10/26 11:00:00,Monthly,"Index, 2025=100",Total,Sweden,2007-10,68.45,,
ESTAT:PRC_HICP_MINR(1.0),02/10/26 11:00:00,Monthly,"Index, 2025=100",Total,Sweden,2007-11,68.83,,
ESTAT:PRC_HICP_MINR(1.0),02/10/26 11:00:00,Monthly,"Index, 2025=100",Total,Sweden,2007-12,68.87,,
ESTAT:PRC_HICP_MINR(1.0),02/10/26 11:00:00,Monthly,"Index, 2025=100",Total,Sweden,2008-01,68.87,,
ESTAT:PRC_HICP_MINR(1.0),02/10/26 11:00:00,Monthly,"Index, 2025=100",Total,Sweden,2008-02,69.13,,
ESTAT:PRC_HICP_MINR(1.0),02/10/26 11:00:00,Monthly,"Index, 2025=100",Total,Sweden,2008-03,69.74,,
ESTAT:PRC_HICP_MINR(1.0),02/10/26 11:00:00,Monthly,"Index, 2025=100",Total,Sweden,2008-04,70.00,,
ESTAT:PRC_HICP_MINR(1.0),02/10/26 11:00:00,Monthly,"Index, 2025=100",Total,Sweden,2008-05,70.28,,
ESTAT:PRC_HICP_MINR(1.0),02/10/26 11:00:00,Monthly,"Index, 2025=100",Total,Sweden,2008-06,70.55,,
ESTAT:PRC_HICP_MINR(1.0),02/10/26 11:00:00,Monthly,"Index, 2025=100",Total,Sweden,2008-07,70.21,,
ESTAT:PRC_HICP_MINR(1.0),02/10/26 11:00:00,Monthly,"Index, 2025=100",Total,Sweden,2008-08,70.28,,
ESTAT:PRC_HICP_MINR(1.0),02/10/26 11:00:00,Monthly,"Index, 2025=100",Total,Sweden,2008-09,70.96,,
ESTAT:PRC_HICP_MINR(1.0),02/10/26 11:00:00,Monthly,"Index, 2025=100",Total,Sweden,2008-10,70.81,,
ESTAT:PRC_HICP_MINR(1.0),02/10/26 11:00:00,Monthly,"Index, 2025=100",Total,Sweden,2008-11,70.46,,
ESTAT:PRC_HICP_MINR(1.0),02/10/26 11:00:00,Monthly,"Index, 2025=100",Total,Sweden,2008-12,70.34,,
ESTAT:PRC_HICP_MINR(1.0),02/10/26 11:00:00,Monthly,"Index, 2025=100",Total,Sweden,2009-01,70.28,,
ESTAT:PRC_HICP_MINR(1.0),02/10/26 11:00:00,Monthly,"Index, 2025=100",Total,Sweden,2009-02,70.67,,
ESTAT:PRC_HICP_MINR(1.0),02/10/26 11:00:00,Monthly,"Index, 2025=100",Total,Sweden,2009-03,71.05,,
ESTAT:PRC_HICP_MINR(1.0),02/10/26 11:00:00,Monthly,"Index, 2025=100",Total,Sweden,2009-04,71.25,,
ESTAT:PRC_HICP_MINR(1.0),02/10/26 11:00:00,Monthly,"Index, 2025=100",Total,Sweden,2009-05,71.50,,
ESTAT:PRC_HICP_MINR(1.0),02/10/26 11:00:00,Monthly,"Index, 2025=100",Total,Sweden,2009-06,71.64,,
ESTAT:PRC_HICP_MINR(1.0),02/10/26 11:00:00,Monthly,"Index, 2025=100",Total,Sweden,2009-07,71.47,,
ESTAT:PRC_HICP_MINR(1.0),02/10/26 11:00:00,Monthly,"Index, 2025=100",Total,Sweden,2009-08,71.61,,
ESTAT:PRC_HICP_MINR(1.0),02/10/26 11:00:00,Monthly,"Index, 2025=100",Total,Sweden,2009-09,71.92,,
ESTAT:PRC_HICP_MINR(1.0),02/10/26 11:00:00,Monthly,"Index, 2025=100",Total,Sweden,2009-10,72.11,,
ESTAT:PRC_HICP_MINR(1.0),02/10/26 11:00:00,Monthly,"Index, 2025=100",Total,Sweden,2009-11,72.13,,
ESTAT:PRC_HICP_MINR(1.0),02/10/26 11:00:00,Monthly,"Index, 2025=100",Total,Sweden,2009-12,72.31,,
ESTAT:PRC_HICP_MINR(1.0),02/10/26 11:00:00,Monthly,"Index, 2025=100",Total,Sweden,2010-01,72.18,,
ESTAT:PRC_HICP_MINR(1.0),02/10/26 11:00:00,Monthly,"Index, 2025=100",Total,Sweden,2010-02,72.63,,
ESTAT:PRC_HICP_MINR(1.0),02/10/26 11:00:00,Monthly,"Index, 2025=100",Total,Sweden,2010-03,72.81,,
ESTAT:PRC_HICP_MINR(1.0),02/10/26 11:00:00,Monthly,"Index, 2025=100",Total,Sweden,2010-04,72.76,,
ESTAT:PRC_HICP_MINR(1.0),02/10/26 11:00:00,Monthly,"Index, 2025=100",Total,Sweden,2010-05,72.82,,
ESTAT:PRC_HICP_MINR(1.0),02/10/26 11:00:00,Monthly,"Index, 2025=100",Total,Sweden,2010-06,72.77,,
ESTAT:PRC_HICP_MINR(1.0),02/10/26 11:00:00,Monthly,"Index, 2025=100",Total,Sweden,2010-07,72.46,,
ESTAT:PRC_HICP_MINR(1.0),02/10/26 11:00:00,Monthly,"Index, 2025=100",Total,Sweden,2010-08,72.41,,
ESTAT:PRC_HICP_MINR(1.0),02/10/26 11:00:00,Monthly,"Index, 2025=100",Total,Sweden,2010-09,73.01,,
ESTAT:PRC_HICP_MINR(1.0),02/10/26 11:00:00,Monthly,"Index, 2025=100",Total,Sweden,2010-10,73.24,,
ESTAT:PRC_HICP_MINR(1.0),02/10/26 11:00:00,Monthly,"Index, 2025=100",Total,Sweden,2010-11,73.38,,
ESTAT:PRC_HICP_MINR(1.0),02/10/26 11:00:00,Monthly,"Index, 2025=100",Total,Sweden,2010-12,73.83,,
ESTAT:PRC_HICP_MINR(1.0),02/10/26 11:00:00,Monthly,"Index, 2025=100",Total,Sweden,2011-01,73.17,,
ESTAT:PRC_HICP_MINR(1.0),02/10/26 11:00:00,Monthly,"Index, 2025=100",Total,Sweden,2011-02,73.53,,
ESTAT:PRC_HICP_MINR(1.0),02/10/26 11:00:00,Monthly,"Index, 2025=100",Total,Sweden,2011-03,73.82,,
ESTAT:PRC_HICP_MINR(1.0),02/10/26 11:00:00,Monthly,"Index, 2025=100",Total,Sweden,2011-04,74.06,,
ESTAT:PRC_HICP_MINR(1.0),02/10/26 11:00:00,Monthly,"Index, 2025=100",Total,Sweden,2011-05,74.09,,
ESTAT:PRC_HICP_MINR(1.0),02/10/26 11:00:00,Monthly,"Index, 2025=100",Total,Sweden,2011-06,73.85,,
ESTAT:PRC_HICP_MINR(1.0),02/10/26 11:00:00,Monthly,"Index, 2025=100",Total,Sweden,2011-07,73.65,,
ESTAT:PRC_HICP_MINR(1.0),02/10/26 11:00:00,Monthly,"Index, 2025=100",Total,Sweden,2011-08,73.60,,
ESTAT:PRC_HICP_MINR(1.0),02/10/26 11:00:00,Monthly,"Index, 2025=100",Total,Sweden,2011-09,74.12,,
ESTAT:PRC_HICP_MINR(1.0),02/10/26 11:00:00,Monthly,"Index, 2025=100",Total,Sweden,2011-10,74.03,,
ESTAT:PRC_HICP_MINR(1.0),02/10/26 11:00:00,Monthly,"Index, 2025=100",Total,Sweden,2011-11,74.18,,
ESTAT:PRC_HICP_MINR(1.0),02/10/26 11:00:00,Monthly,"Index, 2025=100",Total,Sweden,2011-12,74.16,,
ESTAT:PRC_HICP_MINR(1.0),02/10/26 11:00:00,Monthly,"Index, 2025=100",Total,Sweden,2012-01,73.72,,
ESTAT:PRC_HICP_MINR(1.0),02/10/26 11:00:00,Monthly,"Index, 2025=100",Total,Sweden,2012-02,74.27,,
ESTAT:PRC_HICP_MINR(1.0),02/10/26 11:00:00,Monthly,"Index, 2025=100",Total,Sweden,2012-03,74.60,,
ESTAT:PRC_HICP_MINR(1.0),02/10/26 11:00:00,Monthly,"Index, 2025=100",Total,Sweden,2012-04,74.79,,
ESTAT:PRC_HICP_MINR(1.0),02/10/26 11:00:00,Monthly,"Index, 2025=100",Total,Sweden,2012-05,74.76,,
ESTAT:PRC_HICP_MINR(1.0),02/10/26 11:00:00,Monthly,"Index, 2025=100",Total,Sweden,2012-06,74.53,,
ESTAT:PRC_HICP_MINR(1.0),02/10/26 11:00:00,Monthly,"Index, 2025=100",Total,Sweden,2012-07,74.19,,
ESTAT:PRC_HICP_MINR(1.0),02/10/26 11:00:00,Monthly,"Index, 2025=100",Total,Sweden,2012-08,74.28,,
ESTAT:PRC_HICP_MINR(1.0),02/10/26 11:00:00,Monthly,"Index, 2025=100",Total,Sweden,2012-09,74.83,,
ESTAT:PRC_HICP_MINR(1.0),02/10/26 11:00:00,Monthly,"Index, 2025=100",Total,Sweden,2012-10,74.91,,
ESTAT:PRC_HICP_MINR(1.0),02/10/26 11:00:00,Monthly,"Index, 2025=100",Total,Sweden,2012-11,74.75,,
ESTAT:PRC_HICP_MINR(1.0),02/10/26 11:00:00,Monthly,"Index, 2025=100",Total,Sweden,2012-12,74.93,,
ESTAT:PRC_HICP_MINR(1.0),02/10/26 11:00:00,Monthly,"Index, 2025=100",Total,Sweden,2013-01,74.20,,
ESTAT:PRC_HICP_MINR(1.0),02/10/26 11:00:00,Monthly,"Index, 2025=100",Total,Sweden,2013-02,74.62,,
ESTAT:PRC_HICP_MINR(1.0),02/10/26 11:00:00,Monthly,"Index, 2025=100",Total,Sweden,2013-03,75.00,,
ESTAT:PRC_HICP_MINR(1.0),02/10/26 11:00:00,Monthly,"Index, 2025=100",Total,Sweden,2013-04,74.82,,
ESTAT:PRC_HICP_MINR(1.0),02/10/26 11:00:00,Monthly,"Index, 2025=100",Total,Sweden,2013-05,74.98,,
ESTAT:PRC_HICP_MINR(1.0),02/10/26 11:00:00,Monthly,"Index, 2025=100",Total,Sweden,2013-06,74.87,,
ESTAT:PRC_HICP_MINR(1.0),02/10/26 11:00:00,Monthly,"Index, 2025=100",Total,Sweden,2013-07,74.77,,
ESTAT:PRC_HICP_MINR(1.0),02/10/26 11:00:00,Monthly,"Index, 2025=100",Total,Sweden,2013-08,74.87,,
ESTAT:PRC_HICP_MINR(1.0),02/10/26 11:00:00,Monthly,"Index, 2025=100",Total,Sweden,2013-09,75.19,,
ESTAT:PRC_HICP_MINR(1.0),02/10/26 11:00:00,Monthly,"Index, 2025=100",Total,Sweden,2013-10,75.03,,
ESTAT:PRC_HICP_MINR(1.0),02/10/26 11:00:00,Monthly,"Index, 2025=100",Total,Sweden,2013-11,74.97,,
ESTAT:PRC_HICP_MINR(1.0),02/10/26 11:00:00,Monthly,"Index, 2025=100",Total,Sweden,2013-12,75.20,,
ESTAT:PRC_HICP_MINR(1.0),02/10/26 11:00:00,Monthly,"Index, 2025=100",Total,Sweden,2014-01,74.31,,
ESTAT:PRC_HICP_MINR(1.0),02/10/26 11:00:00,Monthly,"Index, 2025=100",Total,Sweden,2014-02,74.71,,
ESTAT:PRC_HICP_MINR(1.0),02/10/26 11:00:00,Monthly,"Index, 2025=100",Total,Sweden,2014-03,74.74,,
ESTAT:PRC_HICP_MINR(1.0),02/10/26 11:00:00,Monthly,"Index, 2025=100",Total,Sweden,2014-04,75.04,,
ESTAT:PRC_HICP_MINR(1.0),02/10/26 11:00:00,Monthly,"Index, 2025=100",Total,Sweden,2014-05,75.09,,
ESTAT:PRC_HICP_MINR(1.0),02/10/26 11:00:00,Monthly,"Index, 2025=100",Total,Sweden,2014-06,75.26,,
ESTAT:PRC_HICP_MINR(1.0),02/10/26 11:00:00,Monthly,"Index, 2025=100",Total,Sweden,2014-07,75.07,,
ESTAT:PRC_HICP_MINR(1.0),02/10/26 11:00:00,Monthly,"Index, 2025=100",Total,Sweden,2014-08,75.04,,
ESTAT:PRC_HICP_MINR(1.0),02/10/26 11:00:00,Monthly,"Index, 2025=100",Total,Sweden,2014-09,75.22,,
ESTAT:PRC_HICP_MINR(1.0),02/10/26 11:00:00,Monthly,"Index, 2025=100",Total,Sweden,2014-10,75.27,,
ESTAT:PRC_HICP_MINR(1.0),02/10/26 11:00:00,Monthly,"Index, 2025=100",Total,Sweden,2014-11,75.21,,
ESTAT:PRC_HICP_MINR(1.0),02/10/26 11:00:00,Monthly,"Index, 2025=100",Total,Sweden,2014-12,75.41,,
ESTAT:PRC_HICP_MINR(1.0),02/10/26 11:00:00,Monthly,"Index, 2025=100",Total,Sweden,2015-01,74.58,,
ESTAT:PRC_HICP_MINR(1.0),02/10/26 11:00:00,Monthly,"Index, 2025=100",Total,Sweden,2015-02,75.21,,
ESTAT:PRC_HICP_MINR(1.0),02/10/26 11:00:00,Monthly,"Index, 2025=100",Total,Sweden,2015-03,75.30,,
ESTAT:PRC_HICP_MINR(1.0),02/10/26 11:00:00,Monthly,"Index, 2025=100",Total,Sweden,2015-04,75.42,,
ESTAT:PRC_HICP_MINR(1.0),02/10/26 11:00:00,Monthly,"Index, 2025=100",Total,Sweden,2015-05,75.75,,
ESTAT:PRC_HICP_MINR(1.0),02/10/26 11:00:00,Monthly,"Index, 2025=100",Total,Sweden,2015-06,75.56,,
ESTAT:PRC_HICP_MINR(1.0),02/10/26 11:00:00,Monthly,"Index, 2025=100",Total,Sweden,2015-07,75.66,,
ESTAT:PRC_HICP_MINR(1.0),02/10/26 11:00:00,Monthly,"Index, 2025=100",Total,Sweden,2015-08,75.52,,
ESTAT:PRC_HICP_MINR(1.0),02/10/26 11:00:00,Monthly,"Index, 2025=100",Total,Sweden,2015-09,75.90,,
ESTAT:PRC_HICP_MINR(1.0),02/10/26 11:00:00,Monthly,"Index, 2025=100",Total,Sweden,2015-10,75.97,,
ESTAT:PRC_HICP_MINR(1.0),02/10/26 11:00:00,Monthly,"Index, 2025=100",Total,Sweden,2015-11,75.84,,
ESTAT:PRC_HICP_MINR(1.0),02/10/26 11:00:00,Monthly,"Index, 2025=100",Total,Sweden,2015-12,75.97,,
ESTAT:PRC_HICP_MINR(1.0),02/10/26 11:00:00,Monthly,"Index, 2025=100",Total,Sweden,2016-01,75.53,,
ESTAT:PRC_HICP_MINR(1.0),02/10/26 11:00:00,Monthly,"Index, 2025=100",Total,Sweden,2016-02,75.79,,
ESTAT:PRC_HICP_MINR(1.0),02/10/26 11:00:00,Monthly,"Index, 2025=100",Total,Sweden,2016-03,76.20,,
ESTAT:PRC_HICP_MINR(1.0),02/10/26 11:00:00,Monthly,"Index, 2025=100",Total,Sweden,2016-04,76.21,,
ESTAT:PRC_HICP_MINR(1.0),02/10/26 11:00:00,Monthly,"Index, 2025=100",Total,Sweden,2016-05,76.37,,
ESTAT:PRC_HICP_MINR(1.0),02/10/26 11:00:00,Monthly,"Index, 2025=100",Total,Sweden,2016-06,76.45,,
ESTAT:PRC_HICP_MINR(1.0),02/10/26 11:00:00,Monthly,"Index, 2025=100",Total,Sweden,2016-07,76.52,,
ESTAT:PRC_HICP_MINR(1.0),02/10/26 11:00:00,Monthly,"Index, 2025=100",Total,Sweden,2016-08,76.41,,
ESTAT:PRC_HICP_MINR(1.0),02/10/26 11:00:00,Monthly,"Index, 2025=100",Total,Sweden,2016-09,76.53,,
ESTAT:PRC_HICP_MINR(1.0),02/10/26 11:00:00,Monthly,"Index, 2025=100",Total,Sweden,2016-10,76.84,,
ESTAT:PRC_HICP_MINR(1.0),02/10/26 11:00:00,Monthly,"Index, 2025=100",Total,Sweden,2016-11,76.86,,
ESTAT:PRC_HICP_MINR(1.0),02/10/26 11:00:00,Monthly,"Index, 2025=100",Total,Sweden,2016-12,77.28,,
ESTAT:PRC_HICP_MINR(1.0),02/10/26 11:00:00,Monthly,"Index, 2025=100",Total,Sweden,2017-01,76.69,,
ESTAT:PRC_HICP_MINR(1.0),02/10/26 11:00:00,Monthly,"Index, 2025=100",Total,Sweden,2017-02,77.26,,
ESTAT:PRC_HICP_MINR(1.0),02/10/26 11:00:00,Monthly,"Index, 2025=100",Total,Sweden,2017-03,77.26,,
ESTAT:PRC_HICP_MINR(1.0),02/10/26 11:00:00,Monthly,"Index, 2025=100",Total,Sweden,2017-04,77.70,,
ESTAT:PRC_HICP_MINR(1.0),02/10/26 11:00:00,Monthly,"Index, 2025=100",Total,Sweden,2017-05,77.74,,
ESTAT:PRC_HICP_MINR(1.0),02/10/26 11:00:00,Monthly,"Index, 2025=100",Total,Sweden,2017-06,77.82,,
ESTAT:PRC_HICP_MINR(1.0),02/10/26 11:00:00,Monthly,"Index, 2025=100",Total,Sweden,2017-07,78.27,,
ESTAT:PRC_HICP_MINR(1.0),02/10/26 11:00:00,Monthly,"Index, 2025=100",Total,Sweden,2017-08,78.10,,
ESTAT:PRC_HICP_MINR(1.0),02/10/26 11:00:00,Monthly,"Index, 2025=100",Total,Sweden,2017-09,78.21,,
ESTAT:PRC_HICP_MINR(1.0),02/10/26 11:00:00,Monthly,"Index, 2025=100",Total,Sweden,2017-10,78.13,,
ESTAT:PRC_HICP_MINR(1.0),02/10/26 11:00:00,Monthly,"Index, 2025=100",Total,Sweden,2017-11,78.30,,
ESTAT:PRC_HICP_MINR(1.0),02/10/26 11:00:00,Monthly,"Index, 2025=100",Total,Sweden,2017-12,78.62,,
ESTAT:PRC_HICP_MINR(1.0),02/10/26 11:00:00,Monthly,"Index, 2025=100",Total,Sweden,2018-01,77.90,,
ESTAT:PRC_HICP_MINR(1.0),02/10/26 11:00:00,Monthly,"Index, 2025=100",Total,Sweden,2018-02,78.52,,
ESTAT:PRC_HICP_MINR(1.0),02/10/26 11:00:00,Monthly,"Index, 2025=100",Total,Sweden,2018-03,78.77,,
ESTAT:PRC_HICP_MINR(1.0),02/10/26 11:00:00,Monthly,"Index, 2025=100",Total,Sweden,2018-04,79.08,,
ESTAT:PRC_HICP_MINR(1.0),02/10/26 11:00:00,Monthly,"Index, 2025=100",Total,Sweden,2018-05,79.29,,
ESTAT:PRC_HICP_MINR(1.0),02/10/26 11:00:00,Monthly,"Index, 2025=100",Total,Sweden,2018-06,79.50,,
ESTAT:PRC_HICP_MINR(1.0),02/10/26 11:00:00,Monthly,"Index, 2025=100",Total,Sweden,2018-07,79.96,,
ESTAT:PRC_HICP_MINR(1.0),02/10/26 11:00:00,Monthly,"Index, 2025=100",Total,Sweden,2018-08,79.74,,
ESTAT:PRC_HICP_MINR(1.0),02/10/26 11:00:00,Monthly,"Index, 2025=100",Total,Sweden,2018-09,80.13,,
ESTAT:PRC_HICP_MINR(1.0),02/10/26 11:00:00,Monthly,"Index, 2025=100",Total,Sweden,2018-10,80.01,,
ESTAT:PRC_HICP_MINR(1.0),02/10/26 11:00:00,Monthly,"Index, 2025=100",Total,Sweden,2018-11,79.92,,
ESTAT:PRC_HICP_MINR(1.0),02/10/26 11:00:00,Monthly,"Index, 2025=100",Total,Sweden,2018-12,80.31,,
ESTAT:PRC_HICP_MINR(1.0),02/10/26 11:00:00,Monthly,"Index, 2025=100",Total,Sweden,2019-01,79.44,,
ESTAT:PRC_HICP_MINR(1.0),02/10/26 11:00:00,Monthly,"Index, 2025=100",Total,Sweden,2019-02,80.00,,
ESTAT:PRC_HICP_MINR(1.0),02/10/26 11:00:00,Monthly,"Index, 2025=100",Total,Sweden,2019-03,80.16,,
ESTAT:PRC_HICP_MINR(1.0),02/10/26 11:00:00,Monthly,"Index, 2025=100",Total,Sweden,2019-04,80.71,,
ESTAT:PRC_HICP_MINR(1.0),02/10/26 11:00:00,Monthly,"Index, 2025=100",Total,Sweden,2019-05,80.94,,
ESTAT:PRC_HICP_MINR(1.0),02/10/26 11:00:00,Monthly,"Index, 2025=100",Total,Sweden,2019-06,80.80,,
ESTAT:PRC_HICP_MINR(1.0),02/10/26 11:00:00,Monthly,"Index, 2025=100",Total,Sweden,2019-07,81.18,,
ESTAT:PRC_HICP_MINR(1.0),02/10/26 11:00:00,Monthly,"Index, 2025=100",Total,Sweden,2019-08,80.78,,
ESTAT:PRC_HICP_MINR(1.0),02/10/26 11:00:00,Monthly,"Index, 2025=100",Total,Sweden,2019-09,81.17,,
ESTAT:PRC_HICP_MINR(1.0),02/10/26 11:00:00,Monthly,"Index, 2025=100",Total,Sweden,2019-10,81.28,,
ESTAT:PRC_HICP_MINR(1.0),02/10/26 11:00:00,Monthly,"Index, 2025=100",Total,Sweden,2019-11,81.35,,
ESTAT:PRC_HICP_MINR(1.0),02/10/26 11:00:00,Monthly,"Index, 2025=100",Total,Sweden,2019-12,81.71,,
ESTAT:PRC_HICP_MINR(1.0),02/10/26 11:00:00,Monthly,"Index, 2025=100",Total,Sweden,2020-01,80.64,,
ESTAT:PRC_HICP_MINR(1.0),02/10/26 11:00:00,Monthly,"Index, 2025=100",Total,Sweden,2020-02,81.00,,
ESTAT:PRC_HICP_MINR(1.0),02/10/26 11:00:00,Monthly,"Index, 2025=100",Total,Sweden,2020-03,80.82,,
ESTAT:PRC_HICP_MINR(1.0),02/10/26 11:00:00,Monthly,"Index, 2025=100",Total,Sweden,2020-04,80.53,,
ESTAT:PRC_HICP_MINR(1.0),02/10/26 11:00:00,Monthly,"Index, 2025=100",Total,Sweden,2020-05,81.03,,
ESTAT:PRC_HICP_MINR(1.0),02/10/26 11:00:00,Monthly,"Index, 2025=100",Total,Sweden,2020-06,81.55,,
ESTAT:PRC_HICP_MINR(1.0),02/10/26 11:00:00,Monthly,"Index, 2025=100",Total,Sweden,2020-07,81.74,,
ESTAT:PRC_HICP_MINR(1.0),02/10/26 11:00:00,Monthly,"Index, 2025=100",Total,Sweden,2020-08,81.59,,
ESTAT:PRC_HICP_MINR(1.0),02/10/26 11:00:00,Monthly,"Index, 2025=100",Total,Sweden,2020-09,81.64,,
ESTAT:PRC_HICP_MINR(1.0),02/10/26 11:00:00,Monthly,"Index, 2025=100",Total,Sweden,2020-10,81.59,,
ESTAT:PRC_HICP_MINR(1.0),02/10/26 11:00:00,Monthly,"Index, 2025=100",Total,Sweden,2020-11,81.54,,
ESTAT:PRC_HICP_MINR(1.0),02/10/26 11:00:00,Monthly,"Index, 2025=100",Total,Sweden,2020-12,82.20,,
ESTAT:PRC_HICP_MINR(1.0),02/10/26 11:00:00,Monthly,"Index, 2025=100",Total,Sweden,2021-01,82.16,,
ESTAT:PRC_HICP_MINR(1.0),02/10/26 11:00:00,Monthly,"Index, 2025=100",Total,Sweden,2021-02,82.44,,
ESTAT:PRC_HICP_MINR(1.0),02/10/26 11:00:00,Monthly,"Index, 2025=100",Total,Sweden,2021-03,82.53,,
ESTAT:PRC_HICP_MINR(1.0),02/10/26 11:00:00,Monthly,"Index, 2025=100",Total,Sweden,2021-04,82.76,,
ESTAT:PRC_HICP_MINR(1.0),02/10/26 11:00:00,Monthly,"Index, 2025=100",Total,Sweden,2021-05,82.95,,
ESTAT:PRC_HICP_MINR(1.0),02/10/26 11:00:00,Monthly,"Index, 2025=100",Total,Sweden,2021-06,83.01,,
ESTAT:PRC_HICP_MINR(1.0),02/10/26 11:00:00,Monthly,"Index, 2025=100",Total,Sweden,2021-07,83.25,,
ESTAT:PRC_HICP_MINR(1.0),02/10/26 11:00:00,Monthly,"Index, 2025=100",Total,Sweden,2021-08,83.66,,
ESTAT:PRC_HICP_MINR(1.0),02/10/26 11:00:00,Monthly,"Index, 2025=100",Total,Sweden,2021-09,84.09,,
ESTAT:PRC_HICP_MINR(1.0),02/10/26 11:00:00,Monthly,"Index, 2025=100",Total,Sweden,2021-10,84.27,,
ESTAT:PRC_HICP_MINR(1.0),02/10/26 11:00:00,Monthly,"Index, 2025=100",Total,Sweden,2021-11,84.73,,
ESTAT:PRC_HICP_MINR(1.0),02/10/26 11:00:00,Monthly,"Index, 2025=100",Total,Sweden,2021-12,85.92,,
ESTAT:PRC_HICP_MINR(1.0),02/10/26 11:00:00,Monthly,"Index, 2025=100",Total,Sweden,2022-01,85.36,,
ESTAT:PRC_HICP_MINR(1.0),02/10/26 11:00:00,Monthly,"Index, 2025=100",Total,Sweden,2022-02,86.10,,
ESTAT:PRC_HICP_MINR(1.0),02/10/26 11:00:00,Monthly,"Index, 2025=100",Total,Sweden,2022-03,87.74,,
ESTAT:PRC_HICP_MINR(1.0),02/10/26 11:00:00,Monthly,"Index, 2025=100",Total,Sweden,2022-04,88.23,,
ESTAT:PRC_HICP_MINR(1.0),02/10/26 11:00:00,Monthly,"Index, 2025=100",Total,Sweden,2022-05,89.19,,
ESTAT:PRC_HICP_MINR(1.0),02/10/26 11:00:00,Monthly,"Index, 2025=100",Total,Sweden,2022-06,90.37,,
ESTAT:PRC_HICP_MINR(1.0),02/10/26 11:00:00,Monthly,"Index, 2025=100",Total,Sweden,2022-07,90.18,,
ESTAT:PRC_HICP_MINR(1.0),02/10/26 11:00:00,Monthly,"Index, 2025=100",Total,Sweden,2022-08,91.59,,
ESTAT:PRC_HICP_MINR(1.0),02/10/26 11:00:00,Monthly,"Index, 2025=100",Total,Sweden,2022-09,92.71,,
ESTAT:PRC_HICP_MINR(1.0),02/10/26 11:00:00,Monthly,"Index, 2025=100",Total,Sweden,2022-10,92.52,,
ESTAT:PRC_HICP_MINR(1.0),02/10/26 11:00:00,Monthly,"Index, 2025=100",Total,Sweden,2022-11,93.29,,
ESTAT:PRC_HICP_MINR(1.0),02/10/26 11:00:00,Monthly,"Index, 2025=100",Total,Sweden,2022-12,95.23,,
ESTAT:PRC_HICP_MINR(1.0),02/10/26 11:00:00,Monthly,"Index, 2025=100",Total,Sweden,2023-01,93.55,,
ESTAT:PRC_HICP_MINR(1.0),02/10/26 11:00:00,Monthly,"Index, 2025=100",Total,Sweden,2023-02,94.45,,
ESTAT:PRC_HICP_MINR(1.0),02/10/26 11:00:00,Monthly,"Index, 2025=100",Total,Sweden,2023-03,94.87,,
ESTAT:PRC_HICP_MINR(1.0),02/10/26 11:00:00,Monthly,"Index, 2025=100",Total,Sweden,2023-04,95.06,,
ESTAT:PRC_HICP_MINR(1.0),02/10/26 11:00:00,Monthly,"Index, 2025=100",Total,Sweden,2023-05,95.13,,
ESTAT:PRC_HICP_MINR(1.0),02/10/26 11:00:00,Monthly,"Index, 2025=100",Total,Sweden,2023-06,96.09,,
ESTAT:PRC_HICP_MINR(1.0),02/10/26 11:00:00,Monthly,"Index, 2025=100",Total,Sweden,2023-07,95.91,,
ESTAT:PRC_HICP_MINR(1.0),02/10/26 11:00:00,Monthly,"Index, 2025=100",Total,Sweden,2023-08,95.74,,
ESTAT:PRC_HICP_MINR(1.0),02/10/26 11:00:00,Monthly,"Index, 2025=100",Total,Sweden,2023-09,96.10,,
ESTAT:PRC_HICP_MINR(1.0),02/10/26 11:00:00,Monthly,"Index, 2025=100",Total,Sweden,2023-10,96.17,,
ESTAT:PRC_HICP_MINR(1.0),02/10/26 11:00:00,Monthly,"Index, 2025=100",Total,Sweden,2023-11,96.35,,
ESTAT:PRC_HICP_MINR(1.0),02/10/26 11:00:00,Monthly,"Index, 2025=100",Total,Sweden,2023-12,97.00,,
ESTAT:PRC_HICP_MINR(1.0),02/10/26 11:00:00,Monthly,"Index, 2025=100",Total,Sweden,2024-01,96.75,,
ESTAT:PRC_HICP_MINR(1.0),02/10/26 11:00:00,Monthly,"Index, 2025=100",Total,Sweden,2024-02,96.95,,
ESTAT:PRC_HICP_MINR(1.0),02/10/26 11:00:00,Monthly,"Index, 2025=100",Total,Sweden,2024-03,97.07,,
ESTAT:PRC_HICP_MINR(1.0),02/10/26 11:00:00,Monthly,"Index, 2025=100",Total,Sweden,2024-04,97.33,,
ESTAT:PRC_HICP_MINR(1.0),02/10/26 11:00:00,Monthly,"Index, 2025=100",Total,Sweden,2024-05,97.49,,
ESTAT:PRC_HICP_MINR(1.0),02/10/26 11:00:00,Monthly,"Index, 2025=100",Total,Sweden,2024-06,97.40,,
ESTAT:PRC_HICP_MINR(1.0),02/10/26 11:00:00,Monthly,"Index, 2025=100",Total,Sweden,2024-07,97.55,,
ESTAT:PRC_HICP_MINR(1.0),02/10/26 11:00:00,Monthly,"Index, 2025=100",Total,Sweden,2024-08,96.98,,
ESTAT:PRC_HICP_MINR(1.0),02/10/26 11:00:00,Monthly,"Index, 2025=100",Total,Sweden,2024-09,97.29,,
ESTAT:PRC_HICP_MINR(1.0),02/10/26 11:00:00,Monthly,"Index, 2025=100",Total,Sweden,2024-10,97.74,,
ESTAT:PRC_HICP_MINR(1.0),02/10/26 11:00:00,Monthly,"Index, 2025=100",Total,Sweden,2024-11,98.31,,
ESTAT:PRC_HICP_MINR(1.0),02/10/26 11:00:00,Monthly,"Index, 2025=100",Total,Sweden,2024-12,98.57,,
ESTAT:PRC_HICP_MINR(1.0),02/10/26 11:00:00,Monthly,"Index, 2025=100",Total,Sweden,2025-01,98.69,,
ESTAT:PRC_HICP_MINR(1.0),02/10/26 11:00:00,Monthly,"Index, 2025=100",Total,Sweden,2025-02,99.69,,
ESTAT:PRC_HICP_MINR(1.0),02/10/26 11:00:00,Monthly,"Index, 2025=100",Total,Sweden,2025-03,99.12,,
ESTAT:PRC_HICP_MINR(1.0),02/10/26 11:00:00,Monthly,"Index, 2025=100",Total,Sweden,2025-04,99.35,,
ESTAT:PRC_HICP_MINR(1.0),02/10/26 11:00:00,Monthly,"Index, 2025=100",Total,Sweden,2025-05,99.70,,
ESTAT:PRC_HICP_MINR(1.0),02/10/26 11:00:00,Monthly,"Index, 2025=100",Total,Sweden,2025-06,100.27,,
ESTAT:PRC_HICP_MINR(1.0),02/10/26 11:00:00,Monthly,"Index, 2025=100",Total,Sweden,2025-07,100.58,,
ESTAT:PRC_HICP_MINR(1.0),02/10/26 11:00:00,Monthly,"Index, 2025=100",Total,Sweden,2025-08,100.26,,
ESTAT:PRC_HICP_MINR(1.0),02/10/26 11:00:00,Monthly,"Index, 2025=100",Total,Sweden,2025-09,100.42,,
ESTAT:PRC_HICP_MINR(1.0),02/10/26 11:00:00,Monthly,"Index, 2025=100",Total,Sweden,2025-10,100.81,,
ESTAT:PRC_HICP_MINR(1.0),02/10/26 11:00:00,Monthly,"Index, 2025=100",Total,Sweden,2025-11,100.51,,
ESTAT:PRC_HICP_MINR(1.0),02/10/26 11:00:00,Monthly,"Index, 2025=100",Total,Sweden,2025-12,100.60,,
ESTAT:PRC_HICP_MINR(1.0),02/10/26 11:00:00,Monthly,"Index, 2025=100",Total,Slovenia,2006-01,62.15,,
ESTAT:PRC_HICP_MINR(1.0),02/10/26 11:00:00,Monthly,"Index, 2025=100",Total,Slovenia,2006-02,62.38,,
ESTAT:PRC_HICP_MINR(1.0),02/10/26 11:00:00,Monthly,"Index, 2025=100",Total,Slovenia,2006-03,62.84,,
ESTAT:PRC_HICP_MINR(1.0),02/10/26 11:00:00,Monthly,"Index, 2025=100",Total,Slovenia,2006-04,63.40,,
ESTAT:PRC_HICP_MINR(1.0),02/10/26 11:00:00,Monthly,"Index, 2025=100",Total,Slovenia,2006-05,63.97,,
ESTAT:PRC_HICP_MINR(1.0),02/10/26 11:00:00,Monthly,"Index, 2025=100",Total,Slovenia,2006-06,63.78,,
ESTAT:PRC_HICP_MINR(1.0),02/10/26 11:00:00,Monthly,"Index, 2025=100",Total,Slovenia,2006-07,63.60,,
ESTAT:PRC_HICP_MINR(1.0),02/10/26 11:00:00,Monthly,"Index, 2025=100",Total,Slovenia,2006-08,64.04,,
ESTAT:PRC_HICP_MINR(1.0),02/10/26 11:00:00,Monthly,"Index, 2025=100",Total,Slovenia,2006-09,64.25,,
ESTAT:PRC_HICP_MINR(1.0),02/10/26 11:00:00,Monthly,"Index, 2025=100",Total,Slovenia,2006-10,63.77,,
ESTAT:PRC_HICP_MINR(1.0),02/10/26 11:00:00,Monthly,"Index, 2025=100",Total,Slovenia,2006-11,63.97,,
ESTAT:PRC_HICP_MINR(1.0),02/10/26 11:00:00,Monthly,"Index, 2025=100",Total,Slovenia,2006-12,64.23,,
ESTAT:PRC_HICP_MINR(1.0),02/10/26 11:00:00,Monthly,"Index, 2025=100",Total,Slovenia,2007-01,63.92,,
ESTAT:PRC_HICP_MINR(1.0),02/10/26 11:00:00,Monthly,"Index, 2025=100",Total,Slovenia,2007-02,63.85,,
ESTAT:PRC_HICP_MINR(1.0),02/10/26 11:00:00,Monthly,"Index, 2025=100",Total,Slovenia,2007-03,64.54,,
ESTAT:PRC_HICP_MINR(1.0),02/10/26 11:00:00,Monthly,"Index, 2025=100",Total,Slovenia,2007-04,65.26,,
ESTAT:PRC_HICP_MINR(1.0),02/10/26 11:00:00,Monthly,"Index, 2025=100",Total,Slovenia,2007-05,66.00,,
ESTAT:PRC_HICP_MINR(1.0),02/10/26 11:00:00,Monthly,"Index, 2025=100",Total,Slovenia,2007-06,66.23,,
ESTAT:PRC_HICP_MINR(1.0),02/10/26 11:00:00,Monthly,"Index, 2025=100",Total,Slovenia,2007-07,66.16,,
ESTAT:PRC_HICP_MINR(1.0),02/10/26 11:00:00,Monthly,"Index, 2025=100",Total,Slovenia,2007-08,66.26,,
ESTAT:PRC_HICP_MINR(1.0),02/10/26 11:00:00,Monthly,"Index, 2025=100",Total,Slovenia,2007-09,66.56,,
ESTAT:PRC_HICP_MINR(1.0),02/10/26 11:00:00,Monthly,"Index, 2025=100",Total,Slovenia,2007-10,67.04,,
ESTAT:PRC_HICP_MINR(1.0),02/10/26 11:00:00,Monthly,"Index, 2025=100",Total,Slovenia,2007-11,67.66,,
ESTAT:PRC_HICP_MINR(1.0),02/10/26 11:00:00,Monthly,"Index, 2025=100",Total,Slovenia,2007-12,67.92,,
ESTAT:PRC_HICP_MINR(1.0),02/10/26 11:00:00,Monthly,"Index, 2025=100",Total,Slovenia,2008-01,67.99,,
ESTAT:PRC_HICP_MINR(1.0),02/10/26 11:00:00,Monthly,"Index, 2025=100",Total,Slovenia,2008-02,67.90,,
ESTAT:PRC_HICP_MINR(1.0),02/10/26 11:00:00,Monthly,"Index, 2025=100",Total,Slovenia,2008-03,68.80,,
ESTAT:PRC_HICP_MINR(1.0),02/10/26 11:00:00,Monthly,"Index, 2025=100",Total,Slovenia,2008-04,69.31,,
ESTAT:PRC_HICP_MINR(1.0),02/10/26 11:00:00,Monthly,"Index, 2025=100",Total,Slovenia,2008-05,70.12,,
ESTAT:PRC_HICP_MINR(1.0),02/10/26 11:00:00,Monthly,"Index, 2025=100",Total,Slovenia,2008-06,70.75,,
ESTAT:PRC_HICP_MINR(1.0),02/10/26 11:00:00,Monthly,"Index, 2025=100",Total,Slovenia,2008-07,70.74,,
ESTAT:PRC_HICP_MINR(1.0),02/10/26 11:00:00,Monthly,"Index, 2025=100",Total,Slovenia,2008-08,70.25,,
ESTAT:PRC_HICP_MINR(1.0),02/10/26 11:00:00,Monthly,"Index, 2025=100",Total,Slovenia,2008-09,70.25,,
ESTAT:PRC_HICP_MINR(1.0),02/10/26 11:00:00,Monthly,"Index, 2025=100",Total,Slovenia,2008-10,70.24,,
ESTAT:PRC_HICP_MINR(1.0),02/10/26 11:00:00,Monthly,"Index, 2025=100",Total,Slovenia,2008-11,69.62,,
ESTAT:PRC_HICP_MINR(1.0),02/10/26 11:00:00,Monthly,"Index, 2025=100",Total,Slovenia,2008-12,69.11,,
ESTAT:PRC_HICP_MINR(1.0),02/10/26 11:00:00,Monthly,"Index, 2025=100",Total,Slovenia,2009-01,68.91,,
ESTAT:PRC_HICP_MINR(1.0),02/10/26 11:00:00,Monthly,"Index, 2025=100",Total,Slovenia,2009-02,69.33,,
ESTAT:PRC_HICP_MINR(1.0),02/10/26 11:00:00,Monthly,"Index, 2025=100",Total,Slovenia,2009-03,69.89,,
ESTAT:PRC_HICP_MINR(1.0),02/10/26 11:00:00,Monthly,"Index, 2025=100",Total,Slovenia,2009-04,70.04,,
ESTAT:PRC_HICP_MINR(1.0),02/10/26 11:00:00,Monthly,"Index, 2025=100",Total,Slovenia,2009-05,70.49,,
ESTAT:PRC_HICP_MINR(1.0),02/10/26 11:00:00,Monthly,"Index, 2025=100",Total,Slovenia,2009-06,70.86,,
ESTAT:PRC_HICP_MINR(1.0),02/10/26 11:00:00,Monthly,"Index, 2025=100",Total,Slovenia,2009-07,70.29,,
ESTAT:PRC_HICP_MINR(1.0),02/10/26 11:00:00,Monthly,"Index, 2025=100",Total,Slovenia,2009-08,70.33,,
ESTAT:PRC_HICP_MINR(1.0),02/10/26 11:00:00,Monthly,"Index, 2025=100",Total,Slovenia,2009-09,70.26,,
ESTAT:PRC_HICP_MINR(1.0),02/10/26 11:00:00,Monthly,"Index, 2025=100",Total,Slovenia,2009-10,70.35,,
ESTAT:PRC_HICP_MINR(1.0),02/10/26 11:00:00,Monthly,"Index, 2025=100",Total,Slovenia,2009-11,70.88,,
ESTAT:PRC_HICP_MINR(1.0),02/10/26 11:00:00,Monthly,"Index, 2025=100",Total,Slovenia,2009-12,70.57,,
ESTAT:PRC_HICP_MINR(1.0),02/10/26 11:00:00,Monthly,"Index, 2025=100",Total,Slovenia,2010-01,70.15,,
ESTAT:PRC_HICP_MINR(1.0),02/10/26 11:00:00,Monthly,"Index, 2025=100",Total,Slovenia,2010-02,70.38,,
ESTAT:PRC_HICP_MINR(1.0),02/10/26 11:00:00,Monthly,"Index, 2025=100",Total,Slovenia,2010-03,71.11,,
ESTAT:PRC_HICP_MINR(1.0),02/10/26 11:00:00,Monthly,"Index, 2025=100",Total,Slovenia,2010-04,71.89,,
ESTAT:PRC_HICP_MINR(1.0),02/10/26 11:00:00,Monthly,"Index, 2025=100",Total,Slovenia,2010-05,72.18,,
ESTAT:PRC_HICP_MINR(1.0),02/10/26 11:00:00,Monthly,"Index, 2025=100",Total,Slovenia,2010-06,72.33,,
ESTAT:PRC_HICP_MINR(1.0),02/10/26 11:00:00,Monthly,"Index, 2025=100",Total,Slovenia,2010-07,71.90,,
ESTAT:PRC_HICP_MINR(1.0),02/10/26 11:00:00,Monthly,"Index, 2025=100",Total,Slovenia,2010-08,72.00,,
ESTAT:PRC_HICP_MINR(1.0),02/10/26 11:00:00,Monthly,"Index, 2025=100",Total,Slovenia,2010-09,71.68,,
ESTAT:PRC_HICP_MINR(1.0),02/10/26 11:00:00,Monthly,"Index, 2025=100",Total,Slovenia,2010-10,71.78,,
ESTAT:PRC_HICP_MINR(1.0),02/10/26 11:00:00,Monthly,"Index, 2025=100",Total,Slovenia,2010-11,71.99,,
ESTAT:PRC_HICP_MINR(1.0),02/10/26 11:00:00,Monthly,"Index, 2025=100",Total,Slovenia,2010-12,72.10,,
ESTAT:PRC_HICP_MINR(1.0),02/10/26 11:00:00,Monthly,"Index, 2025=100",Total,Slovenia,2011-01,71.78,,
ESTAT:PRC_HICP_MINR(1.0),02/10/26 11:00:00,Monthly,"Index, 2025=100",Total,Slovenia,2011-02,71.81,,
ESTAT:PRC_HICP_MINR(1.0),02/10/26 11:00:00,Monthly,"Index, 2025=100",Total,Slovenia,2011-03,72.78,,
ESTAT:PRC_HICP_MINR(1.0),02/10/26 11:00:00,Monthly,"Index, 2025=100",Total,Slovenia,2011-04,73.32,,
ESTAT:PRC_HICP_MINR(1.0),02/10/26 11:00:00,Monthly,"Index, 2025=100",Total,Slovenia,2011-05,73.93,,
ESTAT:PRC_HICP_MINR(1.0),02/10/26 11:00:00,Monthly,"Index, 2025=100",Total,Slovenia,2011-06,73.45,,
ESTAT:PRC_HICP_MINR(1.0),02/10/26 11:00:00,Monthly,"Index, 2025=100",Total,Slovenia,2011-07,72.67,,
ESTAT:PRC_HICP_MINR(1.0),02/10/26 11:00:00,Monthly,"Index, 2025=100",Total,Slovenia,2011-08,72.86,,
ESTAT:PRC_HICP_MINR(1.0),02/10/26 11:00:00,Monthly,"Index, 2025=100",Total,Slovenia,2011-09,73.30,,
ESTAT:PRC_HICP_MINR(1.0),02/10/26 11:00:00,Monthly,"Index, 2025=100",Total,Slovenia,2011-10,73.86,,
ESTAT:PRC_HICP_MINR(1.0),02/10/26 11:00:00,Monthly,"Index, 2025=100",Total,Slovenia,2011-11,73.98,,
ESTAT:PRC_HICP_MINR(1.0),02/10/26 11:00:00,Monthly,"Index, 2025=100",Total,Slovenia,2011-12,73.61,,
ESTAT:PRC_HICP_MINR(1.0),02/10/26 11:00:00,Monthly,"Index, 2025=100",Total,Slovenia,2012-01,73.39,,
ESTAT:PRC_HICP_MINR(1.0),02/10/26 11:00:00,Monthly,"Index, 2025=100",Total,Slovenia,2012-02,73.82,,
ESTAT:PRC_HICP_MINR(1.0),02/10/26 11:00:00,Monthly,"Index, 2025=100",Total,Slovenia,2012-03,74.57,,
ESTAT:PRC_HICP_MINR(1.0),02/10/26 11:00:00,Monthly,"Index, 2025=100",Total,Slovenia,2012-04,75.46,,
ESTAT:PRC_HICP_MINR(1.0),02/10/26 11:00:00,Monthly,"Index, 2025=100",Total,Slovenia,2012-05,75.67,,
ESTAT:PRC_HICP_MINR(1.0),02/10/26 11:00:00,Monthly,"Index, 2025=100",Total,Slovenia,2012-06,75.20,,
ESTAT:PRC_HICP_MINR(1.0),02/10/26 11:00:00,Monthly,"Index, 2025=100",Total,Slovenia,2012-07,74.55,,
ESTAT:PRC_HICP_MINR(1.0),02/10/26 11:00:00,Monthly,"Index, 2025=100",Total,Slovenia,2012-08,75.14,,
ESTAT:PRC_HICP_MINR(1.0),02/10/26 11:00:00,Monthly,"Index, 2025=100",Total,Slovenia,2012-09,76.01,,
ESTAT:PRC_HICP_MINR(1.0),02/10/26 11:00:00,Monthly,"Index, 2025=100",Total,Slovenia,2012-10,76.22,,
ESTAT:PRC_HICP_MINR(1.0),02/10/26 11:00:00,Monthly,"Index, 2025=100",Total,Slovenia,2012-11,76.08,,
ESTAT:PRC_HICP_MINR(1.0),02/10/26 11:00:00,Monthly,"Index, 2025=100",Total,Slovenia,2012-12,75.90,,
ESTAT:PRC_HICP_MINR(1.0),02/10/26 11:00:00,Monthly,"Index, 2025=100",Total,Slovenia,2013-01,75.48,,
ESTAT:PRC_HICP_MINR(1.0),02/10/26 11:00:00,Monthly,"Index, 2025=100",Total,Slovenia,2013-02,75.99,,
ESTAT:PRC_HICP_MINR(1.0),02/10/26 11:00:00,Monthly,"Index, 2025=100",Total,Slovenia,2013-03,76.22,,
ESTAT:PRC_HICP_MINR(1.0),02/10/26 11:00:00,Monthly,"Index, 2025=100",Total,Slovenia,2013-04,76.66,,
ESTAT:PRC_HICP_MINR(1.0),02/10/26 11:00:00,Monthly,"Index, 2025=100",Total,Slovenia,2013-05,76.86,,
ESTAT:PRC_HICP_MINR(1.0),02/10/26 11:00:00,Monthly,"Index, 2025=100",Total,Slovenia,2013-06,76.89,,
ESTAT:PRC_HICP_MINR(1.0),02/10/26 11:00:00,Monthly,"Index, 2025=100",Total,Slovenia,2013-07,76.63,,
ESTAT:PRC_HICP_MINR(1.0),02/10/26 11:00:00,Monthly,"Index, 2025=100",Total,Slovenia,2013-08,76.85,,
ESTAT:PRC_HICP_MINR(1.0),02/10/26 11:00:00,Monthly,"Index, 2025=100",Total,Slovenia,2013-09,77.14,,
ESTAT:PRC_HICP_MINR(1.0),02/10/26 11:00:00,Monthly,"Index, 2025=100",Total,Slovenia,2013-10,77.10,,
ESTAT:PRC_HICP_MINR(1.0),02/10/26 11:00:00,Monthly,"Index, 2025=100",Total,Slovenia,2013-11,77.00,,
ESTAT:PRC_HICP_MINR(1.0),02/10/26 11:00:00,Monthly,"Index, 2025=100",Total,Slovenia,2013-12,76.59,,
ESTAT:PRC_HICP_MINR(1.0),02/10/26 11:00:00,Monthly,"Index, 2025=100",Total,Slovenia,2014-01,76.16,,
ESTAT:PRC_HICP_MINR(1.0),02/10/26 11:00:00,Monthly,"Index, 2025=100",Total,Slovenia,2014-02,76.14,,
ESTAT:PRC_HICP_MINR(1.0),02/10/26 11:00:00,Monthly,"Index, 2025=100",Total,Slovenia,2014-03,76.70,,
ESTAT:PRC_HICP_MINR(1.0),02/10/26 11:00:00,Monthly,"Index, 2025=100",Total,Slovenia,2014-04,77.05,,
ESTAT:PRC_HICP_MINR(1.0),02/10/26 11:00:00,Monthly,"Index, 2025=100",Total,Slovenia,2014-05,77.61,,
ESTAT:PRC_HICP_MINR(1.0),02/10/26 11:00:00,Monthly,"Index, 2025=100",Total,Slovenia,2014-06,77.66,,
ESTAT:PRC_HICP_MINR(1.0),02/10/26 11:00:00,Monthly,"Index, 2025=100",Total,Slovenia,2014-07,76.89,,
ESTAT:PRC_HICP_MINR(1.0),02/10/26 11:00:00,Monthly,"Index, 2025=100",Total,Slovenia,2014-08,76.83,,
ESTAT:PRC_HICP_MINR(1.0),02/10/26 11:00:00,Monthly,"Index, 2025=100",Total,Slovenia,2014-09,77.06,,
ESTAT:PRC_HICP_MINR(1.0),02/10/26 11:00:00,Monthly,"Index, 2025=100",Total,Slovenia,2014-10,77.13,,
ESTAT:PRC_HICP_MINR(1.0),02/10/26 11:00:00,Monthly,"Index, 2025=100",Total,Slovenia,2014-11,77.04,,
ESTAT:PRC_HICP_MINR(1.0),02/10/26 11:00:00,Monthly,"Index, 2025=100",Total,Slovenia,2014-12,76.52,,
ESTAT:PRC_HICP_MINR(1.0),02/10/26 11:00:00,Monthly,"Index, 2025=100",Total,Slovenia,2015-01,75.61,,
ESTAT:PRC_HICP_MINR(1.0),02/10/26 11:00:00,Monthly,"Index, 2025=100",Total,Slovenia,2015-02,75.73,,
ESTAT:PRC_HICP_MINR(1.0),02/10/26 11:00:00,Monthly,"Index, 2025=100",Total,Slovenia,2015-03,76.39,,
ESTAT:PRC_HICP_MINR(1.0),02/10/26 11:00:00,Monthly,"Index, 2025=100",Total,Slovenia,2015-04,76.47,,
ESTAT:PRC_HICP_MINR(1.0),02/10/26 11:00:00,Monthly,"Index, 2025=100",Total,Slovenia,2015-05,76.98,,
ESTAT:PRC_HICP_MINR(1.0),02/10/26 11:00:00,Monthly,"Index, 2025=100",Total,Slovenia,2015-06,76.91,,
ESTAT:PRC_HICP_MINR(1.0),02/10/26 11:00:00,Monthly,"Index, 2025=100",Total,Slovenia,2015-07,76.37,,
ESTAT:PRC_HICP_MINR(1.0),02/10/26 11:00:00,Monthly,"Index, 2025=100",Total,Slovenia,2015-08,76.37,,
ESTAT:PRC_HICP_MINR(1.0),02/10/26 11:00:00,Monthly,"Index, 2025=100",Total,Slovenia,2015-09,76.27,,
ESTAT:PRC_HICP_MINR(1.0),02/10/26 11:00:00,Monthly,"Index, 2025=100",Total,Slovenia,2015-10,76.25,,
ESTAT:PRC_HICP_MINR(1.0),02/10/26 11:00:00,Monthly,"Index, 2025=100",Total,Slovenia,2015-11,76.33,,
ESTAT:PRC_HICP_MINR(1.0),02/10/26 11:00:00,Monthly,"Index, 2025=100",Total,Slovenia,2015-12,76.06,,
ESTAT:PRC_HICP_MINR(1.0),02/10/26 11:00:00,Monthly,"Index, 2025=100",Total,Slovenia,2016-01,75.03,,
ESTAT:PRC_HICP_MINR(1.0),02/10/26 11:00:00,Monthly,"Index, 2025=100",Total,Slovenia,2016-02,75.06,,
ESTAT:PRC_HICP_MINR(1.0),02/10/26 11:00:00,Monthly,"Index, 2025=100",Total,Slovenia,2016-03,75.67,,
ESTAT:PRC_HICP_MINR(1.0),02/10/26 11:00:00,Monthly,"Index, 2025=100",Total,Slovenia,2016-04,75.93,,
ESTAT:PRC_HICP_MINR(1.0),02/10/26 11:00:00,Monthly,"Index, 2025=100",Total,Slovenia,2016-05,76.56,,
ESTAT:PRC_HICP_MINR(1.0),02/10/26 11:00:00,Monthly,"Index, 2025=100",Total,Slovenia,2016-06,76.95,,
ESTAT:PRC_HICP_MINR(1.0),02/10/26 11:00:00,Monthly,"Index, 2025=100",Total,Slovenia,2016-07,76.29,,
ESTAT:PRC_HICP_MINR(1.0),02/10/26 11:00:00,Monthly,"Index, 2025=100",Total,Slovenia,2016-08,76.23,,
ESTAT:PRC_HICP_MINR(1.0),02/10/26 11:00:00,Monthly,"Index, 2025=100",Total,Slovenia,2016-09,76.45,,
ESTAT:PRC_HICP_MINR(1.0),02/10/26 11:00:00,Monthly,"Index, 2025=100",Total,Slovenia,2016-10,76.78,,
ESTAT:PRC_HICP_MINR(1.0),02/10/26 11:00:00,Monthly,"Index, 2025=100",Total,Slovenia,2016-11,76.84,,
ESTAT:PRC_HICP_MINR(1.0),02/10/26 11:00:00,Monthly,"Index, 2025=100",Total,Slovenia,2016-12,76.53,,
ESTAT:PRC_HICP_MINR(1.0),02/10/26 11:00:00,Monthly,"Index, 2025=100",Total,Slovenia,2017-01,76.19,,
ESTAT:PRC_HICP_MINR(1.0),02/10/26 11:00:00,Monthly,"Index, 2025=100",Total,Slovenia,2017-02,76.92,,
ESTAT:PRC_HICP_MINR(1.0),02/10/26 11:00:00,Monthly,"Index, 2025=100",Total,Slovenia,2017-03,77.18,,
ESTAT:PRC_HICP_MINR(1.0),02/10/26 11:00:00,Monthly,"Index, 2025=100",Total,Slovenia,2017-04,77.21,,
ESTAT:PRC_HICP_MINR(1.0),02/10/26 11:00:00,Monthly,"Index, 2025=100",Total,Slovenia,2017-05,77.73,,
ESTAT:PRC_HICP_MINR(1.0),02/10/26 11:00:00,Monthly,"Index, 2025=100",Total,Slovenia,2017-06,77.65,,
ESTAT:PRC_HICP_MINR(1.0),02/10/26 11:00:00,Monthly,"Index, 2025=100",Total,Slovenia,2017-07,77.18,,
ESTAT:PRC_HICP_MINR(1.0),02/10/26 11:00:00,Monthly,"Index, 2025=100",Total,Slovenia,2017-08,77.28,,
ESTAT:PRC_HICP_MINR(1.0),02/10/26 11:00:00,Monthly,"Index, 2025=100",Total,Slovenia,2017-09,77.54,,
ESTAT:PRC_HICP_MINR(1.0),02/10/26 11:00:00,Monthly,"Index, 2025=100",Total,Slovenia,2017-10,77.74,,
ESTAT:PRC_HICP_MINR(1.0),02/10/26 11:00:00,Monthly,"Index, 2025=100",Total,Slovenia,2017-11,77.95,,
ESTAT:PRC_HICP_MINR(1.0),02/10/26 11:00:00,Monthly,"Index, 2025=100",Total,Slovenia,2017-12,78.00,,
ESTAT:PRC_HICP_MINR(1.0),02/10/26 11:00:00,Monthly,"Index, 2025=100",Total,Slovenia,2018-01,77.50,,
ESTAT:PRC_HICP_MINR(1.0),02/10/26 11:00:00,Monthly,"Index, 2025=100",Total,Slovenia,2018-02,78.01,,
ESTAT:PRC_HICP_MINR(1.0),02/10/26 11:00:00,Monthly,"Index, 2025=100",Total,Slovenia,2018-03,78.31,,
ESTAT:PRC_HICP_MINR(1.0),02/10/26 11:00:00,Monthly,"Index, 2025=100",Total,Slovenia,2018-04,78.66,,
ESTAT:PRC_HICP_MINR(1.0),02/10/26 11:00:00,Monthly,"Index, 2025=100",Total,Slovenia,2018-05,79.45,,
ESTAT:PRC_HICP_MINR(1.0),02/10/26 11:00:00,Monthly,"Index, 2025=100",Total,Slovenia,2018-06,79.48,,
ESTAT:PRC_HICP_MINR(1.0),02/10/26 11:00:00,Monthly,"Index, 2025=100",Total,Slovenia,2018-07,78.81,,
ESTAT:PRC_HICP_MINR(1.0),02/10/26 11:00:00,Monthly,"Index, 2025=100",Total,Slovenia,2018-08,78.82,,
ESTAT:PRC_HICP_MINR(1.0),02/10/26 11:00:00,Monthly,"Index, 2025=100",Total,Slovenia,2018-09,79.24,,
ESTAT:PRC_HICP_MINR(1.0),02/10/26 11:00:00,Monthly,"Index, 2025=100",Total,Slovenia,2018-10,79.52,,
ESTAT:PRC_HICP_MINR(1.0),02/10/26 11:00:00,Monthly,"Index, 2025=100",Total,Slovenia,2018-11,79.60,,
ESTAT:PRC_HICP_MINR(1.0),02/10/26 11:00:00,Monthly,"Index, 2025=100",Total,Slovenia,2018-12,79.12,,
ESTAT:PRC_HICP_MINR(1.0),02/10/26 11:00:00,Monthly,"Index, 2025=100",Total,Slovenia,2019-01,78.43,,
ESTAT:PRC_HICP_MINR(1.0),02/10/26 11:00:00,Monthly,"Index, 2025=100",Total,Slovenia,2019-02,78.98,,
ESTAT:PRC_HICP_MINR(1.0),02/10/26 11:00:00,Monthly,"Index, 2025=100",Total,Slovenia,2019-03,79.54,,
ESTAT:PRC_HICP_MINR(1.0),02/10/26 11:00:00,Monthly,"Index, 2025=100",Total,Slovenia,2019-04,80.07,,
ESTAT:PRC_HICP_MINR(1.0),02/10/26 11:00:00,Monthly,"Index, 2025=100",Total,Slovenia,2019-05,80.70,,
ESTAT:PRC_HICP_MINR(1.0),02/10/26 11:00:00,Monthly,"Index, 2025=100",Total,Slovenia,2019-06,80.97,,
ESTAT:PRC_HICP_MINR(1.0),02/10/26 11:00:00,Monthly,"Index, 2025=100",Total,Slovenia,2019-07,80.42,,
ESTAT:PRC_HICP_MINR(1.0),02/10/26 11:00:00,Monthly,"Index, 2025=100",Total,Slovenia,2019-08,80.73,,
ESTAT:PRC_HICP_MINR(1.0),02/10/26 11:00:00,Monthly,"Index, 2025=100",Total,Slovenia,2019-09,80.61,,
ESTAT:PRC_HICP_MINR(1.0),02/10/26 11:00:00,Monthly,"Index, 2025=100",Total,Slovenia,2019-10,80.69,,
ESTAT:PRC_HICP_MINR(1.0),02/10/26 11:00:00,Monthly,"Index, 2025=100",Total,Slovenia,2019-11,80.72,,
ESTAT:PRC_HICP_MINR(1.0),02/10/26 11:00:00,Monthly,"Index, 2025=100",Total,Slovenia,2019-12,80.67,,
ESTAT:PRC_HICP_MINR(1.0),02/10/26 11:00:00,Monthly,"Index, 2025=100",Total,Slovenia,2020-01,80.24,,
ESTAT:PRC_HICP_MINR(1.0),02/10/26 11:00:00,Monthly,"Index, 2025=100",Total,Slovenia,2020-02,80.56,,
ESTAT:PRC_HICP_MINR(1.0),02/10/26 11:00:00,Monthly,"Index, 2025=100",Total,Slovenia,2020-03,80.06,,
ESTAT:PRC_HICP_MINR(1.0),02/10/26 11:00:00,Monthly,"Index, 2025=100",Total,Slovenia,2020-04,79.03,,
ESTAT:PRC_HICP_MINR(1.0),02/10/26 11:00:00,Monthly,"Index, 2025=100",Total,Slovenia,2020-05,79.60,,
ESTAT:PRC_HICP_MINR(1.0),02/10/26 11:00:00,Monthly,"Index, 2025=100",Total,Slovenia,2020-06,80.29,,
ESTAT:PRC_HICP_MINR(1.0),02/10/26 11:00:00,Monthly,"Index, 2025=100",Total,Slovenia,2020-07,80.16,,
ESTAT:PRC_HICP_MINR(1.0),02/10/26 11:00:00,Monthly,"Index, 2025=100",Total,Slovenia,2020-08,80.14,,
ESTAT:PRC_HICP_MINR(1.0),02/10/26 11:00:00,Monthly,"Index, 2025=100",Total,Slovenia,2020-09,80.01,,
ESTAT:PRC_HICP_MINR(1.0),02/10/26 11:00:00,Monthly,"Index, 2025=100",Total,Slovenia,2020-10,80.28,,
ESTAT:PRC_HICP_MINR(1.0),02/10/26 11:00:00,Monthly,"Index, 2025=100",Total,Slovenia,2020-11,79.79,,
ESTAT:PRC_HICP_MINR(1.0),02/10/26 11:00:00,Monthly,"Index, 2025=100",Total,Slovenia,2020-12,79.73,,
ESTAT:PRC_HICP_MINR(1.0),02/10/26 11:00:00,Monthly,"Index, 2025=100",Total,Slovenia,2021-01,79.52,,
ESTAT:PRC_HICP_MINR(1.0),02/10/26 11:00:00,Monthly,"Index, 2025=100",Total,Slovenia,2021-02,79.68,,
ESTAT:PRC_HICP_MINR(1.0),02/10/26 11:00:00,Monthly,"Index, 2025=100",Total,Slovenia,2021-03,80.16,,
ESTAT:PRC_HICP_MINR(1.0),02/10/26 11:00:00,Monthly,"Index, 2025=100",Total,Slovenia,2021-04,80.78,,
ESTAT:PRC_HICP_MINR(1.0),02/10/26 11:00:00,Monthly,"Index, 2025=100",Total,Slovenia,2021-05,81.36,,
ESTAT:PRC_HICP_MINR(1.0),02/10/26 11:00:00,Monthly,"Index, 2025=100",Total,Slovenia,2021-06,81.68,,
ESTAT:PRC_HICP_MINR(1.0),02/10/26 11:00:00,Monthly,"Index, 2025=100",Total,Slovenia,2021-07,81.73,,
ESTAT:PRC_HICP_MINR(1.0),02/10/26 11:00:00,Monthly,"Index, 2025=100",Total,Slovenia,2021-08,81.80,,
ESTAT:PRC_HICP_MINR(1.0),02/10/26 11:00:00,Monthly,"Index, 2025=100",Total,Slovenia,2021-09,82.21,,
ESTAT:PRC_HICP_MINR(1.0),02/10/26 11:00:00,Monthly,"Index, 2025=100",Total,Slovenia,2021-10,83.10,,
ESTAT:PRC_HICP_MINR(1.0),02/10/26 11:00:00,Monthly,"Index, 2025=100",Total,Slovenia,2021-11,83.72,,
ESTAT:PRC_HICP_MINR(1.0),02/10/26 11:00:00,Monthly,"Index, 2025=100",Total,Slovenia,2021-12,83.81,,
ESTAT:PRC_HICP_MINR(1.0),02/10/26 11:00:00,Monthly,"Index, 2025=100",Total,Slovenia,2022-01,84.31,,
ESTAT:PRC_HICP_MINR(1.0),02/10/26 11:00:00,Monthly,"Index, 2025=100",Total,Slovenia,2022-02,85.27,,
ESTAT:PRC_HICP_MINR(1.0),02/10/26 11:00:00,Monthly,"Index, 2025=100",Total,Slovenia,2022-03,84.94,,
ESTAT:PRC_HICP_MINR(1.0),02/10/26 11:00:00,Monthly,"Index, 2025=100",Total,Slovenia,2022-04,86.71,,
ESTAT:PRC_HICP_MINR(1.0),02/10/26 11:00:00,Monthly,"Index, 2025=100",Total,Slovenia,2022-05,88.45,,
ESTAT:PRC_HICP_MINR(1.0),02/10/26 11:00:00,Monthly,"Index, 2025=100",Total,Slovenia,2022-06,90.51,,
ESTAT:PRC_HICP_MINR(1.0),02/10/26 11:00:00,Monthly,"Index, 2025=100",Total,Slovenia,2022-07,91.29,,
ESTAT:PRC_HICP_MINR(1.0),02/10/26 11:00:00,Monthly,"Index, 2025=100",Total,Slovenia,2022-08,91.20,,
ESTAT:PRC_HICP_MINR(1.0),02/10/26 11:00:00,Monthly,"Index, 2025=100",Total,Slovenia,2022-09,90.94,,
ESTAT:PRC_HICP_MINR(1.0),02/10/26 11:00:00,Monthly,"Index, 2025=100",Total,Slovenia,2022-10,91.68,,
ESTAT:PRC_HICP_MINR(1.0),02/10/26 11:00:00,Monthly,"Index, 2025=100",Total,Slovenia,2022-11,92.73,,
ESTAT:PRC_HICP_MINR(1.0),02/10/26 11:00:00,Monthly,"Index, 2025=100",Total,Slovenia,2022-12,92.83,,
ESTAT:PRC_HICP_MINR(1.0),02/10/26 11:00:00,Monthly,"Index, 2025=100",Total,Slovenia,2023-01,92.70,,
ESTAT:PRC_HICP_MINR(1.0),02/10/26 11:00:00,Monthly,"Index, 2025=100",Total,Slovenia,2023-02,93.26,,
ESTAT:PRC_HICP_MINR(1.0),02/10/26 11:00:00,Monthly,"Index, 2025=100",Total,Slovenia,2023-03,93.76,,
ESTAT:PRC_HICP_MINR(1.0),02/10/26 11:00:00,Monthly,"Index, 2025=100",Total,Slovenia,2023-04,94.73,,
ESTAT:PRC_HICP_MINR(1.0),02/10/26 11:00:00,Monthly,"Index, 2025=100",Total,Slovenia,2023-05,95.58,,
ESTAT:PRC_HICP_MINR(1.0),02/10/26 11:00:00,Monthly,"Index, 2025=100",Total,Slovenia,2023-06,96.48,,
ESTAT:PRC_HICP_MINR(1.0),02/10/26 11:00:00,Monthly,"Index, 2025=100",Total,Slovenia,2023-07,96.52,,
ESTAT:PRC_HICP_MINR(1.0),02/10/26 11:00:00,Monthly,"Index, 2025=100",Total,Slovenia,2023-08,96.72,,
ESTAT:PRC_HICP_MINR(1.0),02/10/26 11:00:00,Monthly,"Index, 2025=100",Total,Slovenia,2023-09,97.38,,
ESTAT:PRC_HICP_MINR(1.0),02/10/26 11:00:00,Monthly,"Index, 2025=100",Total,Slovenia,2023-10,97.72,,
ESTAT:PRC_HICP_MINR(1.0),02/10/26 11:00:00,Monthly,"Index, 2025=100",Total,Slovenia,2023-11,96.91,,
ESTAT:PRC_HICP_MINR(1.0),02/10/26 11:00:00,Monthly,"Index, 2025=100",Total,Slovenia,2023-12,96.37,,
ESTAT:PRC_HICP_MINR(1.0),02/10/26 11:00:00,Monthly,"Index, 2025=100",Total,Slovenia,2024-01,95.83,,
ESTAT:PRC_HICP_MINR(1.0),02/10/26 11:00:00,Monthly,"Index, 2025=100",Total,Slovenia,2024-02,96.41,,
ESTAT:PRC_HICP_MINR(1.0),02/10/26 11:00:00,Monthly,"Index, 2025=100",Total,Slovenia,2024-03,96.95,,
ESTAT:PRC_HICP_MINR(1.0),02/10/26 11:00:00,Monthly,"Index, 2025=100",Total,Slovenia,2024-04,97.59,,
ESTAT:PRC_HICP_MINR(1.0),02/10/26 11:00:00,Monthly,"Index, 2025=100",Total,Slovenia,2024-05,97.98,,
ESTAT:PRC_HICP_MINR(1.0),02/10/26 11:00:00,Monthly,"Index, 2025=100",Total,Slovenia,2024-06,98.02,,
ESTAT:PRC_HICP_MINR(1.0),02/10/26 11:00:00,Monthly,"Index, 2025=100",Total,Slovenia,2024-07,97.85,,
ESTAT:PRC_HICP_MINR(1.0),02/10/26 11:00:00,Monthly,"Index, 2025=100",Total,Slovenia,2024-08,97.82,,
ESTAT:PRC_HICP_MINR(1.0),02/10/26 11:00:00,Monthly,"Index, 2025=100",Total,Slovenia,2024-09,98.01,,
ESTAT:PRC_HICP_MINR(1.0),02/10/26 11:00:00,Monthly,"Index, 2025=100",Total,Slovenia,2024-10,97.77,,
ESTAT:PRC_HICP_MINR(1.0),02/10/26 11:00:00,Monthly,"Index, 2025=100",Total,Slovenia,2024-11,98.42,,
ESTAT:PRC_HICP_MINR(1.0),02/10/26 11:00:00,Monthly,"Index, 2025=100",Total,Slovenia,2024-12,98.30,,
ESTAT:PRC_HICP_MINR(1.0),02/10/26 11:00:00,Monthly,"Index, 2025=100",Total,Slovenia,2025-01,98.04,,
ESTAT:PRC_HICP_MINR(1.0),02/10/26 11:00:00,Monthly,"Index, 2025=100",Total,Slovenia,2025-02,98.23,,
ESTAT:PRC_HICP_MINR(1.0),02/10/26 11:00:00,Monthly,"Index, 2025=100",Total,Slovenia,2025-03,99.05,,
ESTAT:PRC_HICP_MINR(1.0),02/10/26 11:00:00,Monthly,"Index, 2025=100",Total,Slovenia,2025-04,99.87,,
ESTAT:PRC_HICP_MINR(1.0),02/10/26 11:00:00,Monthly,"Index, 2025=100",Total,Slovenia,2025-05,99.82,,
ESTAT:PRC_HICP_MINR(1.0),02/10/26 11:00:00,Monthly,"Index, 2025=100",Total,Slovenia,2025-06,100.46,,
ESTAT:PRC_HICP_MINR(1.0),02/10/26 11:00:00,Monthly,"Index, 2025=100",Total,Slovenia,2025-07,100.72,,
ESTAT:PRC_HICP_MINR(1.0),02/10/26 11:00:00,Monthly,"Index, 2025=100",Total,Slovenia,2025-08,100.72,,
ESTAT:PRC_HICP_MINR(1.0),02/10/26 11:00:00,Monthly,"Index, 2025=100",Total,Slovenia,2025-09,100.71,,
ESTAT:PRC_HICP_MINR(1.0),02/10/26 11:00:00,Monthly,"Index, 2025=100",Total,Slovenia,2025-10,100.78,,
ESTAT:PRC_HICP_MINR(1.0),02/10/26 11:00:00,Monthly,"Index, 2025=100",Total,Slovenia,2025-11,100.76,,
ESTAT:PRC_HICP_MINR(1.0),02/10/26 11:00:00,Monthly,"Index, 2025=100",Total,Slovenia,2025-12,100.83,,
ESTAT:PRC_HICP_MINR(1.0),02/10/26 11:00:00,Monthly,"Index, 2025=100",Total,Slovakia,2006-01,56.52,,
ESTAT:PRC_HICP_MINR(1.0),02/10/26 11:00:00,Monthly,"Index, 2025=100",Total,Slovakia,2006-02,56.70,,
ESTAT:PRC_HICP_MINR(1.0),02/10/26 11:00:00,Monthly,"Index, 2025=100",Total,Slovakia,2006-03,56.71,,
ESTAT:PRC_HICP_MINR(1.0),02/10/26 11:00:00,Monthly,"Index, 2025=100",Total,Slovakia,2006-04,56.89,,
ESTAT:PRC_HICP_MINR(1.0),02/10/26 11:00:00,Monthly,"Index, 2025=100",Total,Slovakia,2006-05,57.17,,
ESTAT:PRC_HICP_MINR(1.0),02/10/26 11:00:00,Monthly,"Index, 2025=100",Total,Slovakia,2006-06,57.25,,
ESTAT:PRC_HICP_MINR(1.0),02/10/26 11:00:00,Monthly,"Index, 2025=100",Total,Slovakia,2006-07,57.31,,
ESTAT:PRC_HICP_MINR(1.0),02/10/26 11:00:00,Monthly,"Index, 2025=100",Total,Slovakia,2006-08,57.25,,
ESTAT:PRC_HICP_MINR(1.0),02/10/26 11:00:00,Monthly,"Index, 2025=100",Total,Slovakia,2006-09,57.14,,
ESTAT:PRC_HICP_MINR(1.0),02/10/26 11:00:00,Monthly,"Index, 2025=100",Total,Slovakia,2006-10,57.15,,
ESTAT:PRC_HICP_MINR(1.0),02/10/26 11:00:00,Monthly,"Index, 2025=100",Total,Slovakia,2006-11,57.46,,
ESTAT:PRC_HICP_MINR(1.0),02/10/26 11:00:00,Monthly,"Index, 2025=100",Total,Slovakia,2006-12,57.50,,
ESTAT:PRC_HICP_MINR(1.0),02/10/26 11:00:00,Monthly,"Index, 2025=100",Total,Slovakia,2007-01,57.78,,
ESTAT:PRC_HICP_MINR(1.0),02/10/26 11:00:00,Monthly,"Index, 2025=100",Total,Slovakia,2007-02,57.84,,
ESTAT:PRC_HICP_MINR(1.0),02/10/26 11:00:00,Monthly,"Index, 2025=100",Total,Slovakia,2007-03,57.87,,
ESTAT:PRC_HICP_MINR(1.0),02/10/26 11:00:00,Monthly,"Index, 2025=100",Total,Slovakia,2007-04,58.03,,
ESTAT:PRC_HICP_MINR(1.0),02/10/26 11:00:00,Monthly,"Index, 2025=100",Total,Slovakia,2007-05,58.04,,
ESTAT:PRC_HICP_MINR(1.0),02/10/26 11:00:00,Monthly,"Index, 2025=100",Total,Slovakia,2007-06,58.08,,
ESTAT:PRC_HICP_MINR(1.0),02/10/26 11:00:00,Monthly,"Index, 2025=100",Total,Slovakia,2007-07,58.02,,
ESTAT:PRC_HICP_MINR(1.0),02/10/26 11:00:00,Monthly,"Index, 2025=100",Total,Slovakia,2007-08,57.97,,
ESTAT:PRC_HICP_MINR(1.0),02/10/26 11:00:00,Monthly,"Index, 2025=100",Total,Slovakia,2007-09,58.13,,
ESTAT:PRC_HICP_MINR(1.0),02/10/26 11:00:00,Monthly,"Index, 2025=100",Total,Slovakia,2007-10,58.54,,
ESTAT:PRC_HICP_MINR(1.0),02/10/26 11:00:00,Monthly,"Index, 2025=100",Total,Slovakia,2007-11,58.77,,
ESTAT:PRC_HICP_MINR(1.0),02/10/26 11:00:00,Monthly,"Index, 2025=100",Total,Slovakia,2007-12,58.93,,
ESTAT:PRC_HICP_MINR(1.0),02/10/26 11:00:00,Monthly,"Index, 2025=100",Total,Slovakia,2008-01,59.62,,
ESTAT:PRC_HICP_MINR(1.0),02/10/26 11:00:00,Monthly,"Index, 2025=100",Total,Slovakia,2008-02,59.79,,
ESTAT:PRC_HICP_MINR(1.0),02/10/26 11:00:00,Monthly,"Index, 2025=100",Total,Slovakia,2008-03,59.97,,
ESTAT:PRC_HICP_MINR(1.0),02/10/26 11:00:00,Monthly,"Index, 2025=100",Total,Slovakia,2008-04,60.15,,
ESTAT:PRC_HICP_MINR(1.0),02/10/26 11:00:00,Monthly,"Index, 2025=100",Total,Slovakia,2008-05,60.37,,
ESTAT:PRC_HICP_MINR(1.0),02/10/26 11:00:00,Monthly,"Index, 2025=100",Total,Slovakia,2008-06,60.59,,
ESTAT:PRC_HICP_MINR(1.0),02/10/26 11:00:00,Monthly,"Index, 2025=100",Total,Slovakia,2008-07,60.59,,
ESTAT:PRC_HICP_MINR(1.0),02/10/26 11:00:00,Monthly,"Index, 2025=100",Total,Slovakia,2008-08,60.54,,
ESTAT:PRC_HICP_MINR(1.0),02/10/26 11:00:00,Monthly,"Index, 2025=100",Total,Slovakia,2008-09,60.78,,
ESTAT:PRC_HICP_MINR(1.0),02/10/26 11:00:00,Monthly,"Index, 2025=100",Total,Slovakia,2008-10,60.98,,
ESTAT:PRC_HICP_MINR(1.0),02/10/26 11:00:00,Monthly,"Index, 2025=100",Total,Slovakia,2008-11,61.06,,
ESTAT:PRC_HICP_MINR(1.0),02/10/26 11:00:00,Monthly,"Index, 2025=100",Total,Slovakia,2008-12,61.02,,
ESTAT:PRC_HICP_MINR(1.0),02/10/26 11:00:00,Monthly,"Index, 2025=100",Total,Slovakia,2009-01,61.23,,
ESTAT:PRC_HICP_MINR(1.0),02/10/26 11:00:00,Monthly,"Index, 2025=100",Total,Slovakia,2009-02,61.22,,
ESTAT:PRC_HICP_MINR(1.0),02/10/26 11:00:00,Monthly,"Index, 2025=100",Total,Slovakia,2009-03,61.05,,
ESTAT:PRC_HICP_MINR(1.0),02/10/26 11:00:00,Monthly,"Index, 2025=100",Total,Slovakia,2009-04,60.98,,
ESTAT:PRC_HICP_MINR(1.0),02/10/26 11:00:00,Monthly,"Index, 2025=100",Total,Slovakia,2009-05,61.02,,
ESTAT:PRC_HICP_MINR(1.0),02/10/26 11:00:00,Monthly,"Index, 2025=100",Total,Slovakia,2009-06,61.03,,
ESTAT:PRC_HICP_MINR(1.0),02/10/26 11:00:00,Monthly,"Index, 2025=100",Total,Slovakia,2009-07,60.96,,
ESTAT:PRC_HICP_MINR(1.0),02/10/26 11:00:00,Monthly,"Index, 2025=100",Total,Slovakia,2009-08,60.83,,
ESTAT:PRC_HICP_MINR(1.0),02/10/26 11:00:00,Monthly,"Index, 2025=100",Total,Slovakia,2009-09,60.80,,
ESTAT:PRC_HICP_MINR(1.0),02/10/26 11:00:00,Monthly,"Index, 2025=100",Total,Slovakia,2009-10,60.91,,
ESTAT:PRC_HICP_MINR(1.0),02/10/26 11:00:00,Monthly,"Index, 2025=100",Total,Slovakia,2009-11,61.08,,
ESTAT:PRC_HICP_MINR(1.0),02/10/26 11:00:00,Monthly,"Index, 2025=100",Total,Slovakia,2009-12,61.04,,
ESTAT:PRC_HICP_MINR(1.0),02/10/26 11:00:00,Monthly,"Index, 2025=100",Total,Slovakia,2010-01,61.12,,
ESTAT:PRC_HICP_MINR(1.0),02/10/26 11:00:00,Monthly,"Index, 2025=100",Total,Slovakia,2010-02,61.13,,
ESTAT:PRC_HICP_MINR(1.0),02/10/26 11:00:00,Monthly,"Index, 2025=100",Total,Slovakia,2010-03,61.21,,
ESTAT:PRC_HICP_MINR(1.0),02/10/26 11:00:00,Monthly,"Index, 2025=100",Total,Slovakia,2010-04,61.43,,
ESTAT:PRC_HICP_MINR(1.0),02/10/26 11:00:00,Monthly,"Index, 2025=100",Total,Slovakia,2010-05,61.46,,
ESTAT:PRC_HICP_MINR(1.0),02/10/26 11:00:00,Monthly,"Index, 2025=100",Total,Slovakia,2010-06,61.46,,
ESTAT:PRC_HICP_MINR(1.0),02/10/26 11:00:00,Monthly,"Index, 2025=100",Total,Slovakia,2010-07,61.54,,
ESTAT:PRC_HICP_MINR(1.0),02/10/26 11:00:00,Monthly,"Index, 2025=100",Total,Slovakia,2010-08,61.48,,
ESTAT:PRC_HICP_MINR(1.0),02/10/26 11:00:00,Monthly,"Index, 2025=100",Total,Slovakia,2010-09,61.47,,
ESTAT:PRC_HICP_MINR(1.0),02/10/26 11:00:00,Monthly,"Index, 2025=100",Total,Slovakia,2010-10,61.49,,
ESTAT:PRC_HICP_MINR(1.0),02/10/26 11:00:00,Monthly,"Index, 2025=100",Total,Slovakia,2010-11,61.66,,
ESTAT:PRC_HICP_MINR(1.0),02/10/26 11:00:00,Monthly,"Index, 2025=100",Total,Slovakia,2010-12,61.81,,
ESTAT:PRC_HICP_MINR(1.0),02/10/26 11:00:00,Monthly,"Index, 2025=100",Total,Slovakia,2011-01,63.09,,
ESTAT:PRC_HICP_MINR(1.0),02/10/26 11:00:00,Monthly,"Index, 2025=100",Total,Slovakia,2011-02,63.27,,
ESTAT:PRC_HICP_MINR(1.0),02/10/26 11:00:00,Monthly,"Index, 2025=100",Total,Slovakia,2011-03,63.53,,
ESTAT:PRC_HICP_MINR(1.0),02/10/26 11:00:00,Monthly,"Index, 2025=100",Total,Slovakia,2011-04,63.82,,
ESTAT:PRC_HICP_MINR(1.0),02/10/26 11:00:00,Monthly,"Index, 2025=100",Total,Slovakia,2011-05,64.04,,
ESTAT:PRC_HICP_MINR(1.0),02/10/26 11:00:00,Monthly,"Index, 2025=100",Total,Slovakia,2011-06,64.00,,
ESTAT:PRC_HICP_MINR(1.0),02/10/26 11:00:00,Monthly,"Index, 2025=100",Total,Slovakia,2011-07,63.89,,
ESTAT:PRC_HICP_MINR(1.0),02/10/26 11:00:00,Monthly,"Index, 2025=100",Total,Slovakia,2011-08,63.97,,
ESTAT:PRC_HICP_MINR(1.0),02/10/26 11:00:00,Monthly,"Index, 2025=100",Total,Slovakia,2011-09,64.15,,
ESTAT:PRC_HICP_MINR(1.0),02/10/26 11:00:00,Monthly,"Index, 2025=100",Total,Slovakia,2011-10,64.30,,
ESTAT:PRC_HICP_MINR(1.0),02/10/26 11:00:00,Monthly,"Index, 2025=100",Total,Slovakia,2011-11,64.62,,
ESTAT:PRC_HICP_MINR(1.0),02/10/26 11:00:00,Monthly,"Index, 2025=100",Total,Slovakia,2011-12,64.65,,
ESTAT:PRC_HICP_MINR(1.0),02/10/26 11:00:00,Monthly,"Index, 2025=100",Total,Slovakia,2012-01,65.65,,
ESTAT:PRC_HICP_MINR(1.0),02/10/26 11:00:00,Monthly,"Index, 2025=100",Total,Slovakia,2012-02,65.80,,
ESTAT:PRC_HICP_MINR(1.0),02/10/26 11:00:00,Monthly,"Index, 2025=100",Total,Slovakia,2012-03,66.00,,
ESTAT:PRC_HICP_MINR(1.0),02/10/26 11:00:00,Monthly,"Index, 2025=100",Total,Slovakia,2012-04,66.17,,
ESTAT:PRC_HICP_MINR(1.0),02/10/26 11:00:00,Monthly,"Index, 2025=100",Total,Slovakia,2012-05,66.23,,
ESTAT:PRC_HICP_MINR(1.0),02/10/26 11:00:00,Monthly,"Index, 2025=100",Total,Slovakia,2012-06,66.38,,
ESTAT:PRC_HICP_MINR(1.0),02/10/26 11:00:00,Monthly,"Index, 2025=100",Total,Slovakia,2012-07,66.35,,
ESTAT:PRC_HICP_MINR(1.0),02/10/26 11:00:00,Monthly,"Index, 2025=100",Total,Slovakia,2012-08,66.38,,
ESTAT:PRC_HICP_MINR(1.0),02/10/26 11:00:00,Monthly,"Index, 2025=100",Total,Slovakia,2012-09,66.57,,
ESTAT:PRC_HICP_MINR(1.0),02/10/26 11:00:00,Monthly,"Index, 2025=100",Total,Slovakia,2012-10,66.83,,
ESTAT:PRC_HICP_MINR(1.0),02/10/26 11:00:00,Monthly,"Index, 2025=100",Total,Slovakia,2012-11,66.87,,
ESTAT:PRC_HICP_MINR(1.0),02/10/26 11:00:00,Monthly,"Index, 2025=100",Total,Slovakia,2012-12,66.83,,
ESTAT:PRC_HICP_MINR(1.0),02/10/26 11:00:00,Monthly,"Index, 2025=100",Total,Slovakia,2013-01,67.29,,
ESTAT:PRC_HICP_MINR(1.0),02/10/26 11:00:00,Monthly,"Index, 2025=100",Total,Slovakia,2013-02,67.28,,
ESTAT:PRC_HICP_MINR(1.0),02/10/26 11:00:00,Monthly,"Index, 2025=100",Total,Slovakia,2013-03,67.29,,
ESTAT:PRC_HICP_MINR(1.0),02/10/26 11:00:00,Monthly,"Index, 2025=100",Total,Slovakia,2013-04,67.31,,
ESTAT:PRC_HICP_MINR(1.0),02/10/26 11:00:00,Monthly,"Index, 2025=100",Total,Slovakia,2013-05,67.39,,
ESTAT:PRC_HICP_MINR(1.0),02/10/26 11:00:00,Monthly,"Index, 2025=100",Total,Slovakia,2013-06,67.49,,
ESTAT:PRC_HICP_MINR(1.0),02/10/26 11:00:00,Monthly,"Index, 2025=100",Total,Slovakia,2013-07,67.44,,
ESTAT:PRC_HICP_MINR(1.0),02/10/26 11:00:00,Monthly,"Index, 2025=100",Total,Slovakia,2013-08,67.32,,
ESTAT:PRC_HICP_MINR(1.0),02/10/26 11:00:00,Monthly,"Index, 2025=100",Total,Slovakia,2013-09,67.30,,
ESTAT:PRC_HICP_MINR(1.0),02/10/26 11:00:00,Monthly,"Index, 2025=100",Total,Slovakia,2013-10,67.31,,
ESTAT:PRC_HICP_MINR(1.0),02/10/26 11:00:00,Monthly,"Index, 2025=100",Total,Slovakia,2013-11,67.20,,
ESTAT:PRC_HICP_MINR(1.0),02/10/26 11:00:00,Monthly,"Index, 2025=100",Total,Slovakia,2013-12,67.09,,
ESTAT:PRC_HICP_MINR(1.0),02/10/26 11:00:00,Monthly,"Index, 2025=100",Total,Slovakia,2014-01,67.27,,
ESTAT:PRC_HICP_MINR(1.0),02/10/26 11:00:00,Monthly,"Index, 2025=100",Total,Slovakia,2014-02,67.20,,
ESTAT:PRC_HICP_MINR(1.0),02/10/26 11:00:00,Monthly,"Index, 2025=100",Total,Slovakia,2014-03,67.18,,
ESTAT:PRC_HICP_MINR(1.0),02/10/26 11:00:00,Monthly,"Index, 2025=100",Total,Slovakia,2014-04,67.18,,
ESTAT:PRC_HICP_MINR(1.0),02/10/26 11:00:00,Monthly,"Index, 2025=100",Total,Slovakia,2014-05,67.36,,
ESTAT:PRC_HICP_MINR(1.0),02/10/26 11:00:00,Monthly,"Index, 2025=100",Total,Slovakia,2014-06,67.44,,
ESTAT:PRC_HICP_MINR(1.0),02/10/26 11:00:00,Monthly,"Index, 2025=100",Total,Slovakia,2014-07,67.34,,
ESTAT:PRC_HICP_MINR(1.0),02/10/26 11:00:00,Monthly,"Index, 2025=100",Total,Slovakia,2014-08,67.20,,
ESTAT:PRC_HICP_MINR(1.0),02/10/26 11:00:00,Monthly,"Index, 2025=100",Total,Slovakia,2014-09,67.24,,
ESTAT:PRC_HICP_MINR(1.0),02/10/26 11:00:00,Monthly,"Index, 2025=100",Total,Slovakia,2014-10,67.30,,
ESTAT:PRC_HICP_MINR(1.0),02/10/26 11:00:00,Monthly,"Index, 2025=100",Total,Slovakia,2014-11,67.19,,
ESTAT:PRC_HICP_MINR(1.0),02/10/26 11:00:00,Monthly,"Index, 2025=100",Total,Slovakia,2014-12,67.00,,
ESTAT:PRC_HICP_MINR(1.0),02/10/26 11:00:00,Monthly,"Index, 2025=100",Total,Slovakia,2015-01,66.92,,
ESTAT:PRC_HICP_MINR(1.0),02/10/26 11:00:00,Monthly,"Index, 2025=100",Total,Slovakia,2015-02,66.80,,
ESTAT:PRC_HICP_MINR(1.0),02/10/26 11:00:00,Monthly,"Index, 2025=100",Total,Slovakia,2015-03,66.92,,
ESTAT:PRC_HICP_MINR(1.0),02/10/26 11:00:00,Monthly,"Index, 2025=100",Total,Slovakia,2015-04,67.09,,
ESTAT:PRC_HICP_MINR(1.0),02/10/26 11:00:00,Monthly,"Index, 2025=100",Total,Slovakia,2015-05,67.31,,
ESTAT:PRC_HICP_MINR(1.0),02/10/26 11:00:00,Monthly,"Index, 2025=100",Total,Slovakia,2015-06,67.38,,
ESTAT:PRC_HICP_MINR(1.0),02/10/26 11:00:00,Monthly,"Index, 2025=100",Total,Slovakia,2015-07,67.19,,
ESTAT:PRC_HICP_MINR(1.0),02/10/26 11:00:00,Monthly,"Index, 2025=100",Total,Slovakia,2015-08,67.05,,
ESTAT:PRC_HICP_MINR(1.0),02/10/26 11:00:00,Monthly,"Index, 2025=100",Total,Slovakia,2015-09,66.89,,
ESTAT:PRC_HICP_MINR(1.0),02/10/26 11:00:00,Monthly,"Index, 2025=100",Total,Slovakia,2015-10,66.94,,
ESTAT:PRC_HICP_MINR(1.0),02/10/26 11:00:00,Monthly,"Index, 2025=100",Total,Slovakia,2015-11,66.93,,
ESTAT:PRC_HICP_MINR(1.0),02/10/26 11:00:00,Monthly,"Index, 2025=100",Total,Slovakia,2015-12,66.70,,
ESTAT:PRC_HICP_MINR(1.0),02/10/26 11:00:00,Monthly,"Index, 2025=100",Total,Slovakia,2016-01,66.50,,
ESTAT:PRC_HICP_MINR(1.0),02/10/26 11:00:00,Monthly,"Index, 2025=100",Total,Slovakia,2016-02,66.58,,
ESTAT:PRC_HICP_MINR(1.0),02/10/26 11:00:00,Monthly,"Index, 2025=100",Total,Slovakia,2016-03,66.60,,
ESTAT:PRC_HICP_MINR(1.0),02/10/26 11:00:00,Monthly,"Index, 2025=100",Total,Slovakia,2016-04,66.83,,
ESTAT:PRC_HICP_MINR(1.0),02/10/26 11:00:00,Monthly,"Index, 2025=100",Total,Slovakia,2016-05,66.80,,
ESTAT:PRC_HICP_MINR(1.0),02/10/26 11:00:00,Monthly,"Index, 2025=100",Total,Slovakia,2016-06,66.89,,
ESTAT:PRC_HICP_MINR(1.0),02/10/26 11:00:00,Monthly,"Index, 2025=100",Total,Slovakia,2016-07,66.61,,
ESTAT:PRC_HICP_MINR(1.0),02/10/26 11:00:00,Monthly,"Index, 2025=100",Total,Slovakia,2016-08,66.52,,
ESTAT:PRC_HICP_MINR(1.0),02/10/26 11:00:00,Monthly,"Index, 2025=100",Total,Slovakia,2016-09,66.54,,
ESTAT:PRC_HICP_MINR(1.0),02/10/26 11:00:00,Monthly,"Index, 2025=100",Total,Slovakia,2016-10,66.73,,
ESTAT:PRC_HICP_MINR(1.0),02/10/26 11:00:00,Monthly,"Index, 2025=100",Total,Slovakia,2016-11,66.79,,
ESTAT:PRC_HICP_MINR(1.0),02/10/26 11:00:00,Monthly,"Index, 2025=100",Total,Slovakia,2016-12,66.84,,
ESTAT:PRC_HICP_MINR(1.0),02/10/26 11:00:00,Monthly,"Index, 2025=100",Total,Slovakia,2017-01,67.02,,
ESTAT:PRC_HICP_MINR(1.0),02/10/26 11:00:00,Monthly,"Index, 2025=100",Total,Slovakia,2017-02,67.38,,
ESTAT:PRC_HICP_MINR(1.0),02/10/26 11:00:00,Monthly,"Index, 2025=100",Total,Slovakia,2017-03,67.29,,
ESTAT:PRC_HICP_MINR(1.0),02/10/26 11:00:00,Monthly,"Index, 2025=100",Total,Slovakia,2017-04,67.39,,
ESTAT:PRC_HICP_MINR(1.0),02/10/26 11:00:00,Monthly,"Index, 2025=100",Total,Slovakia,2017-05,67.56,,
ESTAT:PRC_HICP_MINR(1.0),02/10/26 11:00:00,Monthly,"Index, 2025=100",Total,Slovakia,2017-06,67.56,,
ESTAT:PRC_HICP_MINR(1.0),02/10/26 11:00:00,Monthly,"Index, 2025=100",Total,Slovakia,2017-07,67.59,,
ESTAT:PRC_HICP_MINR(1.0),02/10/26 11:00:00,Monthly,"Index, 2025=100",Total,Slovakia,2017-08,67.60,,
ESTAT:PRC_HICP_MINR(1.0),02/10/26 11:00:00,Monthly,"Index, 2025=100",Total,Slovakia,2017-09,67.71,,
ESTAT:PRC_HICP_MINR(1.0),02/10/26 11:00:00,Monthly,"Index, 2025=100",Total,Slovakia,2017-10,67.94,,
ESTAT:PRC_HICP_MINR(1.0),02/10/26 11:00:00,Monthly,"Index, 2025=100",Total,Slovakia,2017-11,68.17,,
ESTAT:PRC_HICP_MINR(1.0),02/10/26 11:00:00,Monthly,"Index, 2025=100",Total,Slovakia,2017-12,68.16,,
ESTAT:PRC_HICP_MINR(1.0),02/10/26 11:00:00,Monthly,"Index, 2025=100",Total,Slovakia,2018-01,68.75,,
ESTAT:PRC_HICP_MINR(1.0),02/10/26 11:00:00,Monthly,"Index, 2025=100",Total,Slovakia,2018-02,68.85,,
ESTAT:PRC_HICP_MINR(1.0),02/10/26 11:00:00,Monthly,"Index, 2025=100",Total,Slovakia,2018-03,68.99,,
ESTAT:PRC_HICP_MINR(1.0),02/10/26 11:00:00,Monthly,"Index, 2025=100",Total,Slovakia,2018-04,69.40,,
ESTAT:PRC_HICP_MINR(1.0),02/10/26 11:00:00,Monthly,"Index, 2025=100",Total,Slovakia,2018-05,69.40,,
ESTAT:PRC_HICP_MINR(1.0),02/10/26 11:00:00,Monthly,"Index, 2025=100",Total,Slovakia,2018-06,69.49,,
ESTAT:PRC_HICP_MINR(1.0),02/10/26 11:00:00,Monthly,"Index, 2025=100",Total,Slovakia,2018-07,69.38,,
ESTAT:PRC_HICP_MINR(1.0),02/10/26 11:00:00,Monthly,"Index, 2025=100",Total,Slovakia,2018-08,69.53,,
ESTAT:PRC_HICP_MINR(1.0),02/10/26 11:00:00,Monthly,"Index, 2025=100",Total,Slovakia,2018-09,69.56,,
ESTAT:PRC_HICP_MINR(1.0),02/10/26 11:00:00,Monthly,"Index, 2025=100",Total,Slovakia,2018-10,69.62,,
ESTAT:PRC_HICP_MINR(1.0),02/10/26 11:00:00,Monthly,"Index, 2025=100",Total,Slovakia,2018-11,69.53,,
ESTAT:PRC_HICP_MINR(1.0),02/10/26 11:00:00,Monthly,"Index, 2025=100",Total,Slovakia,2018-12,69.43,,
ESTAT:PRC_HICP_MINR(1.0),02/10/26 11:00:00,Monthly,"Index, 2025=100",Total,Slovakia,2019-01,70.26,,
ESTAT:PRC_HICP_MINR(1.0),02/10/26 11:00:00,Monthly,"Index, 2025=100",Total,Slovakia,2019-02,70.42,,
ESTAT:PRC_HICP_MINR(1.0),02/10/26 11:00:00,Monthly,"Index, 2025=100",Total,Slovakia,2019-03,70.88,,
ESTAT:PRC_HICP_MINR(1.0),02/10/26 11:00:00,Monthly,"Index, 2025=100",Total,Slovakia,2019-04,71.04,,
ESTAT:PRC_HICP_MINR(1.0),02/10/26 11:00:00,Monthly,"Index, 2025=100",Total,Slovakia,2019-05,71.29,,
ESTAT:PRC_HICP_MINR(1.0),02/10/26 11:00:00,Monthly,"Index, 2025=100",Total,Slovakia,2019-06,71.36,,
ESTAT:PRC_HICP_MINR(1.0),02/10/26 11:00:00,Monthly,"Index, 2025=100",Total,Slovakia,2019-07,71.46,,
ESTAT:PRC_HICP_MINR(1.0),02/10/26 11:00:00,Monthly,"Index, 2025=100",Total,Slovakia,2019-08,71.62,,
ESTAT:PRC_HICP_MINR(1.0),02/10/26 11:00:00,Monthly,"Index, 2025=100",Total,Slovakia,2019-09,71.68,,
ESTAT:PRC_HICP_MINR(1.0),02/10/26 11:00:00,Monthly,"Index, 2025=100",Total,Slovakia,2019-10,71.61,,
ESTAT:PRC_HICP_MINR(1.0),02/10/26 11:00:00,Monthly,"Index, 2025=100",Total,Slovakia,2019-11,71.73,,
ESTAT:PRC_HICP_MINR(1.0),02/10/26 11:00:00,Monthly,"Index, 2025=100",Total,Slovakia,2019-12,71.62,,
ESTAT:PRC_HICP_MINR(1.0),02/10/26 11:00:00,Monthly,"Index, 2025=100",Total,Slovakia,2020-01,72.52,,
ESTAT:PRC_HICP_MINR(1.0),02/10/26 11:00:00,Monthly,"Index, 2025=100",Total,Slovakia,2020-02,72.62,,
ESTAT:PRC_HICP_MINR(1.0),02/10/26 11:00:00,Monthly,"Index, 2025=100",Total,Slovakia,2020-03,72.60,,
ESTAT:PRC_HICP_MINR(1.0),02/10/26 11:00:00,Monthly,"Index, 2025=100",Total,Slovakia,2020-04,72.54,,
ESTAT:PRC_HICP_MINR(1.0),02/10/26 11:00:00,Monthly,"Index, 2025=100",Total,Slovakia,2020-05,72.76,,
ESTAT:PRC_HICP_MINR(1.0),02/10/26 11:00:00,Monthly,"Index, 2025=100",Total,Slovakia,2020-06,72.68,,
ESTAT:PRC_HICP_MINR(1.0),02/10/26 11:00:00,Monthly,"Index, 2025=100",Total,Slovakia,2020-07,72.73,,
ESTAT:PRC_HICP_MINR(1.0),02/10/26 11:00:00,Monthly,"Index, 2025=100",Total,Slovakia,2020-08,72.65,,
ESTAT:PRC_HICP_MINR(1.0),02/10/26 11:00:00,Monthly,"Index, 2025=100",Total,Slovakia,2020-09,72.67,,
ESTAT:PRC_HICP_MINR(1.0),02/10/26 11:00:00,Monthly,"Index, 2025=100",Total,Slovakia,2020-10,72.78,,
ESTAT:PRC_HICP_MINR(1.0),02/10/26 11:00:00,Monthly,"Index, 2025=100",Total,Slovakia,2020-11,72.85,,
ESTAT:PRC_HICP_MINR(1.0),02/10/26 11:00:00,Monthly,"Index, 2025=100",Total,Slovakia,2020-12,72.80,,
ESTAT:PRC_HICP_MINR(1.0),02/10/26 11:00:00,Monthly,"Index, 2025=100",Total,Slovakia,2021-01,73.04,,
ESTAT:PRC_HICP_MINR(1.0),02/10/26 11:00:00,Monthly,"Index, 2025=100",Total,Slovakia,2021-02,73.25,,
ESTAT:PRC_HICP_MINR(1.0),02/10/26 11:00:00,Monthly,"Index, 2025=100",Total,Slovakia,2021-03,73.66,,
ESTAT:PRC_HICP_MINR(1.0),02/10/26 11:00:00,Monthly,"Index, 2025=100",Total,Slovakia,2021-04,73.78,,
ESTAT:PRC_HICP_MINR(1.0),02/10/26 11:00:00,Monthly,"Index, 2025=100",Total,Slovakia,2021-05,74.24,,
ESTAT:PRC_HICP_MINR(1.0),02/10/26 11:00:00,Monthly,"Index, 2025=100",Total,Slovakia,2021-06,74.51,,
ESTAT:PRC_HICP_MINR(1.0),02/10/26 11:00:00,Monthly,"Index, 2025=100",Total,Slovakia,2021-07,74.85,,
ESTAT:PRC_HICP_MINR(1.0),02/10/26 11:00:00,Monthly,"Index, 2025=100",Total,Slovakia,2021-08,75.03,,
ESTAT:PRC_HICP_MINR(1.0),02/10/26 11:00:00,Monthly,"Index, 2025=100",Total,Slovakia,2021-09,75.60,,
ESTAT:PRC_HICP_MINR(1.0),02/10/26 11:00:00,Monthly,"Index, 2025=100",Total,Slovakia,2021-10,75.99,,
ESTAT:PRC_HICP_MINR(1.0),02/10/26 11:00:00,Monthly,"Index, 2025=100",Total,Slovakia,2021-11,76.36,,
ESTAT:PRC_HICP_MINR(1.0),02/10/26 11:00:00,Monthly,"Index, 2025=100",Total,Slovakia,2021-12,76.49,,
ESTAT:PRC_HICP_MINR(1.0),02/10/26 11:00:00,Monthly,"Index, 2025=100",Total,Slovakia,2022-01,78.65,,
ESTAT:PRC_HICP_MINR(1.0),02/10/26 11:00:00,Monthly,"Index, 2025=100",Total,Slovakia,2022-02,79.31,,
ESTAT:PRC_HICP_MINR(1.0),02/10/26 11:00:00,Monthly,"Index, 2025=100",Total,Slovakia,2022-03,80.70,,
ESTAT:PRC_HICP_MINR(1.0),02/10/26 11:00:00,Monthly,"Index, 2025=100",Total,Slovakia,2022-04,81.79,,
ESTAT:PRC_HICP_MINR(1.0),02/10/26 11:00:00,Monthly,"Index, 2025=100",Total,Slovakia,2022-05,82.97,,
ESTAT:PRC_HICP_MINR(1.0),02/10/26 11:00:00,Monthly,"Index, 2025=100",Total,Slovakia,2022-06,83.90,,
ESTAT:PRC_HICP_MINR(1.0),02/10/26 11:00:00,Monthly,"Index, 2025=100",Total,Slovakia,2022-07,84.45,,
ESTAT:PRC_HICP_MINR(1.0),02/10/26 11:00:00,Monthly,"Index, 2025=100",Total,Slovakia,2022-08,85.07,,
ESTAT:PRC_HICP_MINR(1.0),02/10/26 11:00:00,Monthly,"Index, 2025=100",Total,Slovakia,2022-09,85.86,,
ESTAT:PRC_HICP_MINR(1.0),02/10/26 11:00:00,Monthly,"Index, 2025=100",Total,Slovakia,2022-10,86.99,,
ESTAT:PRC_HICP_MINR(1.0),02/10/26 11:00:00,Monthly,"Index, 2025=100",Total,Slovakia,2022-11,87.86,,
ESTAT:PRC_HICP_MINR(1.0),02/10/26 11:00:00,Monthly,"Index, 2025=100",Total,Slovakia,2022-12,87.99,,
ESTAT:PRC_HICP_MINR(1.0),02/10/26 11:00:00,Monthly,"Index, 2025=100",Total,Slovakia,2023-01,90.49,,
ESTAT:PRC_HICP_MINR(1.0),02/10/26 11:00:00,Monthly,"Index, 2025=100",Total,Slovakia,2023-02,91.53,,
ESTAT:PRC_HICP_MINR(1.0),02/10/26 11:00:00,Monthly,"Index, 2025=100",Total,Slovakia,2023-03,92.68,,
ESTAT:PRC_HICP_MINR(1.0),02/10/26 11:00:00,Monthly,"Index, 2025=100",Total,Slovakia,2023-04,93.25,,
ESTAT:PRC_HICP_MINR(1.0),02/10/26 11:00:00,Monthly,"Index, 2025=100",Total,Slovakia,2023-05,93.19,,
ESTAT:PRC_HICP_MINR(1.0),02/10/26 11:00:00,Monthly,"Index, 2025=100",Total,Slovakia,2023-06,93.41,,
ESTAT:PRC_HICP_MINR(1.0),02/10/26 11:00:00,Monthly,"Index, 2025=100",Total,Slovakia,2023-07,93.19,,
ESTAT:PRC_HICP_MINR(1.0),02/10/26 11:00:00,Monthly,"Index, 2025=100",Total,Slovakia,2023-08,93.26,,
ESTAT:PRC_HICP_MINR(1.0),02/10/26 11:00:00,Monthly,"Index, 2025=100",Total,Slovakia,2023-09,93.56,,
ESTAT:PRC_HICP_MINR(1.0),02/10/26 11:00:00,Monthly,"Index, 2025=100",Total,Slovakia,2023-10,93.74,,
ESTAT:PRC_HICP_MINR(1.0),02/10/26 11:00:00,Monthly,"Index, 2025=100",Total,Slovakia,2023-11,93.91,,
ESTAT:PRC_HICP_MINR(1.0),02/10/26 11:00:00,Monthly,"Index, 2025=100",Total,Slovakia,2023-12,93.78,,
ESTAT:PRC_HICP_MINR(1.0),02/10/26 11:00:00,Monthly,"Index, 2025=100",Total,Slovakia,2024-01,94.49,,
ESTAT:PRC_HICP_MINR(1.0),02/10/26 11:00:00,Monthly,"Index, 2025=100",Total,Slovakia,2024-02,95.03,,
ESTAT:PRC_HICP_MINR(1.0),02/10/26 11:00:00,Monthly,"Index, 2025=100",Total,Slovakia,2024-03,95.15,,
ESTAT:PRC_HICP_MINR(1.0),02/10/26 11:00:00,Monthly,"Index, 2025=100",Total,Slovakia,2024-04,95.51,,
ESTAT:PRC_HICP_MINR(1.0),02/10/26 11:00:00,Monthly,"Index, 2025=100",Total,Slovakia,2024-05,95.64,,
ESTAT:PRC_HICP_MINR(1.0),02/10/26 11:00:00,Monthly,"Index, 2025=100",Total,Slovakia,2024-06,95.68,,
ESTAT:PRC_HICP_MINR(1.0),02/10/26 11:00:00,Monthly,"Index, 2025=100",Total,Slovakia,2024-07,95.99,,
ESTAT:PRC_HICP_MINR(1.0),02/10/26 11:00:00,Monthly,"Index, 2025=100",Total,Slovakia,2024-08,96.26,,
ESTAT:PRC_HICP_MINR(1.0),02/10/26 11:00:00,Monthly,"Index, 2025=100",Total,Slovakia,2024-09,96.31,,
ESTAT:PRC_HICP_MINR(1.0),02/10/26 11:00:00,Monthly,"Index, 2025=100",Total,Slovakia,2024-10,97.04,,
ESTAT:PRC_HICP_MINR(1.0),02/10/26 11:00:00,Monthly,"Index, 2025=100",Total,Slovakia,2024-11,97.28,,
ESTAT:PRC_HICP_MINR(1.0),02/10/26 11:00:00,Monthly,"Index, 2025=100",Total,Slovakia,2024-12,96.81,,
ESTAT:PRC_HICP_MINR(1.0),02/10/26 11:00:00,Monthly,"Index, 2025=100",Total,Slovakia,2025-01,98.51,,
ESTAT:PRC_HICP_MINR(1.0),02/10/26 11:00:00,Monthly,"Index, 2025=100",Total,Slovakia,2025-02,98.90,,
ESTAT:PRC_HICP_MINR(1.0),02/10/26 11:00:00,Monthly,"Index, 2025=100",Total,Slovakia,2025-03,99.18,,
ESTAT:PRC_HICP_MINR(1.0),02/10/26 11:00:00,Monthly,"Index, 2025=100",Total,Slovakia,2025-04,99.28,,
ESTAT:PRC_HICP_MINR(1.0),02/10/26 11:00:00,Monthly,"Index, 2025=100",Total,Slovakia,2025-05,99.79,,
ESTAT:PRC_HICP_MINR(1.0),02/10/26 11:00:00,Monthly,"Index, 2025=100",Total,Slovakia,2025-06,100.06,,
ESTAT:PRC_HICP_MINR(1.0),02/10/26 11:00:00,Monthly,"Index, 2025=100",Total,Slovakia,2025-07,100.42,,
ESTAT:PRC_HICP_MINR(1.0),02/10/26 11:00:00,Monthly,"Index, 2025=100",Total,Slovakia,2025-08,100.51,,
ESTAT:PRC_HICP_MINR(1.0),02/10/26 11:00:00,Monthly,"Index, 2025=100",Total,Slovakia,2025-09,100.71,,
ESTAT:PRC_HICP_MINR(1.0),02/10/26 11:00:00,Monthly,"Index, 2025=100",Total,Slovakia,2025-10,100.81,,
ESTAT:PRC_HICP_MINR(1.0),02/10/26 11:00:00,Monthly,"Index, 2025=100",Total,Slovakia,2025-11,101.09,,
ESTAT:PRC_HICP_MINR(1.0),02/10/26 11:00:00,Monthly,"Index, 2025=100",Total,Slovakia,2025-12,100.75,,
