DATAFLOW,LAST UPDATE,freq,unit,geo,TIME_PERIOD,OBS_VALUE,OBS_FLAG,CONF_STATUS
ESTAT:RAIL_PA_QUARTAL(1.0),29/09/26 23:00:00,Quarterly,Thousand passengers,Bulgaria,2006-Q1,8127,,
ESTAT:RAIL_PA_QUARTAL(1.0),29/09/26 23:00:00,Quarterly,Thousand passengers,Bulgaria,2006-Q2,8958,,
ESTAT:RAIL_PA_QUARTAL(1.0),29/09/26 23:00:00,Quarterly,Thousand passengers,Bulgaria,2006-Q3,8589,,
ESTAT:RAIL_PA_QUARTAL(1.0),29/09/26 23:00:00,Quarterly,Thousand passengers,Bulgaria,2006-Q4,8438,,
ESTAT:RAIL_PA_QUARTAL(1.0),29/09/26 23:00:00,Quarterly,Thousand passengers,Bulgaria,2007-Q1,8304,,
ESTAT:RAIL_PA_QUARTAL(1.0),29/09/26 23:00:00,Quarterly,Thousand passengers,Bulgaria,2007-Q2,8520,,
ESTAT:RAIL_PA_QUARTAL(1.0),29/09/26 23:00:00,Quarterly,Thousand passengers,Bulgaria,2007-Q3,8413,,
ESTAT:RAIL_PA_QUARTAL(1.0),29/09/26 23:00:00,Quarterly,Thousand passengers,Bulgaria,2007-Q4,8046,,
ESTAT:RAIL_PA_QUARTAL(1.0),29/09/26 23:00:00,Quarterly,Thousand passengers,Bulgaria,2008-Q1,8213,,
ESTAT:RAIL_PA_QUARTAL(1.0),29/09/26 23:00:00,Quarterly,Thousand passengers,Bulgaria,2008-Q2,8769,,
ESTAT:RAIL_PA_QUARTAL(1.0),29/09/26 23:00:00,Quarterly,Thousand passengers,Bulgaria,2008-Q3,8638,,
ESTAT:RAIL_PA_QUARTAL(1.0),29/09/26 23:00:00,Quarterly,Thousand passengers,Bulgaria,2008-Q4,8139,,
ESTAT:RAIL_PA_QUARTAL(1.0),29/09/26 23:00:00,Quarterly,Thousand passengers,Bulgaria,2009-Q1,7625,,
ESTAT:RAIL_PA_QUARTAL(1.0),29/09/26 23:00:00,Quarterly,Thousand passengers,Bulgaria,2009-Q2,8078,,
ESTAT:RAIL_PA_QUARTAL(1.0),29/09/26 23:00:00,Quarterly,Thousand passengers,Bulgaria,2009-Q3,7992,,
ESTAT:RAIL_PA_QUARTAL(1.0),29/09/26 23:00:00,Quarterly,Thousand passengers,Bulgaria,2009-Q4,7666,,
ESTAT:RAIL_PA_QUARTAL(1.0),29/09/26 23:00:00,Quarterly,Thousand passengers,Bulgaria,2010-Q1,7192,,
ESTAT:RAIL_PA_QUARTAL(1.0),29/09/26 23:00:00,Quarterly,Thousand passengers,Bulgaria,2010-Q2,7730,,
ESTAT:RAIL_PA_QUARTAL(1.0),29/09/26 23:00:00,Quarterly,Thousand passengers,Bulgaria,2010-Q3,7679,,
ESTAT:RAIL_PA_QUARTAL(1.0),29/09/26 23:00:00,Quarterly,Thousand passengers,Bulgaria,2010-Q4,7502,,
ESTAT:RAIL_PA_QUARTAL(1.0),29/09/26 23:00:00,Quarterly,Thousand passengers,Bulgaria,2011-Q1,7115,,
ESTAT:RAIL_PA_QUARTAL(1.0),29/09/26 23:00:00,Quarterly,Thousand passengers,Bulgaria,2011-Q2,7805,,
ESTAT:RAIL_PA_QUARTAL(1.0),29/09/26 23:00:00,Quarterly,Thousand passengers,Bulgaria,2011-Q3,7820,,
ESTAT:RAIL_PA_QUARTAL(1.0),29/09/26 23:00:00,Quarterly,Thousand passengers,Bulgaria,2011-Q4,6548,,
ESTAT:RAIL_PA_QUARTAL(1.0),29/09/26 23:00:00,Quarterly,Thousand passengers,Bulgaria,2012-Q1,6211,,
ESTAT:RAIL_PA_QUARTAL(1.0),29/09/26 23:00:00,Quarterly,Thousand passengers,Bulgaria,2012-Q2,6899,,
ESTAT:RAIL_PA_QUARTAL(1.0),29/09/26 23:00:00,Quarterly,Thousand passengers,Bulgaria,2012-Q3,6863,,
ESTAT:RAIL_PA_QUARTAL(1.0),29/09/26 23:00:00,Quarterly,Thousand passengers,Bulgaria,2012-Q4,6535,,
ESTAT:RAIL_PA_QUARTAL(1.0),29/09/26 23:00:00,Quarterly,Thousand passengers,Bulgaria,2013-Q1,6205,,
ESTAT:RAIL_PA_QUARTAL(1.0),29/09/26 23:00:00,Quarterly,Thousand passengers,Bulgaria,2013-Q2,6775,,
ESTAT:RAIL_PA_QUARTAL(1.0),29/09/26 23:00:00,Quarterly,Thousand passengers,Bulgaria,2013-Q3,6756,,
ESTAT:RAIL_PA_QUARTAL(1.0),29/09/26 23:00:00,Quarterly,Thousand passengers,Bulgaria,2013-Q4,6324,,
ESTAT:RAIL_PA_QUARTAL(1.0),29/09/26 23:00:00,Quarterly,Thousand passengers,Bulgaria,2014-Q1,6041,,
ESTAT:RAIL_PA_QUARTAL(1.0),29/09/26 23:00:00,Quarterly,Thousand passengers,Bulgaria,2014-Q2,6396,,
ESTAT:RAIL_PA_QUARTAL(1.0),29/09/26 23:00:00,Quarterly,Thousand passengers,Bulgaria,2014-Q3,6274,,
ESTAT:RAIL_PA_QUARTAL(1.0),29/09/26 23:00:00,Quarterly,Thousand passengers,Bulgaria,2014-Q4,5904,,
ESTAT:RAIL_PA_QUARTAL(1.0),29/09/26 23:00:00,Quarterly,Thousand passengers,Bulgaria,2015-Q1,5400,,
ESTAT:RAIL_PA_QUARTAL(1.0),29/09/26 23:00:00,Quarterly,Thousand passengers,Bulgaria,2015-Q2,5907,,
ESTAT:RAIL_PA_QUARTAL(1.0),29/09/26 23:00:00,Quarterly,Thousand passengers,Bulgaria,2015-Q3,5760,,
ESTAT:RAIL_PA_QUARTAL(1.0),29/09/26 23:00:00,Quarterly,Thousand passengers,Bulgaria,2015-Q4,5450,,
ESTAT:RAIL_PA_QUARTAL(1.0),29/09/26 23:00:00,Quarterly,Thousand passengers,Bulgaria,2016-Q1,5123,,
ESTAT:RAIL_PA_QUARTAL(1.0),29/09/26 23:00:00,Quarterly,Thousand passengers,Bulgaria,2016-Q2,5497,,
ESTAT:RAIL_PA_QUARTAL(1.0),29/09/26 23:00:00,Quarterly,Thousand passengers,Bulgaria,2016-Q3,5630,,
ESTAT:RAIL_PA_QUARTAL(1.0),29/09/26 23:00:00,Quarterly,Thousand passengers,Bulgaria,2016-Q4,5176,,
ESTAT:RAIL_PA_QUARTAL(1.0),29/09/26 23:00:00,Quarterly,Thousand passengers,Bulgaria,2017-Q1,4872,,
ESTAT:RAIL_PA_QUARTAL(1.0),29/09/26 23:00:00,Quarterly,Thousand passengers,Bulgaria,2017-Q2,5521,,
ESTAT:RAIL_PA_QUARTAL(1.0),29/09/26 23:00:00,Quarterly,Thousand passengers,Bulgaria,2017-Q3,5620,,
ESTAT:RAIL_PA_QUARTAL(1.0),29/09/26 23:00:00,Quarterly,Thousand passengers,Bulgaria,2017-Q4,5181,,
ESTAT:RAIL_PA_QUARTAL(1.0),29/09/26 23:00:00,Quarterly,Thousand passengers,Bulgaria,2018-Q1,4877,,
ESTAT:RAIL_PA_QUARTAL(1.0),29/09/26 23:00:00,Quarterly,Thousand passengers,Bulgaria,2018-Q2,5596,,
ESTAT:RAIL_PA_QUARTAL(1.0),29/09/26 23:00:00,Quarterly,Thousand passengers,Bulgaria,2018-Q3,5650,,
ESTAT:RAIL_PA_QUARTAL(1.0),29/09/26 23:00:00,Quarterly,Thousand passengers,Bulgaria,2018-Q4,5207,,
ESTAT:RAIL_PA_QUARTAL(1.0),29/09/26 23:00:00,Quarterly,Thousand passengers,Bulgaria,2019-Q1,4958,,
ESTAT:RAIL_PA_QUARTAL(1.0),29/09/26 23:00:00,Quarterly,Thousand passengers,Bulgaria,2019-Q2,5584,,
ESTAT:RAIL_PA_QUARTAL(1.0),29/09/26 23:00:00,Quarterly,Thousand passengers,Bulgaria,2019-Q3,5686,,
ESTAT:RAIL_PA_QUARTAL(1.0),29/09/26 23:00:00,Quarterly,Thousand passengers,Bulgaria,2019-Q4,5101,,
ESTAT:RAIL_PA_QUARTAL(1.0),29/09/26 23:00:00,Quarterly,Thousand passengers,Bulgaria,2020-Q1,4590,,
ESTAT:RAIL_PA_QUARTAL(1.0),29/09/26 23:00:00,Quarterly,Thousand passengers,Bulgaria,2020-Q2,3533,,
ESTAT:RAIL_PA_QUARTAL(1.0),29/09/26 23:00:00,Quarterly,Thousand passengers,Bulgaria,2020-Q3,4663,,
ESTAT:RAIL_PA_QUARTAL(1.0),29/09/26 23:00:00,Quarterly,Thousand passengers,Bulgaria,2020-Q4,3998,,
ESTAT:RAIL_PA_QUARTAL(1.0),29/09/26 23:00:00,Quarterly,Thousand passengers,Bulgaria,2021-Q1,3701,,
ESTAT:RAIL_PA_QUARTAL(1.0),29/09/26 23:00:00,Quarterly,Thousand passengers,Bulgaria,2021-Q2,4344,,
ESTAT:RAIL_PA_QUARTAL(1.0),29/09/26 23:00:00,Quarterly,Thousand passengers,Bulgaria,2021-Q3,4888,,
ESTAT:RAIL_PA_QUARTAL(1.0),29/09/26 23:00:00,Quarterly,Thousand passengers,Bulgaria,2021-Q4,4209,,
ESTAT:RAIL_PA_QUARTAL(1.0),29/09/26 23:00:00,Quarterly,Thousand passengers,Bulgaria,2022-Q1,4143,,
ESTAT:RAIL_PA_QUARTAL(1.0),29/09/26 23:00:00,Quarterly,Thousand passengers,Bulgaria,2022-Q2,5854,,
ESTAT:RAIL_PA_QUARTAL(1.0),29/09/26 23:00:00,Quarterly,Thousand passengers,Bulgaria,2022-Q3,7006,,
ESTAT:RAIL_PA_QUARTAL(1.0),29/09/26 23:00:00,Quarterly,Thousand passengers,Bulgaria,2022-Q4,6063,,
ESTAT:RAIL_PA_QUARTAL(1.0),29/09/26 23:00:00,Quarterly,Thousand passengers,Bulgaria,2023-Q1,5048,,
ESTAT:RAIL_PA_QUARTAL(1.0),29/09/26 23:00:00,Quarterly,Thousand passengers,Bulgaria,2023-Q2,5693,,
ESTAT:RAIL_PA_QUARTAL(1.0),29/09/26 23:00:00,Quarterly,Thousand passengers,Bulgaria,2023-Q3,5876,,
ESTAT:RAIL_PA_QUARTAL(1.0),29/09/26 23:00:00,Quarterly,Thousand passengers,Bulgaria,2023-Q4,5194,,
ESTAT:RAIL_PA_QUARTAL(1.0),29/09/26 23:00:00,Quarterly,Thousand passengers,Bulgaria,2024-Q1,5002,,
ESTAT:RAIL_PA_QUARTAL(1.0),29/09/26 23:00:00,Quarterly,Thousand passengers,Bulgaria,2024-Q2,5659,,
ESTAT:RAIL_PA_QUARTAL(1.0),29/09/26 23:00:00,Quarterly,Thousand passengers,Bulgaria,2024-Q3,5565,,
ESTAT:RAIL_PA_QUARTAL(1.0),29/09/26 23:00:00,Quarterly,Thousand passengers,Bulgaria,2024-Q4,4914,,
ESTAT:RAIL_PA_QUARTAL(1.0),29/09/26 23:00:00,Quarterly,Thousand passengers,Bulgaria,2025-Q1,4890,,
ESTAT:RAIL_PA_QUARTAL(1.0),29/09/26 23:00:00,Quarterly,Thousand passengers,Bulgaria,2025-Q2,5548,,
ESTAT:RAIL_PA_QUARTAL(1.0),29/09/26 23:00:00,Quarterly,Thousand passengers,Bulgaria,2025-Q3,5531,,
ESTAT:RAIL_PA_QUARTAL(1.0),29/09/26 23:00:00,Quarterly,Thousand passengers,Bulgaria,2025-Q4,5010,,
ESTAT:RAIL_PA_QUARTAL(1.0),29/09/26 23:00:00,Quarterly,Thousand passengers,Czechia,2006-Q1,46691,,
ESTAT:RAIL_PA_QUARTAL(1.0),29/09/26 23:00:00,Quarterly,Thousand passengers,Czechia,2006-Q2,46269,,
ESTAT:RAIL_PA_QUARTAL(1.0),29/09/26 23:00:00,Quarterly,Thousand passengers,Czechia,2006-Q3,42458,,
ESTAT:RAIL_PA_QUARTAL(1.0),29/09/26 23:00:00,Quarterly,Thousand passengers,Czechia,2006-Q4,47609,,
ESTAT:RAIL_PA_QUARTAL(1.0),29/09/26 23:00:00,Quarterly,Thousand passengers,Czechia,2007-Q1,46888,,
ESTAT:RAIL_PA_QUARTAL(1.0),29/09/26 23:00:00,Quarterly,Thousand passengers,Czechia,2007-Q2,47834,,
ESTAT:RAIL_PA_QUARTAL(1.0),29/09/26 23:00:00,Quarterly,Thousand passengers,Czechia,2007-Q3,42128,,
ESTAT:RAIL_PA_QUARTAL(1.0),29/09/26 23:00:00,Quarterly,Thousand passengers,Czechia,2007-Q4,47384,,
ESTAT:RAIL_PA_QUARTAL(1.0),29/09/26 23:00:00,Quarterly,Thousand passengers,Czechia,2008-Q1,44916,,
ESTAT:RAIL_PA_QUARTAL(1.0),29/09/26 23:00:00,Quarterly,Thousand passengers,Czechia,2008-Q2,45509,,
ESTAT:RAIL_PA_QUARTAL(1.0),29/09/26 23:00:00,Quarterly,Thousand passengers,Czechia,2008-Q3,42069,,
ESTAT:RAIL_PA_QUARTAL(1.0),29/09/26 23:00:00,Quarterly,Thousand passengers,Czechia,2008-Q4,44930,,
ESTAT:RAIL_PA_QUARTAL(1.0),29/09/26 23:00:00,Quarterly,Thousand passengers,Czechia,2009-Q1,41031,,
ESTAT:RAIL_PA_QUARTAL(1.0),29/09/26 23:00:00,Quarterly,Thousand passengers,Czechia,2009-Q2,42869,,
ESTAT:RAIL_PA_QUARTAL(1.0),29/09/26 23:00:00,Quarterly,Thousand passengers,Czechia,2009-Q3,39878,,
ESTAT:RAIL_PA_QUARTAL(1.0),29/09/26 23:00:00,Quarterly,Thousand passengers,Czechia,2009-Q4,41180,,
ESTAT:RAIL_PA_QUARTAL(1.0),29/09/26 23:00:00,Quarterly,Thousand passengers,Czechia,2010-Q1,40014,,
ESTAT:RAIL_PA_QUARTAL(1.0),29/09/26 23:00:00,Quarterly,Thousand passengers,Czechia,2010-Q2,42579,,
ESTAT:RAIL_PA_QUARTAL(1.0),29/09/26 23:00:00,Quarterly,Thousand passengers,Czechia,2010-Q3,39415,,
ESTAT:RAIL_PA_QUARTAL(1.0),29/09/26 23:00:00,Quarterly,Thousand passengers,Czechia,2010-Q4,42793,,
ESTAT:RAIL_PA_QUARTAL(1.0),29/09/26 23:00:00,Quarterly,Thousand passengers,Czechia,2011-Q1,40719,,
ESTAT:RAIL_PA_QUARTAL(1.0),29/09/26 23:00:00,Quarterly,Thousand passengers,Czechia,2011-Q2,43232,,
ESTAT:RAIL_PA_QUARTAL(1.0),29/09/26 23:00:00,Quarterly,Thousand passengers,Czechia,2011-Q3,40311,,
ESTAT:RAIL_PA_QUARTAL(1.0),29/09/26 23:00:00,Quarterly,Thousand passengers,Czechia,2011-Q4,43671,,
ESTAT:RAIL_PA_QUARTAL(1.0),29/09/26 23:00:00,Quarterly,Thousand passengers,Czechia,2012-Q1,42904,,
ESTAT:RAIL_PA_QUARTAL(1.0),29/09/26 23:00:00,Quarterly,Thousand passengers,Czechia,2012-Q2,44682,,
ESTAT:RAIL_PA_QUARTAL(1.0),29/09/26 23:00:00,Quarterly,Thousand passengers,Czechia,2012-Q3,40600,,
ESTAT:RAIL_PA_QUARTAL(1.0),29/09/26 23:00:00,Quarterly,Thousand passengers,Czechia,2012-Q4,44616,,
ESTAT:RAIL_PA_QUARTAL(1.0),29/09/26 23:00:00,Quarterly,Thousand passengers,Czechia,2013-Q1,42023,,
ESTAT:RAIL_PA_QUARTAL(1.0),29/09/26 23:00:00,Quarterly,Thousand passengers,Czechia,2013-Q2,46309,,
ESTAT:RAIL_PA_QUARTAL(1.0),29/09/26 23:00:00,Quarterly,Thousand passengers,Czechia,2013-Q3,41641,,
ESTAT:RAIL_PA_QUARTAL(1.0),29/09/26 23:00:00,Quarterly,Thousand passengers,Czechia,2013-Q4,44514,,
ESTAT:RAIL_PA_QUARTAL(1.0),29/09/26 23:00:00,Quarterly,Thousand passengers,Czechia,2014-Q1,42681,,
ESTAT:RAIL_PA_QUARTAL(1.0),29/09/26 23:00:00,Quarterly,Thousand passengers,Czechia,2014-Q2,45457,,
ESTAT:RAIL_PA_QUARTAL(1.0),29/09/26 23:00:00,Quarterly,Thousand passengers,Czechia,2014-Q3,42946,,
ESTAT:RAIL_PA_QUARTAL(1.0),29/09/26 23:00:00,Quarterly,Thousand passengers,Czechia,2014-Q4,44967,,
ESTAT:RAIL_PA_QUARTAL(1.0),29/09/26 23:00:00,Quarterly,Thousand passengers,Czechia,2015-Q1,42591,,
ESTAT:RAIL_PA_QUARTAL(1.0),29/09/26 23:00:00,Quarterly,Thousand passengers,Czechia,2015-Q2,46196,,
ESTAT:RAIL_PA_QUARTAL(1.0),29/09/26 23:00:00,Quarterly,Thousand passengers,Czechia,2015-Q3,43397,,
ESTAT:RAIL_PA_QUARTAL(1.0),29/09/26 23:00:00,Quarterly,Thousand passengers,Czechia,2015-Q4,44439,,
ESTAT:RAIL_PA_QUARTAL(1.0),29/09/26 23:00:00,Quarterly,Thousand passengers,Czechia,2016-Q1,43077,,
ESTAT:RAIL_PA_QUARTAL(1.0),29/09/26 23:00:00,Quarterly,Thousand passengers,Czechia,2016-Q2,46126,,
ESTAT:RAIL_PA_QUARTAL(1.0),29/09/26 23:00:00,Quarterly,Thousand passengers,Czechia,2016-Q3,45521,,
ESTAT:RAIL_PA_QUARTAL(1.0),29/09/26 23:00:00,Quarterly,Thousand passengers,Czechia,2016-Q4,44411,,
ESTAT:RAIL_PA_QUARTAL(1.0),29/09/26 23:00:00,Quarterly,Thousand passengers,Czechia,2017-Q1,43937,,
ESTAT:RAIL_PA_QUARTAL(1.0),29/09/26 23:00:00,Quarterly,Thousand passengers,Czechia,2017-Q2,46995,,
ESTAT:RAIL_PA_QUARTAL(1.0),29/09/26 23:00:00,Quarterly,Thousand passengers,Czechia,2017-Q3,46333,,
ESTAT:RAIL_PA_QUARTAL(1.0),29/09/26 23:00:00,Quarterly,Thousand passengers,Czechia,2017-Q4,45893,,
ESTAT:RAIL_PA_QUARTAL(1.0),29/09/26 23:00:00,Quarterly,Thousand passengers,Czechia,2018-Q1,45183,,
ESTAT:RAIL_PA_QUARTAL(1.0),29/09/26 23:00:00,Quarterly,Thousand passengers,Czechia,2018-Q2,49105,,
ESTAT:RAIL_PA_QUARTAL(1.0),29/09/26 23:00:00,Quarterly,Thousand passengers,Czechia,2018-Q3,47063,,
ESTAT:RAIL_PA_QUARTAL(1.0),29/09/26 23:00:00,Quarterly,Thousand passengers,Czechia,2018-Q4,48290,,
ESTAT:RAIL_PA_QUARTAL(1.0),29/09/26 23:00:00,Quarterly,Thousand passengers,Czechia,2019-Q1,47197,,
ESTAT:RAIL_PA_QUARTAL(1.0),29/09/26 23:00:00,Quarterly,Thousand passengers,Czechia,2019-Q2,50051,,
ESTAT:RAIL_PA_QUARTAL(1.0),29/09/26 23:00:00,Quarterly,Thousand passengers,Czechia,2019-Q3,49221,,
ESTAT:RAIL_PA_QUARTAL(1.0),29/09/26 23:00:00,Quarterly,Thousand passengers,Czechia,2019-Q4,47740,,
ESTAT:RAIL_PA_QUARTAL(1.0),29/09/26 23:00:00,Quarterly,Thousand passengers,Czechia,2020-Q1,38988,,
ESTAT:RAIL_PA_QUARTAL(1.0),29/09/26 23:00:00,Quarterly,Thousand passengers,Czechia,2020-Q2,25934,,
ESTAT:RAIL_PA_QUARTAL(1.0),29/09/26 23:00:00,Quarterly,Thousand passengers,Czechia,2020-Q3,39053,,
ESTAT:RAIL_PA_QUARTAL(1.0),29/09/26 23:00:00,Quarterly,Thousand passengers,Czechia,2020-Q4,25167,,
ESTAT:RAIL_PA_QUARTAL(1.0),29/09/26 23:00:00,Quarterly,Thousand passengers,Czechia,2021-Q1,22715,,
ESTAT:RAIL_PA_QUARTAL(1.0),29/09/26 23:00:00,Quarterly,Thousand passengers,Czechia,2021-Q2,32512,,
ESTAT:RAIL_PA_QUARTAL(1.0),29/09/26 23:00:00,Quarterly,Thousand passengers,Czechia,2021-Q3,38820,,
ESTAT:RAIL_PA_QUARTAL(1.0),29/09/26 23:00:00,Quarterly,Thousand passengers,Czechia,2021-Q4,39774,,
ESTAT:RAIL_PA_QUARTAL(1.0),29/09/26 23:00:00,Quarterly,Thousand passengers,Czechia,2022-Q1,37863,,
ESTAT:RAIL_PA_QUARTAL(1.0),29/09/26 23:00:00,Quarterly,Thousand passengers,Czechia,2022-Q2,45465,,
ESTAT:RAIL_PA_QUARTAL(1.0),29/09/26 23:00:00,Quarterly,Thousand passengers,Czechia,2022-Q3,45516,,
ESTAT:RAIL_PA_QUARTAL(1.0),29/09/26 23:00:00,Quarterly,Thousand passengers,Czechia,2022-Q4,46679,,
ESTAT:RAIL_PA_QUARTAL(1.0),29/09/26 23:00:00,Quarterly,Thousand passengers,Czechia,2023-Q1,41644,,
ESTAT:RAIL_PA_QUARTAL(1.0),29/09/26 23:00:00,Quarterly,Thousand passengers,Czechia,2023-Q2,46671,,
ESTAT:RAIL_PA_QUARTAL(1.0),29/09/26 23:00:00,Quarterly,Thousand passengers,Czechia,2023-Q3,46778,,
ESTAT:RAIL_PA_QUARTAL(1.0),29/09/26 23:00:00,Quarterly,Thousand passengers,Czechia,2023-Q4,48857,,
ESTAT:RAIL_PA_QUARTAL(1.0),29/09/26 23:00:00,Quarterly,Thousand passengers,Czechia,2024-Q1,43426,,
ESTAT:RAIL_PA_QUARTAL(1.0),29/09/26 23:00:00,Quarterly,Thousand passengers,Czechia,2024-Q2,48700,,
ESTAT:RAIL_PA_QUARTAL(1.0),29/09/26 23:00:00,Quarterly,Thousand passengers,Czechia,2024-Q3,49862,,
ESTAT:RAIL_PA_QUARTAL(1.0),29/09/26 23:00:00,Quarterly,Thousand passengers,Czechia,2024-Q4,48872,,
ESTAT:RAIL_PA_QUARTAL(1.0),29/09/26 23:00:00,Quarterly,Thousand passengers,Czechia,2025-Q1,44212,,
ESTAT:RAIL_PA_QUARTAL(1.0),29/09/26 23:00:00,Quarterly,Thousand passengers,Czechia,2025-Q2,47077,,
ESTAT:RAIL_PA_QUARTAL(1.0),29/09/26 23:00:00,Quarterly,Thousand passengers,Czechia,2025-Q3,50954,,
ESTAT:RAIL_PA_QUARTAL(1.0),29/09/26 23:00:00,Quarterly,Thousand passengers,Czechia,2025-Q4,49521,,
ESTAT:RAIL_PA_QUARTAL(1.0),29/09/26 23:00:00,Quarterly,Thousand passengers,Germany,2006-Q1,542909,,
ESTAT:RAIL_PA_QUARTAL(1.0),29/09/26 23:00:00,Quarterly,Thousand passengers,Germany,2006-Q2,542528,,
ESTAT:RAIL_PA_QUARTAL(1.0),29/09/26 23:00:00,Quarterly,Thousand passengers,Germany,2006-Q3,551907,,
ESTAT:RAIL_PA_QUARTAL(1.0),29/09/26 23:00:00,Quarterly,Thousand passengers,Germany,2006-Q4,574452,,
ESTAT:RAIL_PA_QUARTAL(1.0),29/09/26 23:00:00,Quarterly,Thousand passengers,Germany,2007-Q1,544954,,
ESTAT:RAIL_PA_QUARTAL(1.0),29/09/26 23:00:00,Quarterly,Thousand passengers,Germany,2007-Q2,555055,,
ESTAT:RAIL_PA_QUARTAL(1.0),29/09/26 23:00:00,Quarterly,Thousand passengers,Germany,2007-Q3,552523,,
ESTAT:RAIL_PA_QUARTAL(1.0),29/09/26 23:00:00,Quarterly,Thousand passengers,Germany,2007-Q4,539604,,
ESTAT:RAIL_PA_QUARTAL(1.0),29/09/26 23:00:00,Quarterly,Thousand passengers,Germany,2008-Q1,557630,,
ESTAT:RAIL_PA_QUARTAL(1.0),29/09/26 23:00:00,Quarterly,Thousand passengers,Germany,2008-Q2,582139,,
ESTAT:RAIL_PA_QUARTAL(1.0),29/09/26 23:00:00,Quarterly,Thousand passengers,Germany,2008-Q3,586058,,
ESTAT:RAIL_PA_QUARTAL(1.0),29/09/26 23:00:00,Quarterly,Thousand passengers,Germany,2008-Q4,605225,,
ESTAT:RAIL_PA_QUARTAL(1.0),29/09/26 23:00:00,Quarterly,Thousand passengers,Germany,2009-Q1,582699,,
ESTAT:RAIL_PA_QUARTAL(1.0),29/09/26 23:00:00,Quarterly,Thousand passengers,Germany,2009-Q2,575379,,
ESTAT:RAIL_PA_QUARTAL(1.0),29/09/26 23:00:00,Quarterly,Thousand passengers,Germany,2009-Q3,566103,,
ESTAT:RAIL_PA_QUARTAL(1.0),29/09/26 23:00:00,Quarterly,Thousand passengers,Germany,2009-Q4,595191,,
ESTAT:RAIL_PA_QUARTAL(1.0),29/09/26 23:00:00,Quarterly,Thousand passengers,Germany,2010-Q1,572174,,
ESTAT:RAIL_PA_QUARTAL(1.0),29/09/26 23:00:00,Quarterly,Thousand passengers,Germany,2010-Q2,583309,,
ESTAT:RAIL_PA_QUARTAL(1.0),29/09/26 23:00:00,Quarterly,Thousand passengers,Germany,2010-Q3,584892,,
ESTAT:RAIL_PA_QUARTAL(1.0),29/09/26 23:00:00,Quarterly,Thousand passengers,Germany,2010-Q4,617324,,
ESTAT:RAIL_PA_QUARTAL(1.0),29/09/26 23:00:00,Quarterly,Thousand passengers,Germany,2011-Q1,621150,,
ESTAT:RAIL_PA_QUARTAL(1.0),29/09/26 23:00:00,Quarterly,Thousand passengers,Germany,2011-Q2,617905,,
ESTAT:RAIL_PA_QUARTAL(1.0),29/09/26 23:00:00,Quarterly,Thousand passengers,Germany,2011-Q3,617518,,
ESTAT:RAIL_PA_QUARTAL(1.0),29/09/26 23:00:00,Quarterly,Thousand passengers,Germany,2011-Q4,654654,,
ESTAT:RAIL_PA_QUARTAL(1.0),29/09/26 23:00:00,Quarterly,Thousand passengers,Germany,2012-Q1,650510,,
ESTAT:RAIL_PA_QUARTAL(1.0),29/09/26 23:00:00,Quarterly,Thousand passengers,Germany,2012-Q2,613500,,
ESTAT:RAIL_PA_QUARTAL(1.0),29/09/26 23:00:00,Quarterly,Thousand passengers,Germany,2012-Q3,630871,,
ESTAT:RAIL_PA_QUARTAL(1.0),29/09/26 23:00:00,Quarterly,Thousand passengers,Germany,2012-Q4,659318,,
ESTAT:RAIL_PA_QUARTAL(1.0),29/09/26 23:00:00,Quarterly,Thousand passengers,Germany,2013-Q1,654029,,
ESTAT:RAIL_PA_QUARTAL(1.0),29/09/26 23:00:00,Quarterly,Thousand passengers,Germany,2013-Q2,637564,,
ESTAT:RAIL_PA_QUARTAL(1.0),29/09/26 23:00:00,Quarterly,Thousand passengers,Germany,2013-Q3,648405,,
ESTAT:RAIL_PA_QUARTAL(1.0),29/09/26 23:00:00,Quarterly,Thousand passengers,Germany,2013-Q4,675311,,
ESTAT:RAIL_PA_QUARTAL(1.0),29/09/26 23:00:00,Quarterly,Thousand passengers,Germany,2014-Q1,656511,,
ESTAT:RAIL_PA_QUARTAL(1.0),29/09/26 23:00:00,Quarterly,Thousand passengers,Germany,2014-Q2,650236,,
ESTAT:RAIL_PA_QUARTAL(1.0),29/09/26 23:00:00,Quarterly,Thousand passengers,Germany,2014-Q3,661127,,
ESTAT:RAIL_PA_QUARTAL(1.0),29/09/26 23:00:00,Quarterly,Thousand passengers,Germany,2014-Q4,680898,,
ESTAT:RAIL_PA_QUARTAL(1.0),29/09/26 23:00:00,Quarterly,Thousand passengers,Germany,2015-Q1,656298,,
ESTAT:RAIL_PA_QUARTAL(1.0),29/09/26 23:00:00,Quarterly,Thousand passengers,Germany,2015-Q2,642403,,
ESTAT:RAIL_PA_QUARTAL(1.0),29/09/26 23:00:00,Quarterly,Thousand passengers,Germany,2015-Q3,656358,,
ESTAT:RAIL_PA_QUARTAL(1.0),29/09/26 23:00:00,Quarterly,Thousand passengers,Germany,2015-Q4,695528,,
ESTAT:RAIL_PA_QUARTAL(1.0),29/09/26 23:00:00,Quarterly,Thousand passengers,Germany,2016-Q1,672176,,
ESTAT:RAIL_PA_QUARTAL(1.0),29/09/26 23:00:00,Quarterly,Thousand passengers,Germany,2016-Q2,702265,,
ESTAT:RAIL_PA_QUARTAL(1.0),29/09/26 23:00:00,Quarterly,Thousand passengers,Germany,2016-Q3,680583,,
ESTAT:RAIL_PA_QUARTAL(1.0),29/09/26 23:00:00,Quarterly,Thousand passengers,Germany,2016-Q4,718372,,
ESTAT:RAIL_PA_QUARTAL(1.0),29/09/26 23:00:00,Quarterly,Thousand passengers,Germany,2017-Q1,708722,,
ESTAT:RAIL_PA_QUARTAL(1.0),29/09/26 23:00:00,Quarterly,Thousand passengers,Germany,2017-Q2,706338,,
ESTAT:RAIL_PA_QUARTAL(1.0),29/09/26 23:00:00,Quarterly,Thousand passengers,Germany,2017-Q3,714406,,
ESTAT:RAIL_PA_QUARTAL(1.0),29/09/26 23:00:00,Quarterly,Thousand passengers,Germany,2017-Q4,717851,,
ESTAT:RAIL_PA_QUARTAL(1.0),29/09/26 23:00:00,Quarterly,Thousand passengers,Germany,2018-Q1,705485,,
ESTAT:RAIL_PA_QUARTAL(1.0),29/09/26 23:00:00,Quarterly,Thousand passengers,Germany,2018-Q2,712346,,
ESTAT:RAIL_PA_QUARTAL(1.0),29/09/26 23:00:00,Quarterly,Thousand passengers,Germany,2018-Q3,708179,,
ESTAT:RAIL_PA_QUARTAL(1.0),29/09/26 23:00:00,Quarterly,Thousand passengers,Germany,2018-Q4,747517,,
ESTAT:RAIL_PA_QUARTAL(1.0),29/09/26 23:00:00,Quarterly,Thousand passengers,Germany,2019-Q1,720915,,
ESTAT:RAIL_PA_QUARTAL(1.0),29/09/26 23:00:00,Quarterly,Thousand passengers,Germany,2019-Q2,725410,,
ESTAT:RAIL_PA_QUARTAL(1.0),29/09/26 23:00:00,Quarterly,Thousand passengers,Germany,2019-Q3,731455,,
ESTAT:RAIL_PA_QUARTAL(1.0),29/09/26 23:00:00,Quarterly,Thousand passengers,Germany,2019-Q4,743856,,
ESTAT:RAIL_PA_QUARTAL(1.0),29/09/26 23:00:00,Quarterly,Thousand passengers,Germany,2020-Q1,620036,,
ESTAT:RAIL_PA_QUARTAL(1.0),29/09/26 23:00:00,Quarterly,Thousand passengers,Germany,2020-Q2,295000,,
ESTAT:RAIL_PA_QUARTAL(1.0),29/09/26 23:00:00,Quarterly,Thousand passengers,Germany,2020-Q3,480000,,
ESTAT:RAIL_PA_QUARTAL(1.0),29/09/26 23:00:00,Quarterly,Thousand passengers,Germany,2020-Q4,406081,,
ESTAT:RAIL_PA_QUARTAL(1.0),29/09/26 23:00:00,Quarterly,Thousand passengers,Germany,2021-Q1,322700,,
ESTAT:RAIL_PA_QUARTAL(1.0),29/09/26 23:00:00,Quarterly,Thousand passengers,Germany,2021-Q2,392500,,
ESTAT:RAIL_PA_QUARTAL(1.0),29/09/26 23:00:00,Quarterly,Thousand passengers,Germany,2021-Q3,524300,,
ESTAT:RAIL_PA_QUARTAL(1.0),29/09/26 23:00:00,Quarterly,Thousand passengers,Germany,2021-Q4,516600,,
ESTAT:RAIL_PA_QUARTAL(1.0),29/09/26 23:00:00,Quarterly,Thousand passengers,Germany,2022-Q1,470600,,
ESTAT:RAIL_PA_QUARTAL(1.0),29/09/26 23:00:00,Quarterly,Thousand passengers,Germany,2022-Q2,656000,,
ESTAT:RAIL_PA_QUARTAL(1.0),29/09/26 23:00:00,Quarterly,Thousand passengers,Germany,2022-Q3,740100,,
ESTAT:RAIL_PA_QUARTAL(1.0),29/09/26 23:00:00,Quarterly,Thousand passengers,Germany,2022-Q4,663383,,
ESTAT:RAIL_PA_QUARTAL(1.0),29/09/26 23:00:00,Quarterly,Thousand passengers,Germany,2023-Q1,598794,,
ESTAT:RAIL_PA_QUARTAL(1.0),29/09/26 23:00:00,Quarterly,Thousand passengers,Germany,2023-Q2,676769,,
ESTAT:RAIL_PA_QUARTAL(1.0),29/09/26 23:00:00,Quarterly,Thousand passengers,Germany,2023-Q3,723633,,
ESTAT:RAIL_PA_QUARTAL(1.0),29/09/26 23:00:00,Quarterly,Thousand passengers,Germany,2023-Q4,721321,,
ESTAT:RAIL_PA_QUARTAL(1.0),29/09/26 23:00:00,Quarterly,Thousand passengers,Germany,2024-Q1,665824,,
ESTAT:RAIL_PA_QUARTAL(1.0),29/09/26 23:00:00,Quarterly,Thousand passengers,Germany,2024-Q2,754032,,
ESTAT:RAIL_PA_QUARTAL(1.0),29/09/26 23:00:00,Quarterly,Thousand passengers,Germany,2024-Q3,761920,,
ESTAT:RAIL_PA_QUARTAL(1.0),29/09/26 23:00:00,Quarterly,Thousand passengers,Germany,2024-Q4,711556,,
ESTAT:RAIL_PA_QUARTAL(1.0),29/09/26 23:00:00,Quarterly,Thousand passengers,Germany,2025-Q1,706290,,
ESTAT:RAIL_PA_QUARTAL(1.0),29/09/26 23:00:00,Quarterly,Thousand passengers,Germany,2025-Q2,739627,,
ESTAT:RAIL_PA_QUARTAL(1.0),29/09/26 23:00:00,Quarterly,Thousand passengers,Germany,2025-Q3,731084,,
ESTAT:RAIL_PA_QUARTAL(1.0),29/09/26 23:00:00,Quarterly,Thousand passengers,Germany,2025-Q4,746475,,
ESTAT:RAIL_PA_QUARTAL(1.0),29/09/26 23:00:00,Quarterly,Thousand passengers,Denmark,2006-Q1,39075,,
ESTAT:RAIL_PA_QUARTAL(1.0),29/09/26 23:00:00,Quarterly,Thousand passengers,Denmark,2006-Q2,40972,,
ESTAT:RAIL_PA_QUARTAL(1.0),29/09/26 23:00:00,Quarterly,Thousand passengers,Denmark,2006-Q3,40071,,
ESTAT:RAIL_PA_QUARTAL(1.0),29/09/26 23:00:00,Quarterly,Thousand passengers,Denmark,2006-Q4,42316,,
ESTAT:RAIL_PA_QUARTAL(1.0),29/09/26 23:00:00,Quarterly,Thousand passengers,Denmark,2007-Q1,40135,,
ESTAT:RAIL_PA_QUARTAL(1.0),29/09/26 23:00:00,Quarterly,Thousand passengers,Denmark,2007-Q2,40518,,
ESTAT:RAIL_PA_QUARTAL(1.0),29/09/26 23:00:00,Quarterly,Thousand passengers,Denmark,2007-Q3,39902,,
ESTAT:RAIL_PA_QUARTAL(1.0),29/09/26 23:00:00,Quarterly,Thousand passengers,Denmark,2007-Q4,43773,,
ESTAT:RAIL_PA_QUARTAL(1.0),29/09/26 23:00:00,Quarterly,Thousand passengers,Denmark,2008-Q1,40517,,
ESTAT:RAIL_PA_QUARTAL(1.0),29/09/26 23:00:00,Quarterly,Thousand passengers,Denmark,2008-Q2,43058,,
ESTAT:RAIL_PA_QUARTAL(1.0),29/09/26 23:00:00,Quarterly,Thousand passengers,Denmark,2008-Q3,41300,,
ESTAT:RAIL_PA_QUARTAL(1.0),29/09/26 23:00:00,Quarterly,Thousand passengers,Denmark,2008-Q4,44226,,
ESTAT:RAIL_PA_QUARTAL(1.0),29/09/26 23:00:00,Quarterly,Thousand passengers,Denmark,2009-Q1,41240,,
ESTAT:RAIL_PA_QUARTAL(1.0),29/09/26 23:00:00,Quarterly,Thousand passengers,Denmark,2009-Q2,43417,,
ESTAT:RAIL_PA_QUARTAL(1.0),29/09/26 23:00:00,Quarterly,Thousand passengers,Denmark,2009-Q3,43455,,
ESTAT:RAIL_PA_QUARTAL(1.0),29/09/26 23:00:00,Quarterly,Thousand passengers,Denmark,2009-Q4,45002,,
ESTAT:RAIL_PA_QUARTAL(1.0),29/09/26 23:00:00,Quarterly,Thousand passengers,Denmark,2010-Q1,42495,,
ESTAT:RAIL_PA_QUARTAL(1.0),29/09/26 23:00:00,Quarterly,Thousand passengers,Denmark,2010-Q2,43665,,
ESTAT:RAIL_PA_QUARTAL(1.0),29/09/26 23:00:00,Quarterly,Thousand passengers,Denmark,2010-Q3,41917,,
ESTAT:RAIL_PA_QUARTAL(1.0),29/09/26 23:00:00,Quarterly,Thousand passengers,Denmark,2010-Q4,47011,,
ESTAT:RAIL_PA_QUARTAL(1.0),29/09/26 23:00:00,Quarterly,Thousand passengers,Denmark,2011-Q1,44591,,
ESTAT:RAIL_PA_QUARTAL(1.0),29/09/26 23:00:00,Quarterly,Thousand passengers,Denmark,2011-Q2,45510,,
ESTAT:RAIL_PA_QUARTAL(1.0),29/09/26 23:00:00,Quarterly,Thousand passengers,Denmark,2011-Q3,44736,,
ESTAT:RAIL_PA_QUARTAL(1.0),29/09/26 23:00:00,Quarterly,Thousand passengers,Denmark,2011-Q4,47490,,
ESTAT:RAIL_PA_QUARTAL(1.0),29/09/26 23:00:00,Quarterly,Thousand passengers,Denmark,2012-Q1,46914,,
ESTAT:RAIL_PA_QUARTAL(1.0),29/09/26 23:00:00,Quarterly,Thousand passengers,Denmark,2012-Q2,46715,,
ESTAT:RAIL_PA_QUARTAL(1.0),29/09/26 23:00:00,Quarterly,Thousand passengers,Denmark,2012-Q3,45225,,
ESTAT:RAIL_PA_QUARTAL(1.0),29/09/26 23:00:00,Quarterly,Thousand passengers,Denmark,2012-Q4,50142,,
ESTAT:RAIL_PA_QUARTAL(1.0),29/09/26 23:00:00,Quarterly,Thousand passengers,Denmark,2013-Q1,47508,,
ESTAT:RAIL_PA_QUARTAL(1.0),29/09/26 23:00:00,Quarterly,Thousand passengers,Denmark,2013-Q2,48221,,
ESTAT:RAIL_PA_QUARTAL(1.0),29/09/26 23:00:00,Quarterly,Thousand passengers,Denmark,2013-Q3,45719,,
ESTAT:RAIL_PA_QUARTAL(1.0),29/09/26 23:00:00,Quarterly,Thousand passengers,Denmark,2013-Q4,52014,,
ESTAT:RAIL_PA_QUARTAL(1.0),29/09/26 23:00:00,Quarterly,Thousand passengers,Denmark,2014-Q1,51298,,
ESTAT:RAIL_PA_QUARTAL(1.0),29/09/26 23:00:00,Quarterly,Thousand passengers,Denmark,2014-Q2,52156,,
ESTAT:RAIL_PA_QUARTAL(1.0),29/09/26 23:00:00,Quarterly,Thousand passengers,Denmark,2014-Q3,50514,,
ESTAT:RAIL_PA_QUARTAL(1.0),29/09/26 23:00:00,Quarterly,Thousand passengers,Denmark,2014-Q4,54343,,
ESTAT:RAIL_PA_QUARTAL(1.0),29/09/26 23:00:00,Quarterly,Thousand passengers,Denmark,2015-Q1,50942,,
ESTAT:RAIL_PA_QUARTAL(1.0),29/09/26 23:00:00,Quarterly,Thousand passengers,Denmark,2015-Q2,53105,,
ESTAT:RAIL_PA_QUARTAL(1.0),29/09/26 23:00:00,Quarterly,Thousand passengers,Denmark,2015-Q3,52651,,
ESTAT:RAIL_PA_QUARTAL(1.0),29/09/26 23:00:00,Quarterly,Thousand passengers,Denmark,2015-Q4,55555,,
ESTAT:RAIL_PA_QUARTAL(1.0),29/09/26 23:00:00,Quarterly,Thousand passengers,Denmark,2016-Q1,51167,,
ESTAT:RAIL_PA_QUARTAL(1.0),29/09/26 23:00:00,Quarterly,Thousand passengers,Denmark,2016-Q2,54221,,
ESTAT:RAIL_PA_QUARTAL(1.0),29/09/26 23:00:00,Quarterly,Thousand passengers,Denmark,2016-Q3,51450,,
ESTAT:RAIL_PA_QUARTAL(1.0),29/09/26 23:00:00,Quarterly,Thousand passengers,Denmark,2016-Q4,54353,,
ESTAT:RAIL_PA_QUARTAL(1.0),29/09/26 23:00:00,Quarterly,Thousand passengers,Denmark,2017-Q1,51903,,
ESTAT:RAIL_PA_QUARTAL(1.0),29/09/26 23:00:00,Quarterly,Thousand passengers,Denmark,2017-Q2,51877,,
ESTAT:RAIL_PA_QUARTAL(1.0),29/09/26 23:00:00,Quarterly,Thousand passengers,Denmark,2017-Q3,48866,,
ESTAT:RAIL_PA_QUARTAL(1.0),29/09/26 23:00:00,Quarterly,Thousand passengers,Denmark,2017-Q4,53921,,
ESTAT:RAIL_PA_QUARTAL(1.0),29/09/26 23:00:00,Quarterly,Thousand passengers,Denmark,2018-Q1,49536,,
ESTAT:RAIL_PA_QUARTAL(1.0),29/09/26 23:00:00,Quarterly,Thousand passengers,Denmark,2018-Q2,52850,,
ESTAT:RAIL_PA_QUARTAL(1.0),29/09/26 23:00:00,Quarterly,Thousand passengers,Denmark,2018-Q3,49548,,
ESTAT:RAIL_PA_QUARTAL(1.0),29/09/26 23:00:00,Quarterly,Thousand passengers,Denmark,2018-Q4,53306,,
ESTAT:RAIL_PA_QUARTAL(1.0),29/09/26 23:00:00,Quarterly,Thousand passengers,Denmark,2019-Q1,50616,,
ESTAT:RAIL_PA_QUARTAL(1.0),29/09/26 23:00:00,Quarterly,Thousand passengers,Denmark,2019-Q2,51452,,
ESTAT:RAIL_PA_QUARTAL(1.0),29/09/26 23:00:00,Quarterly,Thousand passengers,Denmark,2019-Q3,50992,,
ESTAT:RAIL_PA_QUARTAL(1.0),29/09/26 23:00:00,Quarterly,Thousand passengers,Denmark,2019-Q4,53537,,
ESTAT:RAIL_PA_QUARTAL(1.0),29/09/26 23:00:00,Quarterly,Thousand passengers,Denmark,2020-Q1,42110,,
ESTAT:RAIL_PA_QUARTAL(1.0),29/09/26 23:00:00,Quarterly,Thousand passengers,Denmark,2020-Q2,23303,,
ESTAT:RAIL_PA_QUARTAL(1.0),29/09/26 23:00:00,Quarterly,Thousand passengers,Denmark,2020-Q3,36991,,
ESTAT:RAIL_PA_QUARTAL(1.0),29/09/26 23:00:00,Quarterly,Thousand passengers,Denmark,2020-Q4,31493,,
ESTAT:RAIL_PA_QUARTAL(1.0),29/09/26 23:00:00,Quarterly,Thousand passengers,Denmark,2021-Q1,19656,,
ESTAT:RAIL_PA_QUARTAL(1.0),29/09/26 23:00:00,Quarterly,Thousand passengers,Denmark,2021-Q2,32027,,
ESTAT:RAIL_PA_QUARTAL(1.0),29/09/26 23:00:00,Quarterly,Thousand passengers,Denmark,2021-Q3,39862,,
ESTAT:RAIL_PA_QUARTAL(1.0),29/09/26 23:00:00,Quarterly,Thousand passengers,Denmark,2021-Q4,42190,,
ESTAT:RAIL_PA_QUARTAL(1.0),29/09/26 23:00:00,Quarterly,Thousand passengers,Denmark,2022-Q1,38309,,
ESTAT:RAIL_PA_QUARTAL(1.0),29/09/26 23:00:00,Quarterly,Thousand passengers,Denmark,2022-Q2,48549,,
ESTAT:RAIL_PA_QUARTAL(1.0),29/09/26 23:00:00,Quarterly,Thousand passengers,Denmark,2022-Q3,48831,,
ESTAT:RAIL_PA_QUARTAL(1.0),29/09/26 23:00:00,Quarterly,Thousand passengers,Denmark,2022-Q4,49218,,
ESTAT:RAIL_PA_QUARTAL(1.0),29/09/26 23:00:00,Quarterly,Thousand passengers,Denmark,2023-Q1,48127,,
ESTAT:RAIL_PA_QUARTAL(1.0),29/09/26 23:00:00,Quarterly,Thousand passengers,Denmark,2023-Q2,51493,,
ESTAT:RAIL_PA_QUARTAL(1.0),29/09/26 23:00:00,Quarterly,Thousand passengers,Denmark,2023-Q3,51449,,
ESTAT:RAIL_PA_QUARTAL(1.0),29/09/26 23:00:00,Quarterly,Thousand passengers,Denmark,2023-Q4,51797,,
ESTAT:RAIL_PA_QUARTAL(1.0),29/09/26 23:00:00,Quarterly,Thousand passengers,Denmark,2024-Q1,49933,,
ESTAT:RAIL_PA_QUARTAL(1.0),29/09/26 23:00:00,Quarterly,Thousand passengers,Denmark,2024-Q2,54487,,
ESTAT:RAIL_PA_QUARTAL(1.0),29/09/26 23:00:00,Quarterly,Thousand passengers,Denmark,2024-Q3,51838,,
ESTAT:RAIL_PA_QUARTAL(1.0),29/09/26 23:00:00,Quarterly,Thousand passengers,Denmark,2024-Q4,54189,,
ESTAT:RAIL_PA_QUARTAL(1.0),29/09/26 23:00:00,Quarterly,Thousand passengers,Denmark,2025-Q1,51426,,
ESTAT:RAIL_PA_QUARTAL(1.0),29/09/26 23:00:00,Quarterly,Thousand passengers,Denmark,2025-Q2,55038,,
ESTAT:RAIL_PA_QUARTAL(1.0),29/09/26 23:00:00,Quarterly,Thousand passengers,Denmark,2025-Q3,52754,,
ESTAT:RAIL_PA_QUARTAL(1.0),29/09/26 23:00:00,Quarterly,Thousand passengers,Denmark,2025-Q4,54227,,
ESTAT:RAIL_PA_QUARTAL(1.0),29/09/26 23:00:00,Quarterly,Thousand passengers,Estonia,2006-Q1,1193,,
ESTAT:RAIL_PA_QUARTAL(1.0),29/09/26 23:00:00,Quarterly,Thousand passengers,Estonia,2006-Q2,1359,,
ESTAT:RAIL_PA_QUARTAL(1.0),29/09/26 23:00:00,Quarterly,Thousand passengers,Estonia,2006-Q3,1418,,
ESTAT:RAIL_PA_QUARTAL(1.0),29/09/26 23:00:00,Quarterly,Thousand passengers,Estonia,2006-Q4,1330,,
ESTAT:RAIL_PA_QUARTAL(1.0),29/09/26 23:00:00,Quarterly,Thousand passengers,Estonia,2007-Q1,1276,,
ESTAT:RAIL_PA_QUARTAL(1.0),29/09/26 23:00:00,Quarterly,Thousand passengers,Estonia,2007-Q2,1427,,
ESTAT:RAIL_PA_QUARTAL(1.0),29/09/26 23:00:00,Quarterly,Thousand passengers,Estonia,2007-Q3,1427,,
ESTAT:RAIL_PA_QUARTAL(1.0),29/09/26 23:00:00,Quarterly,Thousand passengers,Estonia,2007-Q4,1311,,
ESTAT:RAIL_PA_QUARTAL(1.0),29/09/26 23:00:00,Quarterly,Thousand passengers,Estonia,2008-Q1,1266,,
ESTAT:RAIL_PA_QUARTAL(1.0),29/09/26 23:00:00,Quarterly,Thousand passengers,Estonia,2008-Q2,1368,,
ESTAT:RAIL_PA_QUARTAL(1.0),29/09/26 23:00:00,Quarterly,Thousand passengers,Estonia,2008-Q3,1391,,
ESTAT:RAIL_PA_QUARTAL(1.0),29/09/26 23:00:00,Quarterly,Thousand passengers,Estonia,2008-Q4,1260,,
ESTAT:RAIL_PA_QUARTAL(1.0),29/09/26 23:00:00,Quarterly,Thousand passengers,Estonia,2009-Q1,1165,,
ESTAT:RAIL_PA_QUARTAL(1.0),29/09/26 23:00:00,Quarterly,Thousand passengers,Estonia,2009-Q2,1249,,
ESTAT:RAIL_PA_QUARTAL(1.0),29/09/26 23:00:00,Quarterly,Thousand passengers,Estonia,2009-Q3,1282,,
ESTAT:RAIL_PA_QUARTAL(1.0),29/09/26 23:00:00,Quarterly,Thousand passengers,Estonia,2009-Q4,1198,,
ESTAT:RAIL_PA_QUARTAL(1.0),29/09/26 23:00:00,Quarterly,Thousand passengers,Estonia,2010-Q1,1141,,
ESTAT:RAIL_PA_QUARTAL(1.0),29/09/26 23:00:00,Quarterly,Thousand passengers,Estonia,2010-Q2,1249,,
ESTAT:RAIL_PA_QUARTAL(1.0),29/09/26 23:00:00,Quarterly,Thousand passengers,Estonia,2010-Q3,1231,,
ESTAT:RAIL_PA_QUARTAL(1.0),29/09/26 23:00:00,Quarterly,Thousand passengers,Estonia,2010-Q4,1179,,
ESTAT:RAIL_PA_QUARTAL(1.0),29/09/26 23:00:00,Quarterly,Thousand passengers,Estonia,2011-Q1,1121,,
ESTAT:RAIL_PA_QUARTAL(1.0),29/09/26 23:00:00,Quarterly,Thousand passengers,Estonia,2011-Q2,1226,,
ESTAT:RAIL_PA_QUARTAL(1.0),29/09/26 23:00:00,Quarterly,Thousand passengers,Estonia,2011-Q3,1229,,
ESTAT:RAIL_PA_QUARTAL(1.0),29/09/26 23:00:00,Quarterly,Thousand passengers,Estonia,2011-Q4,1185,,
ESTAT:RAIL_PA_QUARTAL(1.0),29/09/26 23:00:00,Quarterly,Thousand passengers,Estonia,2012-Q1,1121,,
ESTAT:RAIL_PA_QUARTAL(1.0),29/09/26 23:00:00,Quarterly,Thousand passengers,Estonia,2012-Q2,1155,,
ESTAT:RAIL_PA_QUARTAL(1.0),29/09/26 23:00:00,Quarterly,Thousand passengers,Estonia,2012-Q3,1084,,
ESTAT:RAIL_PA_QUARTAL(1.0),29/09/26 23:00:00,Quarterly,Thousand passengers,Estonia,2012-Q4,1049,,
ESTAT:RAIL_PA_QUARTAL(1.0),29/09/26 23:00:00,Quarterly,Thousand passengers,Estonia,2013-Q1,928,,
ESTAT:RAIL_PA_QUARTAL(1.0),29/09/26 23:00:00,Quarterly,Thousand passengers,Estonia,2013-Q2,1018,,
ESTAT:RAIL_PA_QUARTAL(1.0),29/09/26 23:00:00,Quarterly,Thousand passengers,Estonia,2013-Q3,1090,,
ESTAT:RAIL_PA_QUARTAL(1.0),29/09/26 23:00:00,Quarterly,Thousand passengers,Estonia,2013-Q4,1160,,
ESTAT:RAIL_PA_QUARTAL(1.0),29/09/26 23:00:00,Quarterly,Thousand passengers,Estonia,2014-Q1,1236,,
ESTAT:RAIL_PA_QUARTAL(1.0),29/09/26 23:00:00,Quarterly,Thousand passengers,Estonia,2014-Q2,1480,,
ESTAT:RAIL_PA_QUARTAL(1.0),29/09/26 23:00:00,Quarterly,Thousand passengers,Estonia,2014-Q3,1645,,
ESTAT:RAIL_PA_QUARTAL(1.0),29/09/26 23:00:00,Quarterly,Thousand passengers,Estonia,2014-Q4,1562,,
ESTAT:RAIL_PA_QUARTAL(1.0),29/09/26 23:00:00,Quarterly,Thousand passengers,Estonia,2015-Q1,1522,,
ESTAT:RAIL_PA_QUARTAL(1.0),29/09/26 23:00:00,Quarterly,Thousand passengers,Estonia,2015-Q2,1686,,
ESTAT:RAIL_PA_QUARTAL(1.0),29/09/26 23:00:00,Quarterly,Thousand passengers,Estonia,2015-Q3,1715,,
ESTAT:RAIL_PA_QUARTAL(1.0),29/09/26 23:00:00,Quarterly,Thousand passengers,Estonia,2015-Q4,1666,,
ESTAT:RAIL_PA_QUARTAL(1.0),29/09/26 23:00:00,Quarterly,Thousand passengers,Estonia,2016-Q1,1640,,
ESTAT:RAIL_PA_QUARTAL(1.0),29/09/26 23:00:00,Quarterly,Thousand passengers,Estonia,2016-Q2,1787,,
ESTAT:RAIL_PA_QUARTAL(1.0),29/09/26 23:00:00,Quarterly,Thousand passengers,Estonia,2016-Q3,1743,,
ESTAT:RAIL_PA_QUARTAL(1.0),29/09/26 23:00:00,Quarterly,Thousand passengers,Estonia,2016-Q4,1752,,
ESTAT:RAIL_PA_QUARTAL(1.0),29/09/26 23:00:00,Quarterly,Thousand passengers,Estonia,2017-Q1,1740,,
ESTAT:RAIL_PA_QUARTAL(1.0),29/09/26 23:00:00,Quarterly,Thousand passengers,Estonia,2017-Q2,1887,,
ESTAT:RAIL_PA_QUARTAL(1.0),29/09/26 23:00:00,Quarterly,Thousand passengers,Estonia,2017-Q3,1852,,
ESTAT:RAIL_PA_QUARTAL(1.0),29/09/26 23:00:00,Quarterly,Thousand passengers,Estonia,2017-Q4,1955,,
ESTAT:RAIL_PA_QUARTAL(1.0),29/09/26 23:00:00,Quarterly,Thousand passengers,Estonia,2018-Q1,1865,,
ESTAT:RAIL_PA_QUARTAL(1.0),29/09/26 23:00:00,Quarterly,Thousand passengers,Estonia,2018-Q2,2046,,
ESTAT:RAIL_PA_QUARTAL(1.0),29/09/26 23:00:00,Quarterly,Thousand passengers,Estonia,2018-Q3,1898,,
ESTAT:RAIL_PA_QUARTAL(1.0),29/09/26 23:00:00,Quarterly,Thousand passengers,Estonia,2018-Q4,1950,,
ESTAT:RAIL_PA_QUARTAL(1.0),29/09/26 23:00:00,Quarterly,Thousand passengers,Estonia,2019-Q1,1957,,
ESTAT:RAIL_PA_QUARTAL(1.0),29/09/26 23:00:00,Quarterly,Thousand passengers,Estonia,2019-Q2,2163,,
ESTAT:RAIL_PA_QUARTAL(1.0),29/09/26 23:00:00,Quarterly,Thousand passengers,Estonia,2019-Q3,2105,,
ESTAT:RAIL_PA_QUARTAL(1.0),29/09/26 23:00:00,Quarterly,Thousand passengers,Estonia,2019-Q4,2147,,
ESTAT:RAIL_PA_QUARTAL(1.0),29/09/26 23:00:00,Quarterly,Thousand passengers,Estonia,2020-Q1,1800,,
ESTAT:RAIL_PA_QUARTAL(1.0),29/09/26 23:00:00,Quarterly,Thousand passengers,Estonia,2020-Q2,978,,
ESTAT:RAIL_PA_QUARTAL(1.0),29/09/26 23:00:00,Quarterly,Thousand passengers,Estonia,2020-Q3,1673,,
ESTAT:RAIL_PA_QUARTAL(1.0),29/09/26 23:00:00,Quarterly,Thousand passengers,Estonia,2020-Q4,1534,,
ESTAT:RAIL_PA_QUARTAL(1.0),29/09/26 23:00:00,Quarterly,Thousand passengers,Estonia,2021-Q1,1202,,
ESTAT:RAIL_PA_QUARTAL(1.0),29/09/26 23:00:00,Quarterly,Thousand passengers,Estonia,2021-Q2,1529,,
ESTAT:RAIL_PA_QUARTAL(1.0),29/09/26 23:00:00,Quarterly,Thousand passengers,Estonia,2021-Q3,1755,,
ESTAT:RAIL_PA_QUARTAL(1.0),29/09/26 23:00:00,Quarterly,Thousand passengers,Estonia,2021-Q4,1591,,
ESTAT:RAIL_PA_QUARTAL(1.0),29/09/26 23:00:00,Quarterly,Thousand passengers,Estonia,2022-Q1,1495,,
ESTAT:RAIL_PA_QUARTAL(1.0),29/09/26 23:00:00,Quarterly,Thousand passengers,Estonia,2022-Q2,1978,,
ESTAT:RAIL_PA_QUARTAL(1.0),29/09/26 23:00:00,Quarterly,Thousand passengers,Estonia,2022-Q3,1837,,
ESTAT:RAIL_PA_QUARTAL(1.0),29/09/26 23:00:00,Quarterly,Thousand passengers,Estonia,2022-Q4,1819,,
ESTAT:RAIL_PA_QUARTAL(1.0),29/09/26 23:00:00,Quarterly,Thousand passengers,Estonia,2023-Q1,1793,,
ESTAT:RAIL_PA_QUARTAL(1.0),29/09/26 23:00:00,Quarterly,Thousand passengers,Estonia,2023-Q2,2072,,
ESTAT:RAIL_PA_QUARTAL(1.0),29/09/26 23:00:00,Quarterly,Thousand passengers,Estonia,2023-Q3,1980,,
ESTAT:RAIL_PA_QUARTAL(1.0),29/09/26 23:00:00,Quarterly,Thousand passengers,Estonia,2023-Q4,1960,,
ESTAT:RAIL_PA_QUARTAL(1.0),29/09/26 23:00:00,Quarterly,Thousand passengers,Estonia,2024-Q1,1894,,
ESTAT:RAIL_PA_QUARTAL(1.0),29/09/26 23:00:00,Quarterly,Thousand passengers,Estonia,2024-Q2,2091,,
ESTAT:RAIL_PA_QUARTAL(1.0),29/09/26 23:00:00,Quarterly,Thousand passengers,Estonia,2024-Q3,1925,,
ESTAT:RAIL_PA_QUARTAL(1.0),29/09/26 23:00:00,Quarterly,Thousand passengers,Estonia,2024-Q4,2019,,
ESTAT:RAIL_PA_QUARTAL(1.0),29/09/26 23:00:00,Quarterly,Thousand passengers,Estonia,2025-Q1,1886,,
ESTAT:RAIL_PA_QUARTAL(1.0),29/09/26 23:00:00,Quarterly,Thousand passengers,Estonia,2025-Q2,1958,,
ESTAT:RAIL_PA_QUARTAL(1.0),29/09/26 23:00:00,Quarterly,Thousand passengers,Estonia,2025-Q3,1877,,
ESTAT:RAIL_PA_QUARTAL(1.0),29/09/26 23:00:00,Quarterly,Thousand passengers,Estonia,2025-Q4,1958,,
ESTAT:RAIL_PA_QUARTAL(1.0),29/09/26 23:00:00,Quarterly,Thousand passengers,Greece,2006-Q1,2246,,
ESTAT:RAIL_PA_QUARTAL(1.0),29/09/26 23:00:00,Quarterly,Thousand passengers,Greece,2006-Q2,2450,,
ESTAT:RAIL_PA_QUARTAL(1.0),29/09/26 23:00:00,Quarterly,Thousand passengers,Greece,2006-Q3,2822,,
ESTAT:RAIL_PA_QUARTAL(1.0),29/09/26 23:00:00,Quarterly,Thousand passengers,Greece,2006-Q4,2490,,
ESTAT:RAIL_PA_QUARTAL(1.0),29/09/26 23:00:00,Quarterly,Thousand passengers,Greece,2007-Q1,2310,,
ESTAT:RAIL_PA_QUARTAL(1.0),29/09/26 23:00:00,Quarterly,Thousand passengers,Greece,2007-Q2,2497,,
ESTAT:RAIL_PA_QUARTAL(1.0),29/09/26 23:00:00,Quarterly,Thousand passengers,Greece,2007-Q3,4082,,
ESTAT:RAIL_PA_QUARTAL(1.0),29/09/26 23:00:00,Quarterly,Thousand passengers,Greece,2007-Q4,4325,,
ESTAT:RAIL_PA_QUARTAL(1.0),29/09/26 23:00:00,Quarterly,Thousand passengers,Greece,2008-Q1,3801,,
ESTAT:RAIL_PA_QUARTAL(1.0),29/09/26 23:00:00,Quarterly,Thousand passengers,Greece,2008-Q2,4065,,
ESTAT:RAIL_PA_QUARTAL(1.0),29/09/26 23:00:00,Quarterly,Thousand passengers,Greece,2008-Q3,4030,,
ESTAT:RAIL_PA_QUARTAL(1.0),29/09/26 23:00:00,Quarterly,Thousand passengers,Greece,2008-Q4,4154,,
ESTAT:RAIL_PA_QUARTAL(1.0),29/09/26 23:00:00,Quarterly,Thousand passengers,Greece,2009-Q1,3111,,
ESTAT:RAIL_PA_QUARTAL(1.0),29/09/26 23:00:00,Quarterly,Thousand passengers,Greece,2009-Q2,3893,,
ESTAT:RAIL_PA_QUARTAL(1.0),29/09/26 23:00:00,Quarterly,Thousand passengers,Greece,2009-Q3,3838,,
ESTAT:RAIL_PA_QUARTAL(1.0),29/09/26 23:00:00,Quarterly,Thousand passengers,Greece,2009-Q4,3440,,
ESTAT:RAIL_PA_QUARTAL(1.0),29/09/26 23:00:00,Quarterly,Thousand passengers,Greece,2010-Q1,3206,,
ESTAT:RAIL_PA_QUARTAL(1.0),29/09/26 23:00:00,Quarterly,Thousand passengers,Greece,2010-Q2,3490,,
ESTAT:RAIL_PA_QUARTAL(1.0),29/09/26 23:00:00,Quarterly,Thousand passengers,Greece,2010-Q3,3579,,
ESTAT:RAIL_PA_QUARTAL(1.0),29/09/26 23:00:00,Quarterly,Thousand passengers,Greece,2010-Q4,3542,,
ESTAT:RAIL_PA_QUARTAL(1.0),29/09/26 23:00:00,Quarterly,Thousand passengers,Greece,2011-Q1,1253,,
ESTAT:RAIL_PA_QUARTAL(1.0),29/09/26 23:00:00,Quarterly,Thousand passengers,Greece,2011-Q2,1192,,
ESTAT:RAIL_PA_QUARTAL(1.0),29/09/26 23:00:00,Quarterly,Thousand passengers,Greece,2011-Q3,848,,
ESTAT:RAIL_PA_QUARTAL(1.0),29/09/26 23:00:00,Quarterly,Thousand passengers,Greece,2011-Q4,792,,
ESTAT:RAIL_PA_QUARTAL(1.0),29/09/26 23:00:00,Quarterly,Thousand passengers,Greece,2012-Q1,3164,,
ESTAT:RAIL_PA_QUARTAL(1.0),29/09/26 23:00:00,Quarterly,Thousand passengers,Greece,2012-Q2,3164,,
ESTAT:RAIL_PA_QUARTAL(1.0),29/09/26 23:00:00,Quarterly,Thousand passengers,Greece,2012-Q3,3164,,
ESTAT:RAIL_PA_QUARTAL(1.0),29/09/26 23:00:00,Quarterly,Thousand passengers,Greece,2012-Q4,3164,,
ESTAT:RAIL_PA_QUARTAL(1.0),29/09/26 23:00:00,Quarterly,Thousand passengers,Greece,2013-Q1,3085,,
ESTAT:RAIL_PA_QUARTAL(1.0),29/09/26 23:00:00,Quarterly,Thousand passengers,Greece,2013-Q2,3277,,
ESTAT:RAIL_PA_QUARTAL(1.0),29/09/26 23:00:00,Quarterly,Thousand passengers,Greece,2013-Q3,3415,,
ESTAT:RAIL_PA_QUARTAL(1.0),29/09/26 23:00:00,Quarterly,Thousand passengers,Greece,2013-Q4,3419,,
ESTAT:RAIL_PA_QUARTAL(1.0),29/09/26 23:00:00,Quarterly,Thousand passengers,Greece,2014-Q1,3323,,
ESTAT:RAIL_PA_QUARTAL(1.0),29/09/26 23:00:00,Quarterly,Thousand passengers,Greece,2014-Q2,3321,,
ESTAT:RAIL_PA_QUARTAL(1.0),29/09/26 23:00:00,Quarterly,Thousand passengers,Greece,2014-Q3,3418,,
ESTAT:RAIL_PA_QUARTAL(1.0),29/09/26 23:00:00,Quarterly,Thousand passengers,Greece,2014-Q4,3337,,
ESTAT:RAIL_PA_QUARTAL(1.0),29/09/26 23:00:00,Quarterly,Thousand passengers,Greece,2015-Q1,3842,,
ESTAT:RAIL_PA_QUARTAL(1.0),29/09/26 23:00:00,Quarterly,Thousand passengers,Greece,2015-Q2,4153,,
ESTAT:RAIL_PA_QUARTAL(1.0),29/09/26 23:00:00,Quarterly,Thousand passengers,Greece,2015-Q3,4084,,
ESTAT:RAIL_PA_QUARTAL(1.0),29/09/26 23:00:00,Quarterly,Thousand passengers,Greece,2015-Q4,3961,,
ESTAT:RAIL_PA_QUARTAL(1.0),29/09/26 23:00:00,Quarterly,Thousand passengers,Greece,2016-Q1,4060,,
ESTAT:RAIL_PA_QUARTAL(1.0),29/09/26 23:00:00,Quarterly,Thousand passengers,Greece,2016-Q2,3907,,
ESTAT:RAIL_PA_QUARTAL(1.0),29/09/26 23:00:00,Quarterly,Thousand passengers,Greece,2016-Q3,3650,,
ESTAT:RAIL_PA_QUARTAL(1.0),29/09/26 23:00:00,Quarterly,Thousand passengers,Greece,2016-Q4,3963,,
ESTAT:RAIL_PA_QUARTAL(1.0),29/09/26 23:00:00,Quarterly,Thousand passengers,Greece,2017-Q1,3698,,
ESTAT:RAIL_PA_QUARTAL(1.0),29/09/26 23:00:00,Quarterly,Thousand passengers,Greece,2017-Q2,3912,,
ESTAT:RAIL_PA_QUARTAL(1.0),29/09/26 23:00:00,Quarterly,Thousand passengers,Greece,2017-Q3,4092,,
ESTAT:RAIL_PA_QUARTAL(1.0),29/09/26 23:00:00,Quarterly,Thousand passengers,Greece,2017-Q4,3816,,
ESTAT:RAIL_PA_QUARTAL(1.0),29/09/26 23:00:00,Quarterly,Thousand passengers,Greece,2018-Q1,3596,,
ESTAT:RAIL_PA_QUARTAL(1.0),29/09/26 23:00:00,Quarterly,Thousand passengers,Greece,2018-Q2,3807,,
ESTAT:RAIL_PA_QUARTAL(1.0),29/09/26 23:00:00,Quarterly,Thousand passengers,Greece,2018-Q3,4021,,
ESTAT:RAIL_PA_QUARTAL(1.0),29/09/26 23:00:00,Quarterly,Thousand passengers,Greece,2018-Q4,5366,,
ESTAT:RAIL_PA_QUARTAL(1.0),29/09/26 23:00:00,Quarterly,Thousand passengers,Greece,2019-Q1,4754,,
ESTAT:RAIL_PA_QUARTAL(1.0),29/09/26 23:00:00,Quarterly,Thousand passengers,Greece,2019-Q2,4831,,
ESTAT:RAIL_PA_QUARTAL(1.0),29/09/26 23:00:00,Quarterly,Thousand passengers,Greece,2019-Q3,4767,,
ESTAT:RAIL_PA_QUARTAL(1.0),29/09/26 23:00:00,Quarterly,Thousand passengers,Greece,2019-Q4,5253,,
ESTAT:RAIL_PA_QUARTAL(1.0),29/09/26 23:00:00,Quarterly,Thousand passengers,Greece,2020-Q1,3958,,
ESTAT:RAIL_PA_QUARTAL(1.0),29/09/26 23:00:00,Quarterly,Thousand passengers,Greece,2020-Q2,1512,,
ESTAT:RAIL_PA_QUARTAL(1.0),29/09/26 23:00:00,Quarterly,Thousand passengers,Greece,2020-Q3,2979,,
ESTAT:RAIL_PA_QUARTAL(1.0),29/09/26 23:00:00,Quarterly,Thousand passengers,Greece,2020-Q4,1771,,
ESTAT:RAIL_PA_QUARTAL(1.0),29/09/26 23:00:00,Quarterly,Thousand passengers,Greece,2021-Q1,1362,,
ESTAT:RAIL_PA_QUARTAL(1.0),29/09/26 23:00:00,Quarterly,Thousand passengers,Greece,2021-Q2,2109,,
ESTAT:RAIL_PA_QUARTAL(1.0),29/09/26 23:00:00,Quarterly,Thousand passengers,Greece,2021-Q3,3007,,
ESTAT:RAIL_PA_QUARTAL(1.0),29/09/26 23:00:00,Quarterly,Thousand passengers,Greece,2021-Q4,3550,,
ESTAT:RAIL_PA_QUARTAL(1.0),29/09/26 23:00:00,Quarterly,Thousand passengers,Greece,2022-Q1,3102,,
ESTAT:RAIL_PA_QUARTAL(1.0),29/09/26 23:00:00,Quarterly,Thousand passengers,Greece,2022-Q2,3956,,
ESTAT:RAIL_PA_QUARTAL(1.0),29/09/26 23:00:00,Quarterly,Thousand passengers,Greece,2022-Q3,3948,,
ESTAT:RAIL_PA_QUARTAL(1.0),29/09/26 23:00:00,Quarterly,Thousand passengers,Greece,2022-Q4,4366,,
ESTAT:RAIL_PA_QUARTAL(1.0),29/09/26 23:00:00,Quarterly,Thousand passengers,Greece,2023-Q1,3365,,
ESTAT:RAIL_PA_QUARTAL(1.0),29/09/26 23:00:00,Quarterly,Thousand passengers,Greece,2023-Q2,3151,,
ESTAT:RAIL_PA_QUARTAL(1.0),29/09/26 23:00:00,Quarterly,Thousand passengers,Greece,2023-Q3,3037,,
ESTAT:RAIL_PA_QUARTAL(1.0),29/09/26 23:00:00,Quarterly,Thousand passengers,Greece,2023-Q4,3254,,
ESTAT:RAIL_PA_QUARTAL(1.0),29/09/26 23:00:00,Quarterly,Thousand passengers,Greece,2024-Q1,3355,,
ESTAT:RAIL_PA_QUARTAL(1.0),29/09/26 23:00:00,Quarterly,Thousand passengers,Greece,2024-Q2,3549,,
ESTAT:RAIL_PA_QUARTAL(1.0),29/09/26 23:00:00,Quarterly,Thousand passengers,Greece,2024-Q3,3416,,
ESTAT:RAIL_PA_QUARTAL(1.0),29/09/26 23:00:00,Quarterly,Thousand passengers,Greece,2024-Q4,3732,,
ESTAT:RAIL_PA_QUARTAL(1.0),29/09/26 23:00:00,Quarterly,Thousand passengers,Greece,2025-Q1,3684,,
ESTAT:RAIL_PA_QUARTAL(1.0),29/09/26 23:00:00,Quarterly,Thousand passengers,Greece,2025-Q2,3831,,
ESTAT:RAIL_PA_QUARTAL(1.0),29/09/26 23:00:00,Quarterly,Thousand passengers,Greece,2025-Q3,3274,,
ESTAT:RAIL_PA_QUARTAL(1.0),29/09/26 23:00:00,Quarterly,Thousand passengers,Greece,2025-Q4,3572,,
ESTAT:RAIL_PA_QUARTAL(1.0),29/09/26 23:00:00,Quarterly,Thousand passengers,Spain,2006-Q1,161348,,
ESTAT:RAIL_PA_QUARTAL(1.0),29/09/26 23:00:00,Quarterly,Thousand passengers,Spain,2006-Q2,160754,,
ESTAT:RAIL_PA_QUARTAL(1.0),29/09/26 23:00:00,Quarterly,Thousand passengers,Spain,2006-Q3,140797,,
ESTAT:RAIL_PA_QUARTAL(1.0),29/09/26 23:00:00,Quarterly,Thousand passengers,Spain,2006-Q4,163457,,
ESTAT:RAIL_PA_QUARTAL(1.0),29/09/26 23:00:00,Quarterly,Thousand passengers,Spain,2007-Q1,162506,,
ESTAT:RAIL_PA_QUARTAL(1.0),29/09/26 23:00:00,Quarterly,Thousand passengers,Spain,2007-Q2,160672,,
ESTAT:RAIL_PA_QUARTAL(1.0),29/09/26 23:00:00,Quarterly,Thousand passengers,Spain,2007-Q3,136261,,
ESTAT:RAIL_PA_QUARTAL(1.0),29/09/26 23:00:00,Quarterly,Thousand passengers,Spain,2007-Q4,158316,,
ESTAT:RAIL_PA_QUARTAL(1.0),29/09/26 23:00:00,Quarterly,Thousand passengers,Spain,2008-Q1,156739,,
ESTAT:RAIL_PA_QUARTAL(1.0),29/09/26 23:00:00,Quarterly,Thousand passengers,Spain,2008-Q2,160981,,
ESTAT:RAIL_PA_QUARTAL(1.0),29/09/26 23:00:00,Quarterly,Thousand passengers,Spain,2008-Q3,137869,,
ESTAT:RAIL_PA_QUARTAL(1.0),29/09/26 23:00:00,Quarterly,Thousand passengers,Spain,2008-Q4,156392,,
ESTAT:RAIL_PA_QUARTAL(1.0),29/09/26 23:00:00,Quarterly,Thousand passengers,Spain,2009-Q1,147469,,
ESTAT:RAIL_PA_QUARTAL(1.0),29/09/26 23:00:00,Quarterly,Thousand passengers,Spain,2009-Q2,147568,,
ESTAT:RAIL_PA_QUARTAL(1.0),29/09/26 23:00:00,Quarterly,Thousand passengers,Spain,2009-Q3,127087,,
ESTAT:RAIL_PA_QUARTAL(1.0),29/09/26 23:00:00,Quarterly,Thousand passengers,Spain,2009-Q4,149038,,
ESTAT:RAIL_PA_QUARTAL(1.0),29/09/26 23:00:00,Quarterly,Thousand passengers,Spain,2010-Q1,139734,,
ESTAT:RAIL_PA_QUARTAL(1.0),29/09/26 23:00:00,Quarterly,Thousand passengers,Spain,2010-Q2,144482,,
ESTAT:RAIL_PA_QUARTAL(1.0),29/09/26 23:00:00,Quarterly,Thousand passengers,Spain,2010-Q3,123562,,
ESTAT:RAIL_PA_QUARTAL(1.0),29/09/26 23:00:00,Quarterly,Thousand passengers,Spain,2010-Q4,145153,,
ESTAT:RAIL_PA_QUARTAL(1.0),29/09/26 23:00:00,Quarterly,Thousand passengers,Spain,2011-Q1,144154,,
ESTAT:RAIL_PA_QUARTAL(1.0),29/09/26 23:00:00,Quarterly,Thousand passengers,Spain,2011-Q2,146014,,
ESTAT:RAIL_PA_QUARTAL(1.0),29/09/26 23:00:00,Quarterly,Thousand passengers,Spain,2011-Q3,126378,,
ESTAT:RAIL_PA_QUARTAL(1.0),29/09/26 23:00:00,Quarterly,Thousand passengers,Spain,2011-Q4,148923,,
ESTAT:RAIL_PA_QUARTAL(1.0),29/09/26 23:00:00,Quarterly,Thousand passengers,Spain,2012-Q1,145886,,
ESTAT:RAIL_PA_QUARTAL(1.0),29/09/26 23:00:00,Quarterly,Thousand passengers,Spain,2012-Q2,142603,,
ESTAT:RAIL_PA_QUARTAL(1.0),29/09/26 23:00:00,Quarterly,Thousand passengers,Spain,2012-Q3,121746,,
ESTAT:RAIL_PA_QUARTAL(1.0),29/09/26 23:00:00,Quarterly,Thousand passengers,Spain,2012-Q4,145121,,
ESTAT:RAIL_PA_QUARTAL(1.0),29/09/26 23:00:00,Quarterly,Thousand passengers,Spain,2013-Q1,143638,,
ESTAT:RAIL_PA_QUARTAL(1.0),29/09/26 23:00:00,Quarterly,Thousand passengers,Spain,2013-Q2,144004,,
ESTAT:RAIL_PA_QUARTAL(1.0),29/09/26 23:00:00,Quarterly,Thousand passengers,Spain,2013-Q3,122310,,
ESTAT:RAIL_PA_QUARTAL(1.0),29/09/26 23:00:00,Quarterly,Thousand passengers,Spain,2013-Q4,148673,,
ESTAT:RAIL_PA_QUARTAL(1.0),29/09/26 23:00:00,Quarterly,Thousand passengers,Spain,2014-Q1,141285,,
ESTAT:RAIL_PA_QUARTAL(1.0),29/09/26 23:00:00,Quarterly,Thousand passengers,Spain,2014-Q2,144252,,
ESTAT:RAIL_PA_QUARTAL(1.0),29/09/26 23:00:00,Quarterly,Thousand passengers,Spain,2014-Q3,124125,,
ESTAT:RAIL_PA_QUARTAL(1.0),29/09/26 23:00:00,Quarterly,Thousand passengers,Spain,2014-Q4,149671,,
ESTAT:RAIL_PA_QUARTAL(1.0),29/09/26 23:00:00,Quarterly,Thousand passengers,Spain,2015-Q1,140193,,
ESTAT:RAIL_PA_QUARTAL(1.0),29/09/26 23:00:00,Quarterly,Thousand passengers,Spain,2015-Q2,144167,,
ESTAT:RAIL_PA_QUARTAL(1.0),29/09/26 23:00:00,Quarterly,Thousand passengers,Spain,2015-Q3,128487,,
ESTAT:RAIL_PA_QUARTAL(1.0),29/09/26 23:00:00,Quarterly,Thousand passengers,Spain,2015-Q4,149094,,
ESTAT:RAIL_PA_QUARTAL(1.0),29/09/26 23:00:00,Quarterly,Thousand passengers,Spain,2016-Q1,140008,,
ESTAT:RAIL_PA_QUARTAL(1.0),29/09/26 23:00:00,Quarterly,Thousand passengers,Spain,2016-Q2,149341,,
ESTAT:RAIL_PA_QUARTAL(1.0),29/09/26 23:00:00,Quarterly,Thousand passengers,Spain,2016-Q3,130353,,
ESTAT:RAIL_PA_QUARTAL(1.0),29/09/26 23:00:00,Quarterly,Thousand passengers,Spain,2016-Q4,150039,,
ESTAT:RAIL_PA_QUARTAL(1.0),29/09/26 23:00:00,Quarterly,Thousand passengers,Spain,2017-Q1,148623,,
ESTAT:RAIL_PA_QUARTAL(1.0),29/09/26 23:00:00,Quarterly,Thousand passengers,Spain,2017-Q2,151487,,
ESTAT:RAIL_PA_QUARTAL(1.0),29/09/26 23:00:00,Quarterly,Thousand passengers,Spain,2017-Q3,134748,,
ESTAT:RAIL_PA_QUARTAL(1.0),29/09/26 23:00:00,Quarterly,Thousand passengers,Spain,2017-Q4,158497,,
ESTAT:RAIL_PA_QUARTAL(1.0),29/09/26 23:00:00,Quarterly,Thousand passengers,Spain,2018-Q1,150246,,
ESTAT:RAIL_PA_QUARTAL(1.0),29/09/26 23:00:00,Quarterly,Thousand passengers,Spain,2018-Q2,163229,,
ESTAT:RAIL_PA_QUARTAL(1.0),29/09/26 23:00:00,Quarterly,Thousand passengers,Spain,2018-Q3,140311,,
ESTAT:RAIL_PA_QUARTAL(1.0),29/09/26 23:00:00,Quarterly,Thousand passengers,Spain,2018-Q4,165269,,
ESTAT:RAIL_PA_QUARTAL(1.0),29/09/26 23:00:00,Quarterly,Thousand passengers,Spain,2019-Q1,161458,,
ESTAT:RAIL_PA_QUARTAL(1.0),29/09/26 23:00:00,Quarterly,Thousand passengers,Spain,2019-Q2,160348,,
ESTAT:RAIL_PA_QUARTAL(1.0),29/09/26 23:00:00,Quarterly,Thousand passengers,Spain,2019-Q3,139321,,
ESTAT:RAIL_PA_QUARTAL(1.0),29/09/26 23:00:00,Quarterly,Thousand passengers,Spain,2019-Q4,165980,,
ESTAT:RAIL_PA_QUARTAL(1.0),29/09/26 23:00:00,Quarterly,Thousand passengers,Spain,2020-Q1,131495,,
ESTAT:RAIL_PA_QUARTAL(1.0),29/09/26 23:00:00,Quarterly,Thousand passengers,Spain,2020-Q2,35048,,
ESTAT:RAIL_PA_QUARTAL(1.0),29/09/26 23:00:00,Quarterly,Thousand passengers,Spain,2020-Q3,77545,,
ESTAT:RAIL_PA_QUARTAL(1.0),29/09/26 23:00:00,Quarterly,Thousand passengers,Spain,2020-Q4,85390,,
ESTAT:RAIL_PA_QUARTAL(1.0),29/09/26 23:00:00,Quarterly,Thousand passengers,Spain,2021-Q1,81867,,
ESTAT:RAIL_PA_QUARTAL(1.0),29/09/26 23:00:00,Quarterly,Thousand passengers,Spain,2021-Q2,100547,,
ESTAT:RAIL_PA_QUARTAL(1.0),29/09/26 23:00:00,Quarterly,Thousand passengers,Spain,2021-Q3,99937,,
ESTAT:RAIL_PA_QUARTAL(1.0),29/09/26 23:00:00,Quarterly,Thousand passengers,Spain,2021-Q4,122041,,
ESTAT:RAIL_PA_QUARTAL(1.0),29/09/26 23:00:00,Quarterly,Thousand passengers,Spain,2022-Q1,120568,,
ESTAT:RAIL_PA_QUARTAL(1.0),29/09/26 23:00:00,Quarterly,Thousand passengers,Spain,2022-Q2,134845,,
ESTAT:RAIL_PA_QUARTAL(1.0),29/09/26 23:00:00,Quarterly,Thousand passengers,Spain,2022-Q3,127618,,
ESTAT:RAIL_PA_QUARTAL(1.0),29/09/26 23:00:00,Quarterly,Thousand passengers,Spain,2022-Q4,158563,,
ESTAT:RAIL_PA_QUARTAL(1.0),29/09/26 23:00:00,Quarterly,Thousand passengers,Spain,2023-Q1,161348,,
ESTAT:RAIL_PA_QUARTAL(1.0),29/09/26 23:00:00,Quarterly,Thousand passengers,Spain,2023-Q2,164272,,
ESTAT:RAIL_PA_QUARTAL(1.0),29/09/26 23:00:00,Quarterly,Thousand passengers,Spain,2023-Q3,157015,,
ESTAT:RAIL_PA_QUARTAL(1.0),29/09/26 23:00:00,Quarterly,Thousand passengers,Spain,2023-Q4,171107,,
ESTAT:RAIL_PA_QUARTAL(1.0),29/09/26 23:00:00,Quarterly,Thousand passengers,Spain,2024-Q1,167090,,
ESTAT:RAIL_PA_QUARTAL(1.0),29/09/26 23:00:00,Quarterly,Thousand passengers,Spain,2024-Q2,176143,,
ESTAT:RAIL_PA_QUARTAL(1.0),29/09/26 23:00:00,Quarterly,Thousand passengers,Spain,2024-Q3,159074,,
ESTAT:RAIL_PA_QUARTAL(1.0),29/09/26 23:00:00,Quarterly,Thousand passengers,Spain,2024-Q4,179740,,
ESTAT:RAIL_PA_QUARTAL(1.0),29/09/26 23:00:00,Quarterly,Thousand passengers,Spain,2025-Q1,175596,,
ESTAT:RAIL_PA_QUARTAL(1.0),29/09/26 23:00:00,Quarterly,Thousand passengers,Spain,2025-Q2,181752,,
ESTAT:RAIL_PA_QUARTAL(1.0),29/09/26 23:00:00,Quarterly,Thousand passengers,Spain,2025-Q3,156335,,
ESTAT:RAIL_PA_QUARTAL(1.0),29/09/26 23:00:00,Quarterly,Thousand passengers,Spain,2025-Q4,180563,,
ESTAT:RAIL_PA_QUARTAL(1.0),29/09/26 23:00:00,Quarterly,Thousand passengers,Finland,2006-Q1,16262,,
ESTAT:RAIL_PA_QUARTAL(1.0),29/09/26 23:00:00,Quarterly,Thousand passengers,Finland,2006-Q2,15617,,
ESTAT:RAIL_PA_QUARTAL(1.0),29/09/26 23:00:00,Quarterly,Thousand passengers,Finland,2006-Q3,16277,,
ESTAT:RAIL_PA_QUARTAL(1.0),29/09/26 23:00:00,Quarterly,Thousand passengers,Finland,2006-Q4,16742,,
ESTAT:RAIL_PA_QUARTAL(1.0),29/09/26 23:00:00,Quarterly,Thousand passengers,Finland,2007-Q1,16978,,
ESTAT:RAIL_PA_QUARTAL(1.0),29/09/26 23:00:00,Quarterly,Thousand passengers,Finland,2007-Q2,15970,,
ESTAT:RAIL_PA_QUARTAL(1.0),29/09/26 23:00:00,Quarterly,Thousand passengers,Finland,2007-Q3,16602,,
ESTAT:RAIL_PA_QUARTAL(1.0),29/09/26 23:00:00,Quarterly,Thousand passengers,Finland,2007-Q4,17610,,
ESTAT:RAIL_PA_QUARTAL(1.0),29/09/26 23:00:00,Quarterly,Thousand passengers,Finland,2008-Q1,17709,,
ESTAT:RAIL_PA_QUARTAL(1.0),29/09/26 23:00:00,Quarterly,Thousand passengers,Finland,2008-Q2,16588,,
ESTAT:RAIL_PA_QUARTAL(1.0),29/09/26 23:00:00,Quarterly,Thousand passengers,Finland,2008-Q3,17674,,
ESTAT:RAIL_PA_QUARTAL(1.0),29/09/26 23:00:00,Quarterly,Thousand passengers,Finland,2008-Q4,18061,,
ESTAT:RAIL_PA_QUARTAL(1.0),29/09/26 23:00:00,Quarterly,Thousand passengers,Finland,2009-Q1,17271,,
ESTAT:RAIL_PA_QUARTAL(1.0),29/09/26 23:00:00,Quarterly,Thousand passengers,Finland,2009-Q2,16558,,
ESTAT:RAIL_PA_QUARTAL(1.0),29/09/26 23:00:00,Quarterly,Thousand passengers,Finland,2009-Q3,17377,,
ESTAT:RAIL_PA_QUARTAL(1.0),29/09/26 23:00:00,Quarterly,Thousand passengers,Finland,2009-Q4,17553,,
ESTAT:RAIL_PA_QUARTAL(1.0),29/09/26 23:00:00,Quarterly,Thousand passengers,Finland,2010-Q1,17167,,
ESTAT:RAIL_PA_QUARTAL(1.0),29/09/26 23:00:00,Quarterly,Thousand passengers,Finland,2010-Q2,16206,,
ESTAT:RAIL_PA_QUARTAL(1.0),29/09/26 23:00:00,Quarterly,Thousand passengers,Finland,2010-Q3,17241,,
ESTAT:RAIL_PA_QUARTAL(1.0),29/09/26 23:00:00,Quarterly,Thousand passengers,Finland,2010-Q4,18507,,
ESTAT:RAIL_PA_QUARTAL(1.0),29/09/26 23:00:00,Quarterly,Thousand passengers,Finland,2011-Q1,16961,,
ESTAT:RAIL_PA_QUARTAL(1.0),29/09/26 23:00:00,Quarterly,Thousand passengers,Finland,2011-Q2,16418,,
ESTAT:RAIL_PA_QUARTAL(1.0),29/09/26 23:00:00,Quarterly,Thousand passengers,Finland,2011-Q3,17269,,
ESTAT:RAIL_PA_QUARTAL(1.0),29/09/26 23:00:00,Quarterly,Thousand passengers,Finland,2011-Q4,17728,,
ESTAT:RAIL_PA_QUARTAL(1.0),29/09/26 23:00:00,Quarterly,Thousand passengers,Finland,2012-Q1,17028,,
ESTAT:RAIL_PA_QUARTAL(1.0),29/09/26 23:00:00,Quarterly,Thousand passengers,Finland,2012-Q2,16656,,
ESTAT:RAIL_PA_QUARTAL(1.0),29/09/26 23:00:00,Quarterly,Thousand passengers,Finland,2012-Q3,17377,,
ESTAT:RAIL_PA_QUARTAL(1.0),29/09/26 23:00:00,Quarterly,Thousand passengers,Finland,2012-Q4,18271,,
ESTAT:RAIL_PA_QUARTAL(1.0),29/09/26 23:00:00,Quarterly,Thousand passengers,Finland,2013-Q1,17211,,
ESTAT:RAIL_PA_QUARTAL(1.0),29/09/26 23:00:00,Quarterly,Thousand passengers,Finland,2013-Q2,16875,,
ESTAT:RAIL_PA_QUARTAL(1.0),29/09/26 23:00:00,Quarterly,Thousand passengers,Finland,2013-Q3,17305,,
ESTAT:RAIL_PA_QUARTAL(1.0),29/09/26 23:00:00,Quarterly,Thousand passengers,Finland,2013-Q4,17927,,
ESTAT:RAIL_PA_QUARTAL(1.0),29/09/26 23:00:00,Quarterly,Thousand passengers,Finland,2014-Q1,17158,,
ESTAT:RAIL_PA_QUARTAL(1.0),29/09/26 23:00:00,Quarterly,Thousand passengers,Finland,2014-Q2,16770,,
ESTAT:RAIL_PA_QUARTAL(1.0),29/09/26 23:00:00,Quarterly,Thousand passengers,Finland,2014-Q3,17067,,
ESTAT:RAIL_PA_QUARTAL(1.0),29/09/26 23:00:00,Quarterly,Thousand passengers,Finland,2014-Q4,17267,,
ESTAT:RAIL_PA_QUARTAL(1.0),29/09/26 23:00:00,Quarterly,Thousand passengers,Finland,2015-Q1,16997,,
ESTAT:RAIL_PA_QUARTAL(1.0),29/09/26 23:00:00,Quarterly,Thousand passengers,Finland,2015-Q2,20492,,
ESTAT:RAIL_PA_QUARTAL(1.0),29/09/26 23:00:00,Quarterly,Thousand passengers,Finland,2015-Q3,18951,,
ESTAT:RAIL_PA_QUARTAL(1.0),29/09/26 23:00:00,Quarterly,Thousand passengers,Finland,2015-Q4,19513,,
ESTAT:RAIL_PA_QUARTAL(1.0),29/09/26 23:00:00,Quarterly,Thousand passengers,Finland,2016-Q1,19984,,
ESTAT:RAIL_PA_QUARTAL(1.0),29/09/26 23:00:00,Quarterly,Thousand passengers,Finland,2016-Q2,20516,,
ESTAT:RAIL_PA_QUARTAL(1.0),29/09/26 23:00:00,Quarterly,Thousand passengers,Finland,2016-Q3,19324,,
ESTAT:RAIL_PA_QUARTAL(1.0),29/09/26 23:00:00,Quarterly,Thousand passengers,Finland,2016-Q4,22290,,
ESTAT:RAIL_PA_QUARTAL(1.0),29/09/26 23:00:00,Quarterly,Thousand passengers,Finland,2017-Q1,21660,,
ESTAT:RAIL_PA_QUARTAL(1.0),29/09/26 23:00:00,Quarterly,Thousand passengers,Finland,2017-Q2,20331,,
ESTAT:RAIL_PA_QUARTAL(1.0),29/09/26 23:00:00,Quarterly,Thousand passengers,Finland,2017-Q3,20999,,
ESTAT:RAIL_PA_QUARTAL(1.0),29/09/26 23:00:00,Quarterly,Thousand passengers,Finland,2017-Q4,22713,,
ESTAT:RAIL_PA_QUARTAL(1.0),29/09/26 23:00:00,Quarterly,Thousand passengers,Finland,2018-Q1,22199,,
ESTAT:RAIL_PA_QUARTAL(1.0),29/09/26 23:00:00,Quarterly,Thousand passengers,Finland,2018-Q2,20845,,
ESTAT:RAIL_PA_QUARTAL(1.0),29/09/26 23:00:00,Quarterly,Thousand passengers,Finland,2018-Q3,21095,,
ESTAT:RAIL_PA_QUARTAL(1.0),29/09/26 23:00:00,Quarterly,Thousand passengers,Finland,2018-Q4,23364,,
ESTAT:RAIL_PA_QUARTAL(1.0),29/09/26 23:00:00,Quarterly,Thousand passengers,Finland,2019-Q1,22553,,
ESTAT:RAIL_PA_QUARTAL(1.0),29/09/26 23:00:00,Quarterly,Thousand passengers,Finland,2019-Q2,22426,,
ESTAT:RAIL_PA_QUARTAL(1.0),29/09/26 23:00:00,Quarterly,Thousand passengers,Finland,2019-Q3,22681,,
ESTAT:RAIL_PA_QUARTAL(1.0),29/09/26 23:00:00,Quarterly,Thousand passengers,Finland,2019-Q4,25142,,
ESTAT:RAIL_PA_QUARTAL(1.0),29/09/26 23:00:00,Quarterly,Thousand passengers,Finland,2020-Q1,18742,,
ESTAT:RAIL_PA_QUARTAL(1.0),29/09/26 23:00:00,Quarterly,Thousand passengers,Finland,2020-Q2,10777,,
ESTAT:RAIL_PA_QUARTAL(1.0),29/09/26 23:00:00,Quarterly,Thousand passengers,Finland,2020-Q3,14838,,
ESTAT:RAIL_PA_QUARTAL(1.0),29/09/26 23:00:00,Quarterly,Thousand passengers,Finland,2020-Q4,15193,,
ESTAT:RAIL_PA_QUARTAL(1.0),29/09/26 23:00:00,Quarterly,Thousand passengers,Finland,2021-Q1,10580,,
ESTAT:RAIL_PA_QUARTAL(1.0),29/09/26 23:00:00,Quarterly,Thousand passengers,Finland,2021-Q2,12183,,
ESTAT:RAIL_PA_QUARTAL(1.0),29/09/26 23:00:00,Quarterly,Thousand passengers,Finland,2021-Q3,15109,,
ESTAT:RAIL_PA_QUARTAL(1.0),29/09/26 23:00:00,Quarterly,Thousand passengers,Finland,2021-Q4,17136,,
ESTAT:RAIL_PA_QUARTAL(1.0),29/09/26 23:00:00,Quarterly,Thousand passengers,Finland,2022-Q1,15154,,
ESTAT:RAIL_PA_QUARTAL(1.0),29/09/26 23:00:00,Quarterly,Thousand passengers,Finland,2022-Q2,19273,,
ESTAT:RAIL_PA_QUARTAL(1.0),29/09/26 23:00:00,Quarterly,Thousand passengers,Finland,2022-Q3,20622,,
ESTAT:RAIL_PA_QUARTAL(1.0),29/09/26 23:00:00,Quarterly,Thousand passengers,Finland,2022-Q4,21040,,
ESTAT:RAIL_PA_QUARTAL(1.0),29/09/26 23:00:00,Quarterly,Thousand passengers,Finland,2023-Q1,19698,,
ESTAT:RAIL_PA_QUARTAL(1.0),29/09/26 23:00:00,Quarterly,Thousand passengers,Finland,2023-Q2,20690,,
ESTAT:RAIL_PA_QUARTAL(1.0),29/09/26 23:00:00,Quarterly,Thousand passengers,Finland,2023-Q3,20756,,
ESTAT:RAIL_PA_QUARTAL(1.0),29/09/26 23:00:00,Quarterly,Thousand passengers,Finland,2023-Q4,21262,,
ESTAT:RAIL_PA_QUARTAL(1.0),29/09/26 23:00:00,Quarterly,Thousand passengers,Finland,2024-Q1,20692,,
ESTAT:RAIL_PA_QUARTAL(1.0),29/09/26 23:00:00,Quarterly,Thousand passengers,Finland,2024-Q2,20525,,
ESTAT:RAIL_PA_QUARTAL(1.0),29/09/26 23:00:00,Quarterly,Thousand passengers,Finland,2024-Q3,18705,,
ESTAT:RAIL_PA_QUARTAL(1.0),29/09/26 23:00:00,Quarterly,Thousand passengers,Finland,2024-Q4,21412,,
ESTAT:RAIL_PA_QUARTAL(1.0),29/09/26 23:00:00,Quarterly,Thousand passengers,Finland,2025-Q1,20736,,
ESTAT:RAIL_PA_QUARTAL(1.0),29/09/26 23:00:00,Quarterly,Thousand passengers,Finland,2025-Q2,20847,,
ESTAT:RAIL_PA_QUARTAL(1.0),29/09/26 23:00:00,Quarterly,Thousand passengers,Finland,2025-Q3,20224,,
ESTAT:RAIL_PA_QUARTAL(1.0),29/09/26 23:00:00,Quarterly,Thousand passengers,Finland,2025-Q4,22540,,
ESTAT:RAIL_PA_QUARTAL(1.0),29/09/26 23:00:00,Quarterly,Thousand passengers,France,2006-Q1,258214,,
ESTAT:RAIL_PA_QUARTAL(1.0),29/09/26 23:00:00,Quarterly,Thousand passengers,France,2006-Q2,267865,,
ESTAT:RAIL_PA_QUARTAL(1.0),29/09/26 23:00:00,Quarterly,Thousand passengers,France,2006-Q3,221591,,
ESTAT:RAIL_PA_QUARTAL(1.0),29/09/26 23:00:00,Quarterly,Thousand passengers,France,2006-Q4,274260,,
ESTAT:RAIL_PA_QUARTAL(1.0),29/09/26 23:00:00,Quarterly,Thousand passengers,France,2007-Q1,271128,,
ESTAT:RAIL_PA_QUARTAL(1.0),29/09/26 23:00:00,Quarterly,Thousand passengers,France,2007-Q2,276187,,
ESTAT:RAIL_PA_QUARTAL(1.0),29/09/26 23:00:00,Quarterly,Thousand passengers,France,2007-Q3,241840,,
ESTAT:RAIL_PA_QUARTAL(1.0),29/09/26 23:00:00,Quarterly,Thousand passengers,France,2007-Q4,276268,,
ESTAT:RAIL_PA_QUARTAL(1.0),29/09/26 23:00:00,Quarterly,Thousand passengers,France,2008-Q1,278399,,
ESTAT:RAIL_PA_QUARTAL(1.0),29/09/26 23:00:00,Quarterly,Thousand passengers,France,2008-Q2,284863,,
ESTAT:RAIL_PA_QUARTAL(1.0),29/09/26 23:00:00,Quarterly,Thousand passengers,France,2008-Q3,240810,,
ESTAT:RAIL_PA_QUARTAL(1.0),29/09/26 23:00:00,Quarterly,Thousand passengers,France,2008-Q4,288961,,
ESTAT:RAIL_PA_QUARTAL(1.0),29/09/26 23:00:00,Quarterly,Thousand passengers,France,2009-Q1,279559,,
ESTAT:RAIL_PA_QUARTAL(1.0),29/09/26 23:00:00,Quarterly,Thousand passengers,France,2009-Q2,289266,,
ESTAT:RAIL_PA_QUARTAL(1.0),29/09/26 23:00:00,Quarterly,Thousand passengers,France,2009-Q3,240831,,
ESTAT:RAIL_PA_QUARTAL(1.0),29/09/26 23:00:00,Quarterly,Thousand passengers,France,2009-Q4,291985,,
ESTAT:RAIL_PA_QUARTAL(1.0),29/09/26 23:00:00,Quarterly,Thousand passengers,France,2010-Q1,274433,,
ESTAT:RAIL_PA_QUARTAL(1.0),29/09/26 23:00:00,Quarterly,Thousand passengers,France,2010-Q2,282724,,
ESTAT:RAIL_PA_QUARTAL(1.0),29/09/26 23:00:00,Quarterly,Thousand passengers,France,2010-Q3,,,C
ESTAT:RAIL_PA_QUARTAL(1.0),29/09/26 23:00:00,Quarterly,Thousand passengers,France,2010-Q4,,,C
ESTAT:RAIL_PA_QUARTAL(1.0),29/09/26 23:00:00,Quarterly,Thousand passengers,France,2011-Q1,283979,,
ESTAT:RAIL_PA_QUARTAL(1.0),29/09/26 23:00:00,Quarterly,Thousand passengers,France,2011-Q2,295752,,
ESTAT:RAIL_PA_QUARTAL(1.0),29/09/26 23:00:00,Quarterly,Thousand passengers,France,2011-Q3,246947,,
ESTAT:RAIL_PA_QUARTAL(1.0),29/09/26 23:00:00,Quarterly,Thousand passengers,France,2011-Q4,298611,,
ESTAT:RAIL_PA_QUARTAL(1.0),29/09/26 23:00:00,Quarterly,Thousand passengers,France,2012-Q1,291619,,
ESTAT:RAIL_PA_QUARTAL(1.0),29/09/26 23:00:00,Quarterly,Thousand passengers,France,2012-Q2,300087,,
ESTAT:RAIL_PA_QUARTAL(1.0),29/09/26 23:00:00,Quarterly,Thousand passengers,France,2012-Q3,254024,,
ESTAT:RAIL_PA_QUARTAL(1.0),29/09/26 23:00:00,Quarterly,Thousand passengers,France,2012-Q4,304566,,
ESTAT:RAIL_PA_QUARTAL(1.0),29/09/26 23:00:00,Quarterly,Thousand passengers,France,2013-Q1,296492,,
ESTAT:RAIL_PA_QUARTAL(1.0),29/09/26 23:00:00,Quarterly,Thousand passengers,France,2013-Q2,303165,,
ESTAT:RAIL_PA_QUARTAL(1.0),29/09/26 23:00:00,Quarterly,Thousand passengers,France,2013-Q3,255409,,
ESTAT:RAIL_PA_QUARTAL(1.0),29/09/26 23:00:00,Quarterly,Thousand passengers,France,2013-Q4,309757,,
ESTAT:RAIL_PA_QUARTAL(1.0),29/09/26 23:00:00,Quarterly,Thousand passengers,France,2014-Q1,294757,,
ESTAT:RAIL_PA_QUARTAL(1.0),29/09/26 23:00:00,Quarterly,Thousand passengers,France,2014-Q2,299392,,
ESTAT:RAIL_PA_QUARTAL(1.0),29/09/26 23:00:00,Quarterly,Thousand passengers,France,2014-Q3,255370,,
ESTAT:RAIL_PA_QUARTAL(1.0),29/09/26 23:00:00,Quarterly,Thousand passengers,France,2014-Q4,308159,,
ESTAT:RAIL_PA_QUARTAL(1.0),29/09/26 23:00:00,Quarterly,Thousand passengers,France,2015-Q1,300863,,
ESTAT:RAIL_PA_QUARTAL(1.0),29/09/26 23:00:00,Quarterly,Thousand passengers,France,2015-Q2,302264,,
ESTAT:RAIL_PA_QUARTAL(1.0),29/09/26 23:00:00,Quarterly,Thousand passengers,France,2015-Q3,277874,,
ESTAT:RAIL_PA_QUARTAL(1.0),29/09/26 23:00:00,Quarterly,Thousand passengers,France,2015-Q4,323200,,
ESTAT:RAIL_PA_QUARTAL(1.0),29/09/26 23:00:00,Quarterly,Thousand passengers,France,2016-Q1,320482,,
ESTAT:RAIL_PA_QUARTAL(1.0),29/09/26 23:00:00,Quarterly,Thousand passengers,France,2016-Q2,306643,,
ESTAT:RAIL_PA_QUARTAL(1.0),29/09/26 23:00:00,Quarterly,Thousand passengers,France,2016-Q3,283122,,
ESTAT:RAIL_PA_QUARTAL(1.0),29/09/26 23:00:00,Quarterly,Thousand passengers,France,2016-Q4,324750,,
ESTAT:RAIL_PA_QUARTAL(1.0),29/09/26 23:00:00,Quarterly,Thousand passengers,France,2017-Q1,327264,,
ESTAT:RAIL_PA_QUARTAL(1.0),29/09/26 23:00:00,Quarterly,Thousand passengers,France,2017-Q2,319693,,
ESTAT:RAIL_PA_QUARTAL(1.0),29/09/26 23:00:00,Quarterly,Thousand passengers,France,2017-Q3,289621,,
ESTAT:RAIL_PA_QUARTAL(1.0),29/09/26 23:00:00,Quarterly,Thousand passengers,France,2017-Q4,340616,,
ESTAT:RAIL_PA_QUARTAL(1.0),29/09/26 23:00:00,Quarterly,Thousand passengers,France,2018-Q1,332554,,
ESTAT:RAIL_PA_QUARTAL(1.0),29/09/26 23:00:00,Quarterly,Thousand passengers,France,2018-Q2,277782,,
ESTAT:RAIL_PA_QUARTAL(1.0),29/09/26 23:00:00,Quarterly,Thousand passengers,France,2018-Q3,293641,,
ESTAT:RAIL_PA_QUARTAL(1.0),29/09/26 23:00:00,Quarterly,Thousand passengers,France,2018-Q4,342602,,
ESTAT:RAIL_PA_QUARTAL(1.0),29/09/26 23:00:00,Quarterly,Thousand passengers,France,2019-Q1,336687,,
ESTAT:RAIL_PA_QUARTAL(1.0),29/09/26 23:00:00,Quarterly,Thousand passengers,France,2019-Q2,339968,,
ESTAT:RAIL_PA_QUARTAL(1.0),29/09/26 23:00:00,Quarterly,Thousand passengers,France,2019-Q3,303501,,
ESTAT:RAIL_PA_QUARTAL(1.0),29/09/26 23:00:00,Quarterly,Thousand passengers,France,2019-Q4,285336,,
ESTAT:RAIL_PA_QUARTAL(1.0),29/09/26 23:00:00,Quarterly,Thousand passengers,France,2020-Q1,244761,,
ESTAT:RAIL_PA_QUARTAL(1.0),29/09/26 23:00:00,Quarterly,Thousand passengers,France,2020-Q2,81360,,
ESTAT:RAIL_PA_QUARTAL(1.0),29/09/26 23:00:00,Quarterly,Thousand passengers,France,2020-Q3,205975,,
ESTAT:RAIL_PA_QUARTAL(1.0),29/09/26 23:00:00,Quarterly,Thousand passengers,France,2020-Q4,191713,,
ESTAT:RAIL_PA_QUARTAL(1.0),29/09/26 23:00:00,Quarterly,Thousand passengers,France,2021-Q1,192981,,
ESTAT:RAIL_PA_QUARTAL(1.0),29/09/26 23:00:00,Quarterly,Thousand passengers,France,2021-Q2,196840,,
ESTAT:RAIL_PA_QUARTAL(1.0),29/09/26 23:00:00,Quarterly,Thousand passengers,France,2021-Q3,229234,,
ESTAT:RAIL_PA_QUARTAL(1.0),29/09/26 23:00:00,Quarterly,Thousand passengers,France,2021-Q4,275481,,
ESTAT:RAIL_PA_QUARTAL(1.0),29/09/26 23:00:00,Quarterly,Thousand passengers,France,2022-Q1,261712,,
ESTAT:RAIL_PA_QUARTAL(1.0),29/09/26 23:00:00,Quarterly,Thousand passengers,France,2022-Q2,297006,,
ESTAT:RAIL_PA_QUARTAL(1.0),29/09/26 23:00:00,Quarterly,Thousand passengers,France,2022-Q3,273028,,
ESTAT:RAIL_PA_QUARTAL(1.0),29/09/26 23:00:00,Quarterly,Thousand passengers,France,2022-Q4,310075,,
ESTAT:RAIL_PA_QUARTAL(1.0),29/09/26 23:00:00,Quarterly,Thousand passengers,France,2023-Q1,287959,,
ESTAT:RAIL_PA_QUARTAL(1.0),29/09/26 23:00:00,Quarterly,Thousand passengers,France,2023-Q2,309296,,
ESTAT:RAIL_PA_QUARTAL(1.0),29/09/26 23:00:00,Quarterly,Thousand passengers,France,2023-Q3,297650,,
ESTAT:RAIL_PA_QUARTAL(1.0),29/09/26 23:00:00,Quarterly,Thousand passengers,France,2023-Q4,331501,,
ESTAT:RAIL_PA_QUARTAL(1.0),29/09/26 23:00:00,Quarterly,Thousand passengers,France,2024-Q1,325985,,
ESTAT:RAIL_PA_QUARTAL(1.0),29/09/26 23:00:00,Quarterly,Thousand passengers,France,2024-Q2,333377,,
ESTAT:RAIL_PA_QUARTAL(1.0),29/09/26 23:00:00,Quarterly,Thousand passengers,France,2024-Q3,316869,,
ESTAT:RAIL_PA_QUARTAL(1.0),29/09/26 23:00:00,Quarterly,Thousand passengers,France,2024-Q4,343884,,
ESTAT:RAIL_PA_QUARTAL(1.0),29/09/26 23:00:00,Quarterly,Thousand passengers,France,2025-Q1,331812,,
ESTAT:RAIL_PA_QUARTAL(1.0),29/09/26 23:00:00,Quarterly,Thousand passengers,France,2025-Q2,334038,,
ESTAT:RAIL_PA_QUARTAL(1.0),29/09/26 23:00:00,Quarterly,Thousand passengers,France,2025-Q3,305288,,
ESTAT:RAIL_PA_QUARTAL(1.0),29/09/26 23:00:00,Quarterly,Thousand passengers,France,2025-Q4,340487,,
ESTAT:RAIL_PA_QUARTAL(1.0),29/09/26 23:00:00,Quarterly,Thousand passengers,Croatia,2006-Q1,10481,,
ESTAT:RAIL_PA_QUARTAL(1.0),29/09/26 23:00:00,Quarterly,Thousand passengers,Croatia,2006-Q2,10593,,
ESTAT:RAIL_PA_QUARTAL(1.0),29/09/26 23:00:00,Quarterly,Thousand passengers,Croatia,2006-Q3,10029,,
ESTAT:RAIL_PA_QUARTAL(1.0),29/09/26 23:00:00,Quarterly,Thousand passengers,Croatia,2006-Q4,14941,,
ESTAT:RAIL_PA_QUARTAL(1.0),29/09/26 23:00:00,Quarterly,Thousand passengers,Croatia,2007-Q1,15523,,
ESTAT:RAIL_PA_QUARTAL(1.0),29/09/26 23:00:00,Quarterly,Thousand passengers,Croatia,2007-Q2,15547,,
ESTAT:RAIL_PA_QUARTAL(1.0),29/09/26 23:00:00,Quarterly,Thousand passengers,Croatia,2007-Q3,14716,,
ESTAT:RAIL_PA_QUARTAL(1.0),29/09/26 23:00:00,Quarterly,Thousand passengers,Croatia,2007-Q4,17187,,
ESTAT:RAIL_PA_QUARTAL(1.0),29/09/26 23:00:00,Quarterly,Thousand passengers,Croatia,2008-Q1,17853,,
ESTAT:RAIL_PA_QUARTAL(1.0),29/09/26 23:00:00,Quarterly,Thousand passengers,Croatia,2008-Q2,17714,,
ESTAT:RAIL_PA_QUARTAL(1.0),29/09/26 23:00:00,Quarterly,Thousand passengers,Croatia,2008-Q3,16954,,
ESTAT:RAIL_PA_QUARTAL(1.0),29/09/26 23:00:00,Quarterly,Thousand passengers,Croatia,2008-Q4,18279,,
ESTAT:RAIL_PA_QUARTAL(1.0),29/09/26 23:00:00,Quarterly,Thousand passengers,Croatia,2009-Q1,18835,,
ESTAT:RAIL_PA_QUARTAL(1.0),29/09/26 23:00:00,Quarterly,Thousand passengers,Croatia,2009-Q2,18805,,
ESTAT:RAIL_PA_QUARTAL(1.0),29/09/26 23:00:00,Quarterly,Thousand passengers,Croatia,2009-Q3,17639,,
ESTAT:RAIL_PA_QUARTAL(1.0),29/09/26 23:00:00,Quarterly,Thousand passengers,Croatia,2009-Q4,18123,,
ESTAT:RAIL_PA_QUARTAL(1.0),29/09/26 23:00:00,Quarterly,Thousand passengers,Croatia,2010-Q1,17714,,
ESTAT:RAIL_PA_QUARTAL(1.0),29/09/26 23:00:00,Quarterly,Thousand passengers,Croatia,2010-Q2,17781,,
ESTAT:RAIL_PA_QUARTAL(1.0),29/09/26 23:00:00,Quarterly,Thousand passengers,Croatia,2010-Q3,16505,,
ESTAT:RAIL_PA_QUARTAL(1.0),29/09/26 23:00:00,Quarterly,Thousand passengers,Croatia,2010-Q4,17421,,
ESTAT:RAIL_PA_QUARTAL(1.0),29/09/26 23:00:00,Quarterly,Thousand passengers,Croatia,2011-Q1,16452,,
ESTAT:RAIL_PA_QUARTAL(1.0),29/09/26 23:00:00,Quarterly,Thousand passengers,Croatia,2011-Q2,15636,,
ESTAT:RAIL_PA_QUARTAL(1.0),29/09/26 23:00:00,Quarterly,Thousand passengers,Croatia,2011-Q3,7564,,
ESTAT:RAIL_PA_QUARTAL(1.0),29/09/26 23:00:00,Quarterly,Thousand passengers,Croatia,2011-Q4,10200,,
ESTAT:RAIL_PA_QUARTAL(1.0),29/09/26 23:00:00,Quarterly,Thousand passengers,Croatia,2012-Q1,7256,,
ESTAT:RAIL_PA_QUARTAL(1.0),29/09/26 23:00:00,Quarterly,Thousand passengers,Croatia,2012-Q2,7210,,
ESTAT:RAIL_PA_QUARTAL(1.0),29/09/26 23:00:00,Quarterly,Thousand passengers,Croatia,2012-Q3,5786,,
ESTAT:RAIL_PA_QUARTAL(1.0),29/09/26 23:00:00,Quarterly,Thousand passengers,Croatia,2012-Q4,7324,,
ESTAT:RAIL_PA_QUARTAL(1.0),29/09/26 23:00:00,Quarterly,Thousand passengers,Croatia,2013-Q1,6575,,
ESTAT:RAIL_PA_QUARTAL(1.0),29/09/26 23:00:00,Quarterly,Thousand passengers,Croatia,2013-Q2,6370,,
ESTAT:RAIL_PA_QUARTAL(1.0),29/09/26 23:00:00,Quarterly,Thousand passengers,Croatia,2013-Q3,4936,,
ESTAT:RAIL_PA_QUARTAL(1.0),29/09/26 23:00:00,Quarterly,Thousand passengers,Croatia,2013-Q4,6336,,
ESTAT:RAIL_PA_QUARTAL(1.0),29/09/26 23:00:00,Quarterly,Thousand passengers,Croatia,2014-Q1,5928,,
ESTAT:RAIL_PA_QUARTAL(1.0),29/09/26 23:00:00,Quarterly,Thousand passengers,Croatia,2014-Q2,5633,,
ESTAT:RAIL_PA_QUARTAL(1.0),29/09/26 23:00:00,Quarterly,Thousand passengers,Croatia,2014-Q3,4312,,
ESTAT:RAIL_PA_QUARTAL(1.0),29/09/26 23:00:00,Quarterly,Thousand passengers,Croatia,2014-Q4,6017,,
ESTAT:RAIL_PA_QUARTAL(1.0),29/09/26 23:00:00,Quarterly,Thousand passengers,Croatia,2015-Q1,5734,,
ESTAT:RAIL_PA_QUARTAL(1.0),29/09/26 23:00:00,Quarterly,Thousand passengers,Croatia,2015-Q2,5454,,
ESTAT:RAIL_PA_QUARTAL(1.0),29/09/26 23:00:00,Quarterly,Thousand passengers,Croatia,2015-Q3,4235,,
ESTAT:RAIL_PA_QUARTAL(1.0),29/09/26 23:00:00,Quarterly,Thousand passengers,Croatia,2015-Q4,6226,,
ESTAT:RAIL_PA_QUARTAL(1.0),29/09/26 23:00:00,Quarterly,Thousand passengers,Croatia,2016-Q1,5656,,
ESTAT:RAIL_PA_QUARTAL(1.0),29/09/26 23:00:00,Quarterly,Thousand passengers,Croatia,2016-Q2,5388,,
ESTAT:RAIL_PA_QUARTAL(1.0),29/09/26 23:00:00,Quarterly,Thousand passengers,Croatia,2016-Q3,4118,,
ESTAT:RAIL_PA_QUARTAL(1.0),29/09/26 23:00:00,Quarterly,Thousand passengers,Croatia,2016-Q4,5547,,
ESTAT:RAIL_PA_QUARTAL(1.0),29/09/26 23:00:00,Quarterly,Thousand passengers,Croatia,2017-Q1,5045,,
ESTAT:RAIL_PA_QUARTAL(1.0),29/09/26 23:00:00,Quarterly,Thousand passengers,Croatia,2017-Q2,5158,,
ESTAT:RAIL_PA_QUARTAL(1.0),29/09/26 23:00:00,Quarterly,Thousand passengers,Croatia,2017-Q3,4080,,
ESTAT:RAIL_PA_QUARTAL(1.0),29/09/26 23:00:00,Quarterly,Thousand passengers,Croatia,2017-Q4,5520,,
ESTAT:RAIL_PA_QUARTAL(1.0),29/09/26 23:00:00,Quarterly,Thousand passengers,Croatia,2018-Q1,5203,,
ESTAT:RAIL_PA_QUARTAL(1.0),29/09/26 23:00:00,Quarterly,Thousand passengers,Croatia,2018-Q2,5235,,
ESTAT:RAIL_PA_QUARTAL(1.0),29/09/26 23:00:00,Quarterly,Thousand passengers,Croatia,2018-Q3,4238,,
ESTAT:RAIL_PA_QUARTAL(1.0),29/09/26 23:00:00,Quarterly,Thousand passengers,Croatia,2018-Q4,5568,,
ESTAT:RAIL_PA_QUARTAL(1.0),29/09/26 23:00:00,Quarterly,Thousand passengers,Croatia,2019-Q1,5156,,
ESTAT:RAIL_PA_QUARTAL(1.0),29/09/26 23:00:00,Quarterly,Thousand passengers,Croatia,2019-Q2,5076,,
ESTAT:RAIL_PA_QUARTAL(1.0),29/09/26 23:00:00,Quarterly,Thousand passengers,Croatia,2019-Q3,4139,,
ESTAT:RAIL_PA_QUARTAL(1.0),29/09/26 23:00:00,Quarterly,Thousand passengers,Croatia,2019-Q4,5455,,
ESTAT:RAIL_PA_QUARTAL(1.0),29/09/26 23:00:00,Quarterly,Thousand passengers,Croatia,2020-Q1,4761,,
ESTAT:RAIL_PA_QUARTAL(1.0),29/09/26 23:00:00,Quarterly,Thousand passengers,Croatia,2020-Q2,1697,,
ESTAT:RAIL_PA_QUARTAL(1.0),29/09/26 23:00:00,Quarterly,Thousand passengers,Croatia,2020-Q3,3111,,
ESTAT:RAIL_PA_QUARTAL(1.0),29/09/26 23:00:00,Quarterly,Thousand passengers,Croatia,2020-Q4,3530,,
ESTAT:RAIL_PA_QUARTAL(1.0),29/09/26 23:00:00,Quarterly,Thousand passengers,Croatia,2021-Q1,3105,,
ESTAT:RAIL_PA_QUARTAL(1.0),29/09/26 23:00:00,Quarterly,Thousand passengers,Croatia,2021-Q2,3385,,
ESTAT:RAIL_PA_QUARTAL(1.0),29/09/26 23:00:00,Quarterly,Thousand passengers,Croatia,2021-Q3,3020,,
ESTAT:RAIL_PA_QUARTAL(1.0),29/09/26 23:00:00,Quarterly,Thousand passengers,Croatia,2021-Q4,4023,,
ESTAT:RAIL_PA_QUARTAL(1.0),29/09/26 23:00:00,Quarterly,Thousand passengers,Croatia,2022-Q1,4180,,
ESTAT:RAIL_PA_QUARTAL(1.0),29/09/26 23:00:00,Quarterly,Thousand passengers,Croatia,2022-Q2,4672,,
ESTAT:RAIL_PA_QUARTAL(1.0),29/09/26 23:00:00,Quarterly,Thousand passengers,Croatia,2022-Q3,4613,,
ESTAT:RAIL_PA_QUARTAL(1.0),29/09/26 23:00:00,Quarterly,Thousand passengers,Croatia,2022-Q4,5116,,
ESTAT:RAIL_PA_QUARTAL(1.0),29/09/26 23:00:00,Quarterly,Thousand passengers,Croatia,2023-Q1,6013,,
ESTAT:RAIL_PA_QUARTAL(1.0),29/09/26 23:00:00,Quarterly,Thousand passengers,Croatia,2023-Q2,6181,,
ESTAT:RAIL_PA_QUARTAL(1.0),29/09/26 23:00:00,Quarterly,Thousand passengers,Croatia,2023-Q3,5056,,
ESTAT:RAIL_PA_QUARTAL(1.0),29/09/26 23:00:00,Quarterly,Thousand passengers,Croatia,2023-Q4,6600,,
ESTAT:RAIL_PA_QUARTAL(1.0),29/09/26 23:00:00,Quarterly,Thousand passengers,Croatia,2024-Q1,5773,,
ESTAT:RAIL_PA_QUARTAL(1.0),29/09/26 23:00:00,Quarterly,Thousand passengers,Croatia,2024-Q2,5667,,
ESTAT:RAIL_PA_QUARTAL(1.0),29/09/26 23:00:00,Quarterly,Thousand passengers,Croatia,2024-Q3,5612,,
ESTAT:RAIL_PA_QUARTAL(1.0),29/09/26 23:00:00,Quarterly,Thousand passengers,Croatia,2024-Q4,7539,,
ESTAT:RAIL_PA_QUARTAL(1.0),29/09/26 23:00:00,Quarterly,Thousand passengers,Croatia,2025-Q1,6078,,
ESTAT:RAIL_PA_QUARTAL(1.0),29/09/26 23:00:00,Quarterly,Thousand passengers,Croatia,2025-Q2,6644,,
ESTAT:RAIL_PA_QUARTAL(1.0),29/09/26 23:00:00,Quarterly,Thousand passengers,Croatia,2025-Q3,6078,,
ESTAT:RAIL_PA_QUARTAL(1.0),29/09/26 23:00:00,Quarterly,Thousand passengers,Croatia,2025-Q4,7596,,
ESTAT:RAIL_PA_QUARTAL(1.0),29/09/26 23:00:00,Quarterly,Thousand passengers,Ireland,2006-Q1,9452,,
ESTAT:RAIL_PA_QUARTAL(1.0),29/09/26 23:00:00,Quarterly,Thousand passengers,Ireland,2006-Q2,12780,,
ESTAT:RAIL_PA_QUARTAL(1.0),29/09/26 23:00:00,Quarterly,Thousand passengers,Ireland,2006-Q3,10345,,
ESTAT:RAIL_PA_QUARTAL(1.0),29/09/26 23:00:00,Quarterly,Thousand passengers,Ireland,2006-Q4,10775,,
ESTAT:RAIL_PA_QUARTAL(1.0),29/09/26 23:00:00,Quarterly,Thousand passengers,Ireland,2007-Q1,10190,,
ESTAT:RAIL_PA_QUARTAL(1.0),29/09/26 23:00:00,Quarterly,Thousand passengers,Ireland,2007-Q2,13829,,
ESTAT:RAIL_PA_QUARTAL(1.0),29/09/26 23:00:00,Quarterly,Thousand passengers,Ireland,2007-Q3,10706,,
ESTAT:RAIL_PA_QUARTAL(1.0),29/09/26 23:00:00,Quarterly,Thousand passengers,Ireland,2007-Q4,10638,,
ESTAT:RAIL_PA_QUARTAL(1.0),29/09/26 23:00:00,Quarterly,Thousand passengers,Ireland,2008-Q1,10093,,
ESTAT:RAIL_PA_QUARTAL(1.0),29/09/26 23:00:00,Quarterly,Thousand passengers,Ireland,2008-Q2,13846,,
ESTAT:RAIL_PA_QUARTAL(1.0),29/09/26 23:00:00,Quarterly,Thousand passengers,Ireland,2008-Q3,10452,,
ESTAT:RAIL_PA_QUARTAL(1.0),29/09/26 23:00:00,Quarterly,Thousand passengers,Ireland,2008-Q4,10256,,
ESTAT:RAIL_PA_QUARTAL(1.0),29/09/26 23:00:00,Quarterly,Thousand passengers,Ireland,2009-Q1,9176,,
ESTAT:RAIL_PA_QUARTAL(1.0),29/09/26 23:00:00,Quarterly,Thousand passengers,Ireland,2009-Q2,11946,,
ESTAT:RAIL_PA_QUARTAL(1.0),29/09/26 23:00:00,Quarterly,Thousand passengers,Ireland,2009-Q3,8900,,
ESTAT:RAIL_PA_QUARTAL(1.0),29/09/26 23:00:00,Quarterly,Thousand passengers,Ireland,2009-Q4,8790,,
ESTAT:RAIL_PA_QUARTAL(1.0),29/09/26 23:00:00,Quarterly,Thousand passengers,Ireland,2010-Q1,10077,,
ESTAT:RAIL_PA_QUARTAL(1.0),29/09/26 23:00:00,Quarterly,Thousand passengers,Ireland,2010-Q2,11910,,
ESTAT:RAIL_PA_QUARTAL(1.0),29/09/26 23:00:00,Quarterly,Thousand passengers,Ireland,2010-Q3,9185,,
ESTAT:RAIL_PA_QUARTAL(1.0),29/09/26 23:00:00,Quarterly,Thousand passengers,Ireland,2010-Q4,7054,,
ESTAT:RAIL_PA_QUARTAL(1.0),29/09/26 23:00:00,Quarterly,Thousand passengers,Ireland,2011-Q1,9792,,
ESTAT:RAIL_PA_QUARTAL(1.0),29/09/26 23:00:00,Quarterly,Thousand passengers,Ireland,2011-Q2,10181,,
ESTAT:RAIL_PA_QUARTAL(1.0),29/09/26 23:00:00,Quarterly,Thousand passengers,Ireland,2011-Q3,9931,,
ESTAT:RAIL_PA_QUARTAL(1.0),29/09/26 23:00:00,Quarterly,Thousand passengers,Ireland,2011-Q4,7470,,
ESTAT:RAIL_PA_QUARTAL(1.0),29/09/26 23:00:00,Quarterly,Thousand passengers,Ireland,2012-Q1,8992,,
ESTAT:RAIL_PA_QUARTAL(1.0),29/09/26 23:00:00,Quarterly,Thousand passengers,Ireland,2012-Q2,8984,,
ESTAT:RAIL_PA_QUARTAL(1.0),29/09/26 23:00:00,Quarterly,Thousand passengers,Ireland,2012-Q3,9520,,
ESTAT:RAIL_PA_QUARTAL(1.0),29/09/26 23:00:00,Quarterly,Thousand passengers,Ireland,2012-Q4,9421,,
ESTAT:RAIL_PA_QUARTAL(1.0),29/09/26 23:00:00,Quarterly,Thousand passengers,Ireland,2013-Q1,8807,,
ESTAT:RAIL_PA_QUARTAL(1.0),29/09/26 23:00:00,Quarterly,Thousand passengers,Ireland,2013-Q2,9102,,
ESTAT:RAIL_PA_QUARTAL(1.0),29/09/26 23:00:00,Quarterly,Thousand passengers,Ireland,2013-Q3,9581,,
ESTAT:RAIL_PA_QUARTAL(1.0),29/09/26 23:00:00,Quarterly,Thousand passengers,Ireland,2013-Q4,9640,,
ESTAT:RAIL_PA_QUARTAL(1.0),29/09/26 23:00:00,Quarterly,Thousand passengers,Ireland,2014-Q1,8784,,
ESTAT:RAIL_PA_QUARTAL(1.0),29/09/26 23:00:00,Quarterly,Thousand passengers,Ireland,2014-Q2,9351,,
ESTAT:RAIL_PA_QUARTAL(1.0),29/09/26 23:00:00,Quarterly,Thousand passengers,Ireland,2014-Q3,9588,,
ESTAT:RAIL_PA_QUARTAL(1.0),29/09/26 23:00:00,Quarterly,Thousand passengers,Ireland,2014-Q4,10082,,
ESTAT:RAIL_PA_QUARTAL(1.0),29/09/26 23:00:00,Quarterly,Thousand passengers,Ireland,2015-Q1,9114,,
ESTAT:RAIL_PA_QUARTAL(1.0),29/09/26 23:00:00,Quarterly,Thousand passengers,Ireland,2015-Q2,9722,,
ESTAT:RAIL_PA_QUARTAL(1.0),29/09/26 23:00:00,Quarterly,Thousand passengers,Ireland,2015-Q3,10299,,
ESTAT:RAIL_PA_QUARTAL(1.0),29/09/26 23:00:00,Quarterly,Thousand passengers,Ireland,2015-Q4,10525,,
ESTAT:RAIL_PA_QUARTAL(1.0),29/09/26 23:00:00,Quarterly,Thousand passengers,Ireland,2016-Q1,10113,,
ESTAT:RAIL_PA_QUARTAL(1.0),29/09/26 23:00:00,Quarterly,Thousand passengers,Ireland,2016-Q2,10422,,
ESTAT:RAIL_PA_QUARTAL(1.0),29/09/26 23:00:00,Quarterly,Thousand passengers,Ireland,2016-Q3,11014,,
ESTAT:RAIL_PA_QUARTAL(1.0),29/09/26 23:00:00,Quarterly,Thousand passengers,Ireland,2016-Q4,11265,,
ESTAT:RAIL_PA_QUARTAL(1.0),29/09/26 23:00:00,Quarterly,Thousand passengers,Ireland,2017-Q1,10429,,
ESTAT:RAIL_PA_QUARTAL(1.0),29/09/26 23:00:00,Quarterly,Thousand passengers,Ireland,2017-Q2,11254,,
ESTAT:RAIL_PA_QUARTAL(1.0),29/09/26 23:00:00,Quarterly,Thousand passengers,Ireland,2017-Q3,11888,,
ESTAT:RAIL_PA_QUARTAL(1.0),29/09/26 23:00:00,Quarterly,Thousand passengers,Ireland,2017-Q4,11934,,
ESTAT:RAIL_PA_QUARTAL(1.0),29/09/26 23:00:00,Quarterly,Thousand passengers,Ireland,2018-Q1,11012,,
ESTAT:RAIL_PA_QUARTAL(1.0),29/09/26 23:00:00,Quarterly,Thousand passengers,Ireland,2018-Q2,11996,,
ESTAT:RAIL_PA_QUARTAL(1.0),29/09/26 23:00:00,Quarterly,Thousand passengers,Ireland,2018-Q3,12439,,
ESTAT:RAIL_PA_QUARTAL(1.0),29/09/26 23:00:00,Quarterly,Thousand passengers,Ireland,2018-Q4,12512,,
ESTAT:RAIL_PA_QUARTAL(1.0),29/09/26 23:00:00,Quarterly,Thousand passengers,Ireland,2019-Q1,11854,,
ESTAT:RAIL_PA_QUARTAL(1.0),29/09/26 23:00:00,Quarterly,Thousand passengers,Ireland,2019-Q2,12428,,
ESTAT:RAIL_PA_QUARTAL(1.0),29/09/26 23:00:00,Quarterly,Thousand passengers,Ireland,2019-Q3,12870,,
ESTAT:RAIL_PA_QUARTAL(1.0),29/09/26 23:00:00,Quarterly,Thousand passengers,Ireland,2019-Q4,12908,,
ESTAT:RAIL_PA_QUARTAL(1.0),29/09/26 23:00:00,Quarterly,Thousand passengers,Ireland,2020-Q1,9796,,
ESTAT:RAIL_PA_QUARTAL(1.0),29/09/26 23:00:00,Quarterly,Thousand passengers,Ireland,2020-Q2,1196,,
ESTAT:RAIL_PA_QUARTAL(1.0),29/09/26 23:00:00,Quarterly,Thousand passengers,Ireland,2020-Q3,3539,,
ESTAT:RAIL_PA_QUARTAL(1.0),29/09/26 23:00:00,Quarterly,Thousand passengers,Ireland,2020-Q4,3399,,
ESTAT:RAIL_PA_QUARTAL(1.0),29/09/26 23:00:00,Quarterly,Thousand passengers,Ireland,2021-Q1,1684,,
ESTAT:RAIL_PA_QUARTAL(1.0),29/09/26 23:00:00,Quarterly,Thousand passengers,Ireland,2021-Q2,3886,,
ESTAT:RAIL_PA_QUARTAL(1.0),29/09/26 23:00:00,Quarterly,Thousand passengers,Ireland,2021-Q3,5678,,
ESTAT:RAIL_PA_QUARTAL(1.0),29/09/26 23:00:00,Quarterly,Thousand passengers,Ireland,2021-Q4,6163,,
ESTAT:RAIL_PA_QUARTAL(1.0),29/09/26 23:00:00,Quarterly,Thousand passengers,Ireland,2022-Q1,6461,,
ESTAT:RAIL_PA_QUARTAL(1.0),29/09/26 23:00:00,Quarterly,Thousand passengers,Ireland,2022-Q2,8531,,
ESTAT:RAIL_PA_QUARTAL(1.0),29/09/26 23:00:00,Quarterly,Thousand passengers,Ireland,2022-Q3,10070,,
ESTAT:RAIL_PA_QUARTAL(1.0),29/09/26 23:00:00,Quarterly,Thousand passengers,Ireland,2022-Q4,10784,,
ESTAT:RAIL_PA_QUARTAL(1.0),29/09/26 23:00:00,Quarterly,Thousand passengers,Ireland,2023-Q1,10315,,
ESTAT:RAIL_PA_QUARTAL(1.0),29/09/26 23:00:00,Quarterly,Thousand passengers,Ireland,2023-Q2,11325,,
ESTAT:RAIL_PA_QUARTAL(1.0),29/09/26 23:00:00,Quarterly,Thousand passengers,Ireland,2023-Q3,11805,,
ESTAT:RAIL_PA_QUARTAL(1.0),29/09/26 23:00:00,Quarterly,Thousand passengers,Ireland,2023-Q4,12621,,
ESTAT:RAIL_PA_QUARTAL(1.0),29/09/26 23:00:00,Quarterly,Thousand passengers,Ireland,2024-Q1,11676,,
ESTAT:RAIL_PA_QUARTAL(1.0),29/09/26 23:00:00,Quarterly,Thousand passengers,Ireland,2024-Q2,12430,,
ESTAT:RAIL_PA_QUARTAL(1.0),29/09/26 23:00:00,Quarterly,Thousand passengers,Ireland,2024-Q3,13009,,
ESTAT:RAIL_PA_QUARTAL(1.0),29/09/26 23:00:00,Quarterly,Thousand passengers,Ireland,2024-Q4,13548,,
ESTAT:RAIL_PA_QUARTAL(1.0),29/09/26 23:00:00,Quarterly,Thousand passengers,Ireland,2025-Q1,12293,,
ESTAT:RAIL_PA_QUARTAL(1.0),29/09/26 23:00:00,Quarterly,Thousand passengers,Ireland,2025-Q2,14544,,
ESTAT:RAIL_PA_QUARTAL(1.0),29/09/26 23:00:00,Quarterly,Thousand passengers,Ireland,2025-Q3,18355,,
ESTAT:RAIL_PA_QUARTAL(1.0),29/09/26 23:00:00,Quarterly,Thousand passengers,Ireland,2025-Q4,9848,,
ESTAT:RAIL_PA_QUARTAL(1.0),29/09/26 23:00:00,Quarterly,Thousand passengers,Italy,2006-Q1,139256,,
ESTAT:RAIL_PA_QUARTAL(1.0),29/09/26 23:00:00,Quarterly,Thousand passengers,Italy,2006-Q2,142183,,
ESTAT:RAIL_PA_QUARTAL(1.0),29/09/26 23:00:00,Quarterly,Thousand passengers,Italy,2006-Q3,122151,,
ESTAT:RAIL_PA_QUARTAL(1.0),29/09/26 23:00:00,Quarterly,Thousand passengers,Italy,2006-Q4,136707,,
ESTAT:RAIL_PA_QUARTAL(1.0),29/09/26 23:00:00,Quarterly,Thousand passengers,Italy,2007-Q1,142189,,
ESTAT:RAIL_PA_QUARTAL(1.0),29/09/26 23:00:00,Quarterly,Thousand passengers,Italy,2007-Q2,146345,,
ESTAT:RAIL_PA_QUARTAL(1.0),29/09/26 23:00:00,Quarterly,Thousand passengers,Italy,2007-Q3,128249,,
ESTAT:RAIL_PA_QUARTAL(1.0),29/09/26 23:00:00,Quarterly,Thousand passengers,Italy,2007-Q4,141087,,
ESTAT:RAIL_PA_QUARTAL(1.0),29/09/26 23:00:00,Quarterly,Thousand passengers,Italy,2008-Q1,147155,,
ESTAT:RAIL_PA_QUARTAL(1.0),29/09/26 23:00:00,Quarterly,Thousand passengers,Italy,2008-Q2,154513,,
ESTAT:RAIL_PA_QUARTAL(1.0),29/09/26 23:00:00,Quarterly,Thousand passengers,Italy,2008-Q3,140568,,
ESTAT:RAIL_PA_QUARTAL(1.0),29/09/26 23:00:00,Quarterly,Thousand passengers,Italy,2008-Q4,146768,,
ESTAT:RAIL_PA_QUARTAL(1.0),29/09/26 23:00:00,Quarterly,Thousand passengers,Italy,2009-Q1,143140,,
ESTAT:RAIL_PA_QUARTAL(1.0),29/09/26 23:00:00,Quarterly,Thousand passengers,Italy,2009-Q2,151362,,
ESTAT:RAIL_PA_QUARTAL(1.0),29/09/26 23:00:00,Quarterly,Thousand passengers,Italy,2009-Q3,141167,,
ESTAT:RAIL_PA_QUARTAL(1.0),29/09/26 23:00:00,Quarterly,Thousand passengers,Italy,2009-Q4,148283,,
ESTAT:RAIL_PA_QUARTAL(1.0),29/09/26 23:00:00,Quarterly,Thousand passengers,Italy,2010-Q1,151925,,
ESTAT:RAIL_PA_QUARTAL(1.0),29/09/26 23:00:00,Quarterly,Thousand passengers,Italy,2010-Q2,162749,,
ESTAT:RAIL_PA_QUARTAL(1.0),29/09/26 23:00:00,Quarterly,Thousand passengers,Italy,2010-Q3,151041,,
ESTAT:RAIL_PA_QUARTAL(1.0),29/09/26 23:00:00,Quarterly,Thousand passengers,Italy,2010-Q4,155851,,
ESTAT:RAIL_PA_QUARTAL(1.0),29/09/26 23:00:00,Quarterly,Thousand passengers,Italy,2011-Q1,157108,,
ESTAT:RAIL_PA_QUARTAL(1.0),29/09/26 23:00:00,Quarterly,Thousand passengers,Italy,2011-Q2,150964,,
ESTAT:RAIL_PA_QUARTAL(1.0),29/09/26 23:00:00,Quarterly,Thousand passengers,Italy,2011-Q3,125744,,
ESTAT:RAIL_PA_QUARTAL(1.0),29/09/26 23:00:00,Quarterly,Thousand passengers,Italy,2011-Q4,123945,,
ESTAT:RAIL_PA_QUARTAL(1.0),29/09/26 23:00:00,Quarterly,Thousand passengers,Italy,2012-Q1,211509,,
ESTAT:RAIL_PA_QUARTAL(1.0),29/09/26 23:00:00,Quarterly,Thousand passengers,Italy,2012-Q2,214088,,
ESTAT:RAIL_PA_QUARTAL(1.0),29/09/26 23:00:00,Quarterly,Thousand passengers,Italy,2012-Q3,185269,,
ESTAT:RAIL_PA_QUARTAL(1.0),29/09/26 23:00:00,Quarterly,Thousand passengers,Italy,2012-Q4,202732,,
ESTAT:RAIL_PA_QUARTAL(1.0),29/09/26 23:00:00,Quarterly,Thousand passengers,Italy,2013-Q1,207897,,
ESTAT:RAIL_PA_QUARTAL(1.0),29/09/26 23:00:00,Quarterly,Thousand passengers,Italy,2013-Q2,217822,,
ESTAT:RAIL_PA_QUARTAL(1.0),29/09/26 23:00:00,Quarterly,Thousand passengers,Italy,2013-Q3,185054,,
ESTAT:RAIL_PA_QUARTAL(1.0),29/09/26 23:00:00,Quarterly,Thousand passengers,Italy,2013-Q4,203121,,
ESTAT:RAIL_PA_QUARTAL(1.0),29/09/26 23:00:00,Quarterly,Thousand passengers,Italy,2014-Q1,211654,,
ESTAT:RAIL_PA_QUARTAL(1.0),29/09/26 23:00:00,Quarterly,Thousand passengers,Italy,2014-Q2,219225,,
ESTAT:RAIL_PA_QUARTAL(1.0),29/09/26 23:00:00,Quarterly,Thousand passengers,Italy,2014-Q3,184960,,
ESTAT:RAIL_PA_QUARTAL(1.0),29/09/26 23:00:00,Quarterly,Thousand passengers,Italy,2014-Q4,205008,,
ESTAT:RAIL_PA_QUARTAL(1.0),29/09/26 23:00:00,Quarterly,Thousand passengers,Italy,2015-Q1,212577,,
ESTAT:RAIL_PA_QUARTAL(1.0),29/09/26 23:00:00,Quarterly,Thousand passengers,Italy,2015-Q2,222639,,
ESTAT:RAIL_PA_QUARTAL(1.0),29/09/26 23:00:00,Quarterly,Thousand passengers,Italy,2015-Q3,187513,,
ESTAT:RAIL_PA_QUARTAL(1.0),29/09/26 23:00:00,Quarterly,Thousand passengers,Italy,2015-Q4,206654,,
ESTAT:RAIL_PA_QUARTAL(1.0),29/09/26 23:00:00,Quarterly,Thousand passengers,Italy,2016-Q1,204628,,
ESTAT:RAIL_PA_QUARTAL(1.0),29/09/26 23:00:00,Quarterly,Thousand passengers,Italy,2016-Q2,214206,,
ESTAT:RAIL_PA_QUARTAL(1.0),29/09/26 23:00:00,Quarterly,Thousand passengers,Italy,2016-Q3,187495,,
ESTAT:RAIL_PA_QUARTAL(1.0),29/09/26 23:00:00,Quarterly,Thousand passengers,Italy,2016-Q4,215912,,
ESTAT:RAIL_PA_QUARTAL(1.0),29/09/26 23:00:00,Quarterly,Thousand passengers,Italy,2017-Q1,213725,,
ESTAT:RAIL_PA_QUARTAL(1.0),29/09/26 23:00:00,Quarterly,Thousand passengers,Italy,2017-Q2,220082,,
ESTAT:RAIL_PA_QUARTAL(1.0),29/09/26 23:00:00,Quarterly,Thousand passengers,Italy,2017-Q3,191098,,
ESTAT:RAIL_PA_QUARTAL(1.0),29/09/26 23:00:00,Quarterly,Thousand passengers,Italy,2017-Q4,223853,,
ESTAT:RAIL_PA_QUARTAL(1.0),29/09/26 23:00:00,Quarterly,Thousand passengers,Italy,2018-Q1,215195,,
ESTAT:RAIL_PA_QUARTAL(1.0),29/09/26 23:00:00,Quarterly,Thousand passengers,Italy,2018-Q2,222259,,
ESTAT:RAIL_PA_QUARTAL(1.0),29/09/26 23:00:00,Quarterly,Thousand passengers,Italy,2018-Q3,198815,,
ESTAT:RAIL_PA_QUARTAL(1.0),29/09/26 23:00:00,Quarterly,Thousand passengers,Italy,2018-Q4,230319,,
ESTAT:RAIL_PA_QUARTAL(1.0),29/09/26 23:00:00,Quarterly,Thousand passengers,Italy,2019-Q1,218201,,
ESTAT:RAIL_PA_QUARTAL(1.0),29/09/26 23:00:00,Quarterly,Thousand passengers,Italy,2019-Q2,225385,,
ESTAT:RAIL_PA_QUARTAL(1.0),29/09/26 23:00:00,Quarterly,Thousand passengers,Italy,2019-Q3,203153,,
ESTAT:RAIL_PA_QUARTAL(1.0),29/09/26 23:00:00,Quarterly,Thousand passengers,Italy,2019-Q4,236562,,
ESTAT:RAIL_PA_QUARTAL(1.0),29/09/26 23:00:00,Quarterly,Thousand passengers,Italy,2020-Q1,149261,,
ESTAT:RAIL_PA_QUARTAL(1.0),29/09/26 23:00:00,Quarterly,Thousand passengers,Italy,2020-Q2,45978,,
ESTAT:RAIL_PA_QUARTAL(1.0),29/09/26 23:00:00,Quarterly,Thousand passengers,Italy,2020-Q3,98159,,
ESTAT:RAIL_PA_QUARTAL(1.0),29/09/26 23:00:00,Quarterly,Thousand passengers,Italy,2020-Q4,88977,,
ESTAT:RAIL_PA_QUARTAL(1.0),29/09/26 23:00:00,Quarterly,Thousand passengers,Italy,2021-Q1,84136,,
ESTAT:RAIL_PA_QUARTAL(1.0),29/09/26 23:00:00,Quarterly,Thousand passengers,Italy,2021-Q2,111509,,
ESTAT:RAIL_PA_QUARTAL(1.0),29/09/26 23:00:00,Quarterly,Thousand passengers,Italy,2021-Q3,127425,,
ESTAT:RAIL_PA_QUARTAL(1.0),29/09/26 23:00:00,Quarterly,Thousand passengers,Italy,2021-Q4,157248,,
ESTAT:RAIL_PA_QUARTAL(1.0),29/09/26 23:00:00,Quarterly,Thousand passengers,Italy,2022-Q1,139773,,
ESTAT:RAIL_PA_QUARTAL(1.0),29/09/26 23:00:00,Quarterly,Thousand passengers,Italy,2022-Q2,180519,,
ESTAT:RAIL_PA_QUARTAL(1.0),29/09/26 23:00:00,Quarterly,Thousand passengers,Italy,2022-Q3,167750,,
ESTAT:RAIL_PA_QUARTAL(1.0),29/09/26 23:00:00,Quarterly,Thousand passengers,Italy,2022-Q4,193534,,
ESTAT:RAIL_PA_QUARTAL(1.0),29/09/26 23:00:00,Quarterly,Thousand passengers,Italy,2023-Q1,189789,,
ESTAT:RAIL_PA_QUARTAL(1.0),29/09/26 23:00:00,Quarterly,Thousand passengers,Italy,2023-Q2,208158,,
ESTAT:RAIL_PA_QUARTAL(1.0),29/09/26 23:00:00,Quarterly,Thousand passengers,Italy,2023-Q3,191114,,
ESTAT:RAIL_PA_QUARTAL(1.0),29/09/26 23:00:00,Quarterly,Thousand passengers,Italy,2023-Q4,210777,,
ESTAT:RAIL_PA_QUARTAL(1.0),29/09/26 23:00:00,Quarterly,Thousand passengers,Italy,2024-Q1,204358,,
ESTAT:RAIL_PA_QUARTAL(1.0),29/09/26 23:00:00,Quarterly,Thousand passengers,Italy,2024-Q2,223938,,
ESTAT:RAIL_PA_QUARTAL(1.0),29/09/26 23:00:00,Quarterly,Thousand passengers,Italy,2024-Q3,196696,,
ESTAT:RAIL_PA_QUARTAL(1.0),29/09/26 23:00:00,Quarterly,Thousand passengers,Italy,2024-Q4,217829,,
ESTAT:RAIL_PA_QUARTAL(1.0),29/09/26 23:00:00,Quarterly,Thousand passengers,Italy,2025-Q1,202496,,
ESTAT:RAIL_PA_QUARTAL(1.0),29/09/26 23:00:00,Quarterly,Thousand passengers,Italy,2025-Q2,216010,,
ESTAT:RAIL_PA_QUARTAL(1.0),29/09/26 23:00:00,Quarterly,Thousand passengers,Italy,2025-Q3,191477,,
ESTAT:RAIL_PA_QUARTAL(1.0),29/09/26 23:00:00,Quarterly,Thousand passengers,Italy,2025-Q4,220314,,
ESTAT:RAIL_PA_QUARTAL(1.0),29/09/26 23:00:00,Quarterly,Thousand passengers,Lithuania,2006-Q1,1372,,
ESTAT:RAIL_PA_QUARTAL(1.0),29/09/26 23:00:00,Quarterly,Thousand passengers,Lithuania,2006-Q2,1336,,
ESTAT:RAIL_PA_QUARTAL(1.0),29/09/26 23:00:00,Quarterly,Thousand passengers,Lithuania,2006-Q3,1741,,
ESTAT:RAIL_PA_QUARTAL(1.0),29/09/26 23:00:00,Quarterly,Thousand passengers,Lithuania,2006-Q4,1039,,
ESTAT:RAIL_PA_QUARTAL(1.0),29/09/26 23:00:00,Quarterly,Thousand passengers,Lithuania,2007-Q1,1065,,
ESTAT:RAIL_PA_QUARTAL(1.0),29/09/26 23:00:00,Quarterly,Thousand passengers,Lithuania,2007-Q2,1096,,
ESTAT:RAIL_PA_QUARTAL(1.0),29/09/26 23:00:00,Quarterly,Thousand passengers,Lithuania,2007-Q3,1266,,
ESTAT:RAIL_PA_QUARTAL(1.0),29/09/26 23:00:00,Quarterly,Thousand passengers,Lithuania,2007-Q4,1052,,
ESTAT:RAIL_PA_QUARTAL(1.0),29/09/26 23:00:00,Quarterly,Thousand passengers,Lithuania,2008-Q1,1006,,
ESTAT:RAIL_PA_QUARTAL(1.0),29/09/26 23:00:00,Quarterly,Thousand passengers,Lithuania,2008-Q2,1054,,
ESTAT:RAIL_PA_QUARTAL(1.0),29/09/26 23:00:00,Quarterly,Thousand passengers,Lithuania,2008-Q3,1272,,
ESTAT:RAIL_PA_QUARTAL(1.0),29/09/26 23:00:00,Quarterly,Thousand passengers,Lithuania,2008-Q4,1116,,
ESTAT:RAIL_PA_QUARTAL(1.0),29/09/26 23:00:00,Quarterly,Thousand passengers,Lithuania,2009-Q1,945,,
ESTAT:RAIL_PA_QUARTAL(1.0),29/09/26 23:00:00,Quarterly,Thousand passengers,Lithuania,2009-Q2,947,,
ESTAT:RAIL_PA_QUARTAL(1.0),29/09/26 23:00:00,Quarterly,Thousand passengers,Lithuania,2009-Q3,1064,,
ESTAT:RAIL_PA_QUARTAL(1.0),29/09/26 23:00:00,Quarterly,Thousand passengers,Lithuania,2009-Q4,863,,
ESTAT:RAIL_PA_QUARTAL(1.0),29/09/26 23:00:00,Quarterly,Thousand passengers,Lithuania,2010-Q1,850,,
ESTAT:RAIL_PA_QUARTAL(1.0),29/09/26 23:00:00,Quarterly,Thousand passengers,Lithuania,2010-Q2,955,,
ESTAT:RAIL_PA_QUARTAL(1.0),29/09/26 23:00:00,Quarterly,Thousand passengers,Lithuania,2010-Q3,1047,,
ESTAT:RAIL_PA_QUARTAL(1.0),29/09/26 23:00:00,Quarterly,Thousand passengers,Lithuania,2010-Q4,944,,
ESTAT:RAIL_PA_QUARTAL(1.0),29/09/26 23:00:00,Quarterly,Thousand passengers,Lithuania,2011-Q1,920,,
ESTAT:RAIL_PA_QUARTAL(1.0),29/09/26 23:00:00,Quarterly,Thousand passengers,Lithuania,2011-Q2,1044,,
ESTAT:RAIL_PA_QUARTAL(1.0),29/09/26 23:00:00,Quarterly,Thousand passengers,Lithuania,2011-Q3,1126,,
ESTAT:RAIL_PA_QUARTAL(1.0),29/09/26 23:00:00,Quarterly,Thousand passengers,Lithuania,2011-Q4,1038,,
ESTAT:RAIL_PA_QUARTAL(1.0),29/09/26 23:00:00,Quarterly,Thousand passengers,Lithuania,2012-Q1,960,,
ESTAT:RAIL_PA_QUARTAL(1.0),29/09/26 23:00:00,Quarterly,Thousand passengers,Lithuania,2012-Q2,1082,,
ESTAT:RAIL_PA_QUARTAL(1.0),29/09/26 23:00:00,Quarterly,Thousand passengers,Lithuania,2012-Q3,1163,,
ESTAT:RAIL_PA_QUARTAL(1.0),29/09/26 23:00:00,Quarterly,Thousand passengers,Lithuania,2012-Q4,1046,,
ESTAT:RAIL_PA_QUARTAL(1.0),29/09/26 23:00:00,Quarterly,Thousand passengers,Lithuania,2013-Q1,1021,,
ESTAT:RAIL_PA_QUARTAL(1.0),29/09/26 23:00:00,Quarterly,Thousand passengers,Lithuania,2013-Q2,1134,,
ESTAT:RAIL_PA_QUARTAL(1.0),29/09/26 23:00:00,Quarterly,Thousand passengers,Lithuania,2013-Q3,1162,,
ESTAT:RAIL_PA_QUARTAL(1.0),29/09/26 23:00:00,Quarterly,Thousand passengers,Lithuania,2013-Q4,1028,,
ESTAT:RAIL_PA_QUARTAL(1.0),29/09/26 23:00:00,Quarterly,Thousand passengers,Lithuania,2014-Q1,945,,
ESTAT:RAIL_PA_QUARTAL(1.0),29/09/26 23:00:00,Quarterly,Thousand passengers,Lithuania,2014-Q2,1046,,
ESTAT:RAIL_PA_QUARTAL(1.0),29/09/26 23:00:00,Quarterly,Thousand passengers,Lithuania,2014-Q3,1127,,
ESTAT:RAIL_PA_QUARTAL(1.0),29/09/26 23:00:00,Quarterly,Thousand passengers,Lithuania,2014-Q4,1008,,
ESTAT:RAIL_PA_QUARTAL(1.0),29/09/26 23:00:00,Quarterly,Thousand passengers,Lithuania,2015-Q1,858,,
ESTAT:RAIL_PA_QUARTAL(1.0),29/09/26 23:00:00,Quarterly,Thousand passengers,Lithuania,2015-Q2,988,,
ESTAT:RAIL_PA_QUARTAL(1.0),29/09/26 23:00:00,Quarterly,Thousand passengers,Lithuania,2015-Q3,1018,,
ESTAT:RAIL_PA_QUARTAL(1.0),29/09/26 23:00:00,Quarterly,Thousand passengers,Lithuania,2015-Q4,927,,
ESTAT:RAIL_PA_QUARTAL(1.0),29/09/26 23:00:00,Quarterly,Thousand passengers,Lithuania,2016-Q1,883,,
ESTAT:RAIL_PA_QUARTAL(1.0),29/09/26 23:00:00,Quarterly,Thousand passengers,Lithuania,2016-Q2,985,,
ESTAT:RAIL_PA_QUARTAL(1.0),29/09/26 23:00:00,Quarterly,Thousand passengers,Lithuania,2016-Q3,1083,,
ESTAT:RAIL_PA_QUARTAL(1.0),29/09/26 23:00:00,Quarterly,Thousand passengers,Lithuania,2016-Q4,964,,
ESTAT:RAIL_PA_QUARTAL(1.0),29/09/26 23:00:00,Quarterly,Thousand passengers,Lithuania,2017-Q1,962,,
ESTAT:RAIL_PA_QUARTAL(1.0),29/09/26 23:00:00,Quarterly,Thousand passengers,Lithuania,2017-Q2,1114,,
ESTAT:RAIL_PA_QUARTAL(1.0),29/09/26 23:00:00,Quarterly,Thousand passengers,Lithuania,2017-Q3,1087,,
ESTAT:RAIL_PA_QUARTAL(1.0),29/09/26 23:00:00,Quarterly,Thousand passengers,Lithuania,2017-Q4,1014,,
ESTAT:RAIL_PA_QUARTAL(1.0),29/09/26 23:00:00,Quarterly,Thousand passengers,Lithuania,2018-Q1,974,,
ESTAT:RAIL_PA_QUARTAL(1.0),29/09/26 23:00:00,Quarterly,Thousand passengers,Lithuania,2018-Q2,1203,,
ESTAT:RAIL_PA_QUARTAL(1.0),29/09/26 23:00:00,Quarterly,Thousand passengers,Lithuania,2018-Q3,1256,,
ESTAT:RAIL_PA_QUARTAL(1.0),29/09/26 23:00:00,Quarterly,Thousand passengers,Lithuania,2018-Q4,1232,,
ESTAT:RAIL_PA_QUARTAL(1.0),29/09/26 23:00:00,Quarterly,Thousand passengers,Lithuania,2019-Q1,1201,,
ESTAT:RAIL_PA_QUARTAL(1.0),29/09/26 23:00:00,Quarterly,Thousand passengers,Lithuania,2019-Q2,1330,,
ESTAT:RAIL_PA_QUARTAL(1.0),29/09/26 23:00:00,Quarterly,Thousand passengers,Lithuania,2019-Q3,1287,,
ESTAT:RAIL_PA_QUARTAL(1.0),29/09/26 23:00:00,Quarterly,Thousand passengers,Lithuania,2019-Q4,1173,,
ESTAT:RAIL_PA_QUARTAL(1.0),29/09/26 23:00:00,Quarterly,Thousand passengers,Lithuania,2020-Q1,988,,
ESTAT:RAIL_PA_QUARTAL(1.0),29/09/26 23:00:00,Quarterly,Thousand passengers,Lithuania,2020-Q2,573,,
ESTAT:RAIL_PA_QUARTAL(1.0),29/09/26 23:00:00,Quarterly,Thousand passengers,Lithuania,2020-Q3,1020,,
ESTAT:RAIL_PA_QUARTAL(1.0),29/09/26 23:00:00,Quarterly,Thousand passengers,Lithuania,2020-Q4,656,,
ESTAT:RAIL_PA_QUARTAL(1.0),29/09/26 23:00:00,Quarterly,Thousand passengers,Lithuania,2021-Q1,519,,
ESTAT:RAIL_PA_QUARTAL(1.0),29/09/26 23:00:00,Quarterly,Thousand passengers,Lithuania,2021-Q2,1046,,
ESTAT:RAIL_PA_QUARTAL(1.0),29/09/26 23:00:00,Quarterly,Thousand passengers,Lithuania,2021-Q3,1204,,
ESTAT:RAIL_PA_QUARTAL(1.0),29/09/26 23:00:00,Quarterly,Thousand passengers,Lithuania,2021-Q4,1179,,
ESTAT:RAIL_PA_QUARTAL(1.0),29/09/26 23:00:00,Quarterly,Thousand passengers,Lithuania,2022-Q1,925,,
ESTAT:RAIL_PA_QUARTAL(1.0),29/09/26 23:00:00,Quarterly,Thousand passengers,Lithuania,2022-Q2,1195,,
ESTAT:RAIL_PA_QUARTAL(1.0),29/09/26 23:00:00,Quarterly,Thousand passengers,Lithuania,2022-Q3,1292,,
ESTAT:RAIL_PA_QUARTAL(1.0),29/09/26 23:00:00,Quarterly,Thousand passengers,Lithuania,2022-Q4,1052,,
ESTAT:RAIL_PA_QUARTAL(1.0),29/09/26 23:00:00,Quarterly,Thousand passengers,Lithuania,2023-Q1,986,,
ESTAT:RAIL_PA_QUARTAL(1.0),29/09/26 23:00:00,Quarterly,Thousand passengers,Lithuania,2023-Q2,1247,,
ESTAT:RAIL_PA_QUARTAL(1.0),29/09/26 23:00:00,Quarterly,Thousand passengers,Lithuania,2023-Q3,1306,,
ESTAT:RAIL_PA_QUARTAL(1.0),29/09/26 23:00:00,Quarterly,Thousand passengers,Lithuania,2023-Q4,1179,,
ESTAT:RAIL_PA_QUARTAL(1.0),29/09/26 23:00:00,Quarterly,Thousand passengers,Lithuania,2024-Q1,1105,,
ESTAT:RAIL_PA_QUARTAL(1.0),29/09/26 23:00:00,Quarterly,Thousand passengers,Lithuania,2024-Q2,1322,,
ESTAT:RAIL_PA_QUARTAL(1.0),29/09/26 23:00:00,Quarterly,Thousand passengers,Lithuania,2024-Q3,1431,,
ESTAT:RAIL_PA_QUARTAL(1.0),29/09/26 23:00:00,Quarterly,Thousand passengers,Lithuania,2024-Q4,1257,,
ESTAT:RAIL_PA_QUARTAL(1.0),29/09/26 23:00:00,Quarterly,Thousand passengers,Lithuania,2025-Q1,1146,,
ESTAT:RAIL_PA_QUARTAL(1.0),29/09/26 23:00:00,Quarterly,Thousand passengers,Lithuania,2025-Q2,1372,,
ESTAT:RAIL_PA_QUARTAL(1.0),29/09/26 23:00:00,Quarterly,Thousand passengers,Lithuania,2025-Q3,1514,,
ESTAT:RAIL_PA_QUARTAL(1.0),29/09/26 23:00:00,Quarterly,Thousand passengers,Lithuania,2025-Q4,1366,,
ESTAT:RAIL_PA_QUARTAL(1.0),29/09/26 23:00:00,Quarterly,Thousand passengers,Luxembourg,2006-Q1,3927,,
ESTAT:RAIL_PA_QUARTAL(1.0),29/09/26 23:00:00,Quarterly,Thousand passengers,Luxembourg,2006-Q2,3694,,
ESTAT:RAIL_PA_QUARTAL(1.0),29/09/26 23:00:00,Quarterly,Thousand passengers,Luxembourg,2006-Q3,3278,,
ESTAT:RAIL_PA_QUARTAL(1.0),29/09/26 23:00:00,Quarterly,Thousand passengers,Luxembourg,2006-Q4,3894,,
ESTAT:RAIL_PA_QUARTAL(1.0),29/09/26 23:00:00,Quarterly,Thousand passengers,Luxembourg,2007-Q1,4355,,
ESTAT:RAIL_PA_QUARTAL(1.0),29/09/26 23:00:00,Quarterly,Thousand passengers,Luxembourg,2007-Q2,4133,,
ESTAT:RAIL_PA_QUARTAL(1.0),29/09/26 23:00:00,Quarterly,Thousand passengers,Luxembourg,2007-Q3,3589,,
ESTAT:RAIL_PA_QUARTAL(1.0),29/09/26 23:00:00,Quarterly,Thousand passengers,Luxembourg,2007-Q4,4364,,
ESTAT:RAIL_PA_QUARTAL(1.0),29/09/26 23:00:00,Quarterly,Thousand passengers,Luxembourg,2008-Q1,4520,,
ESTAT:RAIL_PA_QUARTAL(1.0),29/09/26 23:00:00,Quarterly,Thousand passengers,Luxembourg,2008-Q2,4591,,
ESTAT:RAIL_PA_QUARTAL(1.0),29/09/26 23:00:00,Quarterly,Thousand passengers,Luxembourg,2008-Q3,3927,,
ESTAT:RAIL_PA_QUARTAL(1.0),29/09/26 23:00:00,Quarterly,Thousand passengers,Luxembourg,2008-Q4,4637,,
ESTAT:RAIL_PA_QUARTAL(1.0),29/09/26 23:00:00,Quarterly,Thousand passengers,Luxembourg,2009-Q1,4539,,
ESTAT:RAIL_PA_QUARTAL(1.0),29/09/26 23:00:00,Quarterly,Thousand passengers,Luxembourg,2009-Q2,4196,,
ESTAT:RAIL_PA_QUARTAL(1.0),29/09/26 23:00:00,Quarterly,Thousand passengers,Luxembourg,2009-Q3,3835,,
ESTAT:RAIL_PA_QUARTAL(1.0),29/09/26 23:00:00,Quarterly,Thousand passengers,Luxembourg,2009-Q4,4469,,
ESTAT:RAIL_PA_QUARTAL(1.0),29/09/26 23:00:00,Quarterly,Thousand passengers,Luxembourg,2010-Q1,4657,,
ESTAT:RAIL_PA_QUARTAL(1.0),29/09/26 23:00:00,Quarterly,Thousand passengers,Luxembourg,2010-Q2,4353,,
ESTAT:RAIL_PA_QUARTAL(1.0),29/09/26 23:00:00,Quarterly,Thousand passengers,Luxembourg,2010-Q3,4198,,
ESTAT:RAIL_PA_QUARTAL(1.0),29/09/26 23:00:00,Quarterly,Thousand passengers,Luxembourg,2010-Q4,4731,,
ESTAT:RAIL_PA_QUARTAL(1.0),29/09/26 23:00:00,Quarterly,Thousand passengers,Luxembourg,2011-Q1,,,C
ESTAT:RAIL_PA_QUARTAL(1.0),29/09/26 23:00:00,Quarterly,Thousand passengers,Luxembourg,2011-Q2,,,C
ESTAT:RAIL_PA_QUARTAL(1.0),29/09/26 23:00:00,Quarterly,Thousand passengers,Luxembourg,2011-Q3,4115,,
ESTAT:RAIL_PA_QUARTAL(1.0),29/09/26 23:00:00,Quarterly,Thousand passengers,Luxembourg,2011-Q4,4573,,
ESTAT:RAIL_PA_QUARTAL(1.0),29/09/26 23:00:00,Quarterly,Thousand passengers,Luxembourg,2012-Q1,5140,,
ESTAT:RAIL_PA_QUARTAL(1.0),29/09/26 23:00:00,Quarterly,Thousand passengers,Luxembourg,2012-Q2,4830,,
ESTAT:RAIL_PA_QUARTAL(1.0),29/09/26 23:00:00,Quarterly,Thousand passengers,Luxembourg,2012-Q3,4482,,
ESTAT:RAIL_PA_QUARTAL(1.0),29/09/26 23:00:00,Quarterly,Thousand passengers,Luxembourg,2012-Q4,5239,,
ESTAT:RAIL_PA_QUARTAL(1.0),29/09/26 23:00:00,Quarterly,Thousand passengers,Luxembourg,2013-Q1,5234,,
ESTAT:RAIL_PA_QUARTAL(1.0),29/09/26 23:00:00,Quarterly,Thousand passengers,Luxembourg,2013-Q2,5240,,
ESTAT:RAIL_PA_QUARTAL(1.0),29/09/26 23:00:00,Quarterly,Thousand passengers,Luxembourg,2013-Q3,4781,,
ESTAT:RAIL_PA_QUARTAL(1.0),29/09/26 23:00:00,Quarterly,Thousand passengers,Luxembourg,2013-Q4,5458,,
ESTAT:RAIL_PA_QUARTAL(1.0),29/09/26 23:00:00,Quarterly,Thousand passengers,Luxembourg,2014-Q1,5423,,
ESTAT:RAIL_PA_QUARTAL(1.0),29/09/26 23:00:00,Quarterly,Thousand passengers,Luxembourg,2014-Q2,5192,,
ESTAT:RAIL_PA_QUARTAL(1.0),29/09/26 23:00:00,Quarterly,Thousand passengers,Luxembourg,2014-Q3,5216,,
ESTAT:RAIL_PA_QUARTAL(1.0),29/09/26 23:00:00,Quarterly,Thousand passengers,Luxembourg,2014-Q4,5672,,
ESTAT:RAIL_PA_QUARTAL(1.0),29/09/26 23:00:00,Quarterly,Thousand passengers,Luxembourg,2015-Q1,5694,,
ESTAT:RAIL_PA_QUARTAL(1.0),29/09/26 23:00:00,Quarterly,Thousand passengers,Luxembourg,2015-Q2,5596,,
ESTAT:RAIL_PA_QUARTAL(1.0),29/09/26 23:00:00,Quarterly,Thousand passengers,Luxembourg,2015-Q3,5202,,
ESTAT:RAIL_PA_QUARTAL(1.0),29/09/26 23:00:00,Quarterly,Thousand passengers,Luxembourg,2015-Q4,6004,,
ESTAT:RAIL_PA_QUARTAL(1.0),29/09/26 23:00:00,Quarterly,Thousand passengers,Luxembourg,2016-Q1,5953,,
ESTAT:RAIL_PA_QUARTAL(1.0),29/09/26 23:00:00,Quarterly,Thousand passengers,Luxembourg,2016-Q2,5763,,
ESTAT:RAIL_PA_QUARTAL(1.0),29/09/26 23:00:00,Quarterly,Thousand passengers,Luxembourg,2016-Q3,5079,,
ESTAT:RAIL_PA_QUARTAL(1.0),29/09/26 23:00:00,Quarterly,Thousand passengers,Luxembourg,2016-Q4,5664,,
ESTAT:RAIL_PA_QUARTAL(1.0),29/09/26 23:00:00,Quarterly,Thousand passengers,Luxembourg,2017-Q1,5724,,
ESTAT:RAIL_PA_QUARTAL(1.0),29/09/26 23:00:00,Quarterly,Thousand passengers,Luxembourg,2017-Q2,5803,,
ESTAT:RAIL_PA_QUARTAL(1.0),29/09/26 23:00:00,Quarterly,Thousand passengers,Luxembourg,2017-Q3,5305,,
ESTAT:RAIL_PA_QUARTAL(1.0),29/09/26 23:00:00,Quarterly,Thousand passengers,Luxembourg,2017-Q4,6099,,
ESTAT:RAIL_PA_QUARTAL(1.0),29/09/26 23:00:00,Quarterly,Thousand passengers,Luxembourg,2018-Q1,6322,,
ESTAT:RAIL_PA_QUARTAL(1.0),29/09/26 23:00:00,Quarterly,Thousand passengers,Luxembourg,2018-Q2,5793,,
ESTAT:RAIL_PA_QUARTAL(1.0),29/09/26 23:00:00,Quarterly,Thousand passengers,Luxembourg,2018-Q3,4768,,
ESTAT:RAIL_PA_QUARTAL(1.0),29/09/26 23:00:00,Quarterly,Thousand passengers,Luxembourg,2018-Q4,6449,,
ESTAT:RAIL_PA_QUARTAL(1.0),29/09/26 23:00:00,Quarterly,Thousand passengers,Luxembourg,2019-Q1,6461,,
ESTAT:RAIL_PA_QUARTAL(1.0),29/09/26 23:00:00,Quarterly,Thousand passengers,Luxembourg,2019-Q2,6239,,
ESTAT:RAIL_PA_QUARTAL(1.0),29/09/26 23:00:00,Quarterly,Thousand passengers,Luxembourg,2019-Q3,5690,,
ESTAT:RAIL_PA_QUARTAL(1.0),29/09/26 23:00:00,Quarterly,Thousand passengers,Luxembourg,2019-Q4,6625,,
ESTAT:RAIL_PA_QUARTAL(1.0),29/09/26 23:00:00,Quarterly,Thousand passengers,Luxembourg,2020-Q1,5560,,
ESTAT:RAIL_PA_QUARTAL(1.0),29/09/26 23:00:00,Quarterly,Thousand passengers,Luxembourg,2020-Q2,1346,,
ESTAT:RAIL_PA_QUARTAL(1.0),29/09/26 23:00:00,Quarterly,Thousand passengers,Luxembourg,2020-Q3,3309,,
ESTAT:RAIL_PA_QUARTAL(1.0),29/09/26 23:00:00,Quarterly,Thousand passengers,Luxembourg,2020-Q4,4313,,
ESTAT:RAIL_PA_QUARTAL(1.0),29/09/26 23:00:00,Quarterly,Thousand passengers,Luxembourg,2021-Q1,3791,,
ESTAT:RAIL_PA_QUARTAL(1.0),29/09/26 23:00:00,Quarterly,Thousand passengers,Luxembourg,2021-Q2,4147,,
ESTAT:RAIL_PA_QUARTAL(1.0),29/09/26 23:00:00,Quarterly,Thousand passengers,Luxembourg,2021-Q3,3794,,
ESTAT:RAIL_PA_QUARTAL(1.0),29/09/26 23:00:00,Quarterly,Thousand passengers,Luxembourg,2021-Q4,4864,,
ESTAT:RAIL_PA_QUARTAL(1.0),29/09/26 23:00:00,Quarterly,Thousand passengers,Luxembourg,2022-Q1,5256,,
ESTAT:RAIL_PA_QUARTAL(1.0),29/09/26 23:00:00,Quarterly,Thousand passengers,Luxembourg,2022-Q2,4997,,
ESTAT:RAIL_PA_QUARTAL(1.0),29/09/26 23:00:00,Quarterly,Thousand passengers,Luxembourg,2022-Q3,5324,,
ESTAT:RAIL_PA_QUARTAL(1.0),29/09/26 23:00:00,Quarterly,Thousand passengers,Luxembourg,2022-Q4,6460,,
ESTAT:RAIL_PA_QUARTAL(1.0),29/09/26 23:00:00,Quarterly,Thousand passengers,Luxembourg,2023-Q1,6974,,
ESTAT:RAIL_PA_QUARTAL(1.0),29/09/26 23:00:00,Quarterly,Thousand passengers,Luxembourg,2023-Q2,6846,,
ESTAT:RAIL_PA_QUARTAL(1.0),29/09/26 23:00:00,Quarterly,Thousand passengers,Luxembourg,2023-Q3,7204,,
ESTAT:RAIL_PA_QUARTAL(1.0),29/09/26 23:00:00,Quarterly,Thousand passengers,Luxembourg,2023-Q4,7663,,
ESTAT:RAIL_PA_QUARTAL(1.0),29/09/26 23:00:00,Quarterly,Thousand passengers,Luxembourg,2024-Q1,8007,,
ESTAT:RAIL_PA_QUARTAL(1.0),29/09/26 23:00:00,Quarterly,Thousand passengers,Luxembourg,2024-Q2,7929,,
ESTAT:RAIL_PA_QUARTAL(1.0),29/09/26 23:00:00,Quarterly,Thousand passengers,Luxembourg,2024-Q3,7169,,
ESTAT:RAIL_PA_QUARTAL(1.0),29/09/26 23:00:00,Quarterly,Thousand passengers,Luxembourg,2024-Q4,8158,,
ESTAT:RAIL_PA_QUARTAL(1.0),29/09/26 23:00:00,Quarterly,Thousand passengers,Luxembourg,2025-Q1,8127,,
ESTAT:RAIL_PA_QUARTAL(1.0),29/09/26 23:00:00,Quarterly,Thousand passengers,Luxembourg,2025-Q2,7909,,
ESTAT:RAIL_PA_QUARTAL(1.0),29/09/26 23:00:00,Quarterly,Thousand passengers,Luxembourg,2025-Q3,7213,,
ESTAT:RAIL_PA_QUARTAL(1.0),29/09/26 23:00:00,Quarterly,Thousand passengers,Luxembourg,2025-Q4,8192,,
ESTAT:RAIL_PA_QUARTAL(1.0),29/09/26 23:00:00,Quarterly,Thousand passengers,Latvia,2006-Q1,5864,,
ESTAT:RAIL_PA_QUARTAL(1.0),29/09/26 23:00:00,Quarterly,Thousand passengers,Latvia,2006-Q2,6572,,
ESTAT:RAIL_PA_QUARTAL(1.0),29/09/26 23:00:00,Quarterly,Thousand passengers,Latvia,2006-Q3,7781,,
ESTAT:RAIL_PA_QUARTAL(1.0),29/09/26 23:00:00,Quarterly,Thousand passengers,Latvia,2006-Q4,7170,,
ESTAT:RAIL_PA_QUARTAL(1.0),29/09/26 23:00:00,Quarterly,Thousand passengers,Latvia,2007-Q1,6083,,
ESTAT:RAIL_PA_QUARTAL(1.0),29/09/26 23:00:00,Quarterly,Thousand passengers,Latvia,2007-Q2,7076,,
ESTAT:RAIL_PA_QUARTAL(1.0),29/09/26 23:00:00,Quarterly,Thousand passengers,Latvia,2007-Q3,7679,,
ESTAT:RAIL_PA_QUARTAL(1.0),29/09/26 23:00:00,Quarterly,Thousand passengers,Latvia,2007-Q4,6582,,
ESTAT:RAIL_PA_QUARTAL(1.0),29/09/26 23:00:00,Quarterly,Thousand passengers,Latvia,2008-Q1,5880,,
ESTAT:RAIL_PA_QUARTAL(1.0),29/09/26 23:00:00,Quarterly,Thousand passengers,Latvia,2008-Q2,6791,,
ESTAT:RAIL_PA_QUARTAL(1.0),29/09/26 23:00:00,Quarterly,Thousand passengers,Latvia,2008-Q3,7558,,
ESTAT:RAIL_PA_QUARTAL(1.0),29/09/26 23:00:00,Quarterly,Thousand passengers,Latvia,2008-Q4,6474,,
ESTAT:RAIL_PA_QUARTAL(1.0),29/09/26 23:00:00,Quarterly,Thousand passengers,Latvia,2009-Q1,5552,,
ESTAT:RAIL_PA_QUARTAL(1.0),29/09/26 23:00:00,Quarterly,Thousand passengers,Latvia,2009-Q2,5651,,
ESTAT:RAIL_PA_QUARTAL(1.0),29/09/26 23:00:00,Quarterly,Thousand passengers,Latvia,2009-Q3,5454,,
ESTAT:RAIL_PA_QUARTAL(1.0),29/09/26 23:00:00,Quarterly,Thousand passengers,Latvia,2009-Q4,4847,,
ESTAT:RAIL_PA_QUARTAL(1.0),29/09/26 23:00:00,Quarterly,Thousand passengers,Latvia,2010-Q1,4849,,
ESTAT:RAIL_PA_QUARTAL(1.0),29/09/26 23:00:00,Quarterly,Thousand passengers,Latvia,2010-Q2,5207,,
ESTAT:RAIL_PA_QUARTAL(1.0),29/09/26 23:00:00,Quarterly,Thousand passengers,Latvia,2010-Q3,5929,,
ESTAT:RAIL_PA_QUARTAL(1.0),29/09/26 23:00:00,Quarterly,Thousand passengers,Latvia,2010-Q4,4819,,
ESTAT:RAIL_PA_QUARTAL(1.0),29/09/26 23:00:00,Quarterly,Thousand passengers,Latvia,2011-Q1,4463,,
ESTAT:RAIL_PA_QUARTAL(1.0),29/09/26 23:00:00,Quarterly,Thousand passengers,Latvia,2011-Q2,5269,,
ESTAT:RAIL_PA_QUARTAL(1.0),29/09/26 23:00:00,Quarterly,Thousand passengers,Latvia,2011-Q3,5914,,
ESTAT:RAIL_PA_QUARTAL(1.0),29/09/26 23:00:00,Quarterly,Thousand passengers,Latvia,2011-Q4,4801,,
ESTAT:RAIL_PA_QUARTAL(1.0),29/09/26 23:00:00,Quarterly,Thousand passengers,Latvia,2012-Q1,4403,,
ESTAT:RAIL_PA_QUARTAL(1.0),29/09/26 23:00:00,Quarterly,Thousand passengers,Latvia,2012-Q2,5066,,
ESTAT:RAIL_PA_QUARTAL(1.0),29/09/26 23:00:00,Quarterly,Thousand passengers,Latvia,2012-Q3,5584,,
ESTAT:RAIL_PA_QUARTAL(1.0),29/09/26 23:00:00,Quarterly,Thousand passengers,Latvia,2012-Q4,4655,,
ESTAT:RAIL_PA_QUARTAL(1.0),29/09/26 23:00:00,Quarterly,Thousand passengers,Latvia,2013-Q1,4337,,
ESTAT:RAIL_PA_QUARTAL(1.0),29/09/26 23:00:00,Quarterly,Thousand passengers,Latvia,2013-Q2,5103,,
ESTAT:RAIL_PA_QUARTAL(1.0),29/09/26 23:00:00,Quarterly,Thousand passengers,Latvia,2013-Q3,5561,,
ESTAT:RAIL_PA_QUARTAL(1.0),29/09/26 23:00:00,Quarterly,Thousand passengers,Latvia,2013-Q4,4729,,
ESTAT:RAIL_PA_QUARTAL(1.0),29/09/26 23:00:00,Quarterly,Thousand passengers,Latvia,2014-Q1,4403,,
ESTAT:RAIL_PA_QUARTAL(1.0),29/09/26 23:00:00,Quarterly,Thousand passengers,Latvia,2014-Q2,4958,,
ESTAT:RAIL_PA_QUARTAL(1.0),29/09/26 23:00:00,Quarterly,Thousand passengers,Latvia,2014-Q3,5742,,
ESTAT:RAIL_PA_QUARTAL(1.0),29/09/26 23:00:00,Quarterly,Thousand passengers,Latvia,2014-Q4,4087,,
ESTAT:RAIL_PA_QUARTAL(1.0),29/09/26 23:00:00,Quarterly,Thousand passengers,Latvia,2015-Q1,3831,,
ESTAT:RAIL_PA_QUARTAL(1.0),29/09/26 23:00:00,Quarterly,Thousand passengers,Latvia,2015-Q2,4324,,
ESTAT:RAIL_PA_QUARTAL(1.0),29/09/26 23:00:00,Quarterly,Thousand passengers,Latvia,2015-Q3,4953,,
ESTAT:RAIL_PA_QUARTAL(1.0),29/09/26 23:00:00,Quarterly,Thousand passengers,Latvia,2015-Q4,3956,,
ESTAT:RAIL_PA_QUARTAL(1.0),29/09/26 23:00:00,Quarterly,Thousand passengers,Latvia,2016-Q1,3663,,
ESTAT:RAIL_PA_QUARTAL(1.0),29/09/26 23:00:00,Quarterly,Thousand passengers,Latvia,2016-Q2,4493,,
ESTAT:RAIL_PA_QUARTAL(1.0),29/09/26 23:00:00,Quarterly,Thousand passengers,Latvia,2016-Q3,4937,,
ESTAT:RAIL_PA_QUARTAL(1.0),29/09/26 23:00:00,Quarterly,Thousand passengers,Latvia,2016-Q4,4136,,
ESTAT:RAIL_PA_QUARTAL(1.0),29/09/26 23:00:00,Quarterly,Thousand passengers,Latvia,2017-Q1,3899,,
ESTAT:RAIL_PA_QUARTAL(1.0),29/09/26 23:00:00,Quarterly,Thousand passengers,Latvia,2017-Q2,4446,,
ESTAT:RAIL_PA_QUARTAL(1.0),29/09/26 23:00:00,Quarterly,Thousand passengers,Latvia,2017-Q3,4938,,
ESTAT:RAIL_PA_QUARTAL(1.0),29/09/26 23:00:00,Quarterly,Thousand passengers,Latvia,2017-Q4,4211,,
ESTAT:RAIL_PA_QUARTAL(1.0),29/09/26 23:00:00,Quarterly,Thousand passengers,Latvia,2018-Q1,3907,,
ESTAT:RAIL_PA_QUARTAL(1.0),29/09/26 23:00:00,Quarterly,Thousand passengers,Latvia,2018-Q2,4808,,
ESTAT:RAIL_PA_QUARTAL(1.0),29/09/26 23:00:00,Quarterly,Thousand passengers,Latvia,2018-Q3,5178,,
ESTAT:RAIL_PA_QUARTAL(1.0),29/09/26 23:00:00,Quarterly,Thousand passengers,Latvia,2018-Q4,4348,,
ESTAT:RAIL_PA_QUARTAL(1.0),29/09/26 23:00:00,Quarterly,Thousand passengers,Latvia,2019-Q1,4075,,
ESTAT:RAIL_PA_QUARTAL(1.0),29/09/26 23:00:00,Quarterly,Thousand passengers,Latvia,2019-Q2,4871,,
ESTAT:RAIL_PA_QUARTAL(1.0),29/09/26 23:00:00,Quarterly,Thousand passengers,Latvia,2019-Q3,5256,,
ESTAT:RAIL_PA_QUARTAL(1.0),29/09/26 23:00:00,Quarterly,Thousand passengers,Latvia,2019-Q4,4421,,
ESTAT:RAIL_PA_QUARTAL(1.0),29/09/26 23:00:00,Quarterly,Thousand passengers,Latvia,2020-Q1,3755,,
ESTAT:RAIL_PA_QUARTAL(1.0),29/09/26 23:00:00,Quarterly,Thousand passengers,Latvia,2020-Q2,2343,,
ESTAT:RAIL_PA_QUARTAL(1.0),29/09/26 23:00:00,Quarterly,Thousand passengers,Latvia,2020-Q3,4117,,
ESTAT:RAIL_PA_QUARTAL(1.0),29/09/26 23:00:00,Quarterly,Thousand passengers,Latvia,2020-Q4,2648,,
ESTAT:RAIL_PA_QUARTAL(1.0),29/09/26 23:00:00,Quarterly,Thousand passengers,Latvia,2021-Q1,1924,,
ESTAT:RAIL_PA_QUARTAL(1.0),29/09/26 23:00:00,Quarterly,Thousand passengers,Latvia,2021-Q2,2716,,
ESTAT:RAIL_PA_QUARTAL(1.0),29/09/26 23:00:00,Quarterly,Thousand passengers,Latvia,2021-Q3,3625,,
ESTAT:RAIL_PA_QUARTAL(1.0),29/09/26 23:00:00,Quarterly,Thousand passengers,Latvia,2021-Q4,2779,,
ESTAT:RAIL_PA_QUARTAL(1.0),29/09/26 23:00:00,Quarterly,Thousand passengers,Latvia,2022-Q1,2827,,
ESTAT:RAIL_PA_QUARTAL(1.0),29/09/26 23:00:00,Quarterly,Thousand passengers,Latvia,2022-Q2,4051,,
ESTAT:RAIL_PA_QUARTAL(1.0),29/09/26 23:00:00,Quarterly,Thousand passengers,Latvia,2022-Q3,4835,,
ESTAT:RAIL_PA_QUARTAL(1.0),29/09/26 23:00:00,Quarterly,Thousand passengers,Latvia,2022-Q4,3982,,
ESTAT:RAIL_PA_QUARTAL(1.0),29/09/26 23:00:00,Quarterly,Thousand passengers,Latvia,2023-Q1,3707,,
ESTAT:RAIL_PA_QUARTAL(1.0),29/09/26 23:00:00,Quarterly,Thousand passengers,Latvia,2023-Q2,4515,,
ESTAT:RAIL_PA_QUARTAL(1.0),29/09/26 23:00:00,Quarterly,Thousand passengers,Latvia,2023-Q3,4824,,
ESTAT:RAIL_PA_QUARTAL(1.0),29/09/26 23:00:00,Quarterly,Thousand passengers,Latvia,2023-Q4,4087,,
ESTAT:RAIL_PA_QUARTAL(1.0),29/09/26 23:00:00,Quarterly,Thousand passengers,Latvia,2024-Q1,4025,,
ESTAT:RAIL_PA_QUARTAL(1.0),29/09/26 23:00:00,Quarterly,Thousand passengers,Latvia,2024-Q2,5005,,
ESTAT:RAIL_PA_QUARTAL(1.0),29/09/26 23:00:00,Quarterly,Thousand passengers,Latvia,2024-Q3,5537,,
ESTAT:RAIL_PA_QUARTAL(1.0),29/09/26 23:00:00,Quarterly,Thousand passengers,Latvia,2024-Q4,4941,,
ESTAT:RAIL_PA_QUARTAL(1.0),29/09/26 23:00:00,Quarterly,Thousand passengers,Latvia,2025-Q1,4772,,
ESTAT:RAIL_PA_QUARTAL(1.0),29/09/26 23:00:00,Quarterly,Thousand passengers,Latvia,2025-Q2,5384,,
ESTAT:RAIL_PA_QUARTAL(1.0),29/09/26 23:00:00,Quarterly,Thousand passengers,Latvia,2025-Q3,6074,,
ESTAT:RAIL_PA_QUARTAL(1.0),29/09/26 23:00:00,Quarterly,Thousand passengers,Latvia,2025-Q4,5169,,
ESTAT:RAIL_PA_QUARTAL(1.0),29/09/26 23:00:00,Quarterly,Thousand passengers,Netherlands,2006-Q1,83890,,
ESTAT:RAIL_PA_QUARTAL(1.0),29/09/26 23:00:00,Quarterly,Thousand passengers,Netherlands,2006-Q2,85487,,
ESTAT:RAIL_PA_QUARTAL(1.0),29/09/26 23:00:00,Quarterly,Thousand passengers,Netherlands,2006-Q3,78843,,
ESTAT:RAIL_PA_QUARTAL(1.0),29/09/26 23:00:00,Quarterly,Thousand passengers,Netherlands,2006-Q4,90251,,
ESTAT:RAIL_PA_QUARTAL(1.0),29/09/26 23:00:00,Quarterly,Thousand passengers,Netherlands,2007-Q1,86403,,
ESTAT:RAIL_PA_QUARTAL(1.0),29/09/26 23:00:00,Quarterly,Thousand passengers,Netherlands,2007-Q2,86722,,
ESTAT:RAIL_PA_QUARTAL(1.0),29/09/26 23:00:00,Quarterly,Thousand passengers,Netherlands,2007-Q3,81833,,
ESTAT:RAIL_PA_QUARTAL(1.0),29/09/26 23:00:00,Quarterly,Thousand passengers,Netherlands,2007-Q4,92544,,
ESTAT:RAIL_PA_QUARTAL(1.0),29/09/26 23:00:00,Quarterly,Thousand passengers,Netherlands,2008-Q1,85164,,
ESTAT:RAIL_PA_QUARTAL(1.0),29/09/26 23:00:00,Quarterly,Thousand passengers,Netherlands,2008-Q2,85702,,
ESTAT:RAIL_PA_QUARTAL(1.0),29/09/26 23:00:00,Quarterly,Thousand passengers,Netherlands,2008-Q3,77579,,
ESTAT:RAIL_PA_QUARTAL(1.0),29/09/26 23:00:00,Quarterly,Thousand passengers,Netherlands,2008-Q4,91621,,
ESTAT:RAIL_PA_QUARTAL(1.0),29/09/26 23:00:00,Quarterly,Thousand passengers,Netherlands,2009-Q1,84488,,
ESTAT:RAIL_PA_QUARTAL(1.0),29/09/26 23:00:00,Quarterly,Thousand passengers,Netherlands,2009-Q2,85022,,
ESTAT:RAIL_PA_QUARTAL(1.0),29/09/26 23:00:00,Quarterly,Thousand passengers,Netherlands,2009-Q3,86288,,
ESTAT:RAIL_PA_QUARTAL(1.0),29/09/26 23:00:00,Quarterly,Thousand passengers,Netherlands,2009-Q4,83659,,
ESTAT:RAIL_PA_QUARTAL(1.0),29/09/26 23:00:00,Quarterly,Thousand passengers,Netherlands,2010-Q1,85321,,
ESTAT:RAIL_PA_QUARTAL(1.0),29/09/26 23:00:00,Quarterly,Thousand passengers,Netherlands,2010-Q2,85376,,
ESTAT:RAIL_PA_QUARTAL(1.0),29/09/26 23:00:00,Quarterly,Thousand passengers,Netherlands,2010-Q3,82610,,
ESTAT:RAIL_PA_QUARTAL(1.0),29/09/26 23:00:00,Quarterly,Thousand passengers,Netherlands,2010-Q4,93467,,
ESTAT:RAIL_PA_QUARTAL(1.0),29/09/26 23:00:00,Quarterly,Thousand passengers,Netherlands,2011-Q1,85824,,
ESTAT:RAIL_PA_QUARTAL(1.0),29/09/26 23:00:00,Quarterly,Thousand passengers,Netherlands,2011-Q2,84108,,
ESTAT:RAIL_PA_QUARTAL(1.0),29/09/26 23:00:00,Quarterly,Thousand passengers,Netherlands,2011-Q3,78319,,
ESTAT:RAIL_PA_QUARTAL(1.0),29/09/26 23:00:00,Quarterly,Thousand passengers,Netherlands,2011-Q4,87946,,
ESTAT:RAIL_PA_QUARTAL(1.0),29/09/26 23:00:00,Quarterly,Thousand passengers,Netherlands,2012-Q1,93162,,
ESTAT:RAIL_PA_QUARTAL(1.0),29/09/26 23:00:00,Quarterly,Thousand passengers,Netherlands,2012-Q2,88508,,
ESTAT:RAIL_PA_QUARTAL(1.0),29/09/26 23:00:00,Quarterly,Thousand passengers,Netherlands,2012-Q3,100317,,
ESTAT:RAIL_PA_QUARTAL(1.0),29/09/26 23:00:00,Quarterly,Thousand passengers,Netherlands,2012-Q4,93850,,
ESTAT:RAIL_PA_QUARTAL(1.0),29/09/26 23:00:00,Quarterly,Thousand passengers,Netherlands,2013-Q1,83795,,
ESTAT:RAIL_PA_QUARTAL(1.0),29/09/26 23:00:00,Quarterly,Thousand passengers,Netherlands,2013-Q2,84283,,
ESTAT:RAIL_PA_QUARTAL(1.0),29/09/26 23:00:00,Quarterly,Thousand passengers,Netherlands,2013-Q3,79277,,
ESTAT:RAIL_PA_QUARTAL(1.0),29/09/26 23:00:00,Quarterly,Thousand passengers,Netherlands,2013-Q4,89328,,
ESTAT:RAIL_PA_QUARTAL(1.0),29/09/26 23:00:00,Quarterly,Thousand passengers,Netherlands,2014-Q1,84486,,
ESTAT:RAIL_PA_QUARTAL(1.0),29/09/26 23:00:00,Quarterly,Thousand passengers,Netherlands,2014-Q2,84973,,
ESTAT:RAIL_PA_QUARTAL(1.0),29/09/26 23:00:00,Quarterly,Thousand passengers,Netherlands,2014-Q3,79968,,
ESTAT:RAIL_PA_QUARTAL(1.0),29/09/26 23:00:00,Quarterly,Thousand passengers,Netherlands,2014-Q4,89752,,
ESTAT:RAIL_PA_QUARTAL(1.0),29/09/26 23:00:00,Quarterly,Thousand passengers,Netherlands,2015-Q1,97996,,
ESTAT:RAIL_PA_QUARTAL(1.0),29/09/26 23:00:00,Quarterly,Thousand passengers,Netherlands,2015-Q2,98261,,
ESTAT:RAIL_PA_QUARTAL(1.0),29/09/26 23:00:00,Quarterly,Thousand passengers,Netherlands,2015-Q3,93034,,
ESTAT:RAIL_PA_QUARTAL(1.0),29/09/26 23:00:00,Quarterly,Thousand passengers,Netherlands,2015-Q4,102862,,
ESTAT:RAIL_PA_QUARTAL(1.0),29/09/26 23:00:00,Quarterly,Thousand passengers,Netherlands,2016-Q1,97798,,
ESTAT:RAIL_PA_QUARTAL(1.0),29/09/26 23:00:00,Quarterly,Thousand passengers,Netherlands,2016-Q2,98063,,
ESTAT:RAIL_PA_QUARTAL(1.0),29/09/26 23:00:00,Quarterly,Thousand passengers,Netherlands,2016-Q3,92836,,
ESTAT:RAIL_PA_QUARTAL(1.0),29/09/26 23:00:00,Quarterly,Thousand passengers,Netherlands,2016-Q4,102664,,
ESTAT:RAIL_PA_QUARTAL(1.0),29/09/26 23:00:00,Quarterly,Thousand passengers,Netherlands,2017-Q1,97600,,
ESTAT:RAIL_PA_QUARTAL(1.0),29/09/26 23:00:00,Quarterly,Thousand passengers,Netherlands,2017-Q2,97865,,
ESTAT:RAIL_PA_QUARTAL(1.0),29/09/26 23:00:00,Quarterly,Thousand passengers,Netherlands,2017-Q3,92638,,
ESTAT:RAIL_PA_QUARTAL(1.0),29/09/26 23:00:00,Quarterly,Thousand passengers,Netherlands,2017-Q4,102466,,
ESTAT:RAIL_PA_QUARTAL(1.0),29/09/26 23:00:00,Quarterly,Thousand passengers,Netherlands,2018-Q1,97401,,
ESTAT:RAIL_PA_QUARTAL(1.0),29/09/26 23:00:00,Quarterly,Thousand passengers,Netherlands,2018-Q2,97667,,
ESTAT:RAIL_PA_QUARTAL(1.0),29/09/26 23:00:00,Quarterly,Thousand passengers,Netherlands,2018-Q3,92440,,
ESTAT:RAIL_PA_QUARTAL(1.0),29/09/26 23:00:00,Quarterly,Thousand passengers,Netherlands,2018-Q4,102268,,
ESTAT:RAIL_PA_QUARTAL(1.0),29/09/26 23:00:00,Quarterly,Thousand passengers,Netherlands,2019-Q1,97203,,
ESTAT:RAIL_PA_QUARTAL(1.0),29/09/26 23:00:00,Quarterly,Thousand passengers,Netherlands,2019-Q2,97469,,
ESTAT:RAIL_PA_QUARTAL(1.0),29/09/26 23:00:00,Quarterly,Thousand passengers,Netherlands,2019-Q3,92242,,
ESTAT:RAIL_PA_QUARTAL(1.0),29/09/26 23:00:00,Quarterly,Thousand passengers,Netherlands,2019-Q4,102070,,
ESTAT:RAIL_PA_QUARTAL(1.0),29/09/26 23:00:00,Quarterly,Thousand passengers,Netherlands,2020-Q1,79355,,
ESTAT:RAIL_PA_QUARTAL(1.0),29/09/26 23:00:00,Quarterly,Thousand passengers,Netherlands,2020-Q2,20772,,
ESTAT:RAIL_PA_QUARTAL(1.0),29/09/26 23:00:00,Quarterly,Thousand passengers,Netherlands,2020-Q3,41324,,
ESTAT:RAIL_PA_QUARTAL(1.0),29/09/26 23:00:00,Quarterly,Thousand passengers,Netherlands,2020-Q4,40090,,
ESTAT:RAIL_PA_QUARTAL(1.0),29/09/26 23:00:00,Quarterly,Thousand passengers,Netherlands,2021-Q1,30973,,
ESTAT:RAIL_PA_QUARTAL(1.0),29/09/26 23:00:00,Quarterly,Thousand passengers,Netherlands,2021-Q2,45034,,
ESTAT:RAIL_PA_QUARTAL(1.0),29/09/26 23:00:00,Quarterly,Thousand passengers,Netherlands,2021-Q3,59752,,
ESTAT:RAIL_PA_QUARTAL(1.0),29/09/26 23:00:00,Quarterly,Thousand passengers,Netherlands,2021-Q4,71406,,
ESTAT:RAIL_PA_QUARTAL(1.0),29/09/26 23:00:00,Quarterly,Thousand passengers,Netherlands,2022-Q1,63730,,
ESTAT:RAIL_PA_QUARTAL(1.0),29/09/26 23:00:00,Quarterly,Thousand passengers,Netherlands,2022-Q2,85692,,
ESTAT:RAIL_PA_QUARTAL(1.0),29/09/26 23:00:00,Quarterly,Thousand passengers,Netherlands,2022-Q3,76232,,
ESTAT:RAIL_PA_QUARTAL(1.0),29/09/26 23:00:00,Quarterly,Thousand passengers,Netherlands,2022-Q4,93289,,
ESTAT:RAIL_PA_QUARTAL(1.0),29/09/26 23:00:00,Quarterly,Thousand passengers,Netherlands,2023-Q1,87290,,
ESTAT:RAIL_PA_QUARTAL(1.0),29/09/26 23:00:00,Quarterly,Thousand passengers,Netherlands,2023-Q2,91218,,
ESTAT:RAIL_PA_QUARTAL(1.0),29/09/26 23:00:00,Quarterly,Thousand passengers,Netherlands,2023-Q3,86181,,
ESTAT:RAIL_PA_QUARTAL(1.0),29/09/26 23:00:00,Quarterly,Thousand passengers,Netherlands,2023-Q4,93770,,
ESTAT:RAIL_PA_QUARTAL(1.0),29/09/26 23:00:00,Quarterly,Thousand passengers,Netherlands,2024-Q1,94047,,
ESTAT:RAIL_PA_QUARTAL(1.0),29/09/26 23:00:00,Quarterly,Thousand passengers,Netherlands,2024-Q2,97446,,
ESTAT:RAIL_PA_QUARTAL(1.0),29/09/26 23:00:00,Quarterly,Thousand passengers,Netherlands,2024-Q3,89055,,
ESTAT:RAIL_PA_QUARTAL(1.0),29/09/26 23:00:00,Quarterly,Thousand passengers,Netherlands,2024-Q4,101858,,
ESTAT:RAIL_PA_QUARTAL(1.0),29/09/26 23:00:00,Quarterly,Thousand passengers,Netherlands,2025-Q1,95847,,
ESTAT:RAIL_PA_QUARTAL(1.0),29/09/26 23:00:00,Quarterly,Thousand passengers,Netherlands,2025-Q2,96064,,
ESTAT:RAIL_PA_QUARTAL(1.0),29/09/26 23:00:00,Quarterly,Thousand passengers,Netherlands,2025-Q3,92982,,
ESTAT:RAIL_PA_QUARTAL(1.0),29/09/26 23:00:00,Quarterly,Thousand passengers,Netherlands,2025-Q4,103123,,
ESTAT:RAIL_PA_QUARTAL(1.0),29/09/26 23:00:00,Quarterly,Thousand passengers,Poland,2006-Q1,66317,,
ESTAT:RAIL_PA_QUARTAL(1.0),29/09/26 23:00:00,Quarterly,Thousand passengers,Poland,2006-Q2,64476,,
ESTAT:RAIL_PA_QUARTAL(1.0),29/09/26 23:00:00,Quarterly,Thousand passengers,Poland,2006-Q3,59792,,
ESTAT:RAIL_PA_QUARTAL(1.0),29/09/26 23:00:00,Quarterly,Thousand passengers,Poland,2006-Q4,64410,,
ESTAT:RAIL_PA_QUARTAL(1.0),29/09/26 23:00:00,Quarterly,Thousand passengers,Poland,2007-Q1,63917,,
ESTAT:RAIL_PA_QUARTAL(1.0),29/09/26 23:00:00,Quarterly,Thousand passengers,Poland,2007-Q2,63874,,
ESTAT:RAIL_PA_QUARTAL(1.0),29/09/26 23:00:00,Quarterly,Thousand passengers,Poland,2007-Q3,65345,,
ESTAT:RAIL_PA_QUARTAL(1.0),29/09/26 23:00:00,Quarterly,Thousand passengers,Poland,2007-Q4,68651,,
ESTAT:RAIL_PA_QUARTAL(1.0),29/09/26 23:00:00,Quarterly,Thousand passengers,Poland,2008-Q1,68390,,
ESTAT:RAIL_PA_QUARTAL(1.0),29/09/26 23:00:00,Quarterly,Thousand passengers,Poland,2008-Q2,67617,,
ESTAT:RAIL_PA_QUARTAL(1.0),29/09/26 23:00:00,Quarterly,Thousand passengers,Poland,2008-Q3,67458,,
ESTAT:RAIL_PA_QUARTAL(1.0),29/09/26 23:00:00,Quarterly,Thousand passengers,Poland,2008-Q4,68802,,
ESTAT:RAIL_PA_QUARTAL(1.0),29/09/26 23:00:00,Quarterly,Thousand passengers,Poland,2009-Q1,66642,,
ESTAT:RAIL_PA_QUARTAL(1.0),29/09/26 23:00:00,Quarterly,Thousand passengers,Poland,2009-Q2,66459,,
ESTAT:RAIL_PA_QUARTAL(1.0),29/09/26 23:00:00,Quarterly,Thousand passengers,Poland,2009-Q3,65305,,
ESTAT:RAIL_PA_QUARTAL(1.0),29/09/26 23:00:00,Quarterly,Thousand passengers,Poland,2009-Q4,65309,,
ESTAT:RAIL_PA_QUARTAL(1.0),29/09/26 23:00:00,Quarterly,Thousand passengers,Poland,2010-Q1,60109,,
ESTAT:RAIL_PA_QUARTAL(1.0),29/09/26 23:00:00,Quarterly,Thousand passengers,Poland,2010-Q2,60505,,
ESTAT:RAIL_PA_QUARTAL(1.0),29/09/26 23:00:00,Quarterly,Thousand passengers,Poland,2010-Q3,59503,,
ESTAT:RAIL_PA_QUARTAL(1.0),29/09/26 23:00:00,Quarterly,Thousand passengers,Poland,2010-Q4,61344,,
ESTAT:RAIL_PA_QUARTAL(1.0),29/09/26 23:00:00,Quarterly,Thousand passengers,Poland,2011-Q1,59684,,
ESTAT:RAIL_PA_QUARTAL(1.0),29/09/26 23:00:00,Quarterly,Thousand passengers,Poland,2011-Q2,60252,,
ESTAT:RAIL_PA_QUARTAL(1.0),29/09/26 23:00:00,Quarterly,Thousand passengers,Poland,2011-Q3,58833,,
ESTAT:RAIL_PA_QUARTAL(1.0),29/09/26 23:00:00,Quarterly,Thousand passengers,Poland,2011-Q4,60193,,
ESTAT:RAIL_PA_QUARTAL(1.0),29/09/26 23:00:00,Quarterly,Thousand passengers,Poland,2012-Q1,62155,,
ESTAT:RAIL_PA_QUARTAL(1.0),29/09/26 23:00:00,Quarterly,Thousand passengers,Poland,2012-Q2,63264,,
ESTAT:RAIL_PA_QUARTAL(1.0),29/09/26 23:00:00,Quarterly,Thousand passengers,Poland,2012-Q3,61107,,
ESTAT:RAIL_PA_QUARTAL(1.0),29/09/26 23:00:00,Quarterly,Thousand passengers,Poland,2012-Q4,62881,,
ESTAT:RAIL_PA_QUARTAL(1.0),29/09/26 23:00:00,Quarterly,Thousand passengers,Poland,2013-Q1,63005,,
ESTAT:RAIL_PA_QUARTAL(1.0),29/09/26 23:00:00,Quarterly,Thousand passengers,Poland,2013-Q2,65162,,
ESTAT:RAIL_PA_QUARTAL(1.0),29/09/26 23:00:00,Quarterly,Thousand passengers,Poland,2013-Q3,63752,,
ESTAT:RAIL_PA_QUARTAL(1.0),29/09/26 23:00:00,Quarterly,Thousand passengers,Poland,2013-Q4,65633,,
ESTAT:RAIL_PA_QUARTAL(1.0),29/09/26 23:00:00,Quarterly,Thousand passengers,Poland,2014-Q1,64640,,
ESTAT:RAIL_PA_QUARTAL(1.0),29/09/26 23:00:00,Quarterly,Thousand passengers,Poland,2014-Q2,63537,,
ESTAT:RAIL_PA_QUARTAL(1.0),29/09/26 23:00:00,Quarterly,Thousand passengers,Poland,2014-Q3,61603,,
ESTAT:RAIL_PA_QUARTAL(1.0),29/09/26 23:00:00,Quarterly,Thousand passengers,Poland,2014-Q4,61991,,
ESTAT:RAIL_PA_QUARTAL(1.0),29/09/26 23:00:00,Quarterly,Thousand passengers,Poland,2015-Q1,64307,,
ESTAT:RAIL_PA_QUARTAL(1.0),29/09/26 23:00:00,Quarterly,Thousand passengers,Poland,2015-Q2,67434,,
ESTAT:RAIL_PA_QUARTAL(1.0),29/09/26 23:00:00,Quarterly,Thousand passengers,Poland,2015-Q3,64520,,
ESTAT:RAIL_PA_QUARTAL(1.0),29/09/26 23:00:00,Quarterly,Thousand passengers,Poland,2015-Q4,68062,,
ESTAT:RAIL_PA_QUARTAL(1.0),29/09/26 23:00:00,Quarterly,Thousand passengers,Poland,2016-Q1,65518,,
ESTAT:RAIL_PA_QUARTAL(1.0),29/09/26 23:00:00,Quarterly,Thousand passengers,Poland,2016-Q2,69973,,
ESTAT:RAIL_PA_QUARTAL(1.0),29/09/26 23:00:00,Quarterly,Thousand passengers,Poland,2016-Q3,68689,,
ESTAT:RAIL_PA_QUARTAL(1.0),29/09/26 23:00:00,Quarterly,Thousand passengers,Poland,2016-Q4,69449,,
ESTAT:RAIL_PA_QUARTAL(1.0),29/09/26 23:00:00,Quarterly,Thousand passengers,Poland,2017-Q1,71440,,
ESTAT:RAIL_PA_QUARTAL(1.0),29/09/26 23:00:00,Quarterly,Thousand passengers,Poland,2017-Q2,73545,,
ESTAT:RAIL_PA_QUARTAL(1.0),29/09/26 23:00:00,Quarterly,Thousand passengers,Poland,2017-Q3,70277,,
ESTAT:RAIL_PA_QUARTAL(1.0),29/09/26 23:00:00,Quarterly,Thousand passengers,Poland,2017-Q4,72922,,
ESTAT:RAIL_PA_QUARTAL(1.0),29/09/26 23:00:00,Quarterly,Thousand passengers,Poland,2018-Q1,72009,,
ESTAT:RAIL_PA_QUARTAL(1.0),29/09/26 23:00:00,Quarterly,Thousand passengers,Poland,2018-Q2,77299,,
ESTAT:RAIL_PA_QUARTAL(1.0),29/09/26 23:00:00,Quarterly,Thousand passengers,Poland,2018-Q3,77792,,
ESTAT:RAIL_PA_QUARTAL(1.0),29/09/26 23:00:00,Quarterly,Thousand passengers,Poland,2018-Q4,80482,,
ESTAT:RAIL_PA_QUARTAL(1.0),29/09/26 23:00:00,Quarterly,Thousand passengers,Poland,2019-Q1,79251,,
ESTAT:RAIL_PA_QUARTAL(1.0),29/09/26 23:00:00,Quarterly,Thousand passengers,Poland,2019-Q2,81605,,
ESTAT:RAIL_PA_QUARTAL(1.0),29/09/26 23:00:00,Quarterly,Thousand passengers,Poland,2019-Q3,84315,,
ESTAT:RAIL_PA_QUARTAL(1.0),29/09/26 23:00:00,Quarterly,Thousand passengers,Poland,2019-Q4,87787,,
ESTAT:RAIL_PA_QUARTAL(1.0),29/09/26 23:00:00,Quarterly,Thousand passengers,Poland,2020-Q1,71357,,
ESTAT:RAIL_PA_QUARTAL(1.0),29/09/26 23:00:00,Quarterly,Thousand passengers,Poland,2020-Q2,29562,,
ESTAT:RAIL_PA_QUARTAL(1.0),29/09/26 23:00:00,Quarterly,Thousand passengers,Poland,2020-Q3,58774,,
ESTAT:RAIL_PA_QUARTAL(1.0),29/09/26 23:00:00,Quarterly,Thousand passengers,Poland,2020-Q4,42995,,
ESTAT:RAIL_PA_QUARTAL(1.0),29/09/26 23:00:00,Quarterly,Thousand passengers,Poland,2021-Q1,41890,,
ESTAT:RAIL_PA_QUARTAL(1.0),29/09/26 23:00:00,Quarterly,Thousand passengers,Poland,2021-Q2,52480,,
ESTAT:RAIL_PA_QUARTAL(1.0),29/09/26 23:00:00,Quarterly,Thousand passengers,Poland,2021-Q3,71282,,
ESTAT:RAIL_PA_QUARTAL(1.0),29/09/26 23:00:00,Quarterly,Thousand passengers,Poland,2021-Q4,72622,,
ESTAT:RAIL_PA_QUARTAL(1.0),29/09/26 23:00:00,Quarterly,Thousand passengers,Poland,2022-Q1,69089,,
ESTAT:RAIL_PA_QUARTAL(1.0),29/09/26 23:00:00,Quarterly,Thousand passengers,Poland,2022-Q2,84602,,
ESTAT:RAIL_PA_QUARTAL(1.0),29/09/26 23:00:00,Quarterly,Thousand passengers,Poland,2022-Q3,88394,,
ESTAT:RAIL_PA_QUARTAL(1.0),29/09/26 23:00:00,Quarterly,Thousand passengers,Poland,2022-Q4,90517,,
ESTAT:RAIL_PA_QUARTAL(1.0),29/09/26 23:00:00,Quarterly,Thousand passengers,Poland,2023-Q1,85310,,
ESTAT:RAIL_PA_QUARTAL(1.0),29/09/26 23:00:00,Quarterly,Thousand passengers,Poland,2023-Q2,90836,,
ESTAT:RAIL_PA_QUARTAL(1.0),29/09/26 23:00:00,Quarterly,Thousand passengers,Poland,2023-Q3,92138,,
ESTAT:RAIL_PA_QUARTAL(1.0),29/09/26 23:00:00,Quarterly,Thousand passengers,Poland,2023-Q4,96178,,
ESTAT:RAIL_PA_QUARTAL(1.0),29/09/26 23:00:00,Quarterly,Thousand passengers,Poland,2024-Q1,94362,,
ESTAT:RAIL_PA_QUARTAL(1.0),29/09/26 23:00:00,Quarterly,Thousand passengers,Poland,2024-Q2,101958,,
ESTAT:RAIL_PA_QUARTAL(1.0),29/09/26 23:00:00,Quarterly,Thousand passengers,Poland,2024-Q3,100948,,
ESTAT:RAIL_PA_QUARTAL(1.0),29/09/26 23:00:00,Quarterly,Thousand passengers,Poland,2024-Q4,101257,,
ESTAT:RAIL_PA_QUARTAL(1.0),29/09/26 23:00:00,Quarterly,Thousand passengers,Poland,2025-Q1,100610,,
ESTAT:RAIL_PA_QUARTAL(1.0),29/09/26 23:00:00,Quarterly,Thousand passengers,Poland,2025-Q2,107096,,
ESTAT:RAIL_PA_QUARTAL(1.0),29/09/26 23:00:00,Quarterly,Thousand passengers,Poland,2025-Q3,110393,,
ESTAT:RAIL_PA_QUARTAL(1.0),29/09/26 23:00:00,Quarterly,Thousand passengers,Poland,2025-Q4,113663,,
ESTAT:RAIL_PA_QUARTAL(1.0),29/09/26 23:00:00,Quarterly,Thousand passengers,Portugal,2006-Q1,38815,,
ESTAT:RAIL_PA_QUARTAL(1.0),29/09/26 23:00:00,Quarterly,Thousand passengers,Portugal,2006-Q2,39472,,
ESTAT:RAIL_PA_QUARTAL(1.0),29/09/26 23:00:00,Quarterly,Thousand passengers,Portugal,2006-Q3,37061,,
ESTAT:RAIL_PA_QUARTAL(1.0),29/09/26 23:00:00,Quarterly,Thousand passengers,Portugal,2006-Q4,39285,,
ESTAT:RAIL_PA_QUARTAL(1.0),29/09/26 23:00:00,Quarterly,Thousand passengers,Portugal,2007-Q1,39336,,
ESTAT:RAIL_PA_QUARTAL(1.0),29/09/26 23:00:00,Quarterly,Thousand passengers,Portugal,2007-Q2,39232,,
ESTAT:RAIL_PA_QUARTAL(1.0),29/09/26 23:00:00,Quarterly,Thousand passengers,Portugal,2007-Q3,37510,,
ESTAT:RAIL_PA_QUARTAL(1.0),29/09/26 23:00:00,Quarterly,Thousand passengers,Portugal,2007-Q4,40638,,
ESTAT:RAIL_PA_QUARTAL(1.0),29/09/26 23:00:00,Quarterly,Thousand passengers,Portugal,2008-Q1,39513,,
ESTAT:RAIL_PA_QUARTAL(1.0),29/09/26 23:00:00,Quarterly,Thousand passengers,Portugal,2008-Q2,40459,,
ESTAT:RAIL_PA_QUARTAL(1.0),29/09/26 23:00:00,Quarterly,Thousand passengers,Portugal,2008-Q3,38687,,
ESTAT:RAIL_PA_QUARTAL(1.0),29/09/26 23:00:00,Quarterly,Thousand passengers,Portugal,2008-Q4,39800,,
ESTAT:RAIL_PA_QUARTAL(1.0),29/09/26 23:00:00,Quarterly,Thousand passengers,Portugal,2009-Q1,38441,,
ESTAT:RAIL_PA_QUARTAL(1.0),29/09/26 23:00:00,Quarterly,Thousand passengers,Portugal,2009-Q2,39152,,
ESTAT:RAIL_PA_QUARTAL(1.0),29/09/26 23:00:00,Quarterly,Thousand passengers,Portugal,2009-Q3,37630,,
ESTAT:RAIL_PA_QUARTAL(1.0),29/09/26 23:00:00,Quarterly,Thousand passengers,Portugal,2009-Q4,38570,,
ESTAT:RAIL_PA_QUARTAL(1.0),29/09/26 23:00:00,Quarterly,Thousand passengers,Portugal,2010-Q1,37885,,
ESTAT:RAIL_PA_QUARTAL(1.0),29/09/26 23:00:00,Quarterly,Thousand passengers,Portugal,2010-Q2,38847,,
ESTAT:RAIL_PA_QUARTAL(1.0),29/09/26 23:00:00,Quarterly,Thousand passengers,Portugal,2010-Q3,37351,,
ESTAT:RAIL_PA_QUARTAL(1.0),29/09/26 23:00:00,Quarterly,Thousand passengers,Portugal,2010-Q4,38925,,
ESTAT:RAIL_PA_QUARTAL(1.0),29/09/26 23:00:00,Quarterly,Thousand passengers,Portugal,2011-Q1,38623,,
ESTAT:RAIL_PA_QUARTAL(1.0),29/09/26 23:00:00,Quarterly,Thousand passengers,Portugal,2011-Q2,38077,,
ESTAT:RAIL_PA_QUARTAL(1.0),29/09/26 23:00:00,Quarterly,Thousand passengers,Portugal,2011-Q3,36137,,
ESTAT:RAIL_PA_QUARTAL(1.0),29/09/26 23:00:00,Quarterly,Thousand passengers,Portugal,2011-Q4,36428,,
ESTAT:RAIL_PA_QUARTAL(1.0),29/09/26 23:00:00,Quarterly,Thousand passengers,Portugal,2012-Q1,35176,,
ESTAT:RAIL_PA_QUARTAL(1.0),29/09/26 23:00:00,Quarterly,Thousand passengers,Portugal,2012-Q2,33669,,
ESTAT:RAIL_PA_QUARTAL(1.0),29/09/26 23:00:00,Quarterly,Thousand passengers,Portugal,2012-Q3,31370,,
ESTAT:RAIL_PA_QUARTAL(1.0),29/09/26 23:00:00,Quarterly,Thousand passengers,Portugal,2012-Q4,31999,,
ESTAT:RAIL_PA_QUARTAL(1.0),29/09/26 23:00:00,Quarterly,Thousand passengers,Portugal,2013-Q1,30466,,
ESTAT:RAIL_PA_QUARTAL(1.0),29/09/26 23:00:00,Quarterly,Thousand passengers,Portugal,2013-Q2,32571,,
ESTAT:RAIL_PA_QUARTAL(1.0),29/09/26 23:00:00,Quarterly,Thousand passengers,Portugal,2013-Q3,30744,,
ESTAT:RAIL_PA_QUARTAL(1.0),29/09/26 23:00:00,Quarterly,Thousand passengers,Portugal,2013-Q4,32356,,
ESTAT:RAIL_PA_QUARTAL(1.0),29/09/26 23:00:00,Quarterly,Thousand passengers,Portugal,2014-Q1,31378,,
ESTAT:RAIL_PA_QUARTAL(1.0),29/09/26 23:00:00,Quarterly,Thousand passengers,Portugal,2014-Q2,32325,,
ESTAT:RAIL_PA_QUARTAL(1.0),29/09/26 23:00:00,Quarterly,Thousand passengers,Portugal,2014-Q3,31893,,
ESTAT:RAIL_PA_QUARTAL(1.0),29/09/26 23:00:00,Quarterly,Thousand passengers,Portugal,2014-Q4,32699,,
ESTAT:RAIL_PA_QUARTAL(1.0),29/09/26 23:00:00,Quarterly,Thousand passengers,Portugal,2015-Q1,31958,,
ESTAT:RAIL_PA_QUARTAL(1.0),29/09/26 23:00:00,Quarterly,Thousand passengers,Portugal,2015-Q2,32937,,
ESTAT:RAIL_PA_QUARTAL(1.0),29/09/26 23:00:00,Quarterly,Thousand passengers,Portugal,2015-Q3,32339,,
ESTAT:RAIL_PA_QUARTAL(1.0),29/09/26 23:00:00,Quarterly,Thousand passengers,Portugal,2015-Q4,33189,,
ESTAT:RAIL_PA_QUARTAL(1.0),29/09/26 23:00:00,Quarterly,Thousand passengers,Portugal,2016-Q1,32184,,
ESTAT:RAIL_PA_QUARTAL(1.0),29/09/26 23:00:00,Quarterly,Thousand passengers,Portugal,2016-Q2,33805,,
ESTAT:RAIL_PA_QUARTAL(1.0),29/09/26 23:00:00,Quarterly,Thousand passengers,Portugal,2016-Q3,33360,,
ESTAT:RAIL_PA_QUARTAL(1.0),29/09/26 23:00:00,Quarterly,Thousand passengers,Portugal,2016-Q4,34544,,
ESTAT:RAIL_PA_QUARTAL(1.0),29/09/26 23:00:00,Quarterly,Thousand passengers,Portugal,2017-Q1,34171,,
ESTAT:RAIL_PA_QUARTAL(1.0),29/09/26 23:00:00,Quarterly,Thousand passengers,Portugal,2017-Q2,36027,,
ESTAT:RAIL_PA_QUARTAL(1.0),29/09/26 23:00:00,Quarterly,Thousand passengers,Portugal,2017-Q3,35455,,
ESTAT:RAIL_PA_QUARTAL(1.0),29/09/26 23:00:00,Quarterly,Thousand passengers,Portugal,2017-Q4,36100,,
ESTAT:RAIL_PA_QUARTAL(1.0),29/09/26 23:00:00,Quarterly,Thousand passengers,Portugal,2018-Q1,35282,,
ESTAT:RAIL_PA_QUARTAL(1.0),29/09/26 23:00:00,Quarterly,Thousand passengers,Portugal,2018-Q2,37537,,
ESTAT:RAIL_PA_QUARTAL(1.0),29/09/26 23:00:00,Quarterly,Thousand passengers,Portugal,2018-Q3,36765,,
ESTAT:RAIL_PA_QUARTAL(1.0),29/09/26 23:00:00,Quarterly,Thousand passengers,Portugal,2018-Q4,37890,,
ESTAT:RAIL_PA_QUARTAL(1.0),29/09/26 23:00:00,Quarterly,Thousand passengers,Portugal,2019-Q1,37148,,
ESTAT:RAIL_PA_QUARTAL(1.0),29/09/26 23:00:00,Quarterly,Thousand passengers,Portugal,2019-Q2,43038,,
ESTAT:RAIL_PA_QUARTAL(1.0),29/09/26 23:00:00,Quarterly,Thousand passengers,Portugal,2019-Q3,46132,,
ESTAT:RAIL_PA_QUARTAL(1.0),29/09/26 23:00:00,Quarterly,Thousand passengers,Portugal,2019-Q4,49015,,
ESTAT:RAIL_PA_QUARTAL(1.0),29/09/26 23:00:00,Quarterly,Thousand passengers,Portugal,2020-Q1,39523,,
ESTAT:RAIL_PA_QUARTAL(1.0),29/09/26 23:00:00,Quarterly,Thousand passengers,Portugal,2020-Q2,12683,,
ESTAT:RAIL_PA_QUARTAL(1.0),29/09/26 23:00:00,Quarterly,Thousand passengers,Portugal,2020-Q3,27556,,
ESTAT:RAIL_PA_QUARTAL(1.0),29/09/26 23:00:00,Quarterly,Thousand passengers,Portugal,2020-Q4,28277,,
ESTAT:RAIL_PA_QUARTAL(1.0),29/09/26 23:00:00,Quarterly,Thousand passengers,Portugal,2021-Q1,18872,,
ESTAT:RAIL_PA_QUARTAL(1.0),29/09/26 23:00:00,Quarterly,Thousand passengers,Portugal,2021-Q2,28159,,
ESTAT:RAIL_PA_QUARTAL(1.0),29/09/26 23:00:00,Quarterly,Thousand passengers,Portugal,2021-Q3,32839,,
ESTAT:RAIL_PA_QUARTAL(1.0),29/09/26 23:00:00,Quarterly,Thousand passengers,Portugal,2021-Q4,39770,,
ESTAT:RAIL_PA_QUARTAL(1.0),29/09/26 23:00:00,Quarterly,Thousand passengers,Portugal,2022-Q1,37559,,
ESTAT:RAIL_PA_QUARTAL(1.0),29/09/26 23:00:00,Quarterly,Thousand passengers,Portugal,2022-Q2,43435,,
ESTAT:RAIL_PA_QUARTAL(1.0),29/09/26 23:00:00,Quarterly,Thousand passengers,Portugal,2022-Q3,44634,,
ESTAT:RAIL_PA_QUARTAL(1.0),29/09/26 23:00:00,Quarterly,Thousand passengers,Portugal,2022-Q4,45926,,
ESTAT:RAIL_PA_QUARTAL(1.0),29/09/26 23:00:00,Quarterly,Thousand passengers,Portugal,2023-Q1,44311,,
ESTAT:RAIL_PA_QUARTAL(1.0),29/09/26 23:00:00,Quarterly,Thousand passengers,Portugal,2023-Q2,49016,,
ESTAT:RAIL_PA_QUARTAL(1.0),29/09/26 23:00:00,Quarterly,Thousand passengers,Portugal,2023-Q3,53188,,
ESTAT:RAIL_PA_QUARTAL(1.0),29/09/26 23:00:00,Quarterly,Thousand passengers,Portugal,2023-Q4,53680,,
ESTAT:RAIL_PA_QUARTAL(1.0),29/09/26 23:00:00,Quarterly,Thousand passengers,Portugal,2024-Q1,51825,,
ESTAT:RAIL_PA_QUARTAL(1.0),29/09/26 23:00:00,Quarterly,Thousand passengers,Portugal,2024-Q2,55027,,
ESTAT:RAIL_PA_QUARTAL(1.0),29/09/26 23:00:00,Quarterly,Thousand passengers,Portugal,2024-Q3,54677,,
ESTAT:RAIL_PA_QUARTAL(1.0),29/09/26 23:00:00,Quarterly,Thousand passengers,Portugal,2024-Q4,57364,,
ESTAT:RAIL_PA_QUARTAL(1.0),29/09/26 23:00:00,Quarterly,Thousand passengers,Portugal,2025-Q1,57102,,
ESTAT:RAIL_PA_QUARTAL(1.0),29/09/26 23:00:00,Quarterly,Thousand passengers,Portugal,2025-Q2,59177,,
ESTAT:RAIL_PA_QUARTAL(1.0),29/09/26 23:00:00,Quarterly,Thousand passengers,Portugal,2025-Q3,62496,,
ESTAT:RAIL_PA_QUARTAL(1.0),29/09/26 23:00:00,Quarterly,Thousand passengers,Portugal,2025-Q4,61207,,
ESTAT:RAIL_PA_QUARTAL(1.0),29/09/26 23:00:00,Quarterly,Thousand passengers,Romania,2006-Q1,23744,,
ESTAT:RAIL_PA_QUARTAL(1.0),29/09/26 23:00:00,Quarterly,Thousand passengers,Romania,2006-Q2,23669,,
ESTAT:RAIL_PA_QUARTAL(1.0),29/09/26 23:00:00,Quarterly,Thousand passengers,Romania,2006-Q3,22853,,
ESTAT:RAIL_PA_QUARTAL(1.0),29/09/26 23:00:00,Quarterly,Thousand passengers,Romania,2006-Q4,22980,,
ESTAT:RAIL_PA_QUARTAL(1.0),29/09/26 23:00:00,Quarterly,Thousand passengers,Romania,2007-Q1,23883,,
ESTAT:RAIL_PA_QUARTAL(1.0),29/09/26 23:00:00,Quarterly,Thousand passengers,Romania,2007-Q2,22331,,
ESTAT:RAIL_PA_QUARTAL(1.0),29/09/26 23:00:00,Quarterly,Thousand passengers,Romania,2007-Q3,20121,,
ESTAT:RAIL_PA_QUARTAL(1.0),29/09/26 23:00:00,Quarterly,Thousand passengers,Romania,2007-Q4,19419,,
ESTAT:RAIL_PA_QUARTAL(1.0),29/09/26 23:00:00,Quarterly,Thousand passengers,Romania,2008-Q1,20092,,
ESTAT:RAIL_PA_QUARTAL(1.0),29/09/26 23:00:00,Quarterly,Thousand passengers,Romania,2008-Q2,19269,,
ESTAT:RAIL_PA_QUARTAL(1.0),29/09/26 23:00:00,Quarterly,Thousand passengers,Romania,2008-Q3,18558,,
ESTAT:RAIL_PA_QUARTAL(1.0),29/09/26 23:00:00,Quarterly,Thousand passengers,Romania,2008-Q4,17424,,
ESTAT:RAIL_PA_QUARTAL(1.0),29/09/26 23:00:00,Quarterly,Thousand passengers,Romania,2009-Q1,17364,,
ESTAT:RAIL_PA_QUARTAL(1.0),29/09/26 23:00:00,Quarterly,Thousand passengers,Romania,2009-Q2,16833,,
ESTAT:RAIL_PA_QUARTAL(1.0),29/09/26 23:00:00,Quarterly,Thousand passengers,Romania,2009-Q3,16192,,
ESTAT:RAIL_PA_QUARTAL(1.0),29/09/26 23:00:00,Quarterly,Thousand passengers,Romania,2009-Q4,15149,,
ESTAT:RAIL_PA_QUARTAL(1.0),29/09/26 23:00:00,Quarterly,Thousand passengers,Romania,2010-Q1,14727,,
ESTAT:RAIL_PA_QUARTAL(1.0),29/09/26 23:00:00,Quarterly,Thousand passengers,Romania,2010-Q2,15115,,
ESTAT:RAIL_PA_QUARTAL(1.0),29/09/26 23:00:00,Quarterly,Thousand passengers,Romania,2010-Q3,14077,,
ESTAT:RAIL_PA_QUARTAL(1.0),29/09/26 23:00:00,Quarterly,Thousand passengers,Romania,2010-Q4,13751,,
ESTAT:RAIL_PA_QUARTAL(1.0),29/09/26 23:00:00,Quarterly,Thousand passengers,Romania,2011-Q1,15379,,
ESTAT:RAIL_PA_QUARTAL(1.0),29/09/26 23:00:00,Quarterly,Thousand passengers,Romania,2011-Q2,15860,,
ESTAT:RAIL_PA_QUARTAL(1.0),29/09/26 23:00:00,Quarterly,Thousand passengers,Romania,2011-Q3,15116,,
ESTAT:RAIL_PA_QUARTAL(1.0),29/09/26 23:00:00,Quarterly,Thousand passengers,Romania,2011-Q4,13801,,
ESTAT:RAIL_PA_QUARTAL(1.0),29/09/26 23:00:00,Quarterly,Thousand passengers,Romania,2012-Q1,13298,,
ESTAT:RAIL_PA_QUARTAL(1.0),29/09/26 23:00:00,Quarterly,Thousand passengers,Romania,2012-Q2,14568,,
ESTAT:RAIL_PA_QUARTAL(1.0),29/09/26 23:00:00,Quarterly,Thousand passengers,Romania,2012-Q3,14457,,
ESTAT:RAIL_PA_QUARTAL(1.0),29/09/26 23:00:00,Quarterly,Thousand passengers,Romania,2012-Q4,14096,,
ESTAT:RAIL_PA_QUARTAL(1.0),29/09/26 23:00:00,Quarterly,Thousand passengers,Romania,2013-Q1,13847,,
ESTAT:RAIL_PA_QUARTAL(1.0),29/09/26 23:00:00,Quarterly,Thousand passengers,Romania,2013-Q2,14445,,
ESTAT:RAIL_PA_QUARTAL(1.0),29/09/26 23:00:00,Quarterly,Thousand passengers,Romania,2013-Q3,14609,,
ESTAT:RAIL_PA_QUARTAL(1.0),29/09/26 23:00:00,Quarterly,Thousand passengers,Romania,2013-Q4,13521,,
ESTAT:RAIL_PA_QUARTAL(1.0),29/09/26 23:00:00,Quarterly,Thousand passengers,Romania,2014-Q1,15834,,
ESTAT:RAIL_PA_QUARTAL(1.0),29/09/26 23:00:00,Quarterly,Thousand passengers,Romania,2014-Q2,16386,,
ESTAT:RAIL_PA_QUARTAL(1.0),29/09/26 23:00:00,Quarterly,Thousand passengers,Romania,2014-Q3,16849,,
ESTAT:RAIL_PA_QUARTAL(1.0),29/09/26 23:00:00,Quarterly,Thousand passengers,Romania,2014-Q4,15682,,
ESTAT:RAIL_PA_QUARTAL(1.0),29/09/26 23:00:00,Quarterly,Thousand passengers,Romania,2015-Q1,14852,,
ESTAT:RAIL_PA_QUARTAL(1.0),29/09/26 23:00:00,Quarterly,Thousand passengers,Romania,2015-Q2,15496,,
ESTAT:RAIL_PA_QUARTAL(1.0),29/09/26 23:00:00,Quarterly,Thousand passengers,Romania,2015-Q3,15998,,
ESTAT:RAIL_PA_QUARTAL(1.0),29/09/26 23:00:00,Quarterly,Thousand passengers,Romania,2015-Q4,14872,,
ESTAT:RAIL_PA_QUARTAL(1.0),29/09/26 23:00:00,Quarterly,Thousand passengers,Romania,2016-Q1,14470,,
ESTAT:RAIL_PA_QUARTAL(1.0),29/09/26 23:00:00,Quarterly,Thousand passengers,Romania,2016-Q2,14808,,
ESTAT:RAIL_PA_QUARTAL(1.0),29/09/26 23:00:00,Quarterly,Thousand passengers,Romania,2016-Q3,15472,,
ESTAT:RAIL_PA_QUARTAL(1.0),29/09/26 23:00:00,Quarterly,Thousand passengers,Romania,2016-Q4,14109,,
ESTAT:RAIL_PA_QUARTAL(1.0),29/09/26 23:00:00,Quarterly,Thousand passengers,Romania,2017-Q1,15799,,
ESTAT:RAIL_PA_QUARTAL(1.0),29/09/26 23:00:00,Quarterly,Thousand passengers,Romania,2017-Q2,17055,,
ESTAT:RAIL_PA_QUARTAL(1.0),29/09/26 23:00:00,Quarterly,Thousand passengers,Romania,2017-Q3,16591,,
ESTAT:RAIL_PA_QUARTAL(1.0),29/09/26 23:00:00,Quarterly,Thousand passengers,Romania,2017-Q4,17885,,
ESTAT:RAIL_PA_QUARTAL(1.0),29/09/26 23:00:00,Quarterly,Thousand passengers,Romania,2018-Q1,15324,,
ESTAT:RAIL_PA_QUARTAL(1.0),29/09/26 23:00:00,Quarterly,Thousand passengers,Romania,2018-Q2,16365,,
ESTAT:RAIL_PA_QUARTAL(1.0),29/09/26 23:00:00,Quarterly,Thousand passengers,Romania,2018-Q3,16372,,
ESTAT:RAIL_PA_QUARTAL(1.0),29/09/26 23:00:00,Quarterly,Thousand passengers,Romania,2018-Q4,16654,,
ESTAT:RAIL_PA_QUARTAL(1.0),29/09/26 23:00:00,Quarterly,Thousand passengers,Romania,2019-Q1,16487,,
ESTAT:RAIL_PA_QUARTAL(1.0),29/09/26 23:00:00,Quarterly,Thousand passengers,Romania,2019-Q2,17010,,
ESTAT:RAIL_PA_QUARTAL(1.0),29/09/26 23:00:00,Quarterly,Thousand passengers,Romania,2019-Q3,17364,,
ESTAT:RAIL_PA_QUARTAL(1.0),29/09/26 23:00:00,Quarterly,Thousand passengers,Romania,2019-Q4,17049,,
ESTAT:RAIL_PA_QUARTAL(1.0),29/09/26 23:00:00,Quarterly,Thousand passengers,Romania,2020-Q1,14898,,
ESTAT:RAIL_PA_QUARTAL(1.0),29/09/26 23:00:00,Quarterly,Thousand passengers,Romania,2020-Q2,9067,,
ESTAT:RAIL_PA_QUARTAL(1.0),29/09/26 23:00:00,Quarterly,Thousand passengers,Romania,2020-Q3,13597,,
ESTAT:RAIL_PA_QUARTAL(1.0),29/09/26 23:00:00,Quarterly,Thousand passengers,Romania,2020-Q4,11526,,
ESTAT:RAIL_PA_QUARTAL(1.0),29/09/26 23:00:00,Quarterly,Thousand passengers,Romania,2021-Q1,12082,,
ESTAT:RAIL_PA_QUARTAL(1.0),29/09/26 23:00:00,Quarterly,Thousand passengers,Romania,2021-Q2,12637,,
ESTAT:RAIL_PA_QUARTAL(1.0),29/09/26 23:00:00,Quarterly,Thousand passengers,Romania,2021-Q3,14912,,
ESTAT:RAIL_PA_QUARTAL(1.0),29/09/26 23:00:00,Quarterly,Thousand passengers,Romania,2021-Q4,12928,,
ESTAT:RAIL_PA_QUARTAL(1.0),29/09/26 23:00:00,Quarterly,Thousand passengers,Romania,2022-Q1,14565,,
ESTAT:RAIL_PA_QUARTAL(1.0),29/09/26 23:00:00,Quarterly,Thousand passengers,Romania,2022-Q2,18123,,
ESTAT:RAIL_PA_QUARTAL(1.0),29/09/26 23:00:00,Quarterly,Thousand passengers,Romania,2022-Q3,18561,,
ESTAT:RAIL_PA_QUARTAL(1.0),29/09/26 23:00:00,Quarterly,Thousand passengers,Romania,2022-Q4,18068,,
ESTAT:RAIL_PA_QUARTAL(1.0),29/09/26 23:00:00,Quarterly,Thousand passengers,Romania,2023-Q1,17826,,
ESTAT:RAIL_PA_QUARTAL(1.0),29/09/26 23:00:00,Quarterly,Thousand passengers,Romania,2023-Q2,18325,,
ESTAT:RAIL_PA_QUARTAL(1.0),29/09/26 23:00:00,Quarterly,Thousand passengers,Romania,2023-Q3,19209,,
ESTAT:RAIL_PA_QUARTAL(1.0),29/09/26 23:00:00,Quarterly,Thousand passengers,Romania,2023-Q4,17836,,
ESTAT:RAIL_PA_QUARTAL(1.0),29/09/26 23:00:00,Quarterly,Thousand passengers,Romania,2024-Q1,17168,,
ESTAT:RAIL_PA_QUARTAL(1.0),29/09/26 23:00:00,Quarterly,Thousand passengers,Romania,2024-Q2,17855,,
ESTAT:RAIL_PA_QUARTAL(1.0),29/09/26 23:00:00,Quarterly,Thousand passengers,Romania,2024-Q3,17824,,
ESTAT:RAIL_PA_QUARTAL(1.0),29/09/26 23:00:00,Quarterly,Thousand passengers,Romania,2024-Q4,16788,,
ESTAT:RAIL_PA_QUARTAL(1.0),29/09/26 23:00:00,Quarterly,Thousand passengers,Romania,2025-Q1,15842,,
ESTAT:RAIL_PA_QUARTAL(1.0),29/09/26 23:00:00,Quarterly,Thousand passengers,Romania,2025-Q2,16174,,
ESTAT:RAIL_PA_QUARTAL(1.0),29/09/26 23:00:00,Quarterly,Thousand passengers,Romania,2025-Q3,16134,,
ESTAT:RAIL_PA_QUARTAL(1.0),29/09/26 23:00:00,Quarterly,Thousand passengers,Romania,2025-Q4,15107,,
ESTAT:RAIL_PA_QUARTAL(1.0),29/09/26 23:00:00,Quarterly,Thousand passengers,Sweden,2006-Q1,39478,,
ESTAT:RAIL_PA_QUARTAL(1.0),29/09/26 23:00:00,Quarterly,Thousand passengers,Sweden,2006-Q2,38518,,
ESTAT:RAIL_PA_QUARTAL(1.0),29/09/26 23:00:00,Quarterly,Thousand passengers,Sweden,2006-Q3,36803,,
ESTAT:RAIL_PA_QUARTAL(1.0),29/09/26 23:00:00,Quarterly,Thousand passengers,Sweden,2006-Q4,44268,,
ESTAT:RAIL_PA_QUARTAL(1.0),29/09/26 23:00:00,Quarterly,Thousand passengers,Sweden,2007-Q1,41943,,
ESTAT:RAIL_PA_QUARTAL(1.0),29/09/26 23:00:00,Quarterly,Thousand passengers,Sweden,2007-Q2,41313,,
ESTAT:RAIL_PA_QUARTAL(1.0),29/09/26 23:00:00,Quarterly,Thousand passengers,Sweden,2007-Q3,39218,,
ESTAT:RAIL_PA_QUARTAL(1.0),29/09/26 23:00:00,Quarterly,Thousand passengers,Sweden,2007-Q4,46594,,
ESTAT:RAIL_PA_QUARTAL(1.0),29/09/26 23:00:00,Quarterly,Thousand passengers,Sweden,2008-Q1,44745,,
ESTAT:RAIL_PA_QUARTAL(1.0),29/09/26 23:00:00,Quarterly,Thousand passengers,Sweden,2008-Q2,44771,,
ESTAT:RAIL_PA_QUARTAL(1.0),29/09/26 23:00:00,Quarterly,Thousand passengers,Sweden,2008-Q3,42389,,
ESTAT:RAIL_PA_QUARTAL(1.0),29/09/26 23:00:00,Quarterly,Thousand passengers,Sweden,2008-Q4,47024,,
ESTAT:RAIL_PA_QUARTAL(1.0),29/09/26 23:00:00,Quarterly,Thousand passengers,Sweden,2009-Q1,45394,,
ESTAT:RAIL_PA_QUARTAL(1.0),29/09/26 23:00:00,Quarterly,Thousand passengers,Sweden,2009-Q2,45200,,
ESTAT:RAIL_PA_QUARTAL(1.0),29/09/26 23:00:00,Quarterly,Thousand passengers,Sweden,2009-Q3,41640,,
ESTAT:RAIL_PA_QUARTAL(1.0),29/09/26 23:00:00,Quarterly,Thousand passengers,Sweden,2009-Q4,46861,,
ESTAT:RAIL_PA_QUARTAL(1.0),29/09/26 23:00:00,Quarterly,Thousand passengers,Sweden,2010-Q1,43925,,
ESTAT:RAIL_PA_QUARTAL(1.0),29/09/26 23:00:00,Quarterly,Thousand passengers,Sweden,2010-Q2,45005,,
ESTAT:RAIL_PA_QUARTAL(1.0),29/09/26 23:00:00,Quarterly,Thousand passengers,Sweden,2010-Q3,43026,,
ESTAT:RAIL_PA_QUARTAL(1.0),29/09/26 23:00:00,Quarterly,Thousand passengers,Sweden,2010-Q4,47387,,
ESTAT:RAIL_PA_QUARTAL(1.0),29/09/26 23:00:00,Quarterly,Thousand passengers,Sweden,2011-Q1,45979,,
ESTAT:RAIL_PA_QUARTAL(1.0),29/09/26 23:00:00,Quarterly,Thousand passengers,Sweden,2011-Q2,46664,,
ESTAT:RAIL_PA_QUARTAL(1.0),29/09/26 23:00:00,Quarterly,Thousand passengers,Sweden,2011-Q3,45658,,
ESTAT:RAIL_PA_QUARTAL(1.0),29/09/26 23:00:00,Quarterly,Thousand passengers,Sweden,2011-Q4,48753,,
ESTAT:RAIL_PA_QUARTAL(1.0),29/09/26 23:00:00,Quarterly,Thousand passengers,Sweden,2012-Q1,48214,,
ESTAT:RAIL_PA_QUARTAL(1.0),29/09/26 23:00:00,Quarterly,Thousand passengers,Sweden,2012-Q2,48250,,
ESTAT:RAIL_PA_QUARTAL(1.0),29/09/26 23:00:00,Quarterly,Thousand passengers,Sweden,2012-Q3,46215,,
ESTAT:RAIL_PA_QUARTAL(1.0),29/09/26 23:00:00,Quarterly,Thousand passengers,Sweden,2012-Q4,50484,,
ESTAT:RAIL_PA_QUARTAL(1.0),29/09/26 23:00:00,Quarterly,Thousand passengers,Sweden,2013-Q1,49398,,
ESTAT:RAIL_PA_QUARTAL(1.0),29/09/26 23:00:00,Quarterly,Thousand passengers,Sweden,2013-Q2,50535,,
ESTAT:RAIL_PA_QUARTAL(1.0),29/09/26 23:00:00,Quarterly,Thousand passengers,Sweden,2013-Q3,48276,,
ESTAT:RAIL_PA_QUARTAL(1.0),29/09/26 23:00:00,Quarterly,Thousand passengers,Sweden,2013-Q4,52254,,
ESTAT:RAIL_PA_QUARTAL(1.0),29/09/26 23:00:00,Quarterly,Thousand passengers,Sweden,2014-Q1,51016,,
ESTAT:RAIL_PA_QUARTAL(1.0),29/09/26 23:00:00,Quarterly,Thousand passengers,Sweden,2014-Q2,51142,,
ESTAT:RAIL_PA_QUARTAL(1.0),29/09/26 23:00:00,Quarterly,Thousand passengers,Sweden,2014-Q3,48933,,
ESTAT:RAIL_PA_QUARTAL(1.0),29/09/26 23:00:00,Quarterly,Thousand passengers,Sweden,2014-Q4,54392,,
ESTAT:RAIL_PA_QUARTAL(1.0),29/09/26 23:00:00,Quarterly,Thousand passengers,Sweden,2015-Q1,53862,,
ESTAT:RAIL_PA_QUARTAL(1.0),29/09/26 23:00:00,Quarterly,Thousand passengers,Sweden,2015-Q2,53194,,
ESTAT:RAIL_PA_QUARTAL(1.0),29/09/26 23:00:00,Quarterly,Thousand passengers,Sweden,2015-Q3,50546,,
ESTAT:RAIL_PA_QUARTAL(1.0),29/09/26 23:00:00,Quarterly,Thousand passengers,Sweden,2015-Q4,56832,,
ESTAT:RAIL_PA_QUARTAL(1.0),29/09/26 23:00:00,Quarterly,Thousand passengers,Sweden,2016-Q1,54273,,
ESTAT:RAIL_PA_QUARTAL(1.0),29/09/26 23:00:00,Quarterly,Thousand passengers,Sweden,2016-Q2,55793,,
ESTAT:RAIL_PA_QUARTAL(1.0),29/09/26 23:00:00,Quarterly,Thousand passengers,Sweden,2016-Q3,51587,,
ESTAT:RAIL_PA_QUARTAL(1.0),29/09/26 23:00:00,Quarterly,Thousand passengers,Sweden,2016-Q4,59293,,
ESTAT:RAIL_PA_QUARTAL(1.0),29/09/26 23:00:00,Quarterly,Thousand passengers,Sweden,2017-Q1,57848,,
ESTAT:RAIL_PA_QUARTAL(1.0),29/09/26 23:00:00,Quarterly,Thousand passengers,Sweden,2017-Q2,57652,,
ESTAT:RAIL_PA_QUARTAL(1.0),29/09/26 23:00:00,Quarterly,Thousand passengers,Sweden,2017-Q3,52700,,
ESTAT:RAIL_PA_QUARTAL(1.0),29/09/26 23:00:00,Quarterly,Thousand passengers,Sweden,2017-Q4,61615,,
ESTAT:RAIL_PA_QUARTAL(1.0),29/09/26 23:00:00,Quarterly,Thousand passengers,Sweden,2018-Q1,60926,,
ESTAT:RAIL_PA_QUARTAL(1.0),29/09/26 23:00:00,Quarterly,Thousand passengers,Sweden,2018-Q2,62259,,
ESTAT:RAIL_PA_QUARTAL(1.0),29/09/26 23:00:00,Quarterly,Thousand passengers,Sweden,2018-Q3,56927,,
ESTAT:RAIL_PA_QUARTAL(1.0),29/09/26 23:00:00,Quarterly,Thousand passengers,Sweden,2018-Q4,66378,,
ESTAT:RAIL_PA_QUARTAL(1.0),29/09/26 23:00:00,Quarterly,Thousand passengers,Sweden,2019-Q1,65885,,
ESTAT:RAIL_PA_QUARTAL(1.0),29/09/26 23:00:00,Quarterly,Thousand passengers,Sweden,2019-Q2,66840,,
ESTAT:RAIL_PA_QUARTAL(1.0),29/09/26 23:00:00,Quarterly,Thousand passengers,Sweden,2019-Q3,62979,,
ESTAT:RAIL_PA_QUARTAL(1.0),29/09/26 23:00:00,Quarterly,Thousand passengers,Sweden,2019-Q4,68898,,
ESTAT:RAIL_PA_QUARTAL(1.0),29/09/26 23:00:00,Quarterly,Thousand passengers,Sweden,2020-Q1,63109,,
ESTAT:RAIL_PA_QUARTAL(1.0),29/09/26 23:00:00,Quarterly,Thousand passengers,Sweden,2020-Q2,30624,,
ESTAT:RAIL_PA_QUARTAL(1.0),29/09/26 23:00:00,Quarterly,Thousand passengers,Sweden,2020-Q3,38255,,
ESTAT:RAIL_PA_QUARTAL(1.0),29/09/26 23:00:00,Quarterly,Thousand passengers,Sweden,2020-Q4,37175,,
ESTAT:RAIL_PA_QUARTAL(1.0),29/09/26 23:00:00,Quarterly,Thousand passengers,Sweden,2021-Q1,31339,,
ESTAT:RAIL_PA_QUARTAL(1.0),29/09/26 23:00:00,Quarterly,Thousand passengers,Sweden,2021-Q2,35757,,
ESTAT:RAIL_PA_QUARTAL(1.0),29/09/26 23:00:00,Quarterly,Thousand passengers,Sweden,2021-Q3,42645,,
ESTAT:RAIL_PA_QUARTAL(1.0),29/09/26 23:00:00,Quarterly,Thousand passengers,Sweden,2021-Q4,54750,,
ESTAT:RAIL_PA_QUARTAL(1.0),29/09/26 23:00:00,Quarterly,Thousand passengers,Sweden,2022-Q1,,,C
ESTAT:RAIL_PA_QUARTAL(1.0),29/09/26 23:00:00,Quarterly,Thousand passengers,Sweden,2022-Q2,,,C
ESTAT:RAIL_PA_QUARTAL(1.0),29/09/26 23:00:00,Quarterly,Thousand passengers,Sweden,2022-Q3,,,C
ESTAT:RAIL_PA_QUARTAL(1.0),29/09/26 23:00:00,Quarterly,Thousand passengers,Sweden,2022-Q4,,,C
ESTAT:RAIL_PA_QUARTAL(1.0),29/09/26 23:00:00,Quarterly,Thousand passengers,Sweden,2023-Q1,62134,,
ESTAT:RAIL_PA_QUARTAL(1.0),29/09/26 23:00:00,Quarterly,Thousand passengers,Sweden,2023-Q2,60241,,
ESTAT:RAIL_PA_QUARTAL(1.0),29/09/26 23:00:00,Quarterly,Thousand passengers,Sweden,2023-Q3,58077,,
ESTAT:RAIL_PA_QUARTAL(1.0),29/09/26 23:00:00,Quarterly,Thousand passengers,Sweden,2023-Q4,62991,,
ESTAT:RAIL_PA_QUARTAL(1.0),29/09/26 23:00:00,Quarterly,Thousand passengers,Sweden,2024-Q1,60225,,
ESTAT:RAIL_PA_QUARTAL(1.0),29/09/26 23:00:00,Quarterly,Thousand passengers,Sweden,2024-Q2,64303,,
ESTAT:RAIL_PA_QUARTAL(1.0),29/09/26 23:00:00,Quarterly,Thousand passengers,Sweden,2024-Q3,62107,,
ESTAT:RAIL_PA_QUARTAL(1.0),29/09/26 23:00:00,Quarterly,Thousand passengers,Sweden,2024-Q4,65735,,
ESTAT:RAIL_PA_QUARTAL(1.0),29/09/26 23:00:00,Quarterly,Thousand passengers,Sweden,2025-Q1,58738,,
ESTAT:RAIL_PA_QUARTAL(1.0),29/09/26 23:00:00,Quarterly,Thousand passengers,Sweden,2025-Q2,61725,,
ESTAT:RAIL_PA_QUARTAL(1.0),29/09/26 23:00:00,Quarterly,Thousand passengers,Sweden,2025-Q3,58839,,
ESTAT:RAIL_PA_QUARTAL(1.0),29/09/26 23:00:00,Quarterly,Thousand passengers,Sweden,2025-Q4,64006,,
ESTAT:RAIL_PA_QUARTAL(1.0),29/09/26 23:00:00,Quarterly,Thousand passengers,Slovenia,2006-Q1,4229,,
ESTAT:RAIL_PA_QUARTAL(1.0),29/09/26 23:00:00,Quarterly,Thousand passengers,Slovenia,2006-Q2,3975,,
ESTAT:RAIL_PA_QUARTAL(1.0),29/09/26 23:00:00,Quarterly,Thousand passengers,Slovenia,2006-Q3,3394,,
ESTAT:RAIL_PA_QUARTAL(1.0),29/09/26 23:00:00,Quarterly,Thousand passengers,Slovenia,2006-Q4,4533,,
ESTAT:RAIL_PA_QUARTAL(1.0),29/09/26 23:00:00,Quarterly,Thousand passengers,Slovenia,2007-Q1,4119,,
ESTAT:RAIL_PA_QUARTAL(1.0),29/09/26 23:00:00,Quarterly,Thousand passengers,Slovenia,2007-Q2,3885,,
ESTAT:RAIL_PA_QUARTAL(1.0),29/09/26 23:00:00,Quarterly,Thousand passengers,Slovenia,2007-Q3,3762,,
ESTAT:RAIL_PA_QUARTAL(1.0),29/09/26 23:00:00,Quarterly,Thousand passengers,Slovenia,2007-Q4,4358,,
ESTAT:RAIL_PA_QUARTAL(1.0),29/09/26 23:00:00,Quarterly,Thousand passengers,Slovenia,2008-Q1,4236,,
ESTAT:RAIL_PA_QUARTAL(1.0),29/09/26 23:00:00,Quarterly,Thousand passengers,Slovenia,2008-Q2,3897,,
ESTAT:RAIL_PA_QUARTAL(1.0),29/09/26 23:00:00,Quarterly,Thousand passengers,Slovenia,2008-Q3,3888,,
ESTAT:RAIL_PA_QUARTAL(1.0),29/09/26 23:00:00,Quarterly,Thousand passengers,Slovenia,2008-Q4,4236,,
ESTAT:RAIL_PA_QUARTAL(1.0),29/09/26 23:00:00,Quarterly,Thousand passengers,Slovenia,2009-Q1,4145,,
ESTAT:RAIL_PA_QUARTAL(1.0),29/09/26 23:00:00,Quarterly,Thousand passengers,Slovenia,2009-Q2,3804,,
ESTAT:RAIL_PA_QUARTAL(1.0),29/09/26 23:00:00,Quarterly,Thousand passengers,Slovenia,2009-Q3,3830,,
ESTAT:RAIL_PA_QUARTAL(1.0),29/09/26 23:00:00,Quarterly,Thousand passengers,Slovenia,2009-Q4,4191,,
ESTAT:RAIL_PA_QUARTAL(1.0),29/09/26 23:00:00,Quarterly,Thousand passengers,Slovenia,2010-Q1,4151,,
ESTAT:RAIL_PA_QUARTAL(1.0),29/09/26 23:00:00,Quarterly,Thousand passengers,Slovenia,2010-Q2,3839,,
ESTAT:RAIL_PA_QUARTAL(1.0),29/09/26 23:00:00,Quarterly,Thousand passengers,Slovenia,2010-Q3,3659,,
ESTAT:RAIL_PA_QUARTAL(1.0),29/09/26 23:00:00,Quarterly,Thousand passengers,Slovenia,2010-Q4,4133,,
ESTAT:RAIL_PA_QUARTAL(1.0),29/09/26 23:00:00,Quarterly,Thousand passengers,Slovenia,2011-Q1,4091,,
ESTAT:RAIL_PA_QUARTAL(1.0),29/09/26 23:00:00,Quarterly,Thousand passengers,Slovenia,2011-Q2,3688,,
ESTAT:RAIL_PA_QUARTAL(1.0),29/09/26 23:00:00,Quarterly,Thousand passengers,Slovenia,2011-Q3,3571,,
ESTAT:RAIL_PA_QUARTAL(1.0),29/09/26 23:00:00,Quarterly,Thousand passengers,Slovenia,2011-Q4,3967,,
ESTAT:RAIL_PA_QUARTAL(1.0),29/09/26 23:00:00,Quarterly,Thousand passengers,Slovenia,2012-Q1,4092,,
ESTAT:RAIL_PA_QUARTAL(1.0),29/09/26 23:00:00,Quarterly,Thousand passengers,Slovenia,2012-Q2,3508,,
ESTAT:RAIL_PA_QUARTAL(1.0),29/09/26 23:00:00,Quarterly,Thousand passengers,Slovenia,2012-Q3,3311,,
ESTAT:RAIL_PA_QUARTAL(1.0),29/09/26 23:00:00,Quarterly,Thousand passengers,Slovenia,2012-Q4,4175,,
ESTAT:RAIL_PA_QUARTAL(1.0),29/09/26 23:00:00,Quarterly,Thousand passengers,Slovenia,2013-Q1,4103,,
ESTAT:RAIL_PA_QUARTAL(1.0),29/09/26 23:00:00,Quarterly,Thousand passengers,Slovenia,2013-Q2,3853,,
ESTAT:RAIL_PA_QUARTAL(1.0),29/09/26 23:00:00,Quarterly,Thousand passengers,Slovenia,2013-Q3,3989,,
ESTAT:RAIL_PA_QUARTAL(1.0),29/09/26 23:00:00,Quarterly,Thousand passengers,Slovenia,2013-Q4,4050,,
ESTAT:RAIL_PA_QUARTAL(1.0),29/09/26 23:00:00,Quarterly,Thousand passengers,Slovenia,2014-Q1,3997,,
ESTAT:RAIL_PA_QUARTAL(1.0),29/09/26 23:00:00,Quarterly,Thousand passengers,Slovenia,2014-Q2,3483,,
ESTAT:RAIL_PA_QUARTAL(1.0),29/09/26 23:00:00,Quarterly,Thousand passengers,Slovenia,2014-Q3,3223,,
ESTAT:RAIL_PA_QUARTAL(1.0),29/09/26 23:00:00,Quarterly,Thousand passengers,Slovenia,2014-Q4,3732,,
ESTAT:RAIL_PA_QUARTAL(1.0),29/09/26 23:00:00,Quarterly,Thousand passengers,Slovenia,2015-Q1,3628,,
ESTAT:RAIL_PA_QUARTAL(1.0),29/09/26 23:00:00,Quarterly,Thousand passengers,Slovenia,2015-Q2,3366,,
ESTAT:RAIL_PA_QUARTAL(1.0),29/09/26 23:00:00,Quarterly,Thousand passengers,Slovenia,2015-Q3,3381,,
ESTAT:RAIL_PA_QUARTAL(1.0),29/09/26 23:00:00,Quarterly,Thousand passengers,Slovenia,2015-Q4,3760,,
ESTAT:RAIL_PA_QUARTAL(1.0),29/09/26 23:00:00,Quarterly,Thousand passengers,Slovenia,2016-Q1,3524,,
ESTAT:RAIL_PA_QUARTAL(1.0),29/09/26 23:00:00,Quarterly,Thousand passengers,Slovenia,2016-Q2,3335,,
ESTAT:RAIL_PA_QUARTAL(1.0),29/09/26 23:00:00,Quarterly,Thousand passengers,Slovenia,2016-Q3,3308,,
ESTAT:RAIL_PA_QUARTAL(1.0),29/09/26 23:00:00,Quarterly,Thousand passengers,Slovenia,2016-Q4,3482,,
ESTAT:RAIL_PA_QUARTAL(1.0),29/09/26 23:00:00,Quarterly,Thousand passengers,Slovenia,2017-Q1,3281,,
ESTAT:RAIL_PA_QUARTAL(1.0),29/09/26 23:00:00,Quarterly,Thousand passengers,Slovenia,2017-Q2,3137,,
ESTAT:RAIL_PA_QUARTAL(1.0),29/09/26 23:00:00,Quarterly,Thousand passengers,Slovenia,2017-Q3,3147,,
ESTAT:RAIL_PA_QUARTAL(1.0),29/09/26 23:00:00,Quarterly,Thousand passengers,Slovenia,2017-Q4,3437,,
ESTAT:RAIL_PA_QUARTAL(1.0),29/09/26 23:00:00,Quarterly,Thousand passengers,Slovenia,2018-Q1,3288,,
ESTAT:RAIL_PA_QUARTAL(1.0),29/09/26 23:00:00,Quarterly,Thousand passengers,Slovenia,2018-Q2,3165,,
ESTAT:RAIL_PA_QUARTAL(1.0),29/09/26 23:00:00,Quarterly,Thousand passengers,Slovenia,2018-Q3,3178,,
ESTAT:RAIL_PA_QUARTAL(1.0),29/09/26 23:00:00,Quarterly,Thousand passengers,Slovenia,2018-Q4,3474,,
ESTAT:RAIL_PA_QUARTAL(1.0),29/09/26 23:00:00,Quarterly,Thousand passengers,Slovenia,2019-Q1,3277,,
ESTAT:RAIL_PA_QUARTAL(1.0),29/09/26 23:00:00,Quarterly,Thousand passengers,Slovenia,2019-Q2,3197,,
ESTAT:RAIL_PA_QUARTAL(1.0),29/09/26 23:00:00,Quarterly,Thousand passengers,Slovenia,2019-Q3,3257,,
ESTAT:RAIL_PA_QUARTAL(1.0),29/09/26 23:00:00,Quarterly,Thousand passengers,Slovenia,2019-Q4,3529,,
ESTAT:RAIL_PA_QUARTAL(1.0),29/09/26 23:00:00,Quarterly,Thousand passengers,Slovenia,2020-Q1,2779,,
ESTAT:RAIL_PA_QUARTAL(1.0),29/09/26 23:00:00,Quarterly,Thousand passengers,Slovenia,2020-Q2,1377,,
ESTAT:RAIL_PA_QUARTAL(1.0),29/09/26 23:00:00,Quarterly,Thousand passengers,Slovenia,2020-Q3,2126,,
ESTAT:RAIL_PA_QUARTAL(1.0),29/09/26 23:00:00,Quarterly,Thousand passengers,Slovenia,2020-Q4,1642,,
ESTAT:RAIL_PA_QUARTAL(1.0),29/09/26 23:00:00,Quarterly,Thousand passengers,Slovenia,2021-Q1,2471,,
ESTAT:RAIL_PA_QUARTAL(1.0),29/09/26 23:00:00,Quarterly,Thousand passengers,Slovenia,2021-Q2,2792,,
ESTAT:RAIL_PA_QUARTAL(1.0),29/09/26 23:00:00,Quarterly,Thousand passengers,Slovenia,2021-Q3,3074,,
ESTAT:RAIL_PA_QUARTAL(1.0),29/09/26 23:00:00,Quarterly,Thousand passengers,Slovenia,2021-Q4,3326,,
ESTAT:RAIL_PA_QUARTAL(1.0),29/09/26 23:00:00,Quarterly,Thousand passengers,Slovenia,2022-Q1,3302,,
ESTAT:RAIL_PA_QUARTAL(1.0),29/09/26 23:00:00,Quarterly,Thousand passengers,Slovenia,2022-Q2,3439,,
ESTAT:RAIL_PA_QUARTAL(1.0),29/09/26 23:00:00,Quarterly,Thousand passengers,Slovenia,2022-Q3,3420,,
ESTAT:RAIL_PA_QUARTAL(1.0),29/09/26 23:00:00,Quarterly,Thousand passengers,Slovenia,2022-Q4,3748,,
ESTAT:RAIL_PA_QUARTAL(1.0),29/09/26 23:00:00,Quarterly,Thousand passengers,Slovenia,2023-Q1,3657,,
ESTAT:RAIL_PA_QUARTAL(1.0),29/09/26 23:00:00,Quarterly,Thousand passengers,Slovenia,2023-Q2,3317,,
ESTAT:RAIL_PA_QUARTAL(1.0),29/09/26 23:00:00,Quarterly,Thousand passengers,Slovenia,2023-Q3,3498,,
ESTAT:RAIL_PA_QUARTAL(1.0),29/09/26 23:00:00,Quarterly,Thousand passengers,Slovenia,2023-Q4,4011,,
ESTAT:RAIL_PA_QUARTAL(1.0),29/09/26 23:00:00,Quarterly,Thousand passengers,Slovenia,2024-Q1,3959,,
ESTAT:RAIL_PA_QUARTAL(1.0),29/09/26 23:00:00,Quarterly,Thousand passengers,Slovenia,2024-Q2,3904,,
ESTAT:RAIL_PA_QUARTAL(1.0),29/09/26 23:00:00,Quarterly,Thousand passengers,Slovenia,2024-Q3,3786,,
ESTAT:RAIL_PA_QUARTAL(1.0),29/09/26 23:00:00,Quarterly,Thousand passengers,Slovenia,2024-Q4,4055,,
ESTAT:RAIL_PA_QUARTAL(1.0),29/09/26 23:00:00,Quarterly,Thousand passengers,Slovenia,2025-Q1,3995,,
ESTAT:RAIL_PA_QUARTAL(1.0),29/09/26 23:00:00,Quarterly,Thousand passengers,Slovenia,2025-Q2,4781,,
ESTAT:RAIL_PA_QUARTAL(1.0),29/09/26 23:00:00,Quarterly,Thousand passengers,Slovenia,2025-Q3,5488,,
ESTAT:RAIL_PA_QUARTAL(1.0),29/09/26 23:00:00,Quarterly,Thousand passengers,Slovenia,2025-Q4,5602,,
ESTAT:RAIL_PA_QUARTAL(1.0),29/09/26 23:00:00,Quarterly,Thousand passengers,Slovakia,2006-Q1,12204,,
ESTAT:RAIL_PA_QUARTAL(1.0),29/09/26 23:00:00,Quarterly,Thousand passengers,Slovakia,2006-Q2,11832,,
ESTAT:RAIL_PA_QUARTAL(1.0),29/09/26 23:00:00,Quarterly,Thousand passengers,Slovakia,2006-Q3,11616,,
ESTAT:RAIL_PA_QUARTAL(1.0),29/09/26 23:00:00,Quarterly,Thousand passengers,Slovakia,2006-Q4,12433,,
ESTAT:RAIL_PA_QUARTAL(1.0),29/09/26 23:00:00,Quarterly,Thousand passengers,Slovakia,2007-Q1,11648,,
ESTAT:RAIL_PA_QUARTAL(1.0),29/09/26 23:00:00,Quarterly,Thousand passengers,Slovakia,2007-Q2,11921,,
ESTAT:RAIL_PA_QUARTAL(1.0),29/09/26 23:00:00,Quarterly,Thousand passengers,Slovakia,2007-Q3,11477,,
ESTAT:RAIL_PA_QUARTAL(1.0),29/09/26 23:00:00,Quarterly,Thousand passengers,Slovakia,2007-Q4,12016,,
ESTAT:RAIL_PA_QUARTAL(1.0),29/09/26 23:00:00,Quarterly,Thousand passengers,Slovakia,2008-Q1,11772,,
ESTAT:RAIL_PA_QUARTAL(1.0),29/09/26 23:00:00,Quarterly,Thousand passengers,Slovakia,2008-Q2,12335,,
ESTAT:RAIL_PA_QUARTAL(1.0),29/09/26 23:00:00,Quarterly,Thousand passengers,Slovakia,2008-Q3,12013,,
ESTAT:RAIL_PA_QUARTAL(1.0),29/09/26 23:00:00,Quarterly,Thousand passengers,Slovakia,2008-Q4,12444,,
ESTAT:RAIL_PA_QUARTAL(1.0),29/09/26 23:00:00,Quarterly,Thousand passengers,Slovakia,2009-Q1,11109,,
ESTAT:RAIL_PA_QUARTAL(1.0),29/09/26 23:00:00,Quarterly,Thousand passengers,Slovakia,2009-Q2,11910,,
ESTAT:RAIL_PA_QUARTAL(1.0),29/09/26 23:00:00,Quarterly,Thousand passengers,Slovakia,2009-Q3,11413,,
ESTAT:RAIL_PA_QUARTAL(1.0),29/09/26 23:00:00,Quarterly,Thousand passengers,Slovakia,2009-Q4,11743,,
ESTAT:RAIL_PA_QUARTAL(1.0),29/09/26 23:00:00,Quarterly,Thousand passengers,Slovakia,2010-Q1,11405,,
ESTAT:RAIL_PA_QUARTAL(1.0),29/09/26 23:00:00,Quarterly,Thousand passengers,Slovakia,2010-Q2,11708,,
ESTAT:RAIL_PA_QUARTAL(1.0),29/09/26 23:00:00,Quarterly,Thousand passengers,Slovakia,2010-Q3,11321,,
ESTAT:RAIL_PA_QUARTAL(1.0),29/09/26 23:00:00,Quarterly,Thousand passengers,Slovakia,2010-Q4,12149,,
ESTAT:RAIL_PA_QUARTAL(1.0),29/09/26 23:00:00,Quarterly,Thousand passengers,Slovakia,2011-Q1,11729,,
ESTAT:RAIL_PA_QUARTAL(1.0),29/09/26 23:00:00,Quarterly,Thousand passengers,Slovakia,2011-Q2,12072,,
ESTAT:RAIL_PA_QUARTAL(1.0),29/09/26 23:00:00,Quarterly,Thousand passengers,Slovakia,2011-Q3,11701,,
ESTAT:RAIL_PA_QUARTAL(1.0),29/09/26 23:00:00,Quarterly,Thousand passengers,Slovakia,2011-Q4,12029,,
ESTAT:RAIL_PA_QUARTAL(1.0),29/09/26 23:00:00,Quarterly,Thousand passengers,Slovakia,2012-Q1,11567,,
ESTAT:RAIL_PA_QUARTAL(1.0),29/09/26 23:00:00,Quarterly,Thousand passengers,Slovakia,2012-Q2,11243,,
ESTAT:RAIL_PA_QUARTAL(1.0),29/09/26 23:00:00,Quarterly,Thousand passengers,Slovakia,2012-Q3,11022,,
ESTAT:RAIL_PA_QUARTAL(1.0),29/09/26 23:00:00,Quarterly,Thousand passengers,Slovakia,2012-Q4,11299,,
ESTAT:RAIL_PA_QUARTAL(1.0),29/09/26 23:00:00,Quarterly,Thousand passengers,Slovakia,2013-Q1,10425,,
ESTAT:RAIL_PA_QUARTAL(1.0),29/09/26 23:00:00,Quarterly,Thousand passengers,Slovakia,2013-Q2,11366,,
ESTAT:RAIL_PA_QUARTAL(1.0),29/09/26 23:00:00,Quarterly,Thousand passengers,Slovakia,2013-Q3,11092,,
ESTAT:RAIL_PA_QUARTAL(1.0),29/09/26 23:00:00,Quarterly,Thousand passengers,Slovakia,2013-Q4,11146,,
ESTAT:RAIL_PA_QUARTAL(1.0),29/09/26 23:00:00,Quarterly,Thousand passengers,Slovakia,2014-Q1,11681,,
ESTAT:RAIL_PA_QUARTAL(1.0),29/09/26 23:00:00,Quarterly,Thousand passengers,Slovakia,2014-Q2,12426,,
ESTAT:RAIL_PA_QUARTAL(1.0),29/09/26 23:00:00,Quarterly,Thousand passengers,Slovakia,2014-Q3,12003,,
ESTAT:RAIL_PA_QUARTAL(1.0),29/09/26 23:00:00,Quarterly,Thousand passengers,Slovakia,2014-Q4,13137,,
ESTAT:RAIL_PA_QUARTAL(1.0),29/09/26 23:00:00,Quarterly,Thousand passengers,Slovakia,2015-Q1,14632,,
ESTAT:RAIL_PA_QUARTAL(1.0),29/09/26 23:00:00,Quarterly,Thousand passengers,Slovakia,2015-Q2,14400,,
ESTAT:RAIL_PA_QUARTAL(1.0),29/09/26 23:00:00,Quarterly,Thousand passengers,Slovakia,2015-Q3,15062,,
ESTAT:RAIL_PA_QUARTAL(1.0),29/09/26 23:00:00,Quarterly,Thousand passengers,Slovakia,2015-Q4,16664,,
ESTAT:RAIL_PA_QUARTAL(1.0),29/09/26 23:00:00,Quarterly,Thousand passengers,Slovakia,2016-Q1,17002,,
ESTAT:RAIL_PA_QUARTAL(1.0),29/09/26 23:00:00,Quarterly,Thousand passengers,Slovakia,2016-Q2,17231,,
ESTAT:RAIL_PA_QUARTAL(1.0),29/09/26 23:00:00,Quarterly,Thousand passengers,Slovakia,2016-Q3,16816,,
ESTAT:RAIL_PA_QUARTAL(1.0),29/09/26 23:00:00,Quarterly,Thousand passengers,Slovakia,2016-Q4,17537,,
ESTAT:RAIL_PA_QUARTAL(1.0),29/09/26 23:00:00,Quarterly,Thousand passengers,Slovakia,2017-Q1,18465,,
ESTAT:RAIL_PA_QUARTAL(1.0),29/09/26 23:00:00,Quarterly,Thousand passengers,Slovakia,2017-Q2,19536,,
ESTAT:RAIL_PA_QUARTAL(1.0),29/09/26 23:00:00,Quarterly,Thousand passengers,Slovakia,2017-Q3,19055,,
ESTAT:RAIL_PA_QUARTAL(1.0),29/09/26 23:00:00,Quarterly,Thousand passengers,Slovakia,2017-Q4,19234,,
ESTAT:RAIL_PA_QUARTAL(1.0),29/09/26 23:00:00,Quarterly,Thousand passengers,Slovakia,2018-Q1,18343,,
ESTAT:RAIL_PA_QUARTAL(1.0),29/09/26 23:00:00,Quarterly,Thousand passengers,Slovakia,2018-Q2,19866,,
ESTAT:RAIL_PA_QUARTAL(1.0),29/09/26 23:00:00,Quarterly,Thousand passengers,Slovakia,2018-Q3,20196,,
ESTAT:RAIL_PA_QUARTAL(1.0),29/09/26 23:00:00,Quarterly,Thousand passengers,Slovakia,2018-Q4,19930,,
ESTAT:RAIL_PA_QUARTAL(1.0),29/09/26 23:00:00,Quarterly,Thousand passengers,Slovakia,2019-Q1,19842,,
ESTAT:RAIL_PA_QUARTAL(1.0),29/09/26 23:00:00,Quarterly,Thousand passengers,Slovakia,2019-Q2,20456,,
ESTAT:RAIL_PA_QUARTAL(1.0),29/09/26 23:00:00,Quarterly,Thousand passengers,Slovakia,2019-Q3,21152,,
ESTAT:RAIL_PA_QUARTAL(1.0),29/09/26 23:00:00,Quarterly,Thousand passengers,Slovakia,2019-Q4,20628,,
ESTAT:RAIL_PA_QUARTAL(1.0),29/09/26 23:00:00,Quarterly,Thousand passengers,Slovakia,2020-Q1,16322,,
ESTAT:RAIL_PA_QUARTAL(1.0),29/09/26 23:00:00,Quarterly,Thousand passengers,Slovakia,2020-Q2,7937,,
ESTAT:RAIL_PA_QUARTAL(1.0),29/09/26 23:00:00,Quarterly,Thousand passengers,Slovakia,2020-Q3,15345,,
ESTAT:RAIL_PA_QUARTAL(1.0),29/09/26 23:00:00,Quarterly,Thousand passengers,Slovakia,2020-Q4,9455,,
ESTAT:RAIL_PA_QUARTAL(1.0),29/09/26 23:00:00,Quarterly,Thousand passengers,Slovakia,2021-Q1,6556,,
ESTAT:RAIL_PA_QUARTAL(1.0),29/09/26 23:00:00,Quarterly,Thousand passengers,Slovakia,2021-Q2,11403,,
ESTAT:RAIL_PA_QUARTAL(1.0),29/09/26 23:00:00,Quarterly,Thousand passengers,Slovakia,2021-Q3,15382,,
ESTAT:RAIL_PA_QUARTAL(1.0),29/09/26 23:00:00,Quarterly,Thousand passengers,Slovakia,2021-Q4,13020,,
ESTAT:RAIL_PA_QUARTAL(1.0),29/09/26 23:00:00,Quarterly,Thousand passengers,Slovakia,2022-Q1,13671,,
ESTAT:RAIL_PA_QUARTAL(1.0),29/09/26 23:00:00,Quarterly,Thousand passengers,Slovakia,2022-Q2,18184,,
ESTAT:RAIL_PA_QUARTAL(1.0),29/09/26 23:00:00,Quarterly,Thousand passengers,Slovakia,2022-Q3,17903,,
ESTAT:RAIL_PA_QUARTAL(1.0),29/09/26 23:00:00,Quarterly,Thousand passengers,Slovakia,2022-Q4,18255,,
ESTAT:RAIL_PA_QUARTAL(1.0),29/09/26 23:00:00,Quarterly,Thousand passengers,Slovakia,2023-Q1,17150,,
ESTAT:RAIL_PA_QUARTAL(1.0),29/09/26 23:00:00,Quarterly,Thousand passengers,Slovakia,2023-Q2,18471,,
ESTAT:RAIL_PA_QUARTAL(1.0),29/09/26 23:00:00,Quarterly,Thousand passengers,Slovakia,2023-Q3,19338,,
ESTAT:RAIL_PA_QUARTAL(1.0),29/09/26 23:00:00,Quarterly,Thousand passengers,Slovakia,2023-Q4,17936,,
ESTAT:RAIL_PA_QUARTAL(1.0),29/09/26 23:00:00,Quarterly,Thousand passengers,Slovakia,2024-Q1,17319,,
ESTAT:RAIL_PA_QUARTAL(1.0),29/09/26 23:00:00,Quarterly,Thousand passengers,Slovakia,2024-Q2,18854,,
ESTAT:RAIL_PA_QUARTAL(1.0),29/09/26 23:00:00,Quarterly,Thousand passengers,Slovakia,2024-Q3,18783,,
ESTAT:RAIL_PA_QUARTAL(1.0),29/09/26 23:00:00,Quarterly,Thousand passengers,Slovakia,2024-Q4,18323,,
ESTAT:RAIL_PA_QUARTAL(1.0),29/09/26 23:00:00,Quarterly,Thousand passengers,Slovakia,2025-Q1,18209,,
ESTAT:RAIL_PA_QUARTAL(1.0),29/09/26 23:00:00,Quarterly,Thousand passengers,Slovakia,2025-Q2,18917,,
ESTAT:RAIL_PA_QUARTAL(1.0),29/09/26 23:00:00,Quarterly,Thousand passengers,Slovakia,2025-Q3,18686,,
ESTAT:RAIL_PA_QUARTAL(1.0),29/09/26 23:00:00,Quarterly,Thousand passengers,Slovakia,2025-Q4,18295,,
